==================== 2026-09-03T08:47:51.635317Z | 00000000-0000-0000-0000-000000000000 ====================
==================== 2026-09-03T08:47:51.635993Z | 7f3d30ba-632c-4db4-8118-2ffe529476c8 ====================
08:47:51.636069 [info ]: Starting dbt LSP server
08:47:51.636153 [info ]: Connecting to LSP client on port 8000
08:47:51.640289 [info ]: Successfully connected to LSP client
08:47:51.640338 [info ]: Creating LSP service...
08:47:51.645187 [info ]: Creating LSP server...
08:47:51.645227 [info ]: Starting LSP server...
08:48:14.476319 [info ]: Loading ~/.dbt/profiles.yml
08:48:15.865116 [info ]: Loading ~/.dbt/profiles.yml
08:48:18.648473 [info ]: Loading ~/.dbt/profiles.yml
08:48:20.622017 [info ]: Loading ~/.dbt/profiles.yml
08:48:21.801265 [info ]: Loading ~/.dbt/profiles.yml
08:48:22.776921 [info ]: Loading ~/.dbt/profiles.yml
08:48:23.780674 [info ]: Loading ~/.dbt/profiles.yml
08:48:25.154173 [info ]: Loading ~/.dbt/profiles.yml
08:48:26.679268 [info ]: Loading ~/.dbt/profiles.yml
08:48:40.232685 [info ]: Loading ~/.dbt/profiles.yml
08:48:45.288268 [info ]: Loading ~/.dbt/profiles.yml
09:12:44.265192 [info ]: Loading profiles.yml
==================== 2026-09-03T09:12:44.425001Z | 70a2ffdc-a1cf-47db-b3e0-3c9b8a5eaaf0 ====================
09:12:44.425324 [info ]: Started loading project
09:12:44.427105 [info ]: Loading profiles.yml
09:12:44.442412 [info ]:    Started resolving packages from packages.yml
09:12:44.983457 [info ]:     Failed [  0.54s] resolving packages from packages.yml (error: Operation cancelled)
09:12:44.984507 [info ]: Finished loading project [  0.56s]
09:12:44.984818 [info ]: 
==================== Execution Summary =====================
Finished 'compile' successfully [559ms]
==================== 2026-09-03T09:12:45.115246Z | 6f2d7ab3-4fd1-41dc-a34a-5e428fead6e8 ====================
09:12:45.115453 [info ]: Started loading project
09:12:45.116591 [info ]: Loading profiles.yml
09:12:45.125472 [info ]:    Started resolving packages from packages.yml
09:12:45.243202 [info ]:   Finished [  0.12s] resolving packages from packages.yml (1 items)
09:12:45.243566 [info ]: Auto installing dependencies while running `dbt compile`. To ensure dependencies are cached, run `dbt deps` to initialize a valid package-lock.yml.
09:12:45.243637 [info ]: Installing packages
09:12:45.249798 [info ]: Installing dbt-labs/dbt_utils
09:12:45.583047 [info ]: Loading profiles.yml
09:12:46.726645 [info ]:  Installed dbt-labs/dbt_utils: 1.4.1
09:12:46.726892 [info ]:  Installed 1 package
09:12:46.727120 [debug]:    Started loading packages
09:12:46.768946 [debug]:     Loaded [  0.04s] packages
09:12:46.782055 [info ]: Finished loading project [  1.67s]
09:12:46.783586 [info ]: Started parsing
09:12:46.962638 [debug]: Finished parsing models/marts/_marts_schema.yml [  0.00s]
09:12:46.963695 [debug]: Finished parsing models/staging/_stg_schema.yml [  0.00s]
09:12:46.964576 [debug]: Finished parsing models/staging/_stg_sources.yml [  0.00s]
09:12:46.981518 [debug]: Finished parsing snapshots\snapshot_comptes.sql [  0.01s]
09:12:46.994084 [debug]: Finished parsing models/intermediate/int_transactions_enrichies.sql [  0.01s]
09:12:46.997123 [debug]: Finished parsing models/marts/dim_categories.sql [  0.00s]
09:12:47.000441 [debug]: Finished parsing models/marts/dim_comptes.sql [  0.00s]
09:12:47.003254 [debug]: Finished parsing models/marts/fct_transactions.sql [  0.00s]
09:12:47.006360 [debug]: Finished parsing models/marts/mart_budget_vs_reel.sql [  0.00s]
09:12:47.020753 [debug]: Finished parsing models/marts/mart_solde_mensuel.sql [  0.01s]
09:12:47.023558 [debug]: Finished parsing models/marts/mart_top_depenses.sql [  0.00s]
09:12:47.025075 [debug]: Finished parsing models/staging/stg_budgets.sql [  0.00s]
09:12:47.026310 [debug]: Finished parsing models/staging/stg_categories.sql [  0.00s]
09:12:47.027422 [debug]: Finished parsing models/staging/stg_comptes.sql [  0.00s]
09:12:47.029454 [debug]: Finished parsing models/staging/stg_transactions.sql [  0.00s]
09:12:47.053553 [debug]: Finished parsing tests/assert_solde_mensuel_positif.sql [  0.00s]
09:12:47.449103 [info ]: Finished parsing [  0.67s]
09:12:47.450859 [info ]: Cached model count updated: 11 models (estimate)
09:12:47.450885 [info ]: Cached model count updated: 11 models (accurate)
09:12:47.451026 [info ]: Started scheduling
09:12:47.451279 [info ]: Finished scheduling [  0.00s]
09:12:47.451331 [debug]: Compilation - 0 nodes selected: {}
09:12:47.451424 [warn ]: [NoNodesForSelectionCriteria (dbt1092)]: The selection criterion '' does not match any enabled nodes
09:12:47.451472 [warn ]: [NoNodesSelected (dbt1601)]: Nothing to do. Try checking your model configs and model specification args
09:12:47.451497 [info ]: Started scheduling
09:12:47.451713 [info ]: Finished scheduling [  0.00s]
09:12:47.452046 [debug]: Initializing schema store with entry: Frontier(CanonicalFqn { catalog: "FINTRACK_DB", schema: "RAW", table: "RAW_TRANSACTIONS" }) and interval: None
09:12:47.452071 [debug]: Initializing schema store with entry: Frontier(CanonicalFqn { catalog: "FINTRACK_DB", schema: "RAW", table: "RAW_COMPTES" }) and interval: None
09:12:47.452075 [debug]: Initializing schema store with entry: Frontier(CanonicalFqn { catalog: "FINTRACK_DB", schema: "RAW", table: "RAW_CATEGORIES" }) and interval: None
09:12:47.452079 [debug]: Initializing schema store with entry: Frontier(CanonicalFqn { catalog: "FINTRACK_DB", schema: "RAW", table: "RAW_BUDGETS" }) and interval: None
09:12:47.542623 [info ]: Started building task graph
09:12:47.542735 [info ]: Finished building task graph [  0.00s]
09:12:47.555645 [info ]: Started scheduling
09:12:47.555711 [info ]: Finished scheduling [  0.00s]
09:12:47.555908 [info ]: 
==================== Execution Summary =====================
Finished 'compile' with 2 warnings for target 'dev' [2.4s]
09:12:47.556006 [info ]: Cached model count updated: 11 models (accurate)
==================== 2026-09-03T09:12:49.041045Z | 45eac615-c7e6-4979-b7e1-663460c9fc86 ====================
09:12:49.041125 [info ]: Started loading project
09:12:49.042169 [info ]: Loading profiles.yml
09:12:49.088346 [info ]: Cached model count updated: 11 models (estimate)
09:12:49.088369 [info ]: Cached model count updated: 11 models (accurate)
09:12:49.088408 [info ]: Started scheduling
09:12:49.088548 [info ]: Finished scheduling [  0.00s]
09:12:49.088569 [debug]: Compilation - 12 nodes selected: {"model.fintrack_analytics.dim_categories", "model.fintrack_analytics.dim_comptes", "model.fintrack_analytics.fct_transactions", "model.fintrack_analytics.int_transactions_enrichies", "model.fintrack_analytics.mart_budget_vs_reel", "model.fintrack_analytics.mart_solde_mensuel", "model.fintrack_analytics.mart_top_depenses", "model.fintrack_analytics.stg_budgets", "model.fintrack_analytics.stg_categories", "model.fintrack_analytics.stg_comptes", "model.fintrack_analytics.stg_transactions", "snapshot.fintrack_analytics.snapshot_comptes"}
09:12:49.182850 [info ]: Started building task graph
09:12:49.183107 [info ]: Finished building task graph [  0.00s]
09:12:49.188921 [info ]: Started rendering (12 nodes)
09:12:49.189008 [info ]: Started snapshot snapshots.snapshot_comptes
09:12:49.189037 [debug]: Started rendering snapshot snapshots.snapshot_comptes
09:12:49.189115 [info ]: Started model staging_marts.mart_top_depenses
09:12:49.189124 [debug]: Started rendering model staging_marts.mart_top_depenses
09:12:49.189138 [info ]: Started model staging_marts.mart_solde_mensuel
09:12:49.189146 [debug]: Started rendering model staging_marts.mart_solde_mensuel
09:12:49.189160 [info ]: Started model staging_marts.mart_budget_vs_reel
09:12:49.189155 [info ]: Finished loading project [  0.15s]
09:12:49.189171 [debug]: Started rendering model staging_marts.mart_budget_vs_reel
09:12:49.189304 [info ]: Started model staging.stg_budgets
09:12:49.189332 [debug]: Started rendering model staging.stg_budgets
09:12:49.189447 [info ]: Started model staging.int_transactions_enrichies
09:12:49.189470 [debug]: Started rendering model staging.int_transactions_enrichies
09:12:49.189532 [info ]: Started model staging.stg_transactions
09:12:49.189557 [debug]: Started rendering model staging.stg_transactions
09:12:49.189600 [info ]: Started model staging_marts.dim_comptes
09:12:49.189620 [debug]: Started rendering model staging_marts.dim_comptes
09:12:49.189652 [info ]: Started model staging.stg_comptes
09:12:49.189683 [debug]: Started rendering model staging.stg_comptes
09:12:49.189735 [info ]: Started model staging_marts.dim_categories
09:12:49.189755 [debug]: Started rendering model staging_marts.dim_categories
09:12:49.189804 [info ]: Started model staging.stg_categories
09:12:49.189824 [debug]: Started rendering model staging.stg_categories
09:12:49.198513 [debug]: Compiled SQL for node model.fintrack_analytics.stg_comptes at target\.lsp\compiled\fintrack_analytics\models\staging\stg_comptes.sql
09:12:49.198940 [debug]: Compiled SQL for node model.fintrack_analytics.mart_budget_vs_reel at target\.lsp\compiled\fintrack_analytics\models\marts\mart_budget_vs_reel.sql
09:12:49.198941 [debug]: Finished rendering [  0.01s] model staging.stg_comptes [success]
09:12:49.199050 [info ]: Started analyzing (12 nodes)
09:12:49.199072 [debug]: Started analyzing model staging.stg_comptes
09:12:49.199090 [debug]: Compiled SQL for node model.fintrack_analytics.mart_solde_mensuel at target\.lsp\compiled\fintrack_analytics\models\marts\mart_solde_mensuel.sql
09:12:49.199549 [debug]: Finished rendering [  0.01s] model staging_marts.mart_budget_vs_reel [success]
09:12:49.199613 [debug]: Started analyzing model staging_marts.mart_budget_vs_reel
09:12:49.199757 [debug]: Finished rendering [  0.01s] model staging_marts.mart_solde_mensuel [success]
09:12:49.199788 [debug]: Started analyzing model staging_marts.mart_solde_mensuel
09:12:49.200192 [debug]: Compiled SQL for node model.fintrack_analytics.int_transactions_enrichies at target\.lsp\compiled\fintrack_analytics\models\intermediate\int_transactions_enrichies.sql
09:12:49.200618 [debug]: Finished rendering [  0.01s] model staging.int_transactions_enrichies [success]
09:12:49.200687 [info ]: Started model staging_marts.fct_transactions
09:12:49.200709 [debug]: Started rendering model staging_marts.fct_transactions
09:12:49.200738 [debug]: Started analyzing model staging.int_transactions_enrichies
09:12:49.201824 [debug]: Compiled SQL for node model.fintrack_analytics.dim_categories at target\.lsp\compiled\fintrack_analytics\models\marts\dim_categories.sql
09:12:49.202185 [debug]: Finished rendering [  0.01s] model staging_marts.dim_categories [success]
09:12:49.202235 [debug]: Started analyzing model staging_marts.dim_categories
09:12:49.203509 [debug]: Compiled SQL for node model.fintrack_analytics.stg_budgets at target\.lsp\compiled\fintrack_analytics\models\staging\stg_budgets.sql
09:12:49.204191 [debug]: Finished rendering [  0.01s] model staging.stg_budgets [success]
09:12:49.204238 [debug]: Started analyzing model staging.stg_budgets
09:12:49.206722 [debug]: Compiled SQL for node model.fintrack_analytics.mart_top_depenses at target\.lsp\compiled\fintrack_analytics\models\marts\mart_top_depenses.sql
09:12:49.207158 [debug]: Finished rendering [  0.02s] model staging_marts.mart_top_depenses [success]
09:12:49.207217 [debug]: Started analyzing model staging_marts.mart_top_depenses
09:12:49.215575 [debug]: Finished analyzing [  0.01s] model staging_marts.dim_categories [success]
09:12:49.215819 [info ]:  Succeeded [  0.03s] model staging_marts.dim_categories (table)
09:12:49.218767 [debug]: Finished analyzing [  0.02s] model staging.stg_comptes [success]
09:12:49.218804 [info ]:  Succeeded [  0.03s] model staging.stg_comptes (view)
09:12:49.219437 [debug]: Compiled SQL for node model.fintrack_analytics.stg_categories at target\.lsp\compiled\fintrack_analytics\models\staging\stg_categories.sql
09:12:49.219750 [debug]: Finished rendering [  0.03s] model staging.stg_categories [success]
09:12:49.219784 [debug]: Started analyzing model staging.stg_categories
09:12:49.220475 [debug]: Finished analyzing [  0.02s] model staging.stg_budgets [success]
09:12:49.220501 [info ]:  Succeeded [  0.03s] model staging.stg_budgets (view)
09:12:49.220874 [debug]: Finished analyzing [  0.00s] model staging.stg_categories [success]
09:12:49.220898 [info ]:  Succeeded [  0.03s] model staging.stg_categories (view)
09:12:49.222407 [debug]: Compiled SQL for node model.fintrack_analytics.stg_transactions at target\.lsp\compiled\fintrack_analytics\models\staging\stg_transactions.sql
09:12:49.222687 [debug]: Finished rendering [  0.03s] model staging.stg_transactions [success]
09:12:49.222726 [debug]: Started analyzing model staging.stg_transactions
09:12:49.227208 [debug]: Finished analyzing [  0.02s] model staging_marts.mart_top_depenses [success]
09:12:49.227250 [info ]:  Succeeded [  0.04s] model staging_marts.mart_top_depenses (table)
09:12:49.232320 [debug]: Finished analyzing [  0.03s] model staging.int_transactions_enrichies [success]
09:12:49.232356 [info ]:  Succeeded [  0.04s] model staging.int_transactions_enrichies (ephemeral)
09:12:49.234362 [debug]: Finished analyzing [  0.03s] model staging_marts.mart_solde_mensuel [success]
09:12:49.234401 [info ]:  Succeeded [  0.04s] model staging_marts.mart_solde_mensuel (table)
09:12:49.234925 [debug]: Compiled SQL for node snapshot.fintrack_analytics.snapshot_comptes at target\.lsp\compiled\fintrack_analytics\snapshots\snapshot_comptes.sql\snapshot_comptes.sql
09:12:49.234999 [debug]: Finished analyzing [  0.01s] model staging.stg_transactions [success]
09:12:49.235028 [info ]:  Succeeded [  0.04s] model staging.stg_transactions (view)
09:12:49.235874 [debug]: Finished rendering [  0.05s] snapshot snapshots.snapshot_comptes [success]
09:12:49.235989 [debug]: Started analyzing snapshot snapshots.snapshot_comptes
09:12:49.236247 [debug]: Finished analyzing [  0.00s] snapshot snapshots.snapshot_comptes [success]
09:12:49.236266 [info ]:  Succeeded [  0.05s] snapshot snapshots.snapshot_comptes (snapshot)
09:12:49.239713 [debug]: Finished analyzing [  0.04s] model staging_marts.mart_budget_vs_reel [success]
09:12:49.239755 [info ]:  Succeeded [  0.05s] model staging_marts.mart_budget_vs_reel (table)
09:12:49.249094 [debug]: Compiled SQL for node model.fintrack_analytics.dim_comptes at target\.lsp\compiled\fintrack_analytics\models\marts\dim_comptes.sql
09:12:49.251016 [debug]: Compiled SQL for node model.fintrack_analytics.fct_transactions at target\.lsp\compiled\fintrack_analytics\models\marts\fct_transactions.sql
09:12:49.259074 [debug]: Finished rendering [  0.07s] model staging_marts.dim_comptes [success]
09:12:49.259123 [debug]: Started analyzing model staging_marts.dim_comptes
09:12:49.259157 [debug]: Finished rendering [  0.06s] model staging_marts.fct_transactions [success]
09:12:49.259181 [info ]: Finished rendering [  0.07s] (12 nodes, 0 skipped, 0 errors)
09:12:49.259201 [debug]: Started analyzing model staging_marts.fct_transactions
09:12:49.268198 [debug]: Finished analyzing [  0.01s] model staging_marts.dim_comptes [success]
09:12:49.268244 [info ]:  Succeeded [  0.08s] model staging_marts.dim_comptes (table)
09:12:49.268284 [debug]: Finished analyzing [  0.01s] model staging_marts.fct_transactions [success]
09:12:49.268306 [info ]: Finished analyzing [  0.07s] (12 nodes, 0 skipped, 0 errors)
09:12:49.268320 [info ]:  Succeeded [  0.07s] model staging_marts.fct_transactions (table)
09:12:49.276808 [info ]: Started scheduling
09:12:49.276920 [info ]: Finished scheduling [  0.00s]
09:12:49.277114 [info ]: 
==================== Execution Summary =====================
Finished 'compile' successfully for target 'dev' [236ms]
Processed: 11 models | 1 snapshot
Summary: 12 total | 12 success
09:12:49.277579 [info ]: Cached model count updated: 11 models (accurate)
==================== 2026-09-03T09:12:56.542313Z | c5192f03-b292-4481-be1c-da27aca856cd ====================
09:12:56.542482 [info ]: Started loading project
09:12:56.543922 [info ]: Loading ~/.dbt/profiles.yml
09:12:56.545176 [error]: [IoError (dbt1001)]: Profile 'fintrack_analytics' not found in profiles.yml
  --> dbt_project.yml:5:10
09:12:56.545602 [info ]: Finished loading project [  0.00s]
09:12:56.545658 [info ]: Cached model count updated: 11 models (accurate)
09:12:56.545645 [info ]: 
==================== Execution Summary =====================
Finished 'compile' with 1 error [3ms]
==================== 2026-09-03T09:12:58.190656Z | 04853d8e-964d-4712-aeb2-0568cab17741 ====================
09:12:58.190787 [info ]: Started loading project
09:12:58.192302 [info ]: Loading ~/.dbt/profiles.yml
09:12:58.193487 [error]: [IoError (dbt1001)]: Profile 'fintrack_analytics' not found in profiles.yml
  --> dbt_project.yml:5:10
09:12:58.193905 [info ]: Cached model count updated: 11 models (accurate)
09:12:58.193983 [info ]: Finished loading project [  0.00s]
09:12:58.194018 [info ]: 
==================== Execution Summary =====================
Finished 'compile' with 1 error [3ms]
09:13:00.325209 [info ]: Loading profiles.yml
==================== 2026-09-03T09:13:00.702715Z | 9687eea0-cf44-42e9-b53c-3489f8cb98c8 ====================
09:13:00.702818 [info ]: Started loading project
09:13:00.703598 [info ]: Loading profiles.yml
09:13:00.754143 [info ]: Cached model count updated: 11 models (accurate)
09:13:00.754227 [info ]: Finished loading project [  0.05s]
09:13:00.754256 [info ]: 
==================== Execution Summary =====================
Finished 'compile' successfully for target 'dev' [51ms]
==================== 2026-09-03T09:13:02.329377Z | 49989504-30a9-4068-a74e-47c98f5f014e ====================
09:13:02.329826 [info ]: Started loading project
09:13:02.332862 [info ]: Loading profiles.yml
09:13:02.444126 [info ]: Cached model count updated: 11 models (estimate)
09:13:02.444152 [info ]: Cached model count updated: 11 models (accurate)
09:13:02.444194 [info ]: Started scheduling
09:13:02.444362 [info ]: Finished scheduling [  0.00s]
09:13:02.444389 [debug]: Compilation - 12 nodes selected: {"model.fintrack_analytics.dim_categories", "model.fintrack_analytics.dim_comptes", "model.fintrack_analytics.fct_transactions", "model.fintrack_analytics.int_transactions_enrichies", "model.fintrack_analytics.mart_budget_vs_reel", "model.fintrack_analytics.mart_solde_mensuel", "model.fintrack_analytics.mart_top_depenses", "model.fintrack_analytics.stg_budgets", "model.fintrack_analytics.stg_categories", "model.fintrack_analytics.stg_comptes", "model.fintrack_analytics.stg_transactions", "snapshot.fintrack_analytics.snapshot_comptes"}
09:13:02.516891 [info ]: Started building task graph
09:13:02.517021 [info ]: Finished building task graph [  0.00s]
09:13:02.522552 [info ]: Started rendering (12 nodes)
09:13:02.522578 [info ]: Started snapshot snapshots.snapshot_comptes
09:13:02.522589 [debug]: Started rendering snapshot snapshots.snapshot_comptes
09:13:02.522617 [info ]: Started model staging_marts.mart_top_depenses
09:13:02.522624 [debug]: Started rendering model staging_marts.mart_top_depenses
09:13:02.522640 [info ]: Started model staging_marts.mart_solde_mensuel
09:13:02.522645 [debug]: Started rendering model staging_marts.mart_solde_mensuel
09:13:02.522655 [info ]: Started model staging_marts.mart_budget_vs_reel
09:13:02.522665 [debug]: Started rendering model staging_marts.mart_budget_vs_reel
09:13:02.522676 [info ]: Started model staging.stg_budgets
09:13:02.522701 [info ]: Finished loading project [  0.19s]
09:13:02.522692 [debug]: Started rendering model staging.stg_budgets
09:13:02.522725 [info ]: Started model staging.int_transactions_enrichies
09:13:02.522746 [debug]: Started rendering model staging.int_transactions_enrichies
09:13:02.522817 [info ]: Started model staging.stg_transactions
09:13:02.522859 [debug]: Started rendering model staging.stg_transactions
09:13:02.522906 [info ]: Started model staging_marts.dim_comptes
09:13:02.522930 [debug]: Started rendering model staging_marts.dim_comptes
09:13:02.522955 [info ]: Started model staging.stg_comptes
09:13:02.522986 [debug]: Started rendering model staging.stg_comptes
09:13:02.523015 [info ]: Started model staging_marts.dim_categories
09:13:02.523035 [debug]: Started rendering model staging_marts.dim_categories
09:13:02.523089 [info ]: Started model staging.stg_categories
09:13:02.523111 [debug]: Started rendering model staging.stg_categories
09:13:02.523275 [debug]: Compiled SQL for node snapshot.fintrack_analytics.snapshot_comptes at target\.lsp\compiled\fintrack_analytics\snapshots\snapshot_comptes.sql\snapshot_comptes.sql
09:13:02.523552 [debug]: Compiled SQL for node model.fintrack_analytics.mart_budget_vs_reel at target\.lsp\compiled\fintrack_analytics\models\marts\mart_budget_vs_reel.sql
09:13:02.523696 [info ]: Started analyzing (12 nodes)
09:13:02.523709 [debug]: Started analyzing snapshot snapshots.snapshot_comptes
09:13:02.523725 [debug]: Compiled SQL for node model.fintrack_analytics.int_transactions_enrichies at target\.lsp\compiled\fintrack_analytics\models\intermediate\int_transactions_enrichies.sql
09:13:02.523804 [debug]: Compiled SQL for node model.fintrack_analytics.stg_budgets at target\.lsp\compiled\fintrack_analytics\models\staging\stg_budgets.sql
09:13:02.523830 [debug]: Finished rendering [  0.00s] snapshot snapshots.snapshot_comptes [success]
09:13:02.523967 [debug]: Compiled SQL for node model.fintrack_analytics.stg_comptes at target\.lsp\compiled\fintrack_analytics\models\staging\stg_comptes.sql
09:13:02.524009 [debug]: Compiled SQL for node model.fintrack_analytics.mart_solde_mensuel at target\.lsp\compiled\fintrack_analytics\models\marts\mart_solde_mensuel.sql
09:13:02.524053 [debug]: Started analyzing model staging_marts.mart_budget_vs_reel
09:13:02.524085 [debug]: Finished analyzing [  0.00s] snapshot snapshots.snapshot_comptes [success]
09:13:02.524072 [debug]: Compiled SQL for node model.fintrack_analytics.stg_transactions at target\.lsp\compiled\fintrack_analytics\models\staging\stg_transactions.sql
09:13:02.524107 [info ]:  Succeeded [  0.00s] snapshot snapshots.snapshot_comptes (snapshot)
09:13:02.524114 [debug]: Compiled SQL for node model.fintrack_analytics.mart_top_depenses at target\.lsp\compiled\fintrack_analytics\models\marts\mart_top_depenses.sql
09:13:02.524143 [debug]: Finished rendering [  0.00s] model staging_marts.mart_budget_vs_reel [success]
09:13:02.524153 [debug]: Finished rendering [  0.00s] model staging.int_transactions_enrichies [success]
09:13:02.524179 [info ]: Started model staging_marts.fct_transactions
09:13:02.524193 [debug]: Started rendering model staging_marts.fct_transactions
09:13:02.524212 [debug]: Started analyzing model staging.int_transactions_enrichies
09:13:02.524227 [debug]: Compiled SQL for node model.fintrack_analytics.dim_categories at target\.lsp\compiled\fintrack_analytics\models\marts\dim_categories.sql
09:13:02.524231 [debug]: Finished rendering [  0.00s] model staging.stg_budgets [success]
09:13:02.524246 [debug]: Started analyzing model staging.stg_budgets
09:13:02.524270 [debug]: Finished rendering [  0.00s] model staging.stg_comptes [success]
09:13:02.524313 [debug]: Started analyzing model staging.stg_comptes
09:13:02.524330 [debug]: Finished rendering [  0.00s] model staging_marts.mart_solde_mensuel [success]
09:13:02.524342 [debug]: Started analyzing model staging_marts.mart_solde_mensuel
09:13:02.524358 [debug]: Finished rendering [  0.00s] model staging.stg_transactions [success]
09:13:02.524370 [debug]: Started analyzing model staging.stg_transactions
09:13:02.524380 [debug]: Compiled SQL for node model.fintrack_analytics.stg_categories at target\.lsp\compiled\fintrack_analytics\models\staging\stg_categories.sql
09:13:02.524386 [debug]: Finished rendering [  0.00s] model staging_marts.mart_top_depenses [success]
09:13:02.524398 [debug]: Started analyzing model staging_marts.mart_top_depenses
09:13:02.524413 [debug]: Finished rendering [  0.00s] model staging_marts.dim_categories [success]
09:13:02.524425 [debug]: Started analyzing model staging_marts.dim_categories
09:13:02.524443 [debug]: Finished rendering [  0.00s] model staging.stg_categories [success]
09:13:02.524444 [debug]: Compiled SQL for node model.fintrack_analytics.dim_comptes at target\.lsp\compiled\fintrack_analytics\models\marts\dim_comptes.sql
09:13:02.524458 [debug]: Started analyzing model staging.stg_categories
09:13:02.524712 [debug]: Finished rendering [  0.00s] model staging_marts.dim_comptes [success]
09:13:02.524746 [debug]: Started analyzing model staging_marts.dim_comptes
09:13:02.524781 [debug]: Finished analyzing [  0.00s] model staging.stg_budgets [success]
09:13:02.524807 [info ]:  Succeeded [  0.00s] model staging.stg_budgets (view)
09:13:02.524912 [debug]: Finished analyzing [  0.00s] model staging_marts.mart_top_depenses [success]
09:13:02.524936 [info ]:  Succeeded [  0.00s] model staging_marts.mart_top_depenses (table)
09:13:02.525016 [debug]: Finished analyzing [  0.00s] model staging.stg_comptes [success]
09:13:02.525036 [info ]:  Succeeded [  0.00s] model staging.stg_comptes (view)
09:13:02.525083 [debug]: Finished analyzing [  0.00s] model staging_marts.dim_categories [success]
09:13:02.525105 [info ]:  Succeeded [  0.00s] model staging_marts.dim_categories (table)
09:13:02.525267 [debug]: Finished analyzing [  0.00s] model staging_marts.dim_comptes [success]
09:13:02.525294 [info ]:  Succeeded [  0.00s] model staging_marts.dim_comptes (table)
09:13:02.525323 [debug]: Finished analyzing [  0.00s] model staging.stg_categories [success]
09:13:02.525338 [info ]:  Succeeded [  0.00s] model staging.stg_categories (view)
09:13:02.525611 [debug]: Compiled SQL for node model.fintrack_analytics.fct_transactions at target\.lsp\compiled\fintrack_analytics\models\marts\fct_transactions.sql
09:13:02.525686 [debug]: Finished rendering [  0.00s] model staging_marts.fct_transactions [success]
09:13:02.525705 [info ]: Finished rendering [  0.00s] (12 nodes, 0 skipped, 0 errors)
09:13:02.525727 [debug]: Started analyzing model staging_marts.fct_transactions
09:13:02.525758 [debug]: Finished analyzing [  0.00s] model staging.stg_transactions [success]
09:13:02.525777 [info ]:  Succeeded [  0.00s] model staging.stg_transactions (view)
09:13:02.526651 [debug]: Finished analyzing [  0.00s] model staging_marts.mart_solde_mensuel [success]
09:13:02.526674 [info ]:  Succeeded [  0.00s] model staging_marts.mart_solde_mensuel (table)
09:13:02.526693 [debug]: Finished analyzing [  0.00s] model staging.int_transactions_enrichies [success]
09:13:02.526701 [info ]:  Succeeded [  0.00s] model staging.int_transactions_enrichies (ephemeral)
09:13:02.527454 [debug]: Finished analyzing [  0.00s] model staging_marts.fct_transactions [success]
09:13:02.527472 [info ]:  Succeeded [  0.00s] model staging_marts.fct_transactions (table)
09:13:02.528260 [debug]: Finished analyzing [  0.00s] model staging_marts.mart_budget_vs_reel [success]
09:13:02.528279 [info ]: Finished analyzing [  0.00s] (12 nodes, 0 skipped, 0 errors)
09:13:02.528287 [info ]:  Succeeded [  0.01s] model staging_marts.mart_budget_vs_reel (table)
09:13:02.533519 [info ]: Started scheduling
09:13:02.533582 [info ]: Finished scheduling [  0.00s]
09:13:02.533728 [info ]: 
==================== Execution Summary =====================
Finished 'compile' successfully for target 'dev' [204ms]
Processed: 11 models | 1 snapshot
Summary: 12 total | 12 success
09:13:02.534087 [info ]: Cached model count updated: 11 models (accurate)
==================== 2026-09-03T09:13:14.248827Z | 7d7bc59c-405c-4c79-adb0-ee5b4bfc547b ====================
09:13:14.248961 [info ]: Started loading project
09:13:14.250219 [info ]: Loading ~/.dbt/profiles.yml
09:13:14.251319 [error]: [IoError (dbt1001)]: Profile 'fintrack_analytics' not found in profiles.yml
  --> dbt_project.yml:5:10
09:13:14.251778 [info ]: Cached model count updated: 11 models (accurate)
09:13:14.251877 [info ]: Finished loading project [  0.00s]
09:13:14.251946 [info ]: 
==================== Execution Summary =====================
Finished 'compile' with 1 error [3ms]
==================== 2026-09-03T09:13:15.920769Z | 65a82eb1-ee74-4c4d-8673-3af7c7beba72 ====================
09:13:15.921232 [info ]: Started loading project
09:13:15.925259 [info ]: Loading ~/.dbt/profiles.yml
09:13:15.928680 [error]: [IoError (dbt1001)]: Profile 'fintrack_analytics' not found in profiles.yml
  --> dbt_project.yml:5:10
09:13:15.929933 [info ]: Finished loading project [  0.01s]
09:13:15.930065 [info ]: Cached model count updated: 11 models (accurate)
09:13:15.930049 [info ]: 
==================== Execution Summary =====================
Finished 'compile' with 1 error [9ms]
09:22:40.752138 [info ]: Loading ~/.dbt/profiles.yml
09:23:26.638440 [info ]: Loading ~/.dbt/profiles.yml
09:24:01.868348 [info ]: Loading ~/.dbt/profiles.yml
09:24:17.600624 [info ]: Loading ~/.dbt/profiles.yml
09:25:17.515368 [info ]: Loading ~/.dbt/profiles.yml
09:25:20.490542 [info ]: Loading ~/.dbt/profiles.yml
09:51:40.134442 [info ]: Loading ~/.dbt/profiles.yml
==================== 2026-09-03T09:53:11.392318Z | d6f7b97f-8084-4b78-b569-c0309e471626 ====================
09:53:11.392517 [info ]: Started loading project
09:53:11.393430 [info ]: Loading ~/.dbt/profiles.yml
==================== 2026-09-03T09:53:11.410684Z | 0e3be039-d37d-4e0c-9d38-c1bf6ce6b4fe ====================
09:53:11.410737 [info ]: Started loading project
09:53:11.411391 [info ]: Loading ~/.dbt/profiles.yml
09:53:11.411520 [info ]: Finished loading project [  0.02s]
09:53:11.425036 [info ]: Loading packages.yml
09:53:11.425312 [debug]:    Started loading packages
09:53:11.443727 [debug]:     Loaded [  0.02s] packages
09:53:11.444630 [info ]: Finished loading project [  0.03s]
09:53:11.445024 [info ]: Started parsing
09:53:11.515668 [debug]: Finished parsing models/marts/_marts_schema.yml [  0.00s]
09:53:11.516441 [debug]: Finished parsing models/staging/_stg_schema.yml [  0.00s]
09:53:11.516814 [debug]: Finished parsing models/staging/_stg_sources.yml [  0.00s]
09:53:11.520139 [debug]: Finished parsing snapshots\snapshot_comptes.sql [  0.00s]
09:53:11.522372 [debug]: Finished parsing models/intermediate/int_transactions_enrichies.sql [  0.00s]
09:53:11.522975 [debug]: Finished parsing models/marts/dim_categories.sql [  0.00s]
09:53:11.523972 [debug]: Finished parsing models/marts/dim_comptes.sql [  0.00s]
09:53:11.524746 [debug]: Finished parsing models/marts/fct_transactions.sql [  0.00s]
09:53:11.525559 [debug]: Finished parsing models/marts/mart_budget_vs_reel.sql [  0.00s]
09:53:11.526220 [debug]: Finished parsing models/marts/mart_solde_mensuel.sql [  0.00s]
09:53:11.526851 [debug]: Finished parsing models/marts/mart_top_depenses.sql [  0.00s]
09:53:11.527500 [debug]: Finished parsing models/staging/stg_budgets.sql [  0.00s]
09:53:11.528164 [debug]: Finished parsing models/staging/stg_categories.sql [  0.00s]
09:53:11.528746 [debug]: Finished parsing models/staging/stg_comptes.sql [  0.00s]
09:53:11.529481 [debug]: Finished parsing models/staging/stg_transactions.sql [  0.00s]
09:53:11.539024 [debug]: Finished parsing tests/assert_solde_mensuel_positif.sql [  0.00s]
09:53:11.767189 [info ]: Finished parsing [  0.32s]
09:53:11.775312 [info ]: 
==================== Execution Summary =====================
Finished 'compile' successfully for target 'dev' [364ms]
09:53:11.775419 [info ]: 
==================== Execution Summary =====================
Finished 'compile' successfully for target 'dev' [383ms]
==================== 2026-09-03T09:53:11.849351Z | afc44850-fad3-4b54-977f-019c913dd142 ====================
09:53:11.849432 [info ]: 
==================== Execution Summary =====================
Finished 'compile' successfully [81us]
==================== 2026-09-03T09:53:11.902478Z | 6557bfb9-0cbd-446e-a6c1-35c3cfdc64d7 ====================
09:53:11.902584 [info ]: Started loading project
09:53:11.903247 [info ]: Loading ~/.dbt/profiles.yml
09:53:11.909345 [info ]: Loading packages.yml
09:53:11.909472 [debug]:    Started loading packages
09:53:11.915325 [info ]: Loading ~/.dbt/profiles.yml
09:53:11.924538 [debug]:     Loaded [  0.02s] packages
09:53:11.925518 [info ]: Finished loading project [  0.02s]
09:53:11.925846 [info ]: Started parsing
09:53:11.983196 [debug]: Finished parsing models/marts/_marts_schema.yml [  0.00s]
09:53:11.983572 [debug]: Finished parsing models/staging/_stg_schema.yml [  0.00s]
09:53:11.983843 [debug]: Finished parsing models/staging/_stg_sources.yml [  0.00s]
09:53:11.986747 [debug]: Finished parsing snapshots\snapshot_comptes.sql [  0.00s]
09:53:11.988747 [debug]: Finished parsing models/intermediate/int_transactions_enrichies.sql [  0.00s]
09:53:11.989357 [debug]: Finished parsing models/marts/dim_categories.sql [  0.00s]
09:53:11.990373 [debug]: Finished parsing models/marts/dim_comptes.sql [  0.00s]
09:53:11.990969 [debug]: Finished parsing models/marts/fct_transactions.sql [  0.00s]
09:53:11.991643 [debug]: Finished parsing models/marts/mart_budget_vs_reel.sql [  0.00s]
09:53:11.992319 [debug]: Finished parsing models/marts/mart_solde_mensuel.sql [  0.00s]
09:53:11.992977 [debug]: Finished parsing models/marts/mart_top_depenses.sql [  0.00s]
09:53:11.993572 [debug]: Finished parsing models/staging/stg_budgets.sql [  0.00s]
09:53:11.994286 [debug]: Finished parsing models/staging/stg_categories.sql [  0.00s]
09:53:11.995048 [debug]: Finished parsing models/staging/stg_comptes.sql [  0.00s]
09:53:11.995666 [debug]: Finished parsing models/staging/stg_transactions.sql [  0.00s]
09:53:12.007272 [debug]: Finished parsing tests/assert_solde_mensuel_positif.sql [  0.00s]
09:53:12.184821 [info ]: Finished parsing [  0.26s]
09:53:12.186139 [info ]: Cached model count updated: 11 models (estimate)
09:53:12.186154 [info ]: Cached model count updated: 11 models (accurate)
09:53:12.186188 [info ]: Started scheduling
09:53:12.186242 [info ]: Finished scheduling [  0.00s]
09:53:12.186256 [debug]: Compilation - 0 nodes selected: {}
09:53:12.186275 [warn ]: [NoNodesForSelectionCriteria (dbt1092)]: The selection criterion '' does not match any enabled nodes
09:53:12.186288 [warn ]: [NoNodesSelected (dbt1601)]: Nothing to do. Try checking your model configs and model specification args
09:53:12.186296 [info ]: Started scheduling
09:53:12.186407 [info ]: Finished scheduling [  0.00s]
09:53:12.186767 [debug]: Initializing schema store with entry: Frontier(CanonicalFqn { catalog: "FINTRACK_DB", schema: "RAW", table: "RAW_CATEGORIES" }) and interval: None
09:53:12.186780 [debug]: Initializing schema store with entry: Frontier(CanonicalFqn { catalog: "FINTRACK_DB", schema: "RAW", table: "RAW_BUDGETS" }) and interval: None
09:53:12.186784 [debug]: Initializing schema store with entry: Frontier(CanonicalFqn { catalog: "FINTRACK_DB", schema: "RAW", table: "RAW_TRANSACTIONS" }) and interval: None
09:53:12.186787 [debug]: Initializing schema store with entry: Frontier(CanonicalFqn { catalog: "FINTRACK_DB", schema: "RAW", table: "RAW_COMPTES" }) and interval: None
09:53:12.245260 [info ]: Started building task graph
09:53:12.245294 [info ]: Finished building task graph [  0.00s]
09:53:12.256186 [info ]: Started scheduling
09:53:12.256244 [info ]: Finished scheduling [  0.00s]
09:53:12.256420 [info ]: 
==================== Execution Summary =====================
Finished 'compile' with 2 warnings for target 'dev' [353ms]
09:53:12.256522 [info ]: Cached model count updated: 11 models (accurate)
==================== 2026-09-03T09:53:13.984531Z | c77c500c-4e0e-411d-9bd0-fc490a2c93a7 ====================
09:53:13.984815 [info ]: Started loading project
09:53:13.989388 [info ]: Loading ~/.dbt/profiles.yml
09:53:14.067420 [info ]: Cached model count updated: 11 models (estimate)
09:53:14.067443 [info ]: Cached model count updated: 11 models (accurate)
09:53:14.067501 [info ]: Started scheduling
09:53:14.067657 [info ]: Finished scheduling [  0.00s]
09:53:14.067695 [debug]: Compilation - 12 nodes selected: {"model.fintrack_analytics.dim_categories", "model.fintrack_analytics.dim_comptes", "model.fintrack_analytics.fct_transactions", "model.fintrack_analytics.int_transactions_enrichies", "model.fintrack_analytics.mart_budget_vs_reel", "model.fintrack_analytics.mart_solde_mensuel", "model.fintrack_analytics.mart_top_depenses", "model.fintrack_analytics.stg_budgets", "model.fintrack_analytics.stg_categories", "model.fintrack_analytics.stg_comptes", "model.fintrack_analytics.stg_transactions", "snapshot.fintrack_analytics.snapshot_comptes"}
09:53:14.124615 [info ]: Started building task graph
09:53:14.124770 [info ]: Finished building task graph [  0.00s]
09:53:14.130487 [info ]: Started rendering (12 nodes)
09:53:14.130528 [info ]: Started snapshot snapshots.snapshot_comptes
09:53:14.130540 [debug]: Started rendering snapshot snapshots.snapshot_comptes
09:53:14.130567 [info ]: Started model staging_marts.mart_top_depenses
09:53:14.130574 [debug]: Started rendering model staging_marts.mart_top_depenses
09:53:14.130588 [info ]: Started model staging_marts.mart_solde_mensuel
09:53:14.130604 [info ]: Finished loading project [  0.15s]
09:53:14.130601 [debug]: Started rendering model staging_marts.mart_solde_mensuel
09:53:14.130778 [info ]: Started model staging_marts.mart_budget_vs_reel
09:53:14.130831 [debug]: Started rendering model staging_marts.mart_budget_vs_reel
09:53:14.130888 [info ]: Started model staging.stg_budgets
09:53:14.130942 [debug]: Started rendering model staging.stg_budgets
09:53:14.130991 [info ]: Started model staging.int_transactions_enrichies
09:53:14.131145 [debug]: Started rendering model staging.int_transactions_enrichies
09:53:14.131187 [info ]: Started model staging.stg_transactions
09:53:14.131210 [debug]: Started rendering model staging.stg_transactions
09:53:14.131239 [info ]: Started model staging_marts.dim_comptes
09:53:14.131259 [debug]: Started rendering model staging_marts.dim_comptes
09:53:14.131287 [info ]: Started model staging.stg_comptes
09:53:14.131303 [debug]: Started rendering model staging.stg_comptes
09:53:14.131331 [info ]: Started model staging_marts.dim_categories
09:53:14.131424 [debug]: Started rendering model staging_marts.dim_categories
09:53:14.131462 [info ]: Started model staging.stg_categories
09:53:14.131540 [debug]: Started rendering model staging.stg_categories
09:53:14.132778 [debug]: Compiled SQL for node snapshot.fintrack_analytics.snapshot_comptes at target\.lsp\compiled\fintrack_analytics\snapshots\snapshot_comptes.sql\snapshot_comptes.sql
09:53:14.132923 [debug]: Finished rendering [  0.00s] snapshot snapshots.snapshot_comptes [success]
09:53:14.132974 [info ]: Started analyzing (12 nodes)
09:53:14.132988 [debug]: Started analyzing snapshot snapshots.snapshot_comptes
09:53:14.133519 [debug]: Finished analyzing [  0.00s] snapshot snapshots.snapshot_comptes [success]
09:53:14.133549 [info ]:  Succeeded [  0.00s] snapshot snapshots.snapshot_comptes (snapshot)
09:53:14.133817 [debug]: Compiled SQL for node model.fintrack_analytics.mart_top_depenses at target\.lsp\compiled\fintrack_analytics\models\marts\mart_top_depenses.sql
09:53:14.133940 [debug]: Finished rendering [  0.00s] model staging_marts.mart_top_depenses [success]
09:53:14.133972 [debug]: Compiled SQL for node model.fintrack_analytics.stg_budgets at target\.lsp\compiled\fintrack_analytics\models\staging\stg_budgets.sql
09:53:14.133971 [debug]: Started analyzing model staging_marts.mart_top_depenses
09:53:14.134682 [debug]: Finished rendering [  0.00s] model staging.stg_budgets [success]
09:53:14.134720 [debug]: Started analyzing model staging.stg_budgets
09:53:14.134752 [debug]: Finished analyzing [  0.00s] model staging_marts.mart_top_depenses [success]
09:53:14.134769 [info ]:  Succeeded [  0.00s] model staging_marts.mart_top_depenses (table)
09:53:14.135069 [debug]: Finished analyzing [  0.00s] model staging.stg_budgets [success]
09:53:14.135090 [info ]:  Succeeded [  0.00s] model staging.stg_budgets (view)
09:53:14.135335 [debug]: Compiled SQL for node model.fintrack_analytics.mart_solde_mensuel at target\.lsp\compiled\fintrack_analytics\models\marts\mart_solde_mensuel.sql
09:53:14.136050 [debug]: Compiled SQL for node model.fintrack_analytics.mart_budget_vs_reel at target\.lsp\compiled\fintrack_analytics\models\marts\mart_budget_vs_reel.sql
09:53:14.136191 [debug]: Finished rendering [  0.01s] model staging_marts.mart_solde_mensuel [success]
09:53:14.136231 [debug]: Started analyzing model staging_marts.mart_solde_mensuel
09:53:14.136259 [debug]: Finished rendering [  0.01s] model staging_marts.mart_budget_vs_reel [success]
09:53:14.136280 [debug]: Started analyzing model staging_marts.mart_budget_vs_reel
09:53:14.136369 [debug]: Compiled SQL for node model.fintrack_analytics.stg_transactions at target\.lsp\compiled\fintrack_analytics\models\staging\stg_transactions.sql
09:53:14.136599 [debug]: Compiled SQL for node model.fintrack_analytics.int_transactions_enrichies at target\.lsp\compiled\fintrack_analytics\models\intermediate\int_transactions_enrichies.sql
09:53:14.137420 [debug]: Compiled SQL for node model.fintrack_analytics.stg_comptes at target\.lsp\compiled\fintrack_analytics\models\staging\stg_comptes.sql
09:53:14.137628 [debug]: Finished rendering [  0.01s] model staging.stg_transactions [success]
09:53:14.137666 [debug]: Started analyzing model staging.stg_transactions
09:53:14.138239 [debug]: Finished rendering [  0.01s] model staging.int_transactions_enrichies [success]
09:53:14.138295 [info ]: Started model staging_marts.fct_transactions
09:53:14.138317 [debug]: Started rendering model staging_marts.fct_transactions
09:53:14.138343 [debug]: Started analyzing model staging.int_transactions_enrichies
09:53:14.138361 [debug]: Compiled SQL for node model.fintrack_analytics.stg_categories at target\.lsp\compiled\fintrack_analytics\models\staging\stg_categories.sql
09:53:14.138379 [debug]: Finished analyzing [  0.00s] model staging.stg_transactions [success]
09:53:14.138399 [info ]:  Succeeded [  0.01s] model staging.stg_transactions (view)
09:53:14.138630 [debug]: Finished analyzing [  0.00s] model staging_marts.mart_solde_mensuel [success]
09:53:14.138658 [info ]:  Succeeded [  0.01s] model staging_marts.mart_solde_mensuel (table)
09:53:14.138705 [debug]: Finished rendering [  0.01s] model staging.stg_categories [success]
09:53:14.138728 [debug]: Started analyzing model staging.stg_categories
09:53:14.138953 [debug]: Finished analyzing [  0.00s] model staging.stg_categories [success]
09:53:14.138971 [info ]:  Succeeded [  0.01s] model staging.stg_categories (view)
09:53:14.139901 [debug]: Compiled SQL for node model.fintrack_analytics.dim_categories at target\.lsp\compiled\fintrack_analytics\models\marts\dim_categories.sql
09:53:14.141128 [debug]: Finished analyzing [  0.00s] model staging.int_transactions_enrichies [success]
09:53:14.141170 [info ]:  Succeeded [  0.01s] model staging.int_transactions_enrichies (ephemeral)
09:53:14.141229 [debug]: Finished rendering [  0.01s] model staging.stg_comptes [success]
09:53:14.141258 [debug]: Started analyzing model staging.stg_comptes
09:53:14.141503 [debug]: Compiled SQL for node model.fintrack_analytics.fct_transactions at target\.lsp\compiled\fintrack_analytics\models\marts\fct_transactions.sql
09:53:14.141568 [debug]: Finished analyzing [  0.00s] model staging.stg_comptes [success]
09:53:14.141584 [info ]:  Succeeded [  0.01s] model staging.stg_comptes (view)
09:53:14.141744 [debug]: Finished rendering [  0.01s] model staging_marts.dim_categories [success]
09:53:14.141769 [debug]: Started analyzing model staging_marts.dim_categories
09:53:14.142021 [debug]: Finished analyzing [  0.01s] model staging_marts.mart_budget_vs_reel [success]
09:53:14.142050 [info ]:  Succeeded [  0.01s] model staging_marts.mart_budget_vs_reel (table)
09:53:14.142080 [debug]: Finished analyzing [  0.00s] model staging_marts.dim_categories [success]
09:53:14.142094 [info ]:  Succeeded [  0.01s] model staging_marts.dim_categories (table)
09:53:14.142118 [debug]: Finished rendering [  0.00s] model staging_marts.fct_transactions [success]
09:53:14.142137 [debug]: Started analyzing model staging_marts.fct_transactions
09:53:14.145219 [debug]: Finished analyzing [  0.00s] model staging_marts.fct_transactions [success]
09:53:14.145264 [info ]:  Succeeded [  0.01s] model staging_marts.fct_transactions (table)
09:53:14.149985 [debug]: Compiled SQL for node model.fintrack_analytics.dim_comptes at target\.lsp\compiled\fintrack_analytics\models\marts\dim_comptes.sql
09:53:14.150221 [debug]: Finished rendering [  0.02s] model staging_marts.dim_comptes [success]
09:53:14.150254 [info ]: Finished rendering [  0.02s] (12 nodes, 0 skipped, 0 errors)
09:53:14.150279 [debug]: Started analyzing model staging_marts.dim_comptes
09:53:14.150831 [debug]: Finished analyzing [  0.00s] model staging_marts.dim_comptes [success]
09:53:14.150861 [info ]: Finished analyzing [  0.02s] (12 nodes, 0 skipped, 0 errors)
09:53:14.150875 [info ]:  Succeeded [  0.02s] model staging_marts.dim_comptes (table)
09:53:14.156257 [info ]: Started scheduling
09:53:14.156322 [info ]: Finished scheduling [  0.00s]
09:53:14.156431 [info ]: 
==================== Execution Summary =====================
Finished 'compile' successfully for target 'dev' [171ms]
Processed: 11 models | 1 snapshot
Summary: 12 total | 12 success
09:53:14.156732 [info ]: Cached model count updated: 11 models (accurate)
==================== 2026-09-03T11:15:26.772502Z | b850238c-ef3c-485f-bf91-bf29e15e7171 ====================
11:15:26.772715 [info ]: Started loading project
11:15:26.774714 [info ]: Loading ~/.dbt/profiles.yml
==================== 2026-09-03T11:15:26.815650Z | 8d298e04-9840-4803-b25e-a9a1a088558b ====================
11:15:26.815750 [info ]: Started loading project
11:15:26.816760 [info ]: Loading ~/.dbt/profiles.yml
11:15:26.816866 [info ]: Finished loading project [  0.04s]
11:15:26.831966 [info ]: Loading packages.yml
11:15:26.832263 [debug]:    Started loading packages
11:15:26.857526 [debug]:     Loaded [  0.03s] packages
11:15:26.859254 [info ]: Finished loading project [  0.04s]
11:15:26.859721 [info ]: Started parsing
11:15:27.032673 [debug]: Finished parsing models/marts/_marts_schema.yml [  0.00s]
11:15:27.033369 [debug]: Finished parsing models/staging/_stg_schema.yml [  0.00s]
11:15:27.033778 [debug]: Finished parsing models/staging/_stg_sources.yml [  0.00s]
11:15:27.042807 [info ]: Finished parsing [  0.18s]
11:15:27.043404 [error]: [SerializationError (dbt1013)]: YAML error: columns[2].tests: data did not match any variant of untagged enum DataTests
  --> models\staging\_stg_schema.yml:20:13
11:15:27.043741 [info ]: 
==================== Execution Summary =====================
Finished 'compile' with 1 error for target 'dev' [228ms]
11:15:27.043808 [info ]: 
==================== Execution Summary =====================
Finished 'compile' successfully for target 'dev' [271ms]
==================== 2026-09-03T11:19:49.164906Z | ff52e5c2-ae47-40c0-af80-c998a0b80a79 ====================
11:19:49.165048 [info ]: Started loading project
11:19:49.165889 [info ]: Loading ~/.dbt/profiles.yml
11:19:49.172697 [info ]: Loading packages.yml
11:19:49.172839 [debug]:    Started loading packages
11:19:49.189727 [debug]:     Loaded [  0.02s] packages
11:19:49.190834 [info ]: Finished loading project [  0.03s]
11:19:49.191379 [info ]: Started parsing
11:19:49.288262 [debug]: Finished parsing models/marts/_marts_schema.yml [  0.00s]
11:19:49.289439 [debug]: Finished parsing models/staging/_stg_schema.yml [  0.00s]
11:19:49.290182 [debug]: Finished parsing models/staging/_stg_sources.yml [  0.00s]
11:19:49.307095 [debug]: Finished parsing snapshots\snapshot_comptes.sql [  0.01s]
11:19:49.312620 [debug]: Finished parsing models/intermediate/int_transactions_enrichies.sql [  0.00s]
11:19:49.313544 [debug]: Finished parsing models/marts/dim_categories.sql [  0.00s]
11:19:49.315080 [debug]: Finished parsing models/marts/dim_comptes.sql [  0.00s]
11:19:49.315995 [debug]: Finished parsing models/marts/fct_transactions.sql [  0.00s]
11:19:49.317567 [debug]: Finished parsing models/marts/mart_budget_vs_reel.sql [  0.00s]
11:19:49.319030 [debug]: Finished parsing models/marts/mart_solde_mensuel.sql [  0.00s]
11:19:49.320005 [debug]: Finished parsing models/marts/mart_top_depenses.sql [  0.00s]
11:19:49.320901 [debug]: Finished parsing models/staging/stg_budgets.sql [  0.00s]
11:19:49.321890 [debug]: Finished parsing models/staging/stg_categories.sql [  0.00s]
11:19:49.322803 [debug]: Finished parsing models/staging/stg_comptes.sql [  0.00s]
11:19:49.323803 [debug]: Finished parsing models/staging/stg_transactions.sql [  0.00s]
11:19:49.339324 [debug]: Finished parsing tests/assert_solde_mensuel_positif.sql [  0.00s]
11:19:49.602460 [info ]: Finished parsing [  0.41s]
11:19:49.603885 [info ]: Cached model count updated: 11 models (estimate)
11:19:49.603904 [info ]: Cached model count updated: 11 models (accurate)
11:19:49.603945 [info ]: Started scheduling
11:19:49.604007 [info ]: Finished scheduling [  0.00s]
11:19:49.604023 [debug]: Compilation - 0 nodes selected: {}
11:19:49.604043 [warn ]: [NoNodesForSelectionCriteria (dbt1092)]: The selection criterion '' does not match any enabled nodes
11:19:49.604061 [warn ]: [NoNodesSelected (dbt1601)]: Nothing to do. Try checking your model configs and model specification args
11:19:49.604070 [info ]: Started scheduling
11:19:49.604188 [info ]: Finished scheduling [  0.00s]
11:19:49.604607 [debug]: Initializing schema store with entry: Frontier(CanonicalFqn { catalog: "FINTRACK_DB", schema: "RAW", table: "RAW_COMPTES" }) and interval: None
11:19:49.604621 [debug]: Initializing schema store with entry: Frontier(CanonicalFqn { catalog: "FINTRACK_DB", schema: "RAW", table: "RAW_BUDGETS" }) and interval: None
11:19:49.604625 [debug]: Initializing schema store with entry: Frontier(CanonicalFqn { catalog: "FINTRACK_DB", schema: "RAW", table: "RAW_CATEGORIES" }) and interval: None
11:19:49.604628 [debug]: Initializing schema store with entry: Frontier(CanonicalFqn { catalog: "FINTRACK_DB", schema: "RAW", table: "RAW_TRANSACTIONS" }) and interval: None
11:19:49.690380 [info ]: Started building task graph
11:19:49.690426 [info ]: Finished building task graph [  0.00s]
11:19:49.706125 [info ]: Started scheduling
11:19:49.706189 [info ]: Finished scheduling [  0.00s]
11:19:49.706376 [info ]: 
==================== Execution Summary =====================
Finished 'compile' with 2 warnings for target 'dev' [541ms]
11:19:49.706452 [info ]: Cached model count updated: 11 models (accurate)
==================== 2026-09-03T11:19:51.381294Z | 1f693a08-cfb4-4c30-91f4-decd5420c2f5 ====================
11:19:51.381380 [info ]: Started loading project
11:19:51.382120 [info ]: Loading ~/.dbt/profiles.yml
11:19:51.433622 [info ]: Cached model count updated: 11 models (estimate)
11:19:51.433646 [info ]: Cached model count updated: 11 models (accurate)
11:19:51.433684 [info ]: Started scheduling
11:19:51.433837 [info ]: Finished scheduling [  0.00s]
11:19:51.433859 [debug]: Compilation - 12 nodes selected: {"model.fintrack_analytics.dim_categories", "model.fintrack_analytics.dim_comptes", "model.fintrack_analytics.fct_transactions", "model.fintrack_analytics.int_transactions_enrichies", "model.fintrack_analytics.mart_budget_vs_reel", "model.fintrack_analytics.mart_solde_mensuel", "model.fintrack_analytics.mart_top_depenses", "model.fintrack_analytics.stg_budgets", "model.fintrack_analytics.stg_categories", "model.fintrack_analytics.stg_comptes", "model.fintrack_analytics.stg_transactions", "snapshot.fintrack_analytics.snapshot_comptes"}
11:19:51.513011 [info ]: Started building task graph
11:19:51.513129 [info ]: Finished building task graph [  0.00s]
11:19:51.519305 [info ]: Started rendering (12 nodes)
11:19:51.519329 [info ]: Started snapshot snapshots.snapshot_comptes
11:19:51.519340 [debug]: Started rendering snapshot snapshots.snapshot_comptes
11:19:51.519464 [info ]: Started model staging_marts.mart_top_depenses
11:19:51.519489 [debug]: Started rendering model staging_marts.mart_top_depenses
11:19:51.519524 [info ]: Started model staging_marts.mart_solde_mensuel
11:19:51.519532 [info ]: Finished loading project [  0.14s]
11:19:51.519536 [debug]: Started rendering model staging_marts.mart_solde_mensuel
11:19:51.519556 [info ]: Started model staging_marts.mart_budget_vs_reel
11:19:51.519575 [debug]: Started rendering model staging_marts.mart_budget_vs_reel
11:19:51.519604 [info ]: Started model staging.stg_budgets
11:19:51.519624 [debug]: Started rendering model staging.stg_budgets
11:19:51.519706 [info ]: Started model staging.int_transactions_enrichies
11:19:51.519725 [debug]: Started rendering model staging.int_transactions_enrichies
11:19:51.519770 [info ]: Started model staging.stg_transactions
11:19:51.519790 [debug]: Started rendering model staging.stg_transactions
11:19:51.519835 [info ]: Started model staging_marts.dim_comptes
11:19:51.519859 [debug]: Started rendering model staging_marts.dim_comptes
11:19:51.519902 [info ]: Started model staging.stg_comptes
11:19:51.519931 [debug]: Started rendering model staging.stg_comptes
11:19:51.519953 [info ]: Started model staging_marts.dim_categories
11:19:51.519972 [debug]: Started rendering model staging_marts.dim_categories
11:19:51.519990 [info ]: Started model staging.stg_categories
11:19:51.520001 [debug]: Started rendering model staging.stg_categories
11:19:51.521868 [debug]: Compiled SQL for node snapshot.fintrack_analytics.snapshot_comptes at target\.lsp\compiled\fintrack_analytics\snapshots\snapshot_comptes.sql\snapshot_comptes.sql
11:19:51.522048 [debug]: Finished rendering [  0.00s] snapshot snapshots.snapshot_comptes [success]
11:19:51.522084 [info ]: Started analyzing (12 nodes)
11:19:51.522100 [debug]: Started analyzing snapshot snapshots.snapshot_comptes
11:19:51.526096 [debug]: Finished analyzing [  0.00s] snapshot snapshots.snapshot_comptes [success]
11:19:51.526143 [info ]:  Succeeded [  0.01s] snapshot snapshots.snapshot_comptes (snapshot)
11:19:51.527206 [debug]: Compiled SQL for node model.fintrack_analytics.int_transactions_enrichies at target\.lsp\compiled\fintrack_analytics\models\intermediate\int_transactions_enrichies.sql
11:19:51.527871 [debug]: Compiled SQL for node model.fintrack_analytics.mart_top_depenses at target\.lsp\compiled\fintrack_analytics\models\marts\mart_top_depenses.sql
11:19:51.527875 [debug]: Finished rendering [  0.01s] model staging.int_transactions_enrichies [success]
11:19:51.527912 [debug]: Started analyzing model staging.int_transactions_enrichies
11:19:51.527948 [info ]: Started model staging_marts.fct_transactions
11:19:51.527961 [debug]: Started rendering model staging_marts.fct_transactions
11:19:51.527995 [debug]: Finished rendering [  0.01s] model staging_marts.mart_top_depenses [success]
11:19:51.528022 [debug]: Started analyzing model staging_marts.mart_top_depenses
11:19:51.528179 [debug]: Compiled SQL for node model.fintrack_analytics.mart_solde_mensuel at target\.lsp\compiled\fintrack_analytics\models\marts\mart_solde_mensuel.sql
11:19:51.528803 [debug]: Finished rendering [  0.01s] model staging_marts.mart_solde_mensuel [success]
11:19:51.528844 [debug]: Started analyzing model staging_marts.mart_solde_mensuel
11:19:51.529444 [debug]: Compiled SQL for node model.fintrack_analytics.dim_categories at target\.lsp\compiled\fintrack_analytics\models\marts\dim_categories.sql
11:19:51.529586 [debug]: Finished rendering [  0.01s] model staging_marts.dim_categories [success]
11:19:51.529589 [debug]: Compiled SQL for node model.fintrack_analytics.mart_budget_vs_reel at target\.lsp\compiled\fintrack_analytics\models\marts\mart_budget_vs_reel.sql
11:19:51.529619 [debug]: Started analyzing model staging_marts.dim_categories
11:19:51.529893 [debug]: Finished analyzing [  0.00s] model staging_marts.dim_categories [success]
11:19:51.529918 [info ]:  Succeeded [  0.01s] model staging_marts.dim_categories (table)
11:19:51.529963 [debug]: Finished rendering [  0.01s] model staging_marts.mart_budget_vs_reel [success]
11:19:51.529989 [debug]: Started analyzing model staging_marts.mart_budget_vs_reel
11:19:51.530036 [debug]: Compiled SQL for node model.fintrack_analytics.stg_budgets at target\.lsp\compiled\fintrack_analytics\models\staging\stg_budgets.sql
11:19:51.530343 [debug]: Finished rendering [  0.01s] model staging.stg_budgets [success]
11:19:51.530375 [debug]: Started analyzing model staging.stg_budgets
11:19:51.530406 [debug]: Finished analyzing [  0.00s] model staging_marts.mart_top_depenses [success]
11:19:51.530426 [info ]:  Succeeded [  0.01s] model staging_marts.mart_top_depenses (table)
11:19:51.530722 [debug]: Compiled SQL for node model.fintrack_analytics.stg_transactions at target\.lsp\compiled\fintrack_analytics\models\staging\stg_transactions.sql
11:19:51.530767 [debug]: Finished analyzing [  0.00s] model staging.stg_budgets [success]
11:19:51.530789 [info ]:  Succeeded [  0.01s] model staging.stg_budgets (view)
11:19:51.530907 [debug]: Finished rendering [  0.01s] model staging.stg_transactions [success]
11:19:51.530933 [debug]: Started analyzing model staging.stg_transactions
11:19:51.531245 [debug]: Compiled SQL for node model.fintrack_analytics.stg_comptes at target\.lsp\compiled\fintrack_analytics\models\staging\stg_comptes.sql
11:19:51.531417 [debug]: Finished rendering [  0.01s] model staging.stg_comptes [success]
11:19:51.531452 [debug]: Started analyzing model staging.stg_comptes
11:19:51.531802 [debug]: Finished analyzing [  0.00s] model staging.stg_comptes [success]
11:19:51.531832 [info ]:  Succeeded [  0.01s] model staging.stg_comptes (view)
11:19:51.532201 [debug]: Finished analyzing [  0.00s] model staging_marts.mart_solde_mensuel [success]
11:19:51.532230 [info ]:  Succeeded [  0.01s] model staging_marts.mart_solde_mensuel (table)
11:19:51.532416 [debug]: Finished analyzing [  0.00s] model staging.stg_transactions [success]
11:19:51.532473 [info ]:  Succeeded [  0.01s] model staging.stg_transactions (view)
11:19:51.532563 [debug]: Finished analyzing [  0.00s] model staging.int_transactions_enrichies [success]
11:19:51.532589 [info ]:  Succeeded [  0.01s] model staging.int_transactions_enrichies (ephemeral)
11:19:51.536833 [debug]: Finished analyzing [  0.01s] model staging_marts.mart_budget_vs_reel [success]
11:19:51.536874 [info ]:  Succeeded [  0.02s] model staging_marts.mart_budget_vs_reel (table)
11:19:51.538441 [debug]: Compiled SQL for node model.fintrack_analytics.stg_categories at target\.lsp\compiled\fintrack_analytics\models\staging\stg_categories.sql
11:19:51.538637 [debug]: Compiled SQL for node model.fintrack_analytics.dim_comptes at target\.lsp\compiled\fintrack_analytics\models\marts\dim_comptes.sql
11:19:51.538866 [debug]: Finished rendering [  0.02s] model staging.stg_categories [success]
11:19:51.538903 [debug]: Started analyzing model staging.stg_categories
11:19:51.539389 [debug]: Finished analyzing [  0.00s] model staging.stg_categories [success]
11:19:51.539423 [info ]:  Succeeded [  0.02s] model staging.stg_categories (view)
11:19:51.539477 [debug]: Finished rendering [  0.02s] model staging_marts.dim_comptes [success]
11:19:51.539504 [debug]: Started analyzing model staging_marts.dim_comptes
11:19:51.540183 [debug]: Finished analyzing [  0.00s] model staging_marts.dim_comptes [success]
11:19:51.540217 [info ]:  Succeeded [  0.02s] model staging_marts.dim_comptes (table)
11:19:51.542854 [debug]: Compiled SQL for node model.fintrack_analytics.fct_transactions at target\.lsp\compiled\fintrack_analytics\models\marts\fct_transactions.sql
11:19:51.543186 [debug]: Finished rendering [  0.02s] model staging_marts.fct_transactions [success]
11:19:51.543217 [info ]: Finished rendering [  0.02s] (12 nodes, 0 skipped, 0 errors)
11:19:51.543250 [debug]: Started analyzing model staging_marts.fct_transactions
11:19:51.546422 [debug]: Finished analyzing [  0.00s] model staging_marts.fct_transactions [success]
11:19:51.546455 [info ]: Finished analyzing [  0.02s] (12 nodes, 0 skipped, 0 errors)
11:19:51.546470 [info ]:  Succeeded [  0.02s] model staging_marts.fct_transactions (table)
11:19:51.551875 [info ]: Started scheduling
11:19:51.551941 [info ]: Finished scheduling [  0.00s]
11:19:51.552047 [info ]: 
==================== Execution Summary =====================
Finished 'compile' successfully for target 'dev' [170ms]
Processed: 11 models | 1 snapshot
Summary: 12 total | 12 success
11:19:51.552343 [info ]: Cached model count updated: 11 models (accurate)
==================== 2026-09-03T11:20:59.217953Z | 191859af-c717-498f-a16e-65c1b7a6a0ef ====================
11:20:59.218119 [info ]: Started loading project
11:20:59.219167 [info ]: Loading ~/.dbt/profiles.yml
11:20:59.243039 [info ]: Started parsing
11:20:59.301468 [info ]: Finished loading project [  0.08s]
11:20:59.306596 [debug]: Finished parsing models/staging/_stg_schema.yml [  0.00s]
11:20:59.309281 [debug]: Finished parsing snapshots\snapshot_comptes.sql [  0.00s]
11:20:59.311320 [debug]: Finished parsing models/staging/stg_budgets.sql [  0.00s]
11:20:59.311930 [debug]: Finished parsing models/staging/stg_categories.sql [  0.00s]
11:20:59.312467 [debug]: Finished parsing models/staging/stg_comptes.sql [  0.00s]
11:20:59.313008 [debug]: Finished parsing models/staging/stg_transactions.sql [  0.00s]
11:20:59.496490 [info ]: Finished parsing [  0.25s]
11:20:59.506360 [info ]: 
==================== Execution Summary =====================
Finished 'compile' successfully for target 'dev' [288ms]
11:20:59.506455 [info ]: Cached model count updated: 11 models (accurate)
==================== 2026-09-03T11:20:59.561642Z | 13486c59-b053-45cc-a855-b2a890f52306 ====================
11:20:59.561744 [info ]: Started loading project
11:20:59.562466 [info ]: Loading ~/.dbt/profiles.yml
11:20:59.574395 [info ]: Started parsing
11:20:59.625769 [info ]: Finished loading project [  0.06s]
11:20:59.630186 [debug]: Finished parsing models/staging/_stg_schema.yml [  0.00s]
11:20:59.633015 [debug]: Finished parsing snapshots\snapshot_comptes.sql [  0.00s]
11:20:59.635518 [debug]: Finished parsing models/staging/stg_budgets.sql [  0.00s]
11:20:59.636205 [debug]: Finished parsing models/staging/stg_categories.sql [  0.00s]
11:20:59.636874 [debug]: Finished parsing models/staging/stg_comptes.sql [  0.00s]
11:20:59.637485 [debug]: Finished parsing models/staging/stg_transactions.sql [  0.00s]
11:20:59.818024 [info ]: Finished parsing [  0.24s]
11:20:59.826442 [info ]: 
==================== Execution Summary =====================
Finished 'compile' successfully for target 'dev' [264ms]
11:20:59.826509 [info ]: Cached model count updated: 11 models (accurate)
==================== 2026-09-03T11:20:59.923891Z | 64ad16f3-c229-40d3-9c42-2277c1829b03 ====================
11:20:59.923996 [info ]: Started loading project
11:20:59.924658 [info ]: Loading ~/.dbt/profiles.yml
11:20:59.936952 [info ]: Started parsing
11:20:59.987014 [info ]: Finished loading project [  0.06s]
11:20:59.991985 [debug]: Finished parsing models/staging/_stg_schema.yml [  0.00s]
11:20:59.994848 [debug]: Finished parsing snapshots\snapshot_comptes.sql [  0.00s]
11:20:59.996547 [debug]: Finished parsing models/staging/stg_budgets.sql [  0.00s]
11:20:59.997353 [debug]: Finished parsing models/staging/stg_categories.sql [  0.00s]
11:20:59.998070 [debug]: Finished parsing models/staging/stg_comptes.sql [  0.00s]
11:20:59.998660 [debug]: Finished parsing models/staging/stg_transactions.sql [  0.00s]
11:21:00.207978 [info ]: Finished parsing [  0.27s]
11:21:00.215280 [info ]: 
==================== Execution Summary =====================
Finished 'compile' successfully for target 'dev' [291ms]
11:21:00.216186 [info ]: Cached model count updated: 11 models (accurate)
==================== 2026-09-03T11:21:00.257558Z | 667979bc-6e8e-4b9e-b743-30899a83e499 ====================
11:21:00.257696 [info ]: Started loading project
11:21:00.258427 [info ]: Loading ~/.dbt/profiles.yml
11:21:00.273472 [info ]: Started parsing
11:21:00.340296 [info ]: Finished parsing [  0.07s]
11:21:00.342968 [info ]: Cached model count updated: 11 models (accurate)
11:21:00.343075 [info ]: Finished loading project [  0.09s]
11:21:00.343104 [info ]: 
==================== Execution Summary =====================
Finished 'compile' successfully for target 'dev' [85ms]
==================== 2026-09-03T11:21:00.401021Z | 13fa7f80-6412-4750-9554-0f8202d3bda7 ====================
11:21:00.401108 [info ]: Started loading project
11:21:00.402075 [info ]: Loading ~/.dbt/profiles.yml
11:21:00.414902 [info ]: Started parsing
11:21:00.466601 [info ]: Finished loading project [  0.07s]
11:21:00.471541 [debug]: Finished parsing models/staging/_stg_schema.yml [  0.00s]
11:21:00.474127 [debug]: Finished parsing snapshots\snapshot_comptes.sql [  0.00s]
11:21:00.475573 [debug]: Finished parsing models/staging/stg_budgets.sql [  0.00s]
11:21:00.476122 [debug]: Finished parsing models/staging/stg_categories.sql [  0.00s]
11:21:00.476655 [debug]: Finished parsing models/staging/stg_comptes.sql [  0.00s]
11:21:00.477241 [debug]: Finished parsing models/staging/stg_transactions.sql [  0.00s]
11:21:00.658638 [info ]: Finished parsing [  0.24s]
11:21:00.661314 [info ]: Cached model count updated: 11 models (estimate)
11:21:00.661329 [info ]: Cached model count updated: 11 models (accurate)
11:21:00.661363 [info ]: Started scheduling
11:21:00.721568 [info ]: Finished scheduling [  0.06s]
11:21:00.721603 [debug]: Compilation - 4 nodes selected: {"model.fintrack_analytics.stg_budgets", "model.fintrack_analytics.stg_categories", "model.fintrack_analytics.stg_comptes", "model.fintrack_analytics.stg_transactions"}
11:21:00.777812 [info ]: Started building task graph
11:21:00.777875 [info ]: Finished building task graph [  0.00s]
11:21:00.784524 [info ]: Started rendering (4 nodes)
11:21:00.784573 [info ]: Started model staging.stg_transactions
11:21:00.784589 [debug]: Started rendering model staging.stg_transactions
11:21:00.784665 [info ]: Started model staging.stg_comptes
11:21:00.784690 [debug]: Started rendering model staging.stg_comptes
11:21:00.784721 [info ]: Started model staging.stg_categories
11:21:00.784736 [debug]: Started rendering model staging.stg_categories
11:21:00.784767 [info ]: Started model staging.stg_budgets
11:21:00.784794 [debug]: Started rendering model staging.stg_budgets
11:21:00.789406 [debug]: Compiled SQL for node model.fintrack_analytics.stg_comptes at target\.lsp\compiled\fintrack_analytics\models\staging\stg_comptes.sql
11:21:00.789455 [debug]: Compiled SQL for node model.fintrack_analytics.stg_categories at target\.lsp\compiled\fintrack_analytics\models\staging\stg_categories.sql
11:21:00.789533 [debug]: Compiled SQL for node model.fintrack_analytics.stg_transactions at target\.lsp\compiled\fintrack_analytics\models\staging\stg_transactions.sql
11:21:00.789567 [debug]: Compiled SQL for node model.fintrack_analytics.stg_budgets at target\.lsp\compiled\fintrack_analytics\models\staging\stg_budgets.sql
11:21:00.789693 [debug]: Finished rendering [  0.01s] model staging.stg_comptes [success]
11:21:00.789743 [info ]: Started analyzing (4 nodes)
11:21:00.789761 [debug]: Started analyzing model staging.stg_comptes
11:21:00.789794 [debug]: Finished rendering [  0.01s] model staging.stg_categories [success]
11:21:00.789812 [debug]: Started analyzing model staging.stg_categories
11:21:00.789830 [debug]: Finished rendering [  0.01s] model staging.stg_transactions [success]
11:21:00.789845 [debug]: Started analyzing model staging.stg_transactions
11:21:00.789863 [debug]: Finished rendering [  0.01s] model staging.stg_budgets [success]
11:21:00.789872 [info ]: Finished rendering [  0.01s] (4 nodes, 0 skipped, 0 errors)
11:21:00.789882 [debug]: Started analyzing model staging.stg_budgets
11:21:00.790133 [debug]: Finished analyzing [  0.00s] model staging.stg_categories [success]
11:21:00.790155 [info ]:  Succeeded [  0.01s] model staging.stg_categories (view)
11:21:00.790187 [debug]: Finished analyzing [  0.00s] model staging.stg_comptes [success]
11:21:00.790200 [info ]:  Succeeded [  0.00s] model staging.stg_comptes (view)
11:21:00.790222 [debug]: Finished analyzing [  0.00s] model staging.stg_budgets [success]
11:21:00.790235 [info ]:  Succeeded [  0.01s] model staging.stg_budgets (view)
11:21:00.790805 [debug]: Finished analyzing [  0.00s] model staging.stg_transactions [success]
11:21:00.790832 [info ]: Finished analyzing [  0.00s] (4 nodes, 0 skipped, 0 errors)
11:21:00.790842 [info ]:  Succeeded [  0.01s] model staging.stg_transactions (view)
11:21:00.795312 [info ]: Started scheduling
11:21:00.795371 [info ]: Finished scheduling [  0.00s]
11:21:00.797206 [info ]: 
==================== Execution Summary =====================
Finished 'compile' successfully for target 'dev' [396ms]
Processed: 4 models
Summary: 4 total | 4 success
11:21:00.797360 [info ]: Cached model count updated: 11 models (accurate)
==================== 2026-09-03T11:21:02.511084Z | 2e3e3b02-b77b-4c51-9b9d-01be4270f497 ====================
11:21:02.511192 [info ]: Started loading project
11:21:02.512294 [info ]: Loading ~/.dbt/profiles.yml
11:21:02.568211 [info ]: Cached model count updated: 11 models (estimate)
11:21:02.568236 [info ]: Cached model count updated: 11 models (accurate)
11:21:02.568277 [info ]: Started scheduling
11:21:02.568454 [info ]: Finished scheduling [  0.00s]
11:21:02.568496 [debug]: Compilation - 12 nodes selected: {"model.fintrack_analytics.dim_categories", "model.fintrack_analytics.dim_comptes", "model.fintrack_analytics.fct_transactions", "model.fintrack_analytics.int_transactions_enrichies", "model.fintrack_analytics.mart_budget_vs_reel", "model.fintrack_analytics.mart_solde_mensuel", "model.fintrack_analytics.mart_top_depenses", "model.fintrack_analytics.stg_budgets", "model.fintrack_analytics.stg_categories", "model.fintrack_analytics.stg_comptes", "model.fintrack_analytics.stg_transactions", "snapshot.fintrack_analytics.snapshot_comptes"}
11:21:02.646473 [info ]: Started building task graph
11:21:02.646599 [info ]: Finished building task graph [  0.00s]
11:21:02.654036 [info ]: Started rendering (12 nodes)
11:21:02.654072 [info ]: Started snapshot snapshots.snapshot_comptes
11:21:02.654083 [debug]: Started rendering snapshot snapshots.snapshot_comptes
11:21:02.654111 [info ]: Started model staging_marts.mart_top_depenses
11:21:02.654123 [debug]: Started rendering model staging_marts.mart_top_depenses
11:21:02.654135 [info ]: Started model staging_marts.mart_solde_mensuel
11:21:02.654141 [debug]: Started rendering model staging_marts.mart_solde_mensuel
11:21:02.654141 [info ]: Finished loading project [  0.14s]
11:21:02.654151 [info ]: Started model staging_marts.mart_budget_vs_reel
11:21:02.654157 [debug]: Started rendering model staging_marts.mart_budget_vs_reel
11:21:02.654168 [info ]: Started model staging.stg_budgets
11:21:02.654179 [debug]: Started rendering model staging.stg_budgets
11:21:02.654404 [info ]: Started model staging.int_transactions_enrichies
11:21:02.654463 [debug]: Started rendering model staging.int_transactions_enrichies
11:21:02.654530 [info ]: Started model staging.stg_transactions
11:21:02.654576 [debug]: Started rendering model staging.stg_transactions
11:21:02.654623 [debug]: Compiled SQL for node snapshot.fintrack_analytics.snapshot_comptes at target\.lsp\compiled\fintrack_analytics\snapshots\snapshot_comptes.sql\snapshot_comptes.sql
11:21:02.654662 [debug]: Compiled SQL for node model.fintrack_analytics.mart_top_depenses at target\.lsp\compiled\fintrack_analytics\models\marts\mart_top_depenses.sql
11:21:02.654624 [info ]: Started model staging_marts.dim_comptes
11:21:02.654709 [debug]: Started rendering model staging_marts.dim_comptes
11:21:02.654740 [info ]: Started model staging.stg_comptes
11:21:02.654759 [debug]: Started rendering model staging.stg_comptes
11:21:02.654759 [debug]: Compiled SQL for node model.fintrack_analytics.mart_solde_mensuel at target\.lsp\compiled\fintrack_analytics\models\marts\mart_solde_mensuel.sql
11:21:02.654784 [info ]: Started model staging_marts.dim_categories
11:21:02.654802 [debug]: Started rendering model staging_marts.dim_categories
11:21:02.654825 [info ]: Started model staging.stg_categories
11:21:02.654858 [debug]: Started rendering model staging.stg_categories
11:21:02.654890 [debug]: Finished rendering [  0.00s] snapshot snapshots.snapshot_comptes [success]
11:21:02.654935 [info ]: Started analyzing (12 nodes)
11:21:02.654951 [debug]: Started analyzing snapshot snapshots.snapshot_comptes
11:21:02.655038 [debug]: Compiled SQL for node model.fintrack_analytics.stg_budgets at target\.lsp\compiled\fintrack_analytics\models\staging\stg_budgets.sql
11:21:02.655140 [debug]: Compiled SQL for node model.fintrack_analytics.mart_budget_vs_reel at target\.lsp\compiled\fintrack_analytics\models\marts\mart_budget_vs_reel.sql
11:21:02.655164 [debug]: Finished rendering [  0.00s] model staging_marts.mart_top_depenses [success]
11:21:02.655191 [debug]: Started analyzing model staging_marts.mart_top_depenses
11:21:02.655295 [debug]: Finished rendering [  0.00s] model staging_marts.mart_solde_mensuel [success]
11:21:02.655348 [debug]: Started analyzing model staging_marts.mart_solde_mensuel
11:21:02.655501 [debug]: Compiled SQL for node model.fintrack_analytics.int_transactions_enrichies at target\.lsp\compiled\fintrack_analytics\models\intermediate\int_transactions_enrichies.sql
11:21:02.655563 [debug]: Compiled SQL for node model.fintrack_analytics.stg_transactions at target\.lsp\compiled\fintrack_analytics\models\staging\stg_transactions.sql
11:21:02.655686 [debug]: Compiled SQL for node model.fintrack_analytics.stg_comptes at target\.lsp\compiled\fintrack_analytics\models\staging\stg_comptes.sql
11:21:02.655849 [debug]: Compiled SQL for node model.fintrack_analytics.dim_comptes at target\.lsp\compiled\fintrack_analytics\models\marts\dim_comptes.sql
11:21:02.655867 [debug]: Compiled SQL for node model.fintrack_analytics.dim_categories at target\.lsp\compiled\fintrack_analytics\models\marts\dim_categories.sql
11:21:02.655948 [debug]: Compiled SQL for node model.fintrack_analytics.stg_categories at target\.lsp\compiled\fintrack_analytics\models\staging\stg_categories.sql
11:21:02.656009 [debug]: Finished rendering [  0.00s] model staging_marts.mart_budget_vs_reel [success]
11:21:02.656041 [debug]: Started analyzing model staging_marts.mart_budget_vs_reel
11:21:02.656076 [debug]: Finished rendering [  0.00s] model staging.int_transactions_enrichies [success]
11:21:02.656108 [info ]: Started model staging_marts.fct_transactions
11:21:02.656129 [debug]: Started rendering model staging_marts.fct_transactions
11:21:02.656145 [debug]: Started analyzing model staging.int_transactions_enrichies
11:21:02.656168 [debug]: Finished rendering [  0.00s] model staging.stg_transactions [success]
11:21:02.656183 [debug]: Started analyzing model staging.stg_transactions
11:21:02.656205 [debug]: Finished rendering [  0.00s] model staging.stg_comptes [success]
11:21:02.656220 [debug]: Started analyzing model staging.stg_comptes
11:21:02.656241 [debug]: Finished rendering [  0.00s] model staging_marts.dim_comptes [success]
11:21:02.656256 [debug]: Started analyzing model staging_marts.dim_comptes
11:21:02.656278 [debug]: Finished rendering [  0.00s] model staging_marts.dim_categories [success]
11:21:02.656293 [debug]: Started analyzing model staging_marts.dim_categories
11:21:02.656316 [debug]: Finished rendering [  0.00s] model staging.stg_budgets [success]
11:21:02.656335 [debug]: Started analyzing model staging.stg_budgets
11:21:02.656352 [debug]: Finished rendering [  0.00s] model staging.stg_categories [success]
11:21:02.656369 [debug]: Started analyzing model staging.stg_categories
11:21:02.656560 [debug]: Finished analyzing [  0.00s] model staging_marts.mart_top_depenses [success]
11:21:02.656584 [info ]:  Succeeded [  0.00s] model staging_marts.mart_top_depenses (table)
11:21:02.656618 [debug]: Finished analyzing [  0.00s] snapshot snapshots.snapshot_comptes [success]
11:21:02.656635 [info ]:  Succeeded [  0.00s] snapshot snapshots.snapshot_comptes (snapshot)
11:21:02.656812 [debug]: Finished analyzing [  0.00s] model staging.stg_comptes [success]
11:21:02.656839 [info ]:  Succeeded [  0.00s] model staging.stg_comptes (view)
11:21:02.657233 [debug]: Finished analyzing [  0.00s] model staging_marts.dim_categories [success]
11:21:02.657259 [info ]:  Succeeded [  0.00s] model staging_marts.dim_categories (table)
11:21:02.657316 [debug]: Finished analyzing [  0.00s] model staging.stg_budgets [success]
11:21:02.657333 [info ]:  Succeeded [  0.00s] model staging.stg_budgets (view)
11:21:02.657398 [debug]: Finished analyzing [  0.00s] model staging.stg_transactions [success]
11:21:02.657418 [info ]:  Succeeded [  0.00s] model staging.stg_transactions (view)
11:21:02.657551 [debug]: Finished analyzing [  0.00s] model staging.stg_categories [success]
11:21:02.657572 [info ]:  Succeeded [  0.00s] model staging.stg_categories (view)
11:21:02.657903 [debug]: Finished analyzing [  0.00s] model staging_marts.dim_comptes [success]
11:21:02.658040 [info ]:  Succeeded [  0.00s] model staging_marts.dim_comptes (table)
11:21:02.658111 [debug]: Compiled SQL for node model.fintrack_analytics.fct_transactions at target\.lsp\compiled\fintrack_analytics\models\marts\fct_transactions.sql
11:21:02.658261 [debug]: Finished rendering [  0.00s] model staging_marts.fct_transactions [success]
11:21:02.658288 [info ]: Finished rendering [  0.00s] (12 nodes, 0 skipped, 0 errors)
11:21:02.658311 [debug]: Started analyzing model staging_marts.fct_transactions
11:21:02.658503 [debug]: Finished analyzing [  0.00s] model staging_marts.mart_solde_mensuel [success]
11:21:02.658536 [info ]:  Succeeded [  0.00s] model staging_marts.mart_solde_mensuel (table)
11:21:02.659084 [debug]: Finished analyzing [  0.00s] model staging.int_transactions_enrichies [success]
11:21:02.659116 [info ]:  Succeeded [  0.00s] model staging.int_transactions_enrichies (ephemeral)
11:21:02.659991 [debug]: Finished analyzing [  0.00s] model staging_marts.fct_transactions [success]
11:21:02.660014 [info ]:  Succeeded [  0.00s] model staging_marts.fct_transactions (table)
11:21:02.660702 [debug]: Finished analyzing [  0.00s] model staging_marts.mart_budget_vs_reel [success]
11:21:02.660724 [info ]: Finished analyzing [  0.01s] (12 nodes, 0 skipped, 0 errors)
11:21:02.660735 [info ]:  Succeeded [  0.01s] model staging_marts.mart_budget_vs_reel (table)
11:21:02.666545 [info ]: Started scheduling
11:21:02.666655 [info ]: Finished scheduling [  0.00s]
11:21:02.666842 [info ]: 
==================== Execution Summary =====================
Finished 'compile' successfully for target 'dev' [155ms]
Processed: 11 models | 1 snapshot
Summary: 12 total | 12 success
11:21:02.667468 [info ]: Cached model count updated: 11 models (accurate)
==================== 2026-09-03T11:21:09.987120Z | 13049984-e85c-4833-a83e-c829a1d5a70f ====================
11:21:09.987178 [info ]: Started loading project
11:21:09.987827 [info ]: Loading ~/.dbt/profiles.yml
11:21:10.001252 [info ]: Started parsing
11:21:10.058452 [info ]: Finished loading project [  0.07s]
11:21:10.063538 [debug]: Finished parsing models/staging/_stg_schema.yml [  0.00s]
11:21:10.066763 [debug]: Finished parsing snapshots\snapshot_comptes.sql [  0.00s]
11:21:10.068281 [debug]: Finished parsing models/staging/stg_budgets.sql [  0.00s]
11:21:10.069075 [debug]: Finished parsing models/staging/stg_categories.sql [  0.00s]
11:21:10.069691 [debug]: Finished parsing models/staging/stg_comptes.sql [  0.00s]
11:21:10.070334 [debug]: Finished parsing models/staging/stg_transactions.sql [  0.00s]
11:21:10.252645 [info ]: Finished parsing [  0.25s]
11:21:10.259068 [info ]: 
==================== Execution Summary =====================
Finished 'compile' successfully for target 'dev' [271ms]
11:21:10.259153 [info ]: Cached model count updated: 11 models (accurate)
==================== 2026-09-03T11:21:10.311078Z | 9ac8d698-dad0-4a56-a4b0-8d241a5f9b47 ====================
11:21:10.311183 [info ]: Started loading project
11:21:10.312160 [info ]: Loading ~/.dbt/profiles.yml
11:21:10.327752 [info ]: Started parsing
11:21:10.386507 [info ]: Finished loading project [  0.08s]
11:21:10.395524 [info ]: Finished parsing [  0.07s]
11:21:10.397463 [info ]: 
==================== Execution Summary =====================
Finished 'compile' successfully for target 'dev' [86ms]
11:21:10.397580 [info ]: Cached model count updated: 11 models (accurate)
==================== 2026-09-03T11:21:10.450040Z | 8dd0de24-753e-44c0-8284-1e6e2e1ee949 ====================
11:21:10.450144 [info ]: Started loading project
11:21:10.450825 [info ]: Loading ~/.dbt/profiles.yml
11:21:10.462519 [info ]: Started parsing
11:21:10.523057 [info ]: Finished loading project [  0.07s]
11:21:10.527043 [debug]: Finished parsing models/staging/_stg_schema.yml [  0.00s]
11:21:10.530006 [debug]: Finished parsing snapshots\snapshot_comptes.sql [  0.00s]
11:21:10.531727 [debug]: Finished parsing models/staging/stg_budgets.sql [  0.00s]
11:21:10.532386 [debug]: Finished parsing models/staging/stg_categories.sql [  0.00s]
11:21:10.533012 [debug]: Finished parsing models/staging/stg_comptes.sql [  0.00s]
11:21:10.533654 [debug]: Finished parsing models/staging/stg_transactions.sql [  0.00s]
11:21:10.709568 [info ]: Finished parsing [  0.25s]
11:21:10.717823 [info ]: 
==================== Execution Summary =====================
Finished 'compile' successfully for target 'dev' [267ms]
11:21:10.717933 [info ]: Cached model count updated: 11 models (accurate)
==================== 2026-09-03T11:21:10.771178Z | da3a7fdb-8c84-476b-bc86-2d77f2865541 ====================
11:21:10.771282 [info ]: Started loading project
11:21:10.772011 [info ]: Loading ~/.dbt/profiles.yml
11:21:10.784408 [info ]: Started parsing
11:21:10.843451 [info ]: Finished loading project [  0.07s]
11:21:10.848428 [debug]: Finished parsing models/staging/_stg_schema.yml [  0.00s]
11:21:10.851059 [debug]: Finished parsing snapshots\snapshot_comptes.sql [  0.00s]
11:21:10.852558 [debug]: Finished parsing models/staging/stg_budgets.sql [  0.00s]
11:21:10.853239 [debug]: Finished parsing models/staging/stg_categories.sql [  0.00s]
11:21:10.853885 [debug]: Finished parsing models/staging/stg_comptes.sql [  0.00s]
11:21:10.854467 [debug]: Finished parsing models/staging/stg_transactions.sql [  0.00s]
11:21:11.070858 [info ]: Finished parsing [  0.29s]
11:21:11.073763 [info ]: Cached model count updated: 11 models (estimate)
11:21:11.073780 [info ]: Cached model count updated: 11 models (accurate)
11:21:11.073815 [info ]: Started scheduling
11:21:11.073982 [info ]: Finished scheduling [  0.00s]
11:21:11.074017 [debug]: Compilation - 4 nodes selected: {"model.fintrack_analytics.stg_budgets", "model.fintrack_analytics.stg_categories", "model.fintrack_analytics.stg_comptes", "model.fintrack_analytics.stg_transactions"}
11:21:11.130122 [info ]: Started building task graph
11:21:11.130208 [info ]: Finished building task graph [  0.00s]
11:21:11.136846 [info ]: Started rendering (4 nodes)
11:21:11.136873 [info ]: Started model staging.stg_transactions
11:21:11.136883 [debug]: Started rendering model staging.stg_transactions
11:21:11.136923 [info ]: Started model staging.stg_comptes
11:21:11.136933 [debug]: Started rendering model staging.stg_comptes
11:21:11.136944 [info ]: Started model staging.stg_categories
11:21:11.136950 [debug]: Started rendering model staging.stg_categories
11:21:11.136960 [info ]: Started model staging.stg_budgets
11:21:11.136966 [debug]: Started rendering model staging.stg_budgets
11:21:11.141223 [debug]: Compiled SQL for node model.fintrack_analytics.stg_categories at target\.lsp\compiled\fintrack_analytics\models\staging\stg_categories.sql
11:21:11.141478 [debug]: Finished rendering [  0.00s] model staging.stg_categories [success]
11:21:11.141491 [debug]: Compiled SQL for node model.fintrack_analytics.stg_budgets at target\.lsp\compiled\fintrack_analytics\models\staging\stg_budgets.sql
11:21:11.141539 [debug]: Compiled SQL for node model.fintrack_analytics.stg_comptes at target\.lsp\compiled\fintrack_analytics\models\staging\stg_comptes.sql
11:21:11.141560 [debug]: Compiled SQL for node model.fintrack_analytics.stg_transactions at target\.lsp\compiled\fintrack_analytics\models\staging\stg_transactions.sql
11:21:11.141636 [info ]: Started analyzing (4 nodes)
11:21:11.141656 [debug]: Started analyzing model staging.stg_categories
11:21:11.141696 [debug]: Finished rendering [  0.00s] model staging.stg_budgets [success]
11:21:11.141720 [debug]: Started analyzing model staging.stg_budgets
11:21:11.141749 [debug]: Finished rendering [  0.00s] model staging.stg_comptes [success]
11:21:11.141772 [debug]: Started analyzing model staging.stg_comptes
11:21:11.142066 [debug]: Finished rendering [  0.01s] model staging.stg_transactions [success]
11:21:11.142096 [info ]: Finished rendering [  0.01s] (4 nodes, 0 skipped, 0 errors)
11:21:11.142122 [debug]: Started analyzing model staging.stg_transactions
11:21:11.142176 [debug]: Finished analyzing [  0.00s] model staging.stg_categories [success]
11:21:11.142195 [info ]:  Succeeded [  0.00s] model staging.stg_categories (view)
11:21:11.142227 [debug]: Finished analyzing [  0.00s] model staging.stg_budgets [success]
11:21:11.142241 [info ]:  Succeeded [  0.00s] model staging.stg_budgets (view)
11:21:11.142264 [debug]: Finished analyzing [  0.00s] model staging.stg_comptes [success]
11:21:11.142277 [info ]:  Succeeded [  0.00s] model staging.stg_comptes (view)
11:21:11.142762 [debug]: Finished analyzing [  0.00s] model staging.stg_transactions [success]
11:21:11.142785 [info ]: Finished analyzing [  0.00s] (4 nodes, 0 skipped, 0 errors)
11:21:11.142794 [info ]:  Succeeded [  0.00s] model staging.stg_transactions (view)
11:21:11.147034 [info ]: Started scheduling
11:21:11.147114 [info ]: Finished scheduling [  0.00s]
11:21:11.147927 [info ]: 
==================== Execution Summary =====================
Finished 'compile' successfully for target 'dev' [376ms]
Processed: 4 models
Summary: 4 total | 4 success
11:21:11.148037 [info ]: Cached model count updated: 11 models (accurate)
==================== 2026-09-03T11:21:12.818835Z | 0128710e-e069-4cf1-a463-535e565054ca ====================
11:21:12.818996 [info ]: Started loading project
11:21:12.820821 [info ]: Loading ~/.dbt/profiles.yml
11:21:12.866836 [info ]: Cached model count updated: 11 models (estimate)
11:21:12.866856 [info ]: Cached model count updated: 11 models (accurate)
11:21:12.866890 [info ]: Started scheduling
11:21:12.867015 [info ]: Finished scheduling [  0.00s]
11:21:12.867035 [debug]: Compilation - 12 nodes selected: {"model.fintrack_analytics.dim_categories", "model.fintrack_analytics.dim_comptes", "model.fintrack_analytics.fct_transactions", "model.fintrack_analytics.int_transactions_enrichies", "model.fintrack_analytics.mart_budget_vs_reel", "model.fintrack_analytics.mart_solde_mensuel", "model.fintrack_analytics.mart_top_depenses", "model.fintrack_analytics.stg_budgets", "model.fintrack_analytics.stg_categories", "model.fintrack_analytics.stg_comptes", "model.fintrack_analytics.stg_transactions", "snapshot.fintrack_analytics.snapshot_comptes"}
11:21:12.923315 [info ]: Started building task graph
11:21:12.923470 [info ]: Finished building task graph [  0.00s]
11:21:12.929771 [info ]: Started rendering (12 nodes)
11:21:12.929811 [info ]: Started snapshot snapshots.snapshot_comptes
11:21:12.929824 [debug]: Started rendering snapshot snapshots.snapshot_comptes
11:21:12.929857 [info ]: Started model staging_marts.mart_top_depenses
11:21:12.929865 [debug]: Started rendering model staging_marts.mart_top_depenses
11:21:12.929907 [info ]: Finished loading project [  0.11s]
11:21:12.929881 [info ]: Started model staging_marts.mart_solde_mensuel
11:21:12.929948 [debug]: Started rendering model staging_marts.mart_solde_mensuel
11:21:12.929994 [info ]: Started model staging_marts.mart_budget_vs_reel
11:21:12.930072 [debug]: Started rendering model staging_marts.mart_budget_vs_reel
11:21:12.930105 [info ]: Started model staging.stg_budgets
11:21:12.930167 [debug]: Started rendering model staging.stg_budgets
11:21:12.930200 [info ]: Started model staging.int_transactions_enrichies
11:21:12.930521 [debug]: Started rendering model staging.int_transactions_enrichies
11:21:12.930554 [info ]: Started model staging.stg_transactions
11:21:12.930571 [debug]: Compiled SQL for node model.fintrack_analytics.mart_top_depenses at target\.lsp\compiled\fintrack_analytics\models\marts\mart_top_depenses.sql
11:21:12.930571 [debug]: Compiled SQL for node model.fintrack_analytics.mart_solde_mensuel at target\.lsp\compiled\fintrack_analytics\models\marts\mart_solde_mensuel.sql
11:21:12.930585 [debug]: Started rendering model staging.stg_transactions
11:21:12.930604 [debug]: Compiled SQL for node snapshot.fintrack_analytics.snapshot_comptes at target\.lsp\compiled\fintrack_analytics\snapshots\snapshot_comptes.sql\snapshot_comptes.sql
11:21:12.930619 [info ]: Started model staging_marts.dim_comptes
11:21:12.930635 [debug]: Started rendering model staging_marts.dim_comptes
11:21:12.930700 [debug]: Compiled SQL for node model.fintrack_analytics.mart_budget_vs_reel at target\.lsp\compiled\fintrack_analytics\models\marts\mart_budget_vs_reel.sql
11:21:12.930705 [debug]: Compiled SQL for node model.fintrack_analytics.stg_budgets at target\.lsp\compiled\fintrack_analytics\models\staging\stg_budgets.sql
11:21:12.930663 [info ]: Started model staging.stg_comptes
11:21:12.930874 [debug]: Started rendering model staging.stg_comptes
11:21:12.930994 [info ]: Started model staging_marts.dim_categories
11:21:12.931021 [debug]: Started rendering model staging_marts.dim_categories
11:21:12.931049 [info ]: Started model staging.stg_categories
11:21:12.931089 [debug]: Started rendering model staging.stg_categories
11:21:12.931161 [debug]: Finished rendering [  0.00s] model staging_marts.mart_solde_mensuel [success]
11:21:12.931217 [debug]: Compiled SQL for node model.fintrack_analytics.int_transactions_enrichies at target\.lsp\compiled\fintrack_analytics\models\intermediate\int_transactions_enrichies.sql
11:21:12.931218 [debug]: Compiled SQL for node model.fintrack_analytics.stg_transactions at target\.lsp\compiled\fintrack_analytics\models\staging\stg_transactions.sql
11:21:12.931220 [debug]: Compiled SQL for node model.fintrack_analytics.dim_comptes at target\.lsp\compiled\fintrack_analytics\models\marts\dim_comptes.sql
11:21:12.931287 [info ]: Started analyzing (12 nodes)
11:21:12.931304 [debug]: Started analyzing model staging_marts.mart_solde_mensuel
11:21:12.931404 [debug]: Finished rendering [  0.00s] model staging_marts.mart_top_depenses [success]
11:21:12.931436 [debug]: Started analyzing model staging_marts.mart_top_depenses
11:21:12.931446 [debug]: Compiled SQL for node model.fintrack_analytics.stg_comptes at target\.lsp\compiled\fintrack_analytics\models\staging\stg_comptes.sql
11:21:12.931516 [debug]: Finished rendering [  0.00s] snapshot snapshots.snapshot_comptes [success]
11:21:12.931570 [debug]: Started analyzing snapshot snapshots.snapshot_comptes
11:21:12.931604 [debug]: Compiled SQL for node model.fintrack_analytics.dim_categories at target\.lsp\compiled\fintrack_analytics\models\marts\dim_categories.sql
11:21:12.931605 [debug]: Compiled SQL for node model.fintrack_analytics.stg_categories at target\.lsp\compiled\fintrack_analytics\models\staging\stg_categories.sql
11:21:12.931639 [debug]: Finished rendering [  0.00s] model staging.stg_budgets [success]
11:21:12.931695 [debug]: Started analyzing model staging.stg_budgets
11:21:12.931746 [debug]: Finished rendering [  0.00s] model staging_marts.mart_budget_vs_reel [success]
11:21:12.931771 [debug]: Started analyzing model staging_marts.mart_budget_vs_reel
11:21:12.931809 [debug]: Finished rendering [  0.00s] model staging.stg_transactions [success]
11:21:12.931842 [debug]: Started analyzing model staging.stg_transactions
11:21:12.931880 [debug]: Finished rendering [  0.00s] model staging_marts.dim_comptes [success]
11:21:12.931914 [debug]: Started analyzing model staging_marts.dim_comptes
11:21:12.931950 [debug]: Finished rendering [  0.00s] model staging.int_transactions_enrichies [success]
11:21:12.931971 [debug]: Started analyzing model staging.int_transactions_enrichies
11:21:12.931999 [info ]: Started model staging_marts.fct_transactions
11:21:12.932016 [debug]: Started rendering model staging_marts.fct_transactions
11:21:12.932037 [debug]: Finished rendering [  0.00s] model staging.stg_comptes [success]
11:21:12.932144 [debug]: Started analyzing model staging.stg_comptes
11:21:12.932173 [debug]: Finished rendering [  0.00s] model staging.stg_categories [success]
11:21:12.932193 [debug]: Started analyzing model staging.stg_categories
11:21:12.932211 [debug]: Finished rendering [  0.00s] model staging_marts.dim_categories [success]
11:21:12.932226 [debug]: Started analyzing model staging_marts.dim_categories
11:21:12.932246 [debug]: Finished analyzing [  0.00s] snapshot snapshots.snapshot_comptes [success]
11:21:12.932260 [info ]:  Succeeded [  0.00s] snapshot snapshots.snapshot_comptes (snapshot)
11:21:12.932285 [debug]: Finished analyzing [  0.00s] model staging_marts.mart_top_depenses [success]
11:21:12.932297 [info ]:  Succeeded [  0.00s] model staging_marts.mart_top_depenses (table)
11:21:12.932318 [debug]: Finished analyzing [  0.00s] model staging.stg_budgets [success]
11:21:12.932329 [info ]:  Succeeded [  0.00s] model staging.stg_budgets (view)
11:21:12.932348 [debug]: Finished analyzing [  0.00s] model staging_marts.dim_comptes [success]
11:21:12.932359 [info ]:  Succeeded [  0.00s] model staging_marts.dim_comptes (table)
11:21:12.932439 [debug]: Finished analyzing [  0.00s] model staging.stg_transactions [success]
11:21:12.932457 [info ]:  Succeeded [  0.00s] model staging.stg_transactions (view)
11:21:12.932486 [debug]: Finished analyzing [  0.00s] model staging.stg_comptes [success]
11:21:12.932499 [info ]:  Succeeded [  0.00s] model staging.stg_comptes (view)
11:21:12.932518 [debug]: Finished analyzing [  0.00s] model staging.stg_categories [success]
11:21:12.932528 [info ]:  Succeeded [  0.00s] model staging.stg_categories (view)
11:21:12.932596 [debug]: Compiled SQL for node model.fintrack_analytics.fct_transactions at target\.lsp\compiled\fintrack_analytics\models\marts\fct_transactions.sql
11:21:12.932607 [debug]: Finished analyzing [  0.00s] model staging_marts.dim_categories [success]
11:21:12.932623 [info ]:  Succeeded [  0.00s] model staging_marts.dim_categories (table)
11:21:12.933745 [debug]: Finished rendering [  0.00s] model staging_marts.fct_transactions [success]
11:21:12.933765 [info ]: Finished rendering [  0.00s] (12 nodes, 0 skipped, 0 errors)
11:21:12.933799 [debug]: Started analyzing model staging_marts.fct_transactions
11:21:12.933841 [debug]: Finished analyzing [  0.00s] model staging_marts.mart_solde_mensuel [success]
11:21:12.933864 [info ]:  Succeeded [  0.00s] model staging_marts.mart_solde_mensuel (table)
11:21:12.933893 [debug]: Finished analyzing [  0.00s] model staging.int_transactions_enrichies [success]
11:21:12.933913 [info ]:  Succeeded [  0.00s] model staging.int_transactions_enrichies (ephemeral)
11:21:12.935078 [debug]: Finished analyzing [  0.00s] model staging_marts.mart_budget_vs_reel [success]
11:21:12.935110 [info ]:  Succeeded [  0.00s] model staging_marts.mart_budget_vs_reel (table)
11:21:12.935260 [debug]: Finished analyzing [  0.00s] model staging_marts.fct_transactions [success]
11:21:12.935277 [info ]: Finished analyzing [  0.00s] (12 nodes, 0 skipped, 0 errors)
11:21:12.935285 [info ]:  Succeeded [  0.00s] model staging_marts.fct_transactions (table)
11:21:12.938759 [info ]: Started scheduling
11:21:12.938813 [info ]: Finished scheduling [  0.00s]
11:21:12.938920 [info ]: 
==================== Execution Summary =====================
Finished 'compile' successfully for target 'dev' [120ms]
Processed: 11 models | 1 snapshot
Summary: 12 total | 12 success
11:21:12.939246 [info ]: Cached model count updated: 11 models (accurate)
==================== 2026-09-03T11:21:19.132876Z | 333ea8a9-28c3-41ce-a99f-d60b929df856 ====================
11:21:19.133069 [info ]: Started loading project
11:21:19.133891 [info ]: Loading ~/.dbt/profiles.yml
11:21:19.150905 [info ]: Started parsing
11:21:19.223489 [info ]: Finished loading project [  0.09s]
11:21:19.228021 [debug]: Finished parsing models/staging/_stg_schema.yml [  0.00s]
11:21:19.228367 [debug]: Finished parsing models/staging/_stg_sources.yml [  0.00s]
11:21:19.231147 [debug]: Finished parsing snapshots\snapshot_comptes.sql [  0.00s]
11:21:19.232643 [debug]: Finished parsing models/staging/stg_budgets.sql [  0.00s]
11:21:19.233323 [debug]: Finished parsing models/staging/stg_categories.sql [  0.00s]
11:21:19.233955 [debug]: Finished parsing models/staging/stg_comptes.sql [  0.00s]
11:21:19.234506 [debug]: Finished parsing models/staging/stg_transactions.sql [  0.00s]
11:21:19.413680 [info ]: Finished parsing [  0.26s]
11:21:19.421193 [info ]: 
==================== Execution Summary =====================
Finished 'compile' successfully for target 'dev' [288ms]
11:21:19.421285 [info ]: Cached model count updated: 11 models (accurate)
==================== 2026-09-03T11:21:19.477769Z | 7583c909-4a14-4468-bcfb-818b39f45fd5 ====================
11:21:19.477880 [info ]: Started loading project
11:21:19.478528 [info ]: Loading ~/.dbt/profiles.yml
11:21:19.491271 [info ]: Started parsing
11:21:19.558942 [info ]: Finished loading project [  0.08s]
11:21:19.563612 [debug]: Finished parsing models/staging/_stg_schema.yml [  0.00s]
11:21:19.563898 [debug]: Finished parsing models/staging/_stg_sources.yml [  0.00s]
11:21:19.566965 [debug]: Finished parsing snapshots\snapshot_comptes.sql [  0.00s]
11:21:19.568432 [debug]: Finished parsing models/staging/stg_budgets.sql [  0.00s]
11:21:19.569151 [debug]: Finished parsing models/staging/stg_categories.sql [  0.00s]
11:21:19.569814 [debug]: Finished parsing models/staging/stg_comptes.sql [  0.00s]
11:21:19.570436 [debug]: Finished parsing models/staging/stg_transactions.sql [  0.00s]
11:21:19.751076 [info ]: Finished parsing [  0.26s]
11:21:19.753906 [info ]: Cached model count updated: 11 models (estimate)
11:21:19.753923 [info ]: Cached model count updated: 11 models (accurate)
11:21:19.753961 [info ]: Started scheduling
11:21:19.755116 [info ]: Finished scheduling [  0.00s]
11:21:19.755163 [debug]: Compilation - 5 nodes selected: {"model.fintrack_analytics.stg_budgets", "model.fintrack_analytics.stg_categories", "model.fintrack_analytics.stg_comptes", "model.fintrack_analytics.stg_transactions", "snapshot.fintrack_analytics.snapshot_comptes"}
11:21:19.813929 [info ]: Started building task graph
11:21:19.814024 [info ]: Finished building task graph [  0.00s]
11:21:19.821495 [info ]: Started rendering (5 nodes)
11:21:19.821524 [info ]: Started snapshot snapshots.snapshot_comptes
11:21:19.821534 [debug]: Started rendering snapshot snapshots.snapshot_comptes
11:21:19.821579 [info ]: Started model staging.stg_transactions
11:21:19.821586 [debug]: Started rendering model staging.stg_transactions
11:21:19.821598 [info ]: Started model staging.stg_comptes
11:21:19.821605 [debug]: Started rendering model staging.stg_comptes
11:21:19.821636 [info ]: Started model staging.stg_categories
11:21:19.821643 [debug]: Started rendering model staging.stg_categories
11:21:19.821654 [info ]: Started model staging.stg_budgets
11:21:19.821663 [debug]: Started rendering model staging.stg_budgets
11:21:19.823719 [debug]: Compiled SQL for node snapshot.fintrack_analytics.snapshot_comptes at target\.lsp\compiled\fintrack_analytics\snapshots\snapshot_comptes.sql\snapshot_comptes.sql
11:21:19.823895 [debug]: Finished rendering [  0.00s] snapshot snapshots.snapshot_comptes [success]
11:21:19.823949 [info ]: Started analyzing (5 nodes)
11:21:19.823967 [debug]: Started analyzing snapshot snapshots.snapshot_comptes
11:21:19.824210 [debug]: Finished analyzing [  0.00s] snapshot snapshots.snapshot_comptes [success]
11:21:19.824238 [info ]:  Succeeded [  0.00s] snapshot snapshots.snapshot_comptes (snapshot)
11:21:19.825791 [debug]: Compiled SQL for node model.fintrack_analytics.stg_transactions at target\.lsp\compiled\fintrack_analytics\models\staging\stg_transactions.sql
11:21:19.826066 [debug]: Finished rendering [  0.00s] model staging.stg_transactions [success]
11:21:19.826124 [debug]: Started analyzing model staging.stg_transactions
11:21:19.826230 [debug]: Compiled SQL for node model.fintrack_analytics.stg_budgets at target\.lsp\compiled\fintrack_analytics\models\staging\stg_budgets.sql
11:21:19.826255 [debug]: Compiled SQL for node model.fintrack_analytics.stg_comptes at target\.lsp\compiled\fintrack_analytics\models\staging\stg_comptes.sql
11:21:19.826313 [debug]: Compiled SQL for node model.fintrack_analytics.stg_categories at target\.lsp\compiled\fintrack_analytics\models\staging\stg_categories.sql
11:21:19.826464 [debug]: Finished rendering [  0.00s] model staging.stg_budgets [success]
11:21:19.826495 [debug]: Started analyzing model staging.stg_budgets
11:21:19.826542 [debug]: Finished rendering [  0.00s] model staging.stg_comptes [success]
11:21:19.826570 [debug]: Started analyzing model staging.stg_comptes
11:21:19.826604 [debug]: Finished rendering [  0.00s] model staging.stg_categories [success]
11:21:19.826620 [info ]: Finished rendering [  0.01s] (5 nodes, 0 skipped, 0 errors)
11:21:19.826637 [debug]: Started analyzing model staging.stg_categories
11:21:19.826877 [debug]: Finished analyzing [  0.00s] model staging.stg_budgets [success]
11:21:19.826899 [info ]:  Succeeded [  0.00s] model staging.stg_budgets (view)
11:21:19.826955 [debug]: Finished analyzing [  0.00s] model staging.stg_transactions [success]
11:21:19.826971 [info ]:  Succeeded [  0.00s] model staging.stg_transactions (view)
11:21:19.827006 [debug]: Finished analyzing [  0.00s] model staging.stg_categories [success]
11:21:19.827021 [info ]:  Succeeded [  0.00s] model staging.stg_categories (view)
11:21:19.827075 [debug]: Finished analyzing [  0.00s] model staging.stg_comptes [success]
11:21:19.827090 [info ]: Finished analyzing [  0.00s] (5 nodes, 0 skipped, 0 errors)
11:21:19.827102 [info ]:  Succeeded [  0.00s] model staging.stg_comptes (view)
11:21:19.833157 [info ]: Started scheduling
11:21:19.833664 [info ]: Finished scheduling [  0.00s]
11:21:19.835043 [info ]: 
==================== Execution Summary =====================
Finished 'compile' successfully for target 'dev' [357ms]
Processed: 4 models | 1 snapshot
Summary: 5 total | 5 success
11:21:19.835159 [info ]: Cached model count updated: 11 models (accurate)
==================== 2026-09-03T11:21:21.457326Z | 65c593e6-51e0-4db7-9915-a4c9236d92c5 ====================
11:21:21.457443 [info ]: Started loading project
11:21:21.458260 [info ]: Loading ~/.dbt/profiles.yml
11:21:21.500350 [info ]: Cached model count updated: 11 models (estimate)
11:21:21.500371 [info ]: Cached model count updated: 11 models (accurate)
11:21:21.500407 [info ]: Started scheduling
11:21:21.500542 [info ]: Finished scheduling [  0.00s]
11:21:21.500563 [debug]: Compilation - 12 nodes selected: {"model.fintrack_analytics.dim_categories", "model.fintrack_analytics.dim_comptes", "model.fintrack_analytics.fct_transactions", "model.fintrack_analytics.int_transactions_enrichies", "model.fintrack_analytics.mart_budget_vs_reel", "model.fintrack_analytics.mart_solde_mensuel", "model.fintrack_analytics.mart_top_depenses", "model.fintrack_analytics.stg_budgets", "model.fintrack_analytics.stg_categories", "model.fintrack_analytics.stg_comptes", "model.fintrack_analytics.stg_transactions", "snapshot.fintrack_analytics.snapshot_comptes"}
11:21:21.570460 [info ]: Started building task graph
11:21:21.570598 [info ]: Finished building task graph [  0.00s]
11:21:21.577535 [info ]: Started rendering (12 nodes)
11:21:21.577570 [info ]: Started snapshot snapshots.snapshot_comptes
11:21:21.577581 [debug]: Started rendering snapshot snapshots.snapshot_comptes
11:21:21.577612 [info ]: Started model staging_marts.mart_top_depenses
11:21:21.577626 [debug]: Started rendering model staging_marts.mart_top_depenses
11:21:21.577643 [info ]: Finished loading project [  0.12s]
11:21:21.577659 [info ]: Started model staging_marts.mart_solde_mensuel
11:21:21.577701 [debug]: Started rendering model staging_marts.mart_solde_mensuel
11:21:21.577730 [info ]: Started model staging_marts.mart_budget_vs_reel
11:21:21.577799 [debug]: Started rendering model staging_marts.mart_budget_vs_reel
11:21:21.577864 [info ]: Started model staging.stg_budgets
11:21:21.577967 [debug]: Started rendering model staging.stg_budgets
11:21:21.578043 [info ]: Started model staging.int_transactions_enrichies
11:21:21.578061 [debug]: Started rendering model staging.int_transactions_enrichies
11:21:21.578086 [info ]: Started model staging.stg_transactions
11:21:21.578126 [debug]: Started rendering model staging.stg_transactions
11:21:21.578149 [info ]: Started model staging_marts.dim_comptes
11:21:21.578178 [debug]: Started rendering model staging_marts.dim_comptes
11:21:21.578200 [info ]: Started model staging.stg_comptes
11:21:21.578211 [debug]: Started rendering model staging.stg_comptes
11:21:21.578227 [info ]: Started model staging_marts.dim_categories
11:21:21.578236 [debug]: Started rendering model staging_marts.dim_categories
11:21:21.578314 [debug]: Compiled SQL for node snapshot.fintrack_analytics.snapshot_comptes at target\.lsp\compiled\fintrack_analytics\snapshots\snapshot_comptes.sql\snapshot_comptes.sql
11:21:21.578314 [debug]: Compiled SQL for node model.fintrack_analytics.mart_solde_mensuel at target\.lsp\compiled\fintrack_analytics\models\marts\mart_solde_mensuel.sql
11:21:21.578330 [debug]: Compiled SQL for node model.fintrack_analytics.mart_top_depenses at target\.lsp\compiled\fintrack_analytics\models\marts\mart_top_depenses.sql
11:21:21.578345 [info ]: Started model staging.stg_categories
11:21:21.578353 [debug]: Compiled SQL for node model.fintrack_analytics.mart_budget_vs_reel at target\.lsp\compiled\fintrack_analytics\models\marts\mart_budget_vs_reel.sql
11:21:21.578503 [debug]: Started rendering model staging.stg_categories
11:21:21.578558 [debug]: Finished rendering [  0.00s] snapshot snapshots.snapshot_comptes [success]
11:21:21.578612 [info ]: Started analyzing (12 nodes)
11:21:21.578657 [debug]: Compiled SQL for node model.fintrack_analytics.stg_budgets at target\.lsp\compiled\fintrack_analytics\models\staging\stg_budgets.sql
11:21:21.578712 [debug]: Compiled SQL for node model.fintrack_analytics.stg_comptes at target\.lsp\compiled\fintrack_analytics\models\staging\stg_comptes.sql
11:21:21.578797 [debug]: Started analyzing snapshot snapshots.snapshot_comptes
11:21:21.578838 [debug]: Compiled SQL for node model.fintrack_analytics.dim_categories at target\.lsp\compiled\fintrack_analytics\models\marts\dim_categories.sql
11:21:21.578897 [debug]: Finished rendering [  0.00s] model staging_marts.mart_solde_mensuel [success]
11:21:21.578932 [debug]: Compiled SQL for node model.fintrack_analytics.stg_transactions at target\.lsp\compiled\fintrack_analytics\models\staging\stg_transactions.sql
11:21:21.578979 [debug]: Started analyzing model staging_marts.mart_solde_mensuel
11:21:21.579025 [debug]: Compiled SQL for node model.fintrack_analytics.stg_categories at target\.lsp\compiled\fintrack_analytics\models\staging\stg_categories.sql
11:21:21.579063 [debug]: Finished rendering [  0.00s] model staging_marts.mart_top_depenses [success]
11:21:21.579132 [debug]: Started analyzing model staging_marts.mart_top_depenses
11:21:21.579263 [debug]: Compiled SQL for node model.fintrack_analytics.dim_comptes at target\.lsp\compiled\fintrack_analytics\models\marts\dim_comptes.sql
11:21:21.579332 [debug]: Finished rendering [  0.00s] model staging_marts.mart_budget_vs_reel [success]
11:21:21.579361 [debug]: Started analyzing model staging_marts.mart_budget_vs_reel
11:21:21.579399 [debug]: Finished rendering [  0.00s] model staging.stg_comptes [success]
11:21:21.579421 [debug]: Started analyzing model staging.stg_comptes
11:21:21.579588 [debug]: Compiled SQL for node model.fintrack_analytics.int_transactions_enrichies at target\.lsp\compiled\fintrack_analytics\models\intermediate\int_transactions_enrichies.sql
11:21:21.579661 [debug]: Finished rendering [  0.00s] model staging.stg_budgets [success]
11:21:21.579694 [debug]: Started analyzing model staging.stg_budgets
11:21:21.579730 [debug]: Finished rendering [  0.00s] model staging_marts.dim_categories [success]
11:21:21.579759 [debug]: Started analyzing model staging_marts.dim_categories
11:21:21.579805 [debug]: Finished rendering [  0.00s] model staging.stg_transactions [success]
11:21:21.579829 [debug]: Started analyzing model staging.stg_transactions
11:21:21.579882 [debug]: Finished rendering [  0.00s] model staging.stg_categories [success]
11:21:21.579903 [debug]: Started analyzing model staging.stg_categories
11:21:21.579973 [debug]: Finished analyzing [  0.00s] snapshot snapshots.snapshot_comptes [success]
11:21:21.579995 [info ]:  Succeeded [  0.00s] snapshot snapshots.snapshot_comptes (snapshot)
11:21:21.580028 [debug]: Finished rendering [  0.00s] model staging_marts.dim_comptes [success]
11:21:21.580045 [debug]: Started analyzing model staging_marts.dim_comptes
11:21:21.580073 [debug]: Finished analyzing [  0.00s] model staging_marts.mart_top_depenses [success]
11:21:21.580107 [info ]:  Succeeded [  0.00s] model staging_marts.mart_top_depenses (table)
11:21:21.580133 [debug]: Finished rendering [  0.00s] model staging.int_transactions_enrichies [success]
11:21:21.580158 [debug]: Started analyzing model staging.int_transactions_enrichies
11:21:21.580214 [info ]: Started model staging_marts.fct_transactions
11:21:21.580235 [debug]: Started rendering model staging_marts.fct_transactions
11:21:21.580478 [debug]: Finished analyzing [  0.00s] model staging.stg_comptes [success]
11:21:21.580542 [info ]:  Succeeded [  0.00s] model staging.stg_comptes (view)
11:21:21.580617 [debug]: Finished analyzing [  0.00s] model staging_marts.dim_categories [success]
11:21:21.580669 [info ]:  Succeeded [  0.00s] model staging_marts.dim_categories (table)
11:21:21.580745 [debug]: Finished analyzing [  0.00s] model staging.stg_budgets [success]
11:21:21.580770 [info ]:  Succeeded [  0.00s] model staging.stg_budgets (view)
11:21:21.580789 [debug]: Compiled SQL for node model.fintrack_analytics.fct_transactions at target\.lsp\compiled\fintrack_analytics\models\marts\fct_transactions.sql
11:21:21.580807 [debug]: Finished analyzing [  0.00s] model staging.stg_categories [success]
11:21:21.580832 [info ]:  Succeeded [  0.00s] model staging.stg_categories (view)
11:21:21.580870 [debug]: Finished analyzing [  0.00s] model staging_marts.dim_comptes [success]
11:21:21.580894 [info ]:  Succeeded [  0.00s] model staging_marts.dim_comptes (table)
11:21:21.580962 [debug]: Finished analyzing [  0.00s] model staging.stg_transactions [success]
11:21:21.580983 [info ]:  Succeeded [  0.00s] model staging.stg_transactions (view)
11:21:21.581021 [debug]: Finished rendering [  0.00s] model staging_marts.fct_transactions [success]
11:21:21.581042 [info ]: Finished rendering [  0.00s] (12 nodes, 0 skipped, 0 errors)
11:21:21.581062 [debug]: Started analyzing model staging_marts.fct_transactions
11:21:21.581112 [debug]: Finished analyzing [  0.00s] model staging_marts.mart_solde_mensuel [success]
11:21:21.581136 [info ]:  Succeeded [  0.00s] model staging_marts.mart_solde_mensuel (table)
11:21:21.582744 [debug]: Finished analyzing [  0.00s] model staging.int_transactions_enrichies [success]
11:21:21.582802 [info ]:  Succeeded [  0.00s] model staging.int_transactions_enrichies (ephemeral)
11:21:21.583380 [debug]: Finished analyzing [  0.00s] model staging_marts.fct_transactions [success]
11:21:21.583424 [info ]:  Succeeded [  0.00s] model staging_marts.fct_transactions (table)
11:21:21.583932 [debug]: Finished analyzing [  0.00s] model staging_marts.mart_budget_vs_reel [success]
11:21:21.583962 [info ]: Finished analyzing [  0.01s] (12 nodes, 0 skipped, 0 errors)
11:21:21.583989 [info ]:  Succeeded [  0.01s] model staging_marts.mart_budget_vs_reel (table)
11:21:21.589668 [info ]: Started scheduling
11:21:21.589746 [info ]: Finished scheduling [  0.00s]
11:21:21.589856 [info ]: 
==================== Execution Summary =====================
Finished 'compile' successfully for target 'dev' [132ms]
Processed: 11 models | 1 snapshot
Summary: 12 total | 12 success
11:21:21.591151 [info ]: Cached model count updated: 11 models (accurate)
==================== 2026-09-03T11:21:25.829573Z | 82950978-7ebe-49f1-8403-7379e79e1640 ====================
11:21:25.829676 [info ]: Started loading project
11:21:25.830342 [info ]: Loading ~/.dbt/profiles.yml
11:21:25.844606 [info ]: Started parsing
11:21:25.922724 [info ]: Finished loading project [  0.09s]
11:21:25.927623 [debug]: Finished parsing models/staging/_stg_schema.yml [  0.00s]
11:21:25.927904 [debug]: Finished parsing models/staging/_stg_sources.yml [  0.00s]
11:21:25.930888 [debug]: Finished parsing snapshots\snapshot_comptes.sql [  0.00s]
11:21:25.932623 [debug]: Finished parsing models/staging/stg_budgets.sql [  0.00s]
11:21:25.933605 [debug]: Finished parsing models/staging/stg_categories.sql [  0.00s]
11:21:25.934280 [debug]: Finished parsing models/staging/stg_comptes.sql [  0.00s]
11:21:25.934902 [debug]: Finished parsing models/staging/stg_transactions.sql [  0.00s]
11:21:26.117222 [info ]: Finished parsing [  0.27s]
11:21:26.120545 [info ]: Cached model count updated: 11 models (estimate)
11:21:26.120565 [info ]: Cached model count updated: 11 models (accurate)
11:21:26.120609 [info ]: Started scheduling
11:21:26.120845 [info ]: Finished scheduling [  0.00s]
11:21:26.120882 [debug]: Compilation - 5 nodes selected: {"model.fintrack_analytics.stg_budgets", "model.fintrack_analytics.stg_categories", "model.fintrack_analytics.stg_comptes", "model.fintrack_analytics.stg_transactions", "snapshot.fintrack_analytics.snapshot_comptes"}
11:21:26.187328 [info ]: Started building task graph
11:21:26.187401 [info ]: Finished building task graph [  0.00s]
11:21:26.194506 [info ]: Started rendering (5 nodes)
11:21:26.194552 [info ]: Started snapshot snapshots.snapshot_comptes
11:21:26.194563 [debug]: Started rendering snapshot snapshots.snapshot_comptes
11:21:26.194588 [info ]: Started model staging.stg_transactions
11:21:26.194598 [debug]: Started rendering model staging.stg_transactions
11:21:26.194609 [info ]: Started model staging.stg_comptes
11:21:26.194615 [debug]: Started rendering model staging.stg_comptes
11:21:26.194624 [info ]: Started model staging.stg_categories
11:21:26.194630 [debug]: Started rendering model staging.stg_categories
11:21:26.194641 [info ]: Started model staging.stg_budgets
11:21:26.194661 [debug]: Started rendering model staging.stg_budgets
11:21:26.196635 [debug]: Compiled SQL for node snapshot.fintrack_analytics.snapshot_comptes at target\.lsp\compiled\fintrack_analytics\snapshots\snapshot_comptes.sql\snapshot_comptes.sql
11:21:26.196800 [debug]: Finished rendering [  0.00s] snapshot snapshots.snapshot_comptes [success]
11:21:26.196857 [info ]: Started analyzing (5 nodes)
11:21:26.196878 [debug]: Started analyzing snapshot snapshots.snapshot_comptes
11:21:26.197174 [debug]: Finished analyzing [  0.00s] snapshot snapshots.snapshot_comptes [success]
11:21:26.197206 [info ]:  Succeeded [  0.00s] snapshot snapshots.snapshot_comptes (snapshot)
11:21:26.198759 [debug]: Compiled SQL for node model.fintrack_analytics.stg_categories at target\.lsp\compiled\fintrack_analytics\models\staging\stg_categories.sql
11:21:26.198781 [debug]: Compiled SQL for node model.fintrack_analytics.stg_transactions at target\.lsp\compiled\fintrack_analytics\models\staging\stg_transactions.sql
11:21:26.198799 [debug]: Compiled SQL for node model.fintrack_analytics.stg_budgets at target\.lsp\compiled\fintrack_analytics\models\staging\stg_budgets.sql
11:21:26.198824 [debug]: Compiled SQL for node model.fintrack_analytics.stg_comptes at target\.lsp\compiled\fintrack_analytics\models\staging\stg_comptes.sql
11:21:26.198973 [debug]: Finished rendering [  0.00s] model staging.stg_transactions [success]
11:21:26.199023 [debug]: Started analyzing model staging.stg_transactions
11:21:26.199059 [debug]: Finished rendering [  0.00s] model staging.stg_budgets [success]
11:21:26.199081 [debug]: Started analyzing model staging.stg_budgets
11:21:26.199108 [debug]: Finished rendering [  0.00s] model staging.stg_comptes [success]
11:21:26.199124 [debug]: Started analyzing model staging.stg_comptes
11:21:26.199142 [debug]: Finished rendering [  0.00s] model staging.stg_categories [success]
11:21:26.199157 [info ]: Finished rendering [  0.00s] (5 nodes, 0 skipped, 0 errors)
11:21:26.199172 [debug]: Started analyzing model staging.stg_categories
11:21:26.199714 [debug]: Finished analyzing [  0.00s] model staging.stg_budgets [success]
11:21:26.199753 [info ]:  Succeeded [  0.00s] model staging.stg_budgets (view)
11:21:26.199849 [debug]: Finished analyzing [  0.00s] model staging.stg_transactions [success]
11:21:26.199866 [info ]:  Succeeded [  0.00s] model staging.stg_transactions (view)
11:21:26.200066 [debug]: Finished analyzing [  0.00s] model staging.stg_comptes [success]
11:21:26.200088 [info ]:  Succeeded [  0.00s] model staging.stg_comptes (view)
11:21:26.200116 [debug]: Finished analyzing [  0.00s] model staging.stg_categories [success]
11:21:26.200128 [info ]: Finished analyzing [  0.00s] (5 nodes, 0 skipped, 0 errors)
11:21:26.200137 [info ]:  Succeeded [  0.00s] model staging.stg_categories (view)
11:21:26.203676 [info ]: Started scheduling
11:21:26.203955 [info ]: Finished scheduling [  0.00s]
11:21:26.204668 [info ]: 
==================== Execution Summary =====================
Finished 'compile' successfully for target 'dev' [375ms]
Processed: 4 models | 1 snapshot
Summary: 5 total | 5 success
11:21:26.204770 [info ]: Cached model count updated: 11 models (accurate)
==================== 2026-09-03T11:21:27.795739Z | 4dad771f-8a46-47be-81dd-cd0f98645d46 ====================
11:21:27.795822 [info ]: Started loading project
11:21:27.796553 [info ]: Loading ~/.dbt/profiles.yml
11:21:27.830990 [info ]: Cached model count updated: 11 models (estimate)
11:21:27.831012 [info ]: Cached model count updated: 11 models (accurate)
11:21:27.831045 [info ]: Started scheduling
11:21:27.831177 [info ]: Finished scheduling [  0.00s]
11:21:27.831196 [debug]: Compilation - 12 nodes selected: {"model.fintrack_analytics.dim_categories", "model.fintrack_analytics.dim_comptes", "model.fintrack_analytics.fct_transactions", "model.fintrack_analytics.int_transactions_enrichies", "model.fintrack_analytics.mart_budget_vs_reel", "model.fintrack_analytics.mart_solde_mensuel", "model.fintrack_analytics.mart_top_depenses", "model.fintrack_analytics.stg_budgets", "model.fintrack_analytics.stg_categories", "model.fintrack_analytics.stg_comptes", "model.fintrack_analytics.stg_transactions", "snapshot.fintrack_analytics.snapshot_comptes"}
11:21:27.885035 [info ]: Started building task graph
11:21:27.885148 [info ]: Finished building task graph [  0.00s]
11:21:27.891858 [info ]: Started rendering (12 nodes)
11:21:27.891887 [info ]: Started snapshot snapshots.snapshot_comptes
11:21:27.891897 [debug]: Started rendering snapshot snapshots.snapshot_comptes
11:21:27.891921 [info ]: Started model staging_marts.mart_top_depenses
11:21:27.891957 [debug]: Started rendering model staging_marts.mart_top_depenses
11:21:27.891967 [info ]: Started model staging_marts.mart_solde_mensuel
11:21:27.891973 [debug]: Started rendering model staging_marts.mart_solde_mensuel
11:21:27.892002 [info ]: Started model staging_marts.mart_budget_vs_reel
11:21:27.892008 [debug]: Started rendering model staging_marts.mart_budget_vs_reel
11:21:27.892019 [info ]: Started model staging.stg_budgets
11:21:27.892026 [debug]: Started rendering model staging.stg_budgets
11:21:27.892028 [info ]: Finished loading project [  0.10s]
11:21:27.892037 [info ]: Started model staging.int_transactions_enrichies
11:21:27.892054 [debug]: Started rendering model staging.int_transactions_enrichies
11:21:27.892191 [info ]: Started model staging.stg_transactions
11:21:27.892251 [debug]: Started rendering model staging.stg_transactions
11:21:27.892355 [info ]: Started model staging_marts.dim_comptes
11:21:27.892402 [debug]: Started rendering model staging_marts.dim_comptes
11:21:27.892457 [info ]: Started model staging.stg_comptes
11:21:27.892500 [debug]: Started rendering model staging.stg_comptes
11:21:27.892515 [debug]: Compiled SQL for node snapshot.fintrack_analytics.snapshot_comptes at target\.lsp\compiled\fintrack_analytics\snapshots\snapshot_comptes.sql\snapshot_comptes.sql
11:21:27.892572 [debug]: Compiled SQL for node model.fintrack_analytics.mart_top_depenses at target\.lsp\compiled\fintrack_analytics\models\marts\mart_top_depenses.sql
11:21:27.892581 [debug]: Compiled SQL for node model.fintrack_analytics.stg_budgets at target\.lsp\compiled\fintrack_analytics\models\staging\stg_budgets.sql
11:21:27.892586 [debug]: Compiled SQL for node model.fintrack_analytics.int_transactions_enrichies at target\.lsp\compiled\fintrack_analytics\models\intermediate\int_transactions_enrichies.sql
11:21:27.892589 [debug]: Compiled SQL for node model.fintrack_analytics.mart_solde_mensuel at target\.lsp\compiled\fintrack_analytics\models\marts\mart_solde_mensuel.sql
11:21:27.892647 [debug]: Compiled SQL for node model.fintrack_analytics.mart_budget_vs_reel at target\.lsp\compiled\fintrack_analytics\models\marts\mart_budget_vs_reel.sql
11:21:27.892657 [info ]: Started model staging_marts.dim_categories
11:21:27.892722 [debug]: Started rendering model staging_marts.dim_categories
11:21:27.892751 [info ]: Started model staging.stg_categories
11:21:27.892785 [debug]: Started rendering model staging.stg_categories
11:21:27.892827 [debug]: Finished rendering [  0.00s] model staging_marts.mart_top_depenses [success]
11:21:27.892855 [info ]: Started analyzing (12 nodes)
11:21:27.892865 [debug]: Started analyzing model staging_marts.mart_top_depenses
11:21:27.892892 [debug]: Finished rendering [  0.00s] model staging.stg_budgets [success]
11:21:27.892913 [debug]: Started analyzing model staging.stg_budgets
11:21:27.892932 [debug]: Compiled SQL for node model.fintrack_analytics.stg_transactions at target\.lsp\compiled\fintrack_analytics\models\staging\stg_transactions.sql
11:21:27.892935 [debug]: Finished rendering [  0.00s] model staging_marts.mart_solde_mensuel [success]
11:21:27.892937 [debug]: Compiled SQL for node model.fintrack_analytics.dim_comptes at target\.lsp\compiled\fintrack_analytics\models\marts\dim_comptes.sql
11:21:27.892956 [debug]: Started analyzing model staging_marts.mart_solde_mensuel
11:21:27.892962 [debug]: Compiled SQL for node model.fintrack_analytics.stg_comptes at target\.lsp\compiled\fintrack_analytics\models\staging\stg_comptes.sql
11:21:27.893075 [debug]: Finished rendering [  0.00s] snapshot snapshots.snapshot_comptes [success]
11:21:27.893167 [debug]: Started analyzing snapshot snapshots.snapshot_comptes
11:21:27.893171 [debug]: Compiled SQL for node model.fintrack_analytics.dim_categories at target\.lsp\compiled\fintrack_analytics\models\marts\dim_categories.sql
11:21:27.893244 [debug]: Finished rendering [  0.00s] model staging.int_transactions_enrichies [success]
11:21:27.893270 [debug]: Started analyzing model staging.int_transactions_enrichies
11:21:27.893300 [info ]: Started model staging_marts.fct_transactions
11:21:27.893319 [debug]: Started rendering model staging_marts.fct_transactions
11:21:27.893343 [debug]: Finished rendering [  0.00s] model staging_marts.mart_budget_vs_reel [success]
11:21:27.893433 [debug]: Started analyzing model staging_marts.mart_budget_vs_reel
11:21:27.893438 [debug]: Compiled SQL for node model.fintrack_analytics.stg_categories at target\.lsp\compiled\fintrack_analytics\models\staging\stg_categories.sql
11:21:27.893518 [debug]: Finished rendering [  0.00s] model staging.stg_transactions [success]
11:21:27.893565 [debug]: Started analyzing model staging.stg_transactions
11:21:27.893625 [debug]: Finished rendering [  0.00s] model staging_marts.dim_comptes [success]
11:21:27.893651 [debug]: Started analyzing model staging_marts.dim_comptes
11:21:27.893785 [debug]: Compiled SQL for node model.fintrack_analytics.fct_transactions at target\.lsp\compiled\fintrack_analytics\models\marts\fct_transactions.sql
11:21:27.893934 [debug]: Finished rendering [  0.00s] model staging.stg_comptes [success]
11:21:27.893965 [debug]: Started analyzing model staging.stg_comptes
11:21:27.894032 [debug]: Finished rendering [  0.00s] model staging_marts.dim_categories [success]
11:21:27.894057 [debug]: Started analyzing model staging_marts.dim_categories
11:21:27.894091 [debug]: Finished analyzing [  0.00s] model staging.stg_budgets [success]
11:21:27.894118 [info ]:  Succeeded [  0.00s] model staging.stg_budgets (view)
11:21:27.894148 [debug]: Finished analyzing [  0.00s] model staging_marts.mart_top_depenses [success]
11:21:27.894161 [info ]:  Succeeded [  0.00s] model staging_marts.mart_top_depenses (table)
11:21:27.894187 [debug]: Finished analyzing [  0.00s] snapshot snapshots.snapshot_comptes [success]
11:21:27.894199 [info ]:  Succeeded [  0.00s] snapshot snapshots.snapshot_comptes (snapshot)
11:21:27.894224 [debug]: Finished rendering [  0.00s] model staging.stg_categories [success]
11:21:27.894250 [debug]: Started analyzing model staging.stg_categories
11:21:27.894281 [debug]: Finished rendering [  0.00s] model staging_marts.fct_transactions [success]
11:21:27.894298 [info ]: Finished rendering [  0.00s] (12 nodes, 0 skipped, 0 errors)
11:21:27.894312 [debug]: Started analyzing model staging_marts.fct_transactions
11:21:27.894336 [debug]: Finished analyzing [  0.00s] model staging_marts.dim_comptes [success]
11:21:27.894353 [info ]:  Succeeded [  0.00s] model staging_marts.dim_comptes (table)
11:21:27.894375 [debug]: Finished analyzing [  0.00s] model staging.stg_transactions [success]
11:21:27.894391 [info ]:  Succeeded [  0.00s] model staging.stg_transactions (view)
11:21:27.894410 [debug]: Finished analyzing [  0.00s] model staging.stg_comptes [success]
11:21:27.894421 [info ]:  Succeeded [  0.00s] model staging.stg_comptes (view)
11:21:27.894446 [debug]: Finished analyzing [  0.00s] model staging_marts.dim_categories [success]
11:21:27.894456 [info ]:  Succeeded [  0.00s] model staging_marts.dim_categories (table)
11:21:27.894478 [debug]: Finished analyzing [  0.00s] model staging.stg_categories [success]
11:21:27.894494 [info ]:  Succeeded [  0.00s] model staging.stg_categories (view)
11:21:27.894934 [debug]: Finished analyzing [  0.00s] model staging_marts.mart_solde_mensuel [success]
11:21:27.894964 [info ]:  Succeeded [  0.00s] model staging_marts.mart_solde_mensuel (table)
11:21:27.895408 [debug]: Finished analyzing [  0.00s] model staging.int_transactions_enrichies [success]
11:21:27.895466 [info ]:  Succeeded [  0.00s] model staging.int_transactions_enrichies (ephemeral)
11:21:27.896276 [debug]: Finished analyzing [  0.00s] model staging_marts.fct_transactions [success]
11:21:27.896298 [info ]:  Succeeded [  0.00s] model staging_marts.fct_transactions (table)
11:21:27.896967 [debug]: Finished analyzing [  0.00s] model staging_marts.mart_budget_vs_reel [success]
11:21:27.896983 [info ]: Finished analyzing [  0.00s] (12 nodes, 0 skipped, 0 errors)
11:21:27.896992 [info ]:  Succeeded [  0.00s] model staging_marts.mart_budget_vs_reel (table)
11:21:27.900217 [info ]: Started scheduling
11:21:27.900272 [info ]: Finished scheduling [  0.00s]
11:21:27.900370 [info ]: 
==================== Execution Summary =====================
Finished 'compile' successfully for target 'dev' [104ms]
Processed: 11 models | 1 snapshot
Summary: 12 total | 12 success
11:21:27.900656 [info ]: Cached model count updated: 11 models (accurate)
==================== 2026-09-03T11:21:38.218035Z | 90368c8d-eb36-4d7f-a701-9bebd8677eb0 ====================
11:21:38.218114 [info ]: Started loading project
11:21:38.218760 [info ]: Loading ~/.dbt/profiles.yml
11:21:38.232900 [info ]: Started parsing
11:21:38.315119 [info ]: Finished loading project [  0.10s]
11:21:38.319273 [debug]: Finished parsing models/staging/_stg_schema.yml [  0.00s]
11:21:38.319569 [debug]: Finished parsing models/staging/_stg_sources.yml [  0.00s]
11:21:38.322630 [debug]: Finished parsing snapshots\snapshot_comptes.sql [  0.00s]
11:21:38.324214 [debug]: Finished parsing models/staging/stg_budgets.sql [  0.00s]
11:21:38.324868 [debug]: Finished parsing models/staging/stg_categories.sql [  0.00s]
11:21:38.325521 [debug]: Finished parsing models/staging/stg_comptes.sql [  0.00s]
11:21:38.326101 [debug]: Finished parsing models/staging/stg_transactions.sql [  0.00s]
11:21:38.506391 [info ]: Finished parsing [  0.27s]
11:21:38.509327 [info ]: Cached model count updated: 11 models (estimate)
11:21:38.509342 [info ]: Cached model count updated: 11 models (accurate)
11:21:38.509380 [info ]: Started scheduling
11:21:38.509609 [info ]: Finished scheduling [  0.00s]
11:21:38.509626 [debug]: Compilation - 5 nodes selected: {"model.fintrack_analytics.stg_budgets", "model.fintrack_analytics.stg_categories", "model.fintrack_analytics.stg_comptes", "model.fintrack_analytics.stg_transactions", "snapshot.fintrack_analytics.snapshot_comptes"}
11:21:38.562781 [info ]: Started building task graph
11:21:38.562847 [info ]: Finished building task graph [  0.00s]
11:21:38.568864 [info ]: Started rendering (5 nodes)
11:21:38.568887 [info ]: Started snapshot snapshots.snapshot_comptes
11:21:38.568895 [debug]: Started rendering snapshot snapshots.snapshot_comptes
11:21:38.568917 [info ]: Started model staging.stg_transactions
11:21:38.568950 [debug]: Started rendering model staging.stg_transactions
11:21:38.568960 [info ]: Started model staging.stg_comptes
11:21:38.568966 [debug]: Started rendering model staging.stg_comptes
11:21:38.568975 [info ]: Started model staging.stg_categories
11:21:38.568981 [debug]: Started rendering model staging.stg_categories
11:21:38.568998 [info ]: Started model staging.stg_budgets
11:21:38.569017 [debug]: Started rendering model staging.stg_budgets
11:21:38.571005 [debug]: Compiled SQL for node snapshot.fintrack_analytics.snapshot_comptes at target\.lsp\compiled\fintrack_analytics\snapshots\snapshot_comptes.sql\snapshot_comptes.sql
11:21:38.571246 [debug]: Finished rendering [  0.00s] snapshot snapshots.snapshot_comptes [success]
11:21:38.571307 [info ]: Started analyzing (5 nodes)
11:21:38.571328 [debug]: Started analyzing snapshot snapshots.snapshot_comptes
11:21:38.571816 [debug]: Finished analyzing [  0.00s] snapshot snapshots.snapshot_comptes [success]
11:21:38.571851 [info ]:  Succeeded [  0.00s] snapshot snapshots.snapshot_comptes (snapshot)
11:21:38.573783 [debug]: Compiled SQL for node model.fintrack_analytics.stg_categories at target\.lsp\compiled\fintrack_analytics\models\staging\stg_categories.sql
11:21:38.573785 [debug]: Compiled SQL for node model.fintrack_analytics.stg_budgets at target\.lsp\compiled\fintrack_analytics\models\staging\stg_budgets.sql
11:21:38.573805 [debug]: Compiled SQL for node model.fintrack_analytics.stg_comptes at target\.lsp\compiled\fintrack_analytics\models\staging\stg_comptes.sql
11:21:38.573975 [debug]: Compiled SQL for node model.fintrack_analytics.stg_transactions at target\.lsp\compiled\fintrack_analytics\models\staging\stg_transactions.sql
11:21:38.574067 [debug]: Finished rendering [  0.01s] model staging.stg_comptes [success]
11:21:38.574126 [debug]: Started analyzing model staging.stg_comptes
11:21:38.574186 [debug]: Finished rendering [  0.01s] model staging.stg_budgets [success]
11:21:38.574215 [debug]: Started analyzing model staging.stg_budgets
11:21:38.574248 [debug]: Finished rendering [  0.01s] model staging.stg_categories [success]
11:21:38.574267 [debug]: Started analyzing model staging.stg_categories
11:21:38.574351 [debug]: Finished rendering [  0.01s] model staging.stg_transactions [success]
11:21:38.574371 [info ]: Finished rendering [  0.01s] (5 nodes, 0 skipped, 0 errors)
11:21:38.574389 [debug]: Started analyzing model staging.stg_transactions
11:21:38.574675 [debug]: Finished analyzing [  0.00s] model staging.stg_budgets [success]
11:21:38.574701 [info ]:  Succeeded [  0.01s] model staging.stg_budgets (view)
11:21:38.574730 [debug]: Finished analyzing [  0.00s] model staging.stg_categories [success]
11:21:38.574744 [info ]:  Succeeded [  0.01s] model staging.stg_categories (view)
11:21:38.574772 [debug]: Finished analyzing [  0.00s] model staging.stg_comptes [success]
11:21:38.574788 [info ]:  Succeeded [  0.01s] model staging.stg_comptes (view)
11:21:38.575266 [debug]: Finished analyzing [  0.00s] model staging.stg_transactions [success]
11:21:38.575288 [info ]: Finished analyzing [  0.00s] (5 nodes, 0 skipped, 0 errors)
11:21:38.575297 [info ]:  Succeeded [  0.01s] model staging.stg_transactions (view)
11:21:38.579067 [info ]: Started scheduling
11:21:38.579352 [info ]: Finished scheduling [  0.00s]
11:21:38.580034 [info ]: 
==================== Execution Summary =====================
Finished 'compile' successfully for target 'dev' [361ms]
Processed: 4 models | 1 snapshot
Summary: 5 total | 5 success
11:21:38.580131 [info ]: Cached model count updated: 11 models (accurate)
==================== 2026-09-03T11:21:40.126642Z | 7b7d691d-7579-4c5d-ba77-cea072a8383f ====================
11:21:40.126723 [info ]: Started loading project
11:21:40.127596 [info ]: Loading ~/.dbt/profiles.yml
11:21:40.173886 [info ]: Cached model count updated: 11 models (estimate)
11:21:40.173911 [info ]: Cached model count updated: 11 models (accurate)
11:21:40.173948 [info ]: Started scheduling
11:21:40.174093 [info ]: Finished scheduling [  0.00s]
11:21:40.174114 [debug]: Compilation - 12 nodes selected: {"model.fintrack_analytics.dim_categories", "model.fintrack_analytics.dim_comptes", "model.fintrack_analytics.fct_transactions", "model.fintrack_analytics.int_transactions_enrichies", "model.fintrack_analytics.mart_budget_vs_reel", "model.fintrack_analytics.mart_solde_mensuel", "model.fintrack_analytics.mart_top_depenses", "model.fintrack_analytics.stg_budgets", "model.fintrack_analytics.stg_categories", "model.fintrack_analytics.stg_comptes", "model.fintrack_analytics.stg_transactions", "snapshot.fintrack_analytics.snapshot_comptes"}
11:21:40.257133 [info ]: Started building task graph
11:21:40.257249 [info ]: Finished building task graph [  0.00s]
11:21:40.264493 [info ]: Started rendering (12 nodes)
11:21:40.264523 [info ]: Started snapshot snapshots.snapshot_comptes
11:21:40.264534 [debug]: Started rendering snapshot snapshots.snapshot_comptes
11:21:40.264560 [info ]: Started model staging_marts.mart_top_depenses
11:21:40.264572 [debug]: Started rendering model staging_marts.mart_top_depenses
11:21:40.264591 [info ]: Started model staging_marts.mart_solde_mensuel
11:21:40.264598 [info ]: Finished loading project [  0.14s]
11:21:40.264606 [debug]: Started rendering model staging_marts.mart_solde_mensuel
11:21:40.264627 [info ]: Started model staging_marts.mart_budget_vs_reel
11:21:40.264888 [debug]: Started rendering model staging_marts.mart_budget_vs_reel
11:21:40.265047 [debug]: Compiled SQL for node snapshot.fintrack_analytics.snapshot_comptes at target\.lsp\compiled\fintrack_analytics\snapshots\snapshot_comptes.sql\snapshot_comptes.sql
11:21:40.265088 [debug]: Compiled SQL for node model.fintrack_analytics.mart_top_depenses at target\.lsp\compiled\fintrack_analytics\models\marts\mart_top_depenses.sql
11:21:40.265099 [debug]: Compiled SQL for node model.fintrack_analytics.mart_solde_mensuel at target\.lsp\compiled\fintrack_analytics\models\marts\mart_solde_mensuel.sql
11:21:40.265148 [info ]: Started model staging.stg_budgets
11:21:40.265164 [debug]: Started rendering model staging.stg_budgets
11:21:40.265234 [info ]: Started model staging.int_transactions_enrichies
11:21:40.265254 [debug]: Started rendering model staging.int_transactions_enrichies
11:21:40.265300 [info ]: Started model staging.stg_transactions
11:21:40.265316 [debug]: Started rendering model staging.stg_transactions
11:21:40.265336 [info ]: Started model staging_marts.dim_comptes
11:21:40.265352 [debug]: Started rendering model staging_marts.dim_comptes
11:21:40.265376 [info ]: Started model staging.stg_comptes
11:21:40.265390 [debug]: Started rendering model staging.stg_comptes
11:21:40.265411 [info ]: Started model staging_marts.dim_categories
11:21:40.265425 [debug]: Started rendering model staging_marts.dim_categories
11:21:40.265446 [info ]: Started model staging.stg_categories
11:21:40.265460 [debug]: Started rendering model staging.stg_categories
11:21:40.265491 [debug]: Finished rendering [  0.00s] snapshot snapshots.snapshot_comptes [success]
11:21:40.265528 [info ]: Started analyzing (12 nodes)
11:21:40.265539 [debug]: Started analyzing snapshot snapshots.snapshot_comptes
11:21:40.265563 [debug]: Finished rendering [  0.00s] model staging_marts.mart_solde_mensuel [success]
11:21:40.265582 [debug]: Started analyzing model staging_marts.mart_solde_mensuel
11:21:40.265602 [debug]: Finished rendering [  0.00s] model staging_marts.mart_top_depenses [success]
11:21:40.265616 [debug]: Started analyzing model staging_marts.mart_top_depenses
11:21:40.265725 [debug]: Compiled SQL for node model.fintrack_analytics.mart_budget_vs_reel at target\.lsp\compiled\fintrack_analytics\models\marts\mart_budget_vs_reel.sql
11:21:40.265788 [debug]: Finished rendering [  0.00s] model staging_marts.mart_budget_vs_reel [success]
11:21:40.265812 [debug]: Compiled SQL for node model.fintrack_analytics.stg_budgets at target\.lsp\compiled\fintrack_analytics\models\staging\stg_budgets.sql
11:21:40.265816 [debug]: Started analyzing model staging_marts.mart_budget_vs_reel
11:21:40.266017 [debug]: Finished analyzing [  0.00s] snapshot snapshots.snapshot_comptes [success]
11:21:40.266040 [info ]:  Succeeded [-------] snapshot snapshots.snapshot_comptes (snapshot)
11:21:40.266363 [debug]: Compiled SQL for node model.fintrack_analytics.int_transactions_enrichies at target\.lsp\compiled\fintrack_analytics\models\intermediate\int_transactions_enrichies.sql
11:21:40.266760 [debug]: Finished rendering [  0.00s] model staging.stg_budgets [success]
11:21:40.266763 [debug]: Compiled SQL for node model.fintrack_analytics.dim_comptes at target\.lsp\compiled\fintrack_analytics\models\marts\dim_comptes.sql
11:21:40.266796 [debug]: Started analyzing model staging.stg_budgets
11:21:40.266851 [debug]: Finished rendering [  0.00s] model staging.int_transactions_enrichies [success]
11:21:40.266894 [debug]: Started analyzing model staging.int_transactions_enrichies
11:21:40.266929 [info ]: Started model staging_marts.fct_transactions
11:21:40.266958 [debug]: Started rendering model staging_marts.fct_transactions
11:21:40.267004 [debug]: Compiled SQL for node model.fintrack_analytics.stg_categories at target\.lsp\compiled\fintrack_analytics\models\staging\stg_categories.sql
11:21:40.267138 [debug]: Finished analyzing [  0.00s] model staging_marts.mart_top_depenses [success]
11:21:40.267162 [info ]:  Succeeded [  0.00s] model staging_marts.mart_top_depenses (table)
11:21:40.267209 [debug]: Finished rendering [  0.00s] model staging_marts.dim_comptes [success]
11:21:40.267238 [debug]: Started analyzing model staging_marts.dim_comptes
11:21:40.267256 [debug]: Compiled SQL for node model.fintrack_analytics.stg_transactions at target\.lsp\compiled\fintrack_analytics\models\staging\stg_transactions.sql
11:21:40.267268 [debug]: Finished analyzing [  0.00s] model staging.stg_budgets [success]
11:21:40.267285 [info ]:  Succeeded [  0.00s] model staging.stg_budgets (view)
11:21:40.267320 [debug]: Finished rendering [  0.00s] model staging.stg_categories [success]
11:21:40.267344 [debug]: Started analyzing model staging.stg_categories
11:21:40.267514 [debug]: Compiled SQL for node model.fintrack_analytics.stg_comptes at target\.lsp\compiled\fintrack_analytics\models\staging\stg_comptes.sql
11:21:40.267605 [debug]: Finished rendering [  0.00s] model staging.stg_transactions [success]
11:21:40.267637 [debug]: Started analyzing model staging.stg_transactions
11:21:40.267675 [debug]: Finished analyzing [  0.00s] model staging_marts.dim_comptes [success]
11:21:40.267699 [info ]:  Succeeded [  0.00s] model staging_marts.dim_comptes (table)
11:21:40.267921 [debug]: Finished analyzing [  0.00s] model staging.stg_categories [success]
11:21:40.267945 [info ]:  Succeeded [  0.00s] model staging.stg_categories (view)
11:21:40.267984 [debug]: Finished rendering [  0.00s] model staging.stg_comptes [success]
11:21:40.268007 [debug]: Started analyzing model staging.stg_comptes
11:21:40.268224 [debug]: Finished analyzing [  0.00s] model staging.stg_comptes [success]
11:21:40.268245 [info ]:  Succeeded [  0.00s] model staging.stg_comptes (view)
11:21:40.268478 [debug]: Compiled SQL for node model.fintrack_analytics.fct_transactions at target\.lsp\compiled\fintrack_analytics\models\marts\fct_transactions.sql
11:21:40.268534 [debug]: Finished analyzing [  0.00s] model staging.stg_transactions [success]
11:21:40.268559 [info ]:  Succeeded [  0.00s] model staging.stg_transactions (view)
11:21:40.268588 [debug]: Finished rendering [  0.00s] model staging_marts.fct_transactions [success]
11:21:40.268617 [debug]: Started analyzing model staging_marts.fct_transactions
11:21:40.269037 [debug]: Compiled SQL for node model.fintrack_analytics.dim_categories at target\.lsp\compiled\fintrack_analytics\models\marts\dim_categories.sql
11:21:40.269112 [debug]: Finished rendering [  0.00s] model staging_marts.dim_categories [success]
11:21:40.269135 [info ]: Finished rendering [  0.00s] (12 nodes, 0 skipped, 0 errors)
11:21:40.269156 [debug]: Started analyzing model staging_marts.dim_categories
11:21:40.269186 [debug]: Finished analyzing [  0.00s] model staging_marts.mart_solde_mensuel [success]
11:21:40.269208 [info ]:  Succeeded [  0.00s] model staging_marts.mart_solde_mensuel (table)
11:21:40.269389 [debug]: Finished analyzing [  0.00s] model staging_marts.dim_categories [success]
11:21:40.269414 [info ]:  Succeeded [  0.00s] model staging_marts.dim_categories (table)
11:21:40.269504 [debug]: Finished analyzing [  0.00s] model staging.int_transactions_enrichies [success]
11:21:40.269546 [info ]:  Succeeded [  0.00s] model staging.int_transactions_enrichies (ephemeral)
11:21:40.270847 [debug]: Finished analyzing [  0.01s] model staging_marts.mart_budget_vs_reel [success]
11:21:40.270888 [info ]:  Succeeded [  0.01s] model staging_marts.mart_budget_vs_reel (table)
11:21:40.271368 [debug]: Finished analyzing [  0.00s] model staging_marts.fct_transactions [success]
11:21:40.271396 [info ]: Finished analyzing [  0.01s] (12 nodes, 0 skipped, 0 errors)
11:21:40.271413 [info ]:  Succeeded [  0.00s] model staging_marts.fct_transactions (table)
11:21:40.277040 [info ]: Started scheduling
11:21:40.277127 [info ]: Finished scheduling [  0.00s]
11:21:40.277254 [info ]: 
==================== Execution Summary =====================
Finished 'compile' successfully for target 'dev' [150ms]
Processed: 11 models | 1 snapshot
Summary: 12 total | 12 success
11:21:40.277609 [info ]: Cached model count updated: 11 models (accurate)
==================== 2026-09-03T11:26:42.958006Z | 5b8608de-1992-4a1c-929c-0703b69d6963 ====================
11:26:42.958169 [info ]: Started loading project
11:26:42.959348 [info ]: Loading ~/.dbt/profiles.yml
==================== 2026-09-03T11:26:42.977707Z | da70c458-78a9-47a4-b9c3-e2583d6b9f3e ====================
11:26:42.977759 [info ]: Started loading project
11:26:42.978616 [info ]: Loading ~/.dbt/profiles.yml
11:26:42.986375 [info ]: Finished loading project [  0.03s]
11:26:42.991447 [info ]: Loading packages.yml
11:26:42.991669 [debug]:    Started loading packages
11:26:43.014185 [debug]:     Loaded [  0.02s] packages
11:26:43.015790 [info ]: Finished loading project [  0.04s]
11:26:43.016245 [info ]: Started parsing
11:26:43.072702 [debug]: Finished parsing models/marts/_marts_schema.yml [  0.00s]
11:26:43.073147 [debug]: Finished parsing models/staging/_stg_schema.yml [  0.00s]
11:26:43.073472 [debug]: Finished parsing models/staging/_stg_sources.yml [  0.00s]
11:26:43.077682 [debug]: Finished parsing snapshots\snapshot_comptes.sql [  0.00s]
11:26:43.079446 [debug]: Finished parsing models/intermediate/int_transactions_enrichies.sql [  0.00s]
11:26:43.080017 [debug]: Finished parsing models/marts/dim_categories.sql [  0.00s]
11:26:43.080971 [debug]: Finished parsing models/marts/dim_comptes.sql [  0.00s]
11:26:43.081549 [debug]: Finished parsing models/marts/fct_transactions.sql [  0.00s]
11:26:43.082185 [debug]: Finished parsing models/marts/mart_budget_vs_reel.sql [  0.00s]
11:26:43.082831 [debug]: Finished parsing models/marts/mart_solde_mensuel.sql [  0.00s]
11:26:43.083429 [debug]: Finished parsing models/marts/mart_top_depenses.sql [  0.00s]
11:26:43.084016 [debug]: Finished parsing models/staging/stg_budgets.sql [  0.00s]
11:26:43.084691 [debug]: Finished parsing models/staging/stg_categories.sql [  0.00s]
11:26:43.085297 [debug]: Finished parsing models/staging/stg_comptes.sql [  0.00s]
11:26:43.085911 [debug]: Finished parsing models/staging/stg_transactions.sql [  0.00s]
11:26:43.093870 [debug]: Finished parsing tests/assert_solde_mensuel_positif.sql [  0.00s]
11:26:43.283850 [info ]: Finished parsing [  0.27s]
11:26:43.285825 [info ]: Cached model count updated: 11 models (estimate)
11:26:43.285854 [info ]: Cached model count updated: 11 models (accurate)
11:26:43.285911 [info ]: Started scheduling
11:26:43.286003 [info ]: Finished scheduling [  0.00s]
11:26:43.286026 [debug]: Compilation - 0 nodes selected: {}
11:26:43.286051 [warn ]: [NoNodesForSelectionCriteria (dbt1092)]: The selection criterion '' does not match any enabled nodes
11:26:43.286071 [warn ]: [NoNodesSelected (dbt1601)]: Nothing to do. Try checking your model configs and model specification args
11:26:43.286087 [info ]: Started scheduling
11:26:43.286308 [info ]: Finished scheduling [  0.00s]
11:26:43.286539 [debug]: Initializing schema store with entry: Frontier(CanonicalFqn { catalog: "FINTRACK_DB", schema: "RAW", table: "RAW_CATEGORIES" }) and interval: None
11:26:43.286558 [debug]: Initializing schema store with entry: Frontier(CanonicalFqn { catalog: "FINTRACK_DB", schema: "RAW", table: "RAW_BUDGETS" }) and interval: None
11:26:43.286565 [debug]: Initializing schema store with entry: Frontier(CanonicalFqn { catalog: "FINTRACK_DB", schema: "RAW", table: "RAW_COMPTES" }) and interval: None
11:26:43.286572 [debug]: Initializing schema store with entry: Frontier(CanonicalFqn { catalog: "FINTRACK_DB", schema: "RAW", table: "RAW_TRANSACTIONS" }) and interval: None
11:26:43.350558 [info ]: Started building task graph
11:26:43.350590 [info ]: Finished building task graph [  0.00s]
11:26:43.361699 [info ]: Started scheduling
11:26:43.361782 [info ]: Finished scheduling [  0.00s]
11:26:43.361935 [info ]: 
==================== Execution Summary =====================
Finished 'compile' with 2 warnings for target 'dev' [384ms]
11:26:43.362005 [info ]: 
==================== Execution Summary =====================
Finished 'compile' successfully for target 'dev' [403ms]
11:26:43.364413 [info ]: Cached model count updated: 11 models (accurate)
==================== 2026-09-03T11:26:45.058339Z | beb3c2e2-d792-4d7f-9674-ced4b4869b5b ====================
11:26:45.058530 [info ]: Started loading project
11:26:45.060835 [info ]: Loading ~/.dbt/profiles.yml
11:26:45.102056 [info ]: Cached model count updated: 11 models (estimate)
11:26:45.102077 [info ]: Cached model count updated: 11 models (accurate)
11:26:45.102111 [info ]: Started scheduling
11:26:45.102239 [info ]: Finished scheduling [  0.00s]
11:26:45.102258 [debug]: Compilation - 12 nodes selected: {"model.fintrack_analytics.dim_categories", "model.fintrack_analytics.dim_comptes", "model.fintrack_analytics.fct_transactions", "model.fintrack_analytics.int_transactions_enrichies", "model.fintrack_analytics.mart_budget_vs_reel", "model.fintrack_analytics.mart_solde_mensuel", "model.fintrack_analytics.mart_top_depenses", "model.fintrack_analytics.stg_budgets", "model.fintrack_analytics.stg_categories", "model.fintrack_analytics.stg_comptes", "model.fintrack_analytics.stg_transactions", "snapshot.fintrack_analytics.snapshot_comptes"}
11:26:45.154531 [info ]: Started building task graph
11:26:45.154658 [info ]: Finished building task graph [  0.00s]
11:26:45.160489 [info ]: Started rendering (12 nodes)
11:26:45.160534 [info ]: Started snapshot snapshots.snapshot_comptes
11:26:45.160559 [debug]: Started rendering snapshot snapshots.snapshot_comptes
11:26:45.160585 [info ]: Started model staging_marts.mart_top_depenses
11:26:45.160615 [debug]: Started rendering model staging_marts.mart_top_depenses
11:26:45.160627 [info ]: Started model staging_marts.mart_solde_mensuel
11:26:45.160634 [debug]: Started rendering model staging_marts.mart_solde_mensuel
11:26:45.160635 [info ]: Finished loading project [  0.10s]
11:26:45.160657 [info ]: Started model staging_marts.mart_budget_vs_reel
11:26:45.160673 [debug]: Started rendering model staging_marts.mart_budget_vs_reel
11:26:45.160724 [info ]: Started model staging.stg_budgets
11:26:45.160752 [debug]: Started rendering model staging.stg_budgets
11:26:45.160788 [info ]: Started model staging.int_transactions_enrichies
11:26:45.160807 [debug]: Started rendering model staging.int_transactions_enrichies
11:26:45.160891 [info ]: Started model staging.stg_transactions
11:26:45.160918 [debug]: Started rendering model staging.stg_transactions
11:26:45.160986 [info ]: Started model staging_marts.dim_comptes
11:26:45.161006 [debug]: Started rendering model staging_marts.dim_comptes
11:26:45.161062 [info ]: Started model staging.stg_comptes
11:26:45.161083 [debug]: Started rendering model staging.stg_comptes
11:26:45.161113 [info ]: Started model staging_marts.dim_categories
11:26:45.161150 [debug]: Started rendering model staging_marts.dim_categories
11:26:45.161308 [info ]: Started model staging.stg_categories
11:26:45.161330 [debug]: Started rendering model staging.stg_categories
11:26:45.162903 [debug]: Compiled SQL for node snapshot.fintrack_analytics.snapshot_comptes at target\.lsp\compiled\fintrack_analytics\snapshots\snapshot_comptes.sql\snapshot_comptes.sql
11:26:45.163055 [debug]: Finished rendering [  0.00s] snapshot snapshots.snapshot_comptes [success]
11:26:45.163108 [info ]: Started analyzing (12 nodes)
11:26:45.163126 [debug]: Started analyzing snapshot snapshots.snapshot_comptes
11:26:45.163303 [debug]: Compiled SQL for node model.fintrack_analytics.stg_budgets at target\.lsp\compiled\fintrack_analytics\models\staging\stg_budgets.sql
11:26:45.163458 [debug]: Finished analyzing [  0.00s] snapshot snapshots.snapshot_comptes [success]
11:26:45.163482 [info ]:  Succeeded [  0.00s] snapshot snapshots.snapshot_comptes (snapshot)
11:26:45.163647 [debug]: Finished rendering [  0.00s] model staging.stg_budgets [success]
11:26:45.163674 [debug]: Started analyzing model staging.stg_budgets
11:26:45.164061 [debug]: Finished analyzing [  0.00s] model staging.stg_budgets [success]
11:26:45.164090 [info ]:  Succeeded [  0.00s] model staging.stg_budgets (view)
11:26:45.165626 [debug]: Compiled SQL for node model.fintrack_analytics.mart_top_depenses at target\.lsp\compiled\fintrack_analytics\models\marts\mart_top_depenses.sql
11:26:45.165748 [debug]: Compiled SQL for node model.fintrack_analytics.stg_comptes at target\.lsp\compiled\fintrack_analytics\models\staging\stg_comptes.sql
11:26:45.165825 [debug]: Finished rendering [  0.01s] model staging_marts.mart_top_depenses [success]
11:26:45.165865 [debug]: Started analyzing model staging_marts.mart_top_depenses
11:26:45.165894 [debug]: Finished rendering [  0.00s] model staging.stg_comptes [success]
11:26:45.165912 [debug]: Started analyzing model staging.stg_comptes
11:26:45.165952 [debug]: Compiled SQL for node model.fintrack_analytics.stg_categories at target\.lsp\compiled\fintrack_analytics\models\staging\stg_categories.sql
11:26:45.166144 [debug]: Finished rendering [  0.00s] model staging.stg_categories [success]
11:26:45.166179 [debug]: Started analyzing model staging.stg_categories
11:26:45.166267 [debug]: Finished analyzing [  0.00s] model staging.stg_comptes [success]
11:26:45.166294 [info ]:  Succeeded [  0.00s] model staging.stg_comptes (view)
11:26:45.166330 [debug]: Compiled SQL for node model.fintrack_analytics.mart_solde_mensuel at target\.lsp\compiled\fintrack_analytics\models\marts\mart_solde_mensuel.sql
11:26:45.166409 [debug]: Finished analyzing [  0.00s] model staging.stg_categories [success]
11:26:45.166441 [info ]:  Succeeded [  0.00s] model staging.stg_categories (view)
11:26:45.166478 [debug]: Finished rendering [  0.01s] model staging_marts.mart_solde_mensuel [success]
11:26:45.166506 [debug]: Started analyzing model staging_marts.mart_solde_mensuel
11:26:45.166540 [debug]: Finished analyzing [  0.00s] model staging_marts.mart_top_depenses [success]
11:26:45.166562 [info ]:  Succeeded [  0.01s] model staging_marts.mart_top_depenses (table)
11:26:45.166800 [debug]: Compiled SQL for node model.fintrack_analytics.mart_budget_vs_reel at target\.lsp\compiled\fintrack_analytics\models\marts\mart_budget_vs_reel.sql
11:26:45.166976 [debug]: Finished rendering [  0.01s] model staging_marts.mart_budget_vs_reel [success]
11:26:45.167011 [debug]: Started analyzing model staging_marts.mart_budget_vs_reel
11:26:45.167286 [debug]: Compiled SQL for node model.fintrack_analytics.dim_categories at target\.lsp\compiled\fintrack_analytics\models\marts\dim_categories.sql
11:26:45.167405 [debug]: Finished rendering [  0.01s] model staging_marts.dim_categories [success]
11:26:45.167413 [debug]: Compiled SQL for node model.fintrack_analytics.stg_transactions at target\.lsp\compiled\fintrack_analytics\models\staging\stg_transactions.sql
11:26:45.167433 [debug]: Started analyzing model staging_marts.dim_categories
11:26:45.167661 [debug]: Finished analyzing [  0.00s] model staging_marts.dim_categories [success]
11:26:45.167678 [info ]:  Succeeded [  0.01s] model staging_marts.dim_categories (table)
11:26:45.167716 [debug]: Finished rendering [  0.01s] model staging.stg_transactions [success]
11:26:45.167735 [debug]: Started analyzing model staging.stg_transactions
11:26:45.168253 [debug]: Finished analyzing [  0.00s] model staging.stg_transactions [success]
11:26:45.168283 [info ]:  Succeeded [  0.01s] model staging.stg_transactions (view)
11:26:45.168824 [debug]: Finished analyzing [  0.00s] model staging_marts.mart_solde_mensuel [success]
11:26:45.168854 [info ]:  Succeeded [  0.01s] model staging_marts.mart_solde_mensuel (table)
11:26:45.168971 [debug]: Compiled SQL for node model.fintrack_analytics.int_transactions_enrichies at target\.lsp\compiled\fintrack_analytics\models\intermediate\int_transactions_enrichies.sql
11:26:45.169530 [debug]: Finished rendering [  0.01s] model staging.int_transactions_enrichies [success]
11:26:45.169586 [info ]: Started model staging_marts.fct_transactions
11:26:45.169613 [debug]: Started rendering model staging_marts.fct_transactions
11:26:45.169645 [debug]: Started analyzing model staging.int_transactions_enrichies
11:26:45.172317 [debug]: Finished analyzing [  0.00s] model staging.int_transactions_enrichies [success]
11:26:45.172335 [debug]: Compiled SQL for node model.fintrack_analytics.dim_comptes at target\.lsp\compiled\fintrack_analytics\models\marts\dim_comptes.sql
11:26:45.172368 [info ]:  Succeeded [  0.01s] model staging.int_transactions_enrichies (ephemeral)
11:26:45.172406 [debug]: Finished analyzing [  0.01s] model staging_marts.mart_budget_vs_reel [success]
11:26:45.172430 [info ]:  Succeeded [  0.01s] model staging_marts.mart_budget_vs_reel (table)
11:26:45.172520 [debug]: Finished rendering [  0.01s] model staging_marts.dim_comptes [success]
11:26:45.172552 [debug]: Started analyzing model staging_marts.dim_comptes
11:26:45.172924 [debug]: Finished analyzing [  0.00s] model staging_marts.dim_comptes [success]
11:26:45.172952 [info ]:  Succeeded [  0.01s] model staging_marts.dim_comptes (table)
11:26:45.173773 [debug]: Compiled SQL for node model.fintrack_analytics.fct_transactions at target\.lsp\compiled\fintrack_analytics\models\marts\fct_transactions.sql
11:26:45.173958 [debug]: Finished rendering [  0.00s] model staging_marts.fct_transactions [success]
11:26:45.173988 [info ]: Finished rendering [  0.01s] (12 nodes, 0 skipped, 0 errors)
11:26:45.174019 [debug]: Started analyzing model staging_marts.fct_transactions
11:26:45.175612 [debug]: Finished analyzing [  0.00s] model staging_marts.fct_transactions [success]
11:26:45.175648 [info ]: Finished analyzing [  0.01s] (12 nodes, 0 skipped, 0 errors)
11:26:45.175658 [info ]:  Succeeded [  0.01s] model staging_marts.fct_transactions (table)
11:26:45.181997 [info ]: Started scheduling
11:26:45.182126 [info ]: Finished scheduling [  0.00s]
11:26:45.182325 [info ]: 
==================== Execution Summary =====================
Finished 'compile' successfully for target 'dev' [123ms]
Processed: 11 models | 1 snapshot
Summary: 12 total | 12 success
11:26:45.182765 [info ]: Cached model count updated: 11 models (accurate)
==================== 2026-09-03T11:26:47.071018Z | 31c21e7d-0e6f-423e-a438-0af07f62ef73 ====================
11:26:47.071100 [info ]: Started loading project
11:26:47.071945 [info ]: Loading ~/.dbt/profiles.yml
11:26:47.083239 [info ]: Started parsing
11:26:47.131488 [info ]: Finished loading project [  0.06s]
11:26:47.136368 [debug]: Finished parsing models/staging/_stg_schema.yml [  0.00s]
11:26:47.139254 [debug]: Finished parsing snapshots\snapshot_comptes.sql [  0.00s]
11:26:47.140700 [debug]: Finished parsing models/staging/stg_budgets.sql [  0.00s]
11:26:47.141360 [debug]: Finished parsing models/staging/stg_categories.sql [  0.00s]
11:26:47.141961 [debug]: Finished parsing models/staging/stg_comptes.sql [  0.00s]
11:26:47.142552 [debug]: Finished parsing models/staging/stg_transactions.sql [  0.00s]
11:26:47.321377 [info ]: Finished parsing [  0.24s]
11:26:47.324231 [info ]: Cached model count updated: 11 models (estimate)
11:26:47.324247 [info ]: Cached model count updated: 11 models (accurate)
11:26:47.324276 [info ]: Started scheduling
11:26:47.324318 [info ]: Finished scheduling [  0.00s]
11:26:47.324331 [debug]: Compilation - 0 nodes selected: {}
11:26:47.324345 [warn ]: [NoNodesForSelectionCriteria (dbt1092)]: The selection criterion '' does not match any enabled nodes
11:26:47.324359 [warn ]: [NoNodesSelected (dbt1601)]: Nothing to do. Try checking your model configs and model specification args
11:26:47.384497 [info ]: Started building task graph
11:26:47.384544 [info ]: Finished building task graph [  0.00s]
11:26:47.394489 [info ]: Started scheduling
11:26:47.394553 [info ]: Finished scheduling [  0.00s]
11:26:47.395157 [info ]: 
==================== Execution Summary =====================
Finished 'compile' with 2 warnings for target 'dev' [324ms]
11:26:47.396854 [info ]: Cached model count updated: 11 models (accurate)
==================== 2026-09-03T11:26:49.023152Z | c508eba3-7d1e-4989-87dc-3c5df776e041 ====================
11:26:49.023227 [info ]: Started loading project
11:26:49.024221 [info ]: Loading ~/.dbt/profiles.yml
11:26:49.067621 [info ]: Cached model count updated: 11 models (estimate)
11:26:49.067643 [info ]: Cached model count updated: 11 models (accurate)
11:26:49.067697 [info ]: Started scheduling
11:26:49.067846 [info ]: Finished scheduling [  0.00s]
11:26:49.067865 [debug]: Compilation - 12 nodes selected: {"model.fintrack_analytics.dim_categories", "model.fintrack_analytics.dim_comptes", "model.fintrack_analytics.fct_transactions", "model.fintrack_analytics.int_transactions_enrichies", "model.fintrack_analytics.mart_budget_vs_reel", "model.fintrack_analytics.mart_solde_mensuel", "model.fintrack_analytics.mart_top_depenses", "model.fintrack_analytics.stg_budgets", "model.fintrack_analytics.stg_categories", "model.fintrack_analytics.stg_comptes", "model.fintrack_analytics.stg_transactions", "snapshot.fintrack_analytics.snapshot_comptes"}
11:26:49.121655 [info ]: Started building task graph
11:26:49.121762 [info ]: Finished building task graph [  0.00s]
11:26:49.127343 [info ]: Started rendering (12 nodes)
11:26:49.127363 [info ]: Started snapshot snapshots.snapshot_comptes
11:26:49.127372 [debug]: Started rendering snapshot snapshots.snapshot_comptes
11:26:49.127418 [info ]: Started model staging_marts.mart_top_depenses
11:26:49.127425 [debug]: Started rendering model staging_marts.mart_top_depenses
11:26:49.127436 [info ]: Started model staging_marts.mart_solde_mensuel
11:26:49.127443 [debug]: Started rendering model staging_marts.mart_solde_mensuel
11:26:49.127452 [info ]: Started model staging_marts.mart_budget_vs_reel
11:26:49.127458 [debug]: Started rendering model staging_marts.mart_budget_vs_reel
11:26:49.127469 [info ]: Started model staging.stg_budgets
11:26:49.127474 [info ]: Finished loading project [  0.10s]
11:26:49.127480 [debug]: Started rendering model staging.stg_budgets
11:26:49.127491 [info ]: Started model staging.int_transactions_enrichies
11:26:49.127496 [debug]: Started rendering model staging.int_transactions_enrichies
11:26:49.127505 [info ]: Started model staging.stg_transactions
11:26:49.127513 [debug]: Started rendering model staging.stg_transactions
11:26:49.127533 [info ]: Started model staging_marts.dim_comptes
11:26:49.127824 [debug]: Started rendering model staging_marts.dim_comptes
11:26:49.127863 [debug]: Compiled SQL for node snapshot.fintrack_analytics.snapshot_comptes at target\.lsp\compiled\fintrack_analytics\snapshots\snapshot_comptes.sql\snapshot_comptes.sql
11:26:49.127906 [info ]: Started model staging.stg_comptes
11:26:49.127949 [debug]: Started rendering model staging.stg_comptes
11:26:49.128001 [debug]: Compiled SQL for node model.fintrack_analytics.int_transactions_enrichies at target\.lsp\compiled\fintrack_analytics\models\intermediate\int_transactions_enrichies.sql
11:26:49.128003 [debug]: Compiled SQL for node model.fintrack_analytics.mart_solde_mensuel at target\.lsp\compiled\fintrack_analytics\models\marts\mart_solde_mensuel.sql
11:26:49.128064 [info ]: Started model staging_marts.dim_categories
11:26:49.128088 [debug]: Started rendering model staging_marts.dim_categories
11:26:49.128113 [info ]: Started model staging.stg_categories
11:26:49.128133 [debug]: Compiled SQL for node model.fintrack_analytics.mart_top_depenses at target\.lsp\compiled\fintrack_analytics\models\marts\mart_top_depenses.sql
11:26:49.128132 [debug]: Started rendering model staging.stg_categories
11:26:49.128149 [debug]: Compiled SQL for node model.fintrack_analytics.mart_budget_vs_reel at target\.lsp\compiled\fintrack_analytics\models\marts\mart_budget_vs_reel.sql
11:26:49.128161 [debug]: Finished rendering [  0.00s] snapshot snapshots.snapshot_comptes [success]
11:26:49.128243 [info ]: Started analyzing (12 nodes)
11:26:49.128254 [debug]: Started analyzing snapshot snapshots.snapshot_comptes
11:26:49.128610 [debug]: Compiled SQL for node model.fintrack_analytics.dim_comptes at target\.lsp\compiled\fintrack_analytics\models\marts\dim_comptes.sql
11:26:49.128720 [debug]: Compiled SQL for node model.fintrack_analytics.dim_categories at target\.lsp\compiled\fintrack_analytics\models\marts\dim_categories.sql
11:26:49.128281 [debug]: Finished rendering [  0.00s] model staging_marts.mart_solde_mensuel [success]
11:26:49.128835 [debug]: Started analyzing model staging_marts.mart_solde_mensuel
11:26:49.128918 [debug]: Finished rendering [  0.00s] model staging_marts.mart_top_depenses [success]
11:26:49.128946 [debug]: Started analyzing model staging_marts.mart_top_depenses
11:26:49.129123 [debug]: Finished rendering [  0.00s] model staging_marts.mart_budget_vs_reel [success]
11:26:49.129219 [debug]: Started analyzing model staging_marts.mart_budget_vs_reel
11:26:49.129275 [debug]: Finished rendering [  0.00s] model staging.int_transactions_enrichies [success]
11:26:49.129373 [debug]: Started analyzing model staging.int_transactions_enrichies
11:26:49.129461 [info ]: Started model staging_marts.fct_transactions
11:26:49.129539 [debug]: Started rendering model staging_marts.fct_transactions
11:26:49.129845 [debug]: Finished rendering [  0.00s] model staging_marts.dim_comptes [success]
11:26:49.130154 [debug]: Started analyzing model staging_marts.dim_comptes
11:26:49.130343 [debug]: Compiled SQL for node model.fintrack_analytics.fct_transactions at target\.lsp\compiled\fintrack_analytics\models\marts\fct_transactions.sql
11:26:49.130906 [debug]: Finished rendering [  0.00s] model staging_marts.dim_categories [success]
11:26:49.130966 [debug]: Started analyzing model staging_marts.dim_categories
11:26:49.131011 [debug]: Finished analyzing [  0.00s] snapshot snapshots.snapshot_comptes [success]
11:26:49.131226 [info ]:  Succeeded [  0.00s] snapshot snapshots.snapshot_comptes (snapshot)
11:26:49.131271 [debug]: Finished analyzing [  0.00s] model staging_marts.mart_top_depenses [success]
11:26:49.131470 [debug]: Compiled SQL for node model.fintrack_analytics.stg_budgets at target\.lsp\compiled\fintrack_analytics\models\staging\stg_budgets.sql
11:26:49.131539 [debug]: Compiled SQL for node model.fintrack_analytics.stg_transactions at target\.lsp\compiled\fintrack_analytics\models\staging\stg_transactions.sql
11:26:49.132117 [debug]: Compiled SQL for node model.fintrack_analytics.stg_categories at target\.lsp\compiled\fintrack_analytics\models\staging\stg_categories.sql
11:26:49.132147 [debug]: Compiled SQL for node model.fintrack_analytics.stg_comptes at target\.lsp\compiled\fintrack_analytics\models\staging\stg_comptes.sql
11:26:49.131345 [info ]:  Succeeded [  0.00s] model staging_marts.mart_top_depenses (table)
11:26:49.132455 [debug]: Finished rendering [  0.00s] model staging_marts.fct_transactions [success]
11:26:49.132489 [debug]: Started analyzing model staging_marts.fct_transactions
11:26:49.132521 [debug]: Finished analyzing [  0.00s] model staging_marts.mart_solde_mensuel [success]
11:26:49.132538 [info ]:  Succeeded [  0.00s] model staging_marts.mart_solde_mensuel (table)
11:26:49.132566 [debug]: Finished analyzing [  0.00s] model staging_marts.dim_comptes [success]
11:26:49.132630 [info ]:  Succeeded [  0.00s] model staging_marts.dim_comptes (table)
11:26:49.132679 [debug]: Finished rendering [  0.01s] model staging.stg_budgets [success]
11:26:49.132700 [debug]: Started analyzing model staging.stg_budgets
11:26:49.132723 [debug]: Finished rendering [  0.01s] model staging.stg_transactions [success]
11:26:49.132742 [debug]: Started analyzing model staging.stg_transactions
11:26:49.132764 [debug]: Finished analyzing [  0.00s] model staging.int_transactions_enrichies [success]
11:26:49.132779 [info ]:  Succeeded [  0.00s] model staging.int_transactions_enrichies (ephemeral)
11:26:49.132938 [debug]: Finished rendering [  0.00s] model staging.stg_categories [success]
11:26:49.132961 [debug]: Started analyzing model staging.stg_categories
11:26:49.132987 [debug]: Finished rendering [  0.01s] model staging.stg_comptes [success]
11:26:49.133000 [info ]: Finished rendering [  0.01s] (12 nodes, 0 skipped, 0 errors)
11:26:49.133437 [debug]: Started analyzing model staging.stg_comptes
11:26:49.133565 [debug]: Finished analyzing [  0.00s] model staging_marts.dim_categories [success]
11:26:49.133593 [info ]:  Succeeded [  0.00s] model staging_marts.dim_categories (table)
11:26:49.133628 [debug]: Finished analyzing [  0.00s] model staging.stg_budgets [success]
11:26:49.133641 [info ]:  Succeeded [  0.01s] model staging.stg_budgets (view)
11:26:49.133662 [debug]: Finished analyzing [  0.00s] model staging.stg_categories [success]
11:26:49.133673 [info ]:  Succeeded [  0.00s] model staging.stg_categories (view)
11:26:49.133742 [debug]: Finished analyzing [  0.00s] model staging.stg_comptes [success]
11:26:49.133771 [info ]:  Succeeded [  0.01s] model staging.stg_comptes (view)
11:26:49.134422 [debug]: Finished analyzing [  0.01s] model staging_marts.mart_budget_vs_reel [success]
11:26:49.134463 [info ]:  Succeeded [  0.01s] model staging_marts.mart_budget_vs_reel (table)
11:26:49.134499 [debug]: Finished analyzing [  0.00s] model staging.stg_transactions [success]
11:26:49.134516 [info ]:  Succeeded [  0.01s] model staging.stg_transactions (view)
11:26:49.135560 [debug]: Finished analyzing [  0.00s] model staging_marts.fct_transactions [success]
11:26:49.135603 [info ]: Finished analyzing [  0.01s] (12 nodes, 0 skipped, 0 errors)
11:26:49.135625 [info ]:  Succeeded [  0.01s] model staging_marts.fct_transactions (table)
11:26:49.139436 [info ]: Started scheduling
11:26:49.139498 [info ]: Finished scheduling [  0.00s]
11:26:49.139607 [info ]: 
==================== Execution Summary =====================
Finished 'compile' successfully for target 'dev' [116ms]
Processed: 11 models | 1 snapshot
Summary: 12 total | 12 success
11:26:49.139897 [info ]: Cached model count updated: 11 models (accurate)
==================== 2026-09-03T11:27:25.595598Z | c9c7f1b0-a5a7-483f-b905-68817d8c27cd ====================
11:27:25.595656 [info ]: Started loading project
11:27:25.596362 [info ]: Loading ~/.dbt/profiles.yml
11:27:25.609483 [info ]: Started parsing
11:27:25.666321 [info ]: Finished loading project [  0.07s]
11:27:25.671165 [debug]: Finished parsing models/staging/_stg_schema.yml [  0.00s]
11:27:25.674493 [debug]: Finished parsing snapshots\snapshot_comptes.sql [  0.00s]
11:27:25.675970 [debug]: Finished parsing models/staging/stg_budgets.sql [  0.00s]
11:27:25.676532 [debug]: Finished parsing models/staging/stg_categories.sql [  0.00s]
11:27:25.677128 [debug]: Finished parsing models/staging/stg_comptes.sql [  0.00s]
11:27:25.677631 [debug]: Finished parsing models/staging/stg_transactions.sql [  0.00s]
11:27:25.872549 [info ]: Finished parsing [  0.26s]
11:27:25.875451 [info ]: Cached model count updated: 11 models (estimate)
11:27:25.875468 [info ]: Cached model count updated: 11 models (accurate)
11:27:25.875502 [info ]: Started scheduling
11:27:25.875655 [info ]: Finished scheduling [  0.00s]
11:27:25.875671 [debug]: Compilation - 4 nodes selected: {"model.fintrack_analytics.stg_budgets", "model.fintrack_analytics.stg_categories", "model.fintrack_analytics.stg_comptes", "model.fintrack_analytics.stg_transactions"}
11:27:25.936630 [info ]: Started building task graph
11:27:25.936754 [info ]: Finished building task graph [  0.00s]
11:27:25.944062 [info ]: Started rendering (4 nodes)
11:27:25.944093 [info ]: Started model staging.stg_transactions
11:27:25.944103 [debug]: Started rendering model staging.stg_transactions
11:27:25.944145 [info ]: Started model staging.stg_comptes
11:27:25.944152 [debug]: Started rendering model staging.stg_comptes
11:27:25.944162 [info ]: Started model staging.stg_categories
11:27:25.944169 [debug]: Started rendering model staging.stg_categories
11:27:25.944180 [info ]: Started model staging.stg_budgets
11:27:25.944186 [debug]: Started rendering model staging.stg_budgets
11:27:25.947928 [debug]: Compiled SQL for node model.fintrack_analytics.stg_transactions at target\.lsp\compiled\fintrack_analytics\models\staging\stg_transactions.sql
11:27:25.948105 [debug]: Finished rendering [  0.00s] model staging.stg_transactions [success]
11:27:25.948156 [info ]: Started analyzing (4 nodes)
11:27:25.948170 [debug]: Started analyzing model staging.stg_transactions
11:27:25.948329 [debug]: Compiled SQL for node model.fintrack_analytics.stg_categories at target\.lsp\compiled\fintrack_analytics\models\staging\stg_categories.sql
11:27:25.948480 [debug]: Finished rendering [  0.00s] model staging.stg_categories [success]
11:27:25.948518 [debug]: Started analyzing model staging.stg_categories
11:27:25.948778 [debug]: Compiled SQL for node model.fintrack_analytics.stg_comptes at target\.lsp\compiled\fintrack_analytics\models\staging\stg_comptes.sql
11:27:25.948838 [debug]: Finished analyzing [  0.00s] model staging.stg_categories [success]
11:27:25.948858 [debug]: Compiled SQL for node model.fintrack_analytics.stg_budgets at target\.lsp\compiled\fintrack_analytics\models\staging\stg_budgets.sql
11:27:25.948862 [info ]:  Succeeded [  0.00s] model staging.stg_categories (view)
11:27:25.948898 [debug]: Finished analyzing [  0.00s] model staging.stg_transactions [success]
11:27:25.948913 [info ]:  Succeeded [  0.00s] model staging.stg_transactions (view)
11:27:25.948952 [debug]: Finished rendering [  0.00s] model staging.stg_comptes [success]
11:27:25.948976 [debug]: Started analyzing model staging.stg_comptes
11:27:25.949005 [debug]: Finished rendering [  0.00s] model staging.stg_budgets [success]
11:27:25.949018 [info ]: Finished rendering [  0.00s] (4 nodes, 0 skipped, 0 errors)
11:27:25.949060 [debug]: Started analyzing model staging.stg_budgets
11:27:25.949382 [debug]: Finished analyzing [  0.00s] model staging.stg_comptes [success]
11:27:25.949470 [info ]:  Succeeded [  0.00s] model staging.stg_comptes (view)
11:27:25.949555 [debug]: Finished analyzing [  0.00s] model staging.stg_budgets [success]
11:27:25.949578 [info ]: Finished analyzing [  0.00s] (4 nodes, 0 skipped, 0 errors)
11:27:25.949591 [info ]:  Succeeded [  0.00s] model staging.stg_budgets (view)
11:27:25.953364 [info ]: Started scheduling
11:27:25.953506 [info ]: Finished scheduling [  0.00s]
11:27:25.954912 [info ]: 
==================== Execution Summary =====================
Finished 'compile' successfully for target 'dev' [359ms]
Processed: 4 models
Summary: 4 total | 4 success
11:27:25.955171 [info ]: Cached model count updated: 11 models (accurate)
==================== 2026-09-03T11:27:27.561039Z | 9dcfb79c-f551-4b05-9845-77137a31769e ====================
11:27:27.561111 [info ]: Started loading project
11:27:27.562078 [info ]: Loading ~/.dbt/profiles.yml
11:27:27.607204 [info ]: Cached model count updated: 11 models (estimate)
11:27:27.607247 [info ]: Cached model count updated: 11 models (accurate)
11:27:27.607311 [info ]: Started scheduling
11:27:27.607564 [info ]: Finished scheduling [  0.00s]
11:27:27.607593 [debug]: Compilation - 12 nodes selected: {"model.fintrack_analytics.dim_categories", "model.fintrack_analytics.dim_comptes", "model.fintrack_analytics.fct_transactions", "model.fintrack_analytics.int_transactions_enrichies", "model.fintrack_analytics.mart_budget_vs_reel", "model.fintrack_analytics.mart_solde_mensuel", "model.fintrack_analytics.mart_top_depenses", "model.fintrack_analytics.stg_budgets", "model.fintrack_analytics.stg_categories", "model.fintrack_analytics.stg_comptes", "model.fintrack_analytics.stg_transactions", "snapshot.fintrack_analytics.snapshot_comptes"}
11:27:27.672285 [info ]: Started building task graph
11:27:27.672508 [info ]: Finished building task graph [  0.00s]
11:27:27.679607 [info ]: Started rendering (12 nodes)
11:27:27.679637 [info ]: Started snapshot snapshots.snapshot_comptes
11:27:27.679648 [debug]: Started rendering snapshot snapshots.snapshot_comptes
11:27:27.679673 [info ]: Started model staging_marts.mart_top_depenses
11:27:27.679681 [debug]: Started rendering model staging_marts.mart_top_depenses
11:27:27.679691 [info ]: Started model staging_marts.mart_solde_mensuel
11:27:27.679697 [debug]: Started rendering model staging_marts.mart_solde_mensuel
11:27:27.679707 [info ]: Started model staging_marts.mart_budget_vs_reel
11:27:27.679712 [debug]: Started rendering model staging_marts.mart_budget_vs_reel
11:27:27.679721 [info ]: Started model staging.stg_budgets
11:27:27.679727 [debug]: Started rendering model staging.stg_budgets
11:27:27.679742 [info ]: Started model staging.int_transactions_enrichies
11:27:27.679751 [debug]: Started rendering model staging.int_transactions_enrichies
11:27:27.679762 [info ]: Started model staging.stg_transactions
11:27:27.679771 [debug]: Started rendering model staging.stg_transactions
11:27:27.679779 [info ]: Finished loading project [  0.12s]
11:27:27.679788 [info ]: Started model staging_marts.dim_comptes
11:27:27.679800 [debug]: Started rendering model staging_marts.dim_comptes
11:27:27.679842 [info ]: Started model staging.stg_comptes
11:27:27.679895 [debug]: Started rendering model staging.stg_comptes
11:27:27.679932 [info ]: Started model staging_marts.dim_categories
11:27:27.679952 [debug]: Started rendering model staging_marts.dim_categories
11:27:27.679993 [info ]: Started model staging.stg_categories
11:27:27.680013 [debug]: Started rendering model staging.stg_categories
11:27:27.680233 [debug]: Compiled SQL for node snapshot.fintrack_analytics.snapshot_comptes at target\.lsp\compiled\fintrack_analytics\snapshots\snapshot_comptes.sql\snapshot_comptes.sql
11:27:27.680268 [debug]: Compiled SQL for node model.fintrack_analytics.mart_top_depenses at target\.lsp\compiled\fintrack_analytics\models\marts\mart_top_depenses.sql
11:27:27.680284 [debug]: Compiled SQL for node model.fintrack_analytics.stg_budgets at target\.lsp\compiled\fintrack_analytics\models\staging\stg_budgets.sql
11:27:27.680323 [debug]: Finished rendering [  0.00s] snapshot snapshots.snapshot_comptes [success]
11:27:27.680370 [info ]: Started analyzing (12 nodes)
11:27:27.680387 [debug]: Started analyzing snapshot snapshots.snapshot_comptes
11:27:27.680416 [debug]: Finished rendering [  0.00s] model staging_marts.mart_top_depenses [success]
11:27:27.680443 [debug]: Started analyzing model staging_marts.mart_top_depenses
11:27:27.680468 [debug]: Finished rendering [  0.00s] model staging.stg_budgets [success]
11:27:27.680483 [debug]: Started analyzing model staging.stg_budgets
11:27:27.680661 [debug]: Compiled SQL for node model.fintrack_analytics.dim_comptes at target\.lsp\compiled\fintrack_analytics\models\marts\dim_comptes.sql
11:27:27.680676 [debug]: Compiled SQL for node model.fintrack_analytics.dim_categories at target\.lsp\compiled\fintrack_analytics\models\marts\dim_categories.sql
11:27:27.680682 [debug]: Finished analyzing [  0.00s] snapshot snapshots.snapshot_comptes [success]
11:27:27.680701 [info ]:  Succeeded [-------] snapshot snapshots.snapshot_comptes (snapshot)
11:27:27.680781 [debug]: Finished rendering [  0.00s] model staging_marts.dim_comptes [success]
11:27:27.680800 [debug]: Compiled SQL for node model.fintrack_analytics.stg_comptes at target\.lsp\compiled\fintrack_analytics\models\staging\stg_comptes.sql
11:27:27.680811 [debug]: Started analyzing model staging_marts.dim_comptes
11:27:27.680875 [debug]: Finished rendering [  0.00s] model staging_marts.dim_categories [success]
11:27:27.680898 [debug]: Started analyzing model staging_marts.dim_categories
11:27:27.680954 [debug]: Finished rendering [  0.00s] model staging.stg_comptes [success]
11:27:27.680977 [debug]: Started analyzing model staging.stg_comptes
11:27:27.680996 [debug]: Finished analyzing [  0.00s] model staging_marts.mart_top_depenses [success]
11:27:27.681008 [info ]:  Succeeded [-------] model staging_marts.mart_top_depenses (table)
11:27:27.681107 [debug]: Finished analyzing [  0.00s] model staging_marts.dim_comptes [success]
11:27:27.681126 [info ]:  Succeeded [-------] model staging_marts.dim_comptes (table)
11:27:27.681157 [debug]: Finished analyzing [  0.00s] model staging.stg_budgets [success]
11:27:27.681173 [info ]:  Succeeded [-------] model staging.stg_budgets (view)
11:27:27.681199 [debug]: Finished analyzing [  0.00s] model staging_marts.dim_categories [success]
11:27:27.681215 [info ]:  Succeeded [-------] model staging_marts.dim_categories (table)
11:27:27.681274 [debug]: Compiled SQL for node model.fintrack_analytics.mart_budget_vs_reel at target\.lsp\compiled\fintrack_analytics\models\marts\mart_budget_vs_reel.sql
11:27:27.681342 [debug]: Compiled SQL for node model.fintrack_analytics.stg_transactions at target\.lsp\compiled\fintrack_analytics\models\staging\stg_transactions.sql
11:27:27.681454 [debug]: Started analyzing model staging_marts.mart_budget_vs_reel
11:27:27.681475 [debug]: Finished rendering [  0.00s] model staging_marts.mart_budget_vs_reel [success]
11:27:27.681502 [debug]: Finished rendering [  0.00s] model staging.stg_transactions [success]
11:27:27.681484 [debug]: Started analyzing model staging.stg_transactions
11:27:27.681633 [debug]: Finished analyzing [  0.00s] model staging.stg_comptes [success]
11:27:27.681647 [info ]:  Succeeded [  0.00s] model staging.stg_comptes (view)
11:27:27.681663 [debug]: Compiled SQL for node model.fintrack_analytics.stg_categories at target\.lsp\compiled\fintrack_analytics\models\staging\stg_categories.sql
11:27:27.681734 [debug]: Finished rendering [  0.00s] model staging.stg_categories [success]
11:27:27.681765 [debug]: Started analyzing model staging.stg_categories
11:27:27.681982 [debug]: Finished analyzing [  0.00s] model staging.stg_categories [success]
11:27:27.682006 [info ]:  Succeeded [  0.00s] model staging.stg_categories (view)
11:27:27.682136 [debug]: Compiled SQL for node model.fintrack_analytics.int_transactions_enrichies at target\.lsp\compiled\fintrack_analytics\models\intermediate\int_transactions_enrichies.sql
11:27:27.682156 [debug]: Finished analyzing [  0.00s] model staging.stg_transactions [success]
11:27:27.682176 [info ]:  Succeeded [  0.00s] model staging.stg_transactions (view)
11:27:27.682179 [debug]: Compiled SQL for node model.fintrack_analytics.mart_solde_mensuel at target\.lsp\compiled\fintrack_analytics\models\marts\mart_solde_mensuel.sql
11:27:27.682226 [debug]: Finished rendering [  0.00s] model staging.int_transactions_enrichies [success]
11:27:27.682278 [info ]: Started model staging_marts.fct_transactions
11:27:27.682299 [debug]: Started rendering model staging_marts.fct_transactions
11:27:27.682323 [debug]: Started analyzing model staging.int_transactions_enrichies
11:27:27.682359 [debug]: Finished rendering [  0.00s] model staging_marts.mart_solde_mensuel [success]
11:27:27.682383 [debug]: Started analyzing model staging_marts.mart_solde_mensuel
11:27:27.682808 [debug]: Compiled SQL for node model.fintrack_analytics.fct_transactions at target\.lsp\compiled\fintrack_analytics\models\marts\fct_transactions.sql
11:27:27.682893 [debug]: Finished rendering [  0.00s] model staging_marts.fct_transactions [success]
11:27:27.682914 [info ]: Finished rendering [  0.00s] (12 nodes, 0 skipped, 0 errors)
11:27:27.682933 [debug]: Started analyzing model staging_marts.fct_transactions
11:27:27.683871 [debug]: Finished analyzing [  0.00s] model staging.int_transactions_enrichies [success]
11:27:27.683895 [info ]:  Succeeded [  0.00s] model staging.int_transactions_enrichies (ephemeral)
11:27:27.684008 [debug]: Finished analyzing [  0.00s] model staging_marts.mart_solde_mensuel [success]
11:27:27.684029 [info ]:  Succeeded [  0.00s] model staging_marts.mart_solde_mensuel (table)
11:27:27.684699 [debug]: Finished analyzing [  0.00s] model staging_marts.fct_transactions [success]
11:27:27.684716 [info ]:  Succeeded [  0.00s] model staging_marts.fct_transactions (table)
11:27:27.685685 [debug]: Finished analyzing [  0.00s] model staging_marts.mart_budget_vs_reel [success]
11:27:27.685703 [info ]: Finished analyzing [  0.01s] (12 nodes, 0 skipped, 0 errors)
11:27:27.685712 [info ]:  Succeeded [  0.01s] model staging_marts.mart_budget_vs_reel (table)
11:27:27.690786 [info ]: Started scheduling
11:27:27.690852 [info ]: Finished scheduling [  0.00s]
11:27:27.690969 [info ]: 
==================== Execution Summary =====================
Finished 'compile' successfully for target 'dev' [129ms]
Processed: 11 models | 1 snapshot
Summary: 12 total | 12 success
11:27:27.691514 [info ]: Cached model count updated: 11 models (accurate)
==================== 2026-09-03T11:53:32.966201Z | 97e09e1f-d9e5-4065-957a-105007505bd9 ====================
11:53:32.966296 [info ]: Started loading project
11:53:32.967051 [info ]: Loading ~/.dbt/profiles.yml
11:53:33.023057 [info ]: Cached model count updated: 11 models (accurate)
11:53:33.023068 [info ]: Finished loading project [  0.06s]
11:53:33.023094 [info ]: 
==================== Execution Summary =====================
Finished 'compile' successfully for target 'dev' [56ms]
==================== 2026-09-03T11:53:34.638954Z | 5330961b-d37d-4ccc-9084-85123634f5b3 ====================
11:53:34.639074 [info ]: Started loading project
11:53:34.640106 [info ]: Loading ~/.dbt/profiles.yml
11:53:34.678910 [info ]: Cached model count updated: 11 models (estimate)
11:53:34.678961 [info ]: Cached model count updated: 11 models (accurate)
11:53:34.679028 [info ]: Started scheduling
11:53:34.679321 [info ]: Finished scheduling [  0.00s]
11:53:34.679357 [debug]: Compilation - 12 nodes selected: {"model.fintrack_analytics.dim_categories", "model.fintrack_analytics.dim_comptes", "model.fintrack_analytics.fct_transactions", "model.fintrack_analytics.int_transactions_enrichies", "model.fintrack_analytics.mart_budget_vs_reel", "model.fintrack_analytics.mart_solde_mensuel", "model.fintrack_analytics.mart_top_depenses", "model.fintrack_analytics.stg_budgets", "model.fintrack_analytics.stg_categories", "model.fintrack_analytics.stg_comptes", "model.fintrack_analytics.stg_transactions", "snapshot.fintrack_analytics.snapshot_comptes"}
11:53:34.735786 [info ]: Started building task graph
11:53:34.735934 [info ]: Finished building task graph [  0.00s]
11:53:34.745042 [info ]: Started rendering (12 nodes)
11:53:34.745082 [info ]: Started snapshot snapshots.snapshot_comptes
11:53:34.745101 [debug]: Started rendering snapshot snapshots.snapshot_comptes
11:53:34.745150 [info ]: Started model staging_marts.mart_top_depenses
11:53:34.745170 [debug]: Started rendering model staging_marts.mart_top_depenses
11:53:34.745204 [info ]: Finished loading project [  0.11s]
11:53:34.745216 [info ]: Started model staging_marts.mart_solde_mensuel
11:53:34.745226 [debug]: Started rendering model staging_marts.mart_solde_mensuel
11:53:34.745243 [info ]: Started model staging_marts.mart_budget_vs_reel
11:53:34.745261 [debug]: Started rendering model staging_marts.mart_budget_vs_reel
11:53:34.745282 [info ]: Started model staging.stg_budgets
11:53:34.745296 [debug]: Started rendering model staging.stg_budgets
11:53:34.745315 [info ]: Started model staging.int_transactions_enrichies
11:53:34.745337 [debug]: Started rendering model staging.int_transactions_enrichies
11:53:34.745364 [info ]: Started model staging.stg_transactions
11:53:34.745386 [debug]: Started rendering model staging.stg_transactions
11:53:34.745428 [info ]: Started model staging_marts.dim_comptes
11:53:34.745455 [debug]: Started rendering model staging_marts.dim_comptes
11:53:34.745478 [info ]: Started model staging.stg_comptes
11:53:34.745498 [debug]: Started rendering model staging.stg_comptes
11:53:34.745539 [info ]: Started model staging_marts.dim_categories
11:53:34.745570 [debug]: Started rendering model staging_marts.dim_categories
11:53:34.745622 [info ]: Started model staging.stg_categories
11:53:34.745664 [debug]: Started rendering model staging.stg_categories
11:53:34.746004 [debug]: Compiled SQL for node snapshot.fintrack_analytics.snapshot_comptes at target\.lsp\compiled\fintrack_analytics\snapshots\snapshot_comptes.sql\snapshot_comptes.sql
11:53:34.746107 [debug]: Finished rendering [  0.00s] snapshot snapshots.snapshot_comptes [success]
11:53:34.746164 [info ]: Started analyzing (12 nodes)
11:53:34.746180 [debug]: Started analyzing snapshot snapshots.snapshot_comptes
11:53:34.746443 [debug]: Compiled SQL for node model.fintrack_analytics.mart_budget_vs_reel at target\.lsp\compiled\fintrack_analytics\models\marts\mart_budget_vs_reel.sql
11:53:34.746455 [debug]: Compiled SQL for node model.fintrack_analytics.mart_solde_mensuel at target\.lsp\compiled\fintrack_analytics\models\marts\mart_solde_mensuel.sql
11:53:34.746499 [debug]: Compiled SQL for node model.fintrack_analytics.int_transactions_enrichies at target\.lsp\compiled\fintrack_analytics\models\intermediate\int_transactions_enrichies.sql
11:53:34.746506 [debug]: Compiled SQL for node model.fintrack_analytics.dim_comptes at target\.lsp\compiled\fintrack_analytics\models\marts\dim_comptes.sql
11:53:34.746578 [debug]: Compiled SQL for node model.fintrack_analytics.stg_budgets at target\.lsp\compiled\fintrack_analytics\models\staging\stg_budgets.sql
11:53:34.746595 [debug]: Finished analyzing [  0.00s] snapshot snapshots.snapshot_comptes [success]
11:53:34.746629 [debug]: Compiled SQL for node model.fintrack_analytics.stg_comptes at target\.lsp\compiled\fintrack_analytics\models\staging\stg_comptes.sql
11:53:34.746624 [info ]:  Succeeded [-------] snapshot snapshots.snapshot_comptes (snapshot)
11:53:34.746678 [debug]: Finished rendering [  0.00s] model staging_marts.mart_budget_vs_reel [success]
11:53:34.746701 [debug]: Started analyzing model staging_marts.mart_budget_vs_reel
11:53:34.746731 [debug]: Finished rendering [  0.00s] model staging.int_transactions_enrichies [success]
11:53:34.746758 [debug]: Started analyzing model staging.int_transactions_enrichies
11:53:34.746792 [info ]: Started model staging_marts.fct_transactions
11:53:34.746810 [debug]: Started rendering model staging_marts.fct_transactions
11:53:34.746834 [debug]: Finished rendering [  0.00s] model staging_marts.dim_comptes [success]
11:53:34.746856 [debug]: Started analyzing model staging_marts.dim_comptes
11:53:34.746880 [debug]: Finished rendering [  0.00s] model staging.stg_budgets [success]
11:53:34.746899 [debug]: Started analyzing model staging.stg_budgets
11:53:34.746922 [debug]: Finished rendering [  0.00s] model staging.stg_comptes [success]
11:53:34.746941 [debug]: Started analyzing model staging.stg_comptes
11:53:34.746963 [debug]: Finished rendering [  0.00s] model staging_marts.mart_solde_mensuel [success]
11:53:34.746979 [debug]: Started analyzing model staging_marts.mart_solde_mensuel
11:53:34.747050 [debug]: Compiled SQL for node model.fintrack_analytics.dim_categories at target\.lsp\compiled\fintrack_analytics\models\marts\dim_categories.sql
11:53:34.747095 [debug]: Compiled SQL for node model.fintrack_analytics.stg_transactions at target\.lsp\compiled\fintrack_analytics\models\staging\stg_transactions.sql
11:53:34.747098 [debug]: Compiled SQL for node model.fintrack_analytics.stg_categories at target\.lsp\compiled\fintrack_analytics\models\staging\stg_categories.sql
11:53:34.747196 [debug]: Finished analyzing [  0.00s] model staging_marts.dim_comptes [success]
11:53:34.747219 [info ]:  Succeeded [  0.00s] model staging_marts.dim_comptes (table)
11:53:34.747249 [debug]: Finished rendering [  0.00s] model staging_marts.dim_categories [success]
11:53:34.747267 [debug]: Started analyzing model staging_marts.dim_categories
11:53:34.747288 [debug]: Finished analyzing [  0.00s] model staging.stg_budgets [success]
11:53:34.747300 [info ]:  Succeeded [  0.00s] model staging.stg_budgets (view)
11:53:34.747507 [debug]: Finished rendering [  0.00s] model staging.stg_transactions [success]
11:53:34.747533 [debug]: Started analyzing model staging.stg_transactions
11:53:34.747601 [debug]: Finished rendering [  0.00s] model staging.stg_categories [success]
11:53:34.747627 [debug]: Started analyzing model staging.stg_categories
11:53:34.747680 [debug]: Finished analyzing [  0.00s] model staging.stg_comptes [success]
11:53:34.747696 [debug]: Compiled SQL for node model.fintrack_analytics.fct_transactions at target\.lsp\compiled\fintrack_analytics\models\marts\fct_transactions.sql
11:53:34.747698 [info ]:  Succeeded [  0.00s] model staging.stg_comptes (view)
11:53:34.747808 [debug]: Finished analyzing [  0.00s] model staging_marts.dim_categories [success]
11:53:34.747830 [info ]:  Succeeded [  0.00s] model staging_marts.dim_categories (table)
11:53:34.747858 [debug]: Finished rendering [  0.00s] model staging_marts.fct_transactions [success]
11:53:34.747878 [debug]: Started analyzing model staging_marts.fct_transactions
11:53:34.747912 [debug]: Finished analyzing [  0.00s] model staging.stg_categories [success]
11:53:34.748015 [info ]:  Succeeded [  0.00s] model staging.stg_categories (view)
11:53:34.748054 [debug]: Finished analyzing [  0.00s] model staging.stg_transactions [success]
11:53:34.748079 [info ]:  Succeeded [  0.00s] model staging.stg_transactions (view)
11:53:34.748246 [debug]: Compiled SQL for node model.fintrack_analytics.mart_top_depenses at target\.lsp\compiled\fintrack_analytics\models\marts\mart_top_depenses.sql
11:53:34.748333 [debug]: Finished rendering [  0.00s] model staging_marts.mart_top_depenses [success]
11:53:34.748356 [info ]: Finished rendering [  0.00s] (12 nodes, 0 skipped, 0 errors)
11:53:34.748375 [debug]: Started analyzing model staging_marts.mart_top_depenses
11:53:34.748685 [debug]: Finished analyzing [  0.00s] model staging_marts.mart_top_depenses [success]
11:53:34.748710 [info ]:  Succeeded [  0.00s] model staging_marts.mart_top_depenses (table)
11:53:34.749141 [debug]: Finished analyzing [  0.00s] model staging_marts.mart_solde_mensuel [success]
11:53:34.749166 [info ]:  Succeeded [  0.00s] model staging_marts.mart_solde_mensuel (table)
11:53:34.749200 [debug]: Finished analyzing [  0.00s] model staging.int_transactions_enrichies [success]
11:53:34.749222 [info ]:  Succeeded [  0.00s] model staging.int_transactions_enrichies (ephemeral)
11:53:34.749906 [debug]: Finished analyzing [  0.00s] model staging_marts.fct_transactions [success]
11:53:34.749950 [info ]:  Succeeded [  0.00s] model staging_marts.fct_transactions (table)
11:53:34.751033 [debug]: Finished analyzing [  0.00s] model staging_marts.mart_budget_vs_reel [success]
11:53:34.751053 [info ]: Finished analyzing [  0.00s] (12 nodes, 0 skipped, 0 errors)
11:53:34.751069 [info ]:  Succeeded [  0.01s] model staging_marts.mart_budget_vs_reel (table)
11:53:34.754368 [info ]: Started scheduling
11:53:34.754443 [info ]: Finished scheduling [  0.00s]
11:53:34.754559 [info ]: 
==================== Execution Summary =====================
Finished 'compile' successfully for target 'dev' [115ms]
Processed: 11 models | 1 snapshot
Summary: 12 total | 12 success
11:53:34.754959 [info ]: Cached model count updated: 11 models (accurate)
==================== 2026-09-03T11:54:05.811343Z | 404631e7-ab3a-4883-bd86-2a67907ddf85 ====================
11:54:05.811407 [info ]: Started loading project
11:54:05.812199 [info ]: Loading ~/.dbt/profiles.yml
==================== 2026-09-03T11:54:05.824317Z | c022dfe4-0f92-483b-8a20-03de314e899b ====================
11:54:05.824379 [info ]: Started loading project
11:54:05.825035 [info ]: Loading ~/.dbt/profiles.yml
11:54:05.825150 [info ]: Finished loading project [  0.01s]
11:54:05.832811 [info ]: Loading packages.yml
11:54:05.832966 [debug]:    Started loading packages
11:54:05.848476 [debug]:     Loaded [  0.02s] packages
11:54:05.849269 [info ]: Finished loading project [  0.02s]
11:54:05.849574 [info ]: Started parsing
11:54:05.901656 [debug]: Finished parsing models/marts/_marts_schema.yml [  0.00s]
11:54:05.902105 [debug]: Finished parsing models/staging/_stg_schema.yml [  0.00s]
11:54:05.902389 [debug]: Finished parsing models/staging/_stg_sources.yml [  0.00s]
11:54:05.907016 [debug]: Finished parsing snapshots\snapshot_comptes.sql [  0.00s]
11:54:05.909166 [debug]: Finished parsing models/intermediate/int_transactions_enrichies.sql [  0.00s]
11:54:05.910014 [debug]: Finished parsing models/macros/generate_schemas_name.sql [  0.00s]
11:54:05.910846 [debug]: Finished parsing models/marts/dim_categories.sql [  0.00s]
11:54:05.912435 [debug]: Finished parsing models/marts/dim_comptes.sql [  0.00s]
11:54:05.913461 [debug]: Finished parsing models/marts/fct_transactions.sql [  0.00s]
11:54:05.914156 [debug]: Finished parsing models/marts/mart_budget_vs_reel.sql [  0.00s]
11:54:05.914798 [debug]: Finished parsing models/marts/mart_solde_mensuel.sql [  0.00s]
11:54:05.915443 [debug]: Finished parsing models/marts/mart_top_depenses.sql [  0.00s]
11:54:05.916088 [debug]: Finished parsing models/staging/stg_budgets.sql [  0.00s]
11:54:05.916772 [debug]: Finished parsing models/staging/stg_categories.sql [  0.00s]
11:54:05.917417 [debug]: Finished parsing models/staging/stg_comptes.sql [  0.00s]
11:54:05.918010 [debug]: Finished parsing models/staging/stg_transactions.sql [  0.00s]
11:54:05.928578 [debug]: Finished parsing tests/assert_solde_mensuel_positif.sql [  0.00s]
11:54:06.128289 [info ]: Finished parsing [  0.28s]
11:54:06.129844 [info ]: Cached model count updated: 12 models (estimate)
11:54:06.129861 [info ]: Cached model count updated: 12 models (accurate)
11:54:06.129917 [info ]: Started scheduling
11:54:06.129967 [info ]: Finished scheduling [  0.00s]
11:54:06.129990 [debug]: Compilation - 0 nodes selected: {}
11:54:06.130021 [warn ]: [NoNodesForSelectionCriteria (dbt1092)]: The selection criterion '' does not match any enabled nodes
11:54:06.130053 [warn ]: [NoNodesSelected (dbt1601)]: Nothing to do. Try checking your model configs and model specification args
11:54:06.130061 [info ]: Started scheduling
11:54:06.130188 [info ]: Finished scheduling [  0.00s]
11:54:06.130376 [debug]: Initializing schema store with entry: Frontier(CanonicalFqn { catalog: "FINTRACK_DB", schema: "RAW", table: "RAW_BUDGETS" }) and interval: None
11:54:06.130388 [debug]: Initializing schema store with entry: Frontier(CanonicalFqn { catalog: "FINTRACK_DB", schema: "RAW", table: "RAW_CATEGORIES" }) and interval: None
11:54:06.130410 [debug]: Initializing schema store with entry: Frontier(CanonicalFqn { catalog: "FINTRACK_DB", schema: "RAW", table: "RAW_TRANSACTIONS" }) and interval: None
11:54:06.130413 [debug]: Initializing schema store with entry: Frontier(CanonicalFqn { catalog: "FINTRACK_DB", schema: "RAW", table: "RAW_COMPTES" }) and interval: None
11:54:06.199351 [info ]: Started building task graph
11:54:06.199381 [info ]: Finished building task graph [  0.00s]
11:54:06.212163 [info ]: Started scheduling
11:54:06.212229 [info ]: Finished scheduling [  0.00s]
11:54:06.212364 [info ]: 
==================== Execution Summary =====================
Finished 'compile' with 2 warnings for target 'dev' [388ms]
11:54:06.212409 [info ]: 
==================== Execution Summary =====================
Finished 'compile' successfully for target 'dev' [401ms]
11:54:06.214444 [info ]: Cached model count updated: 12 models (accurate)
==================== 2026-09-03T11:54:07.851357Z | d67edef1-5432-4e3b-b61d-b6025baac79e ====================
11:54:07.851450 [info ]: Started loading project
11:54:07.852977 [info ]: Loading ~/.dbt/profiles.yml
11:54:07.896403 [info ]: Cached model count updated: 12 models (estimate)
11:54:07.896433 [info ]: Cached model count updated: 12 models (accurate)
11:54:07.896498 [info ]: Started scheduling
11:54:07.896738 [info ]: Finished scheduling [  0.00s]
11:54:07.896766 [debug]: Compilation - 12 nodes selected: {"model.fintrack_analytics.dim_categories", "model.fintrack_analytics.dim_comptes", "model.fintrack_analytics.fct_transactions", "model.fintrack_analytics.int_transactions_enrichies", "model.fintrack_analytics.mart_budget_vs_reel", "model.fintrack_analytics.mart_solde_mensuel", "model.fintrack_analytics.mart_top_depenses", "model.fintrack_analytics.stg_budgets", "model.fintrack_analytics.stg_categories", "model.fintrack_analytics.stg_comptes", "model.fintrack_analytics.stg_transactions", "snapshot.fintrack_analytics.snapshot_comptes"}
11:54:07.965495 [info ]: Started building task graph
11:54:07.965685 [info ]: Finished building task graph [  0.00s]
11:54:07.974600 [info ]: Started rendering (12 nodes)
11:54:07.974636 [info ]: Started snapshot snapshots.snapshot_comptes
11:54:07.974653 [debug]: Started rendering snapshot snapshots.snapshot_comptes
11:54:07.974708 [info ]: Started model staging_marts.mart_top_depenses
11:54:07.974727 [debug]: Started rendering model staging_marts.mart_top_depenses
11:54:07.974735 [info ]: Finished loading project [  0.12s]
11:54:07.974748 [info ]: Started model staging_marts.mart_solde_mensuel
11:54:07.974761 [debug]: Started rendering model staging_marts.mart_solde_mensuel
11:54:07.974780 [info ]: Started model staging_marts.mart_budget_vs_reel
11:54:07.974793 [debug]: Started rendering model staging_marts.mart_budget_vs_reel
11:54:07.974889 [info ]: Started model staging.stg_budgets
11:54:07.974911 [debug]: Started rendering model staging.stg_budgets
11:54:07.974943 [info ]: Started model staging.int_transactions_enrichies
11:54:07.974958 [debug]: Started rendering model staging.int_transactions_enrichies
11:54:07.974979 [info ]: Started model staging.stg_transactions
11:54:07.974996 [debug]: Started rendering model staging.stg_transactions
11:54:07.975059 [info ]: Started model staging_marts.dim_comptes
11:54:07.975077 [debug]: Started rendering model staging_marts.dim_comptes
11:54:07.975098 [info ]: Started model staging.stg_comptes
11:54:07.975127 [debug]: Started rendering model staging.stg_comptes
11:54:07.975200 [info ]: Started model staging_marts.dim_categories
11:54:07.975219 [debug]: Started rendering model staging_marts.dim_categories
11:54:07.975258 [info ]: Started model staging.stg_categories
11:54:07.975279 [debug]: Started rendering model staging.stg_categories
11:54:07.977426 [debug]: Compiled SQL for node model.fintrack_analytics.mart_solde_mensuel at target\.lsp\compiled\fintrack_analytics\models\marts\mart_solde_mensuel.sql
11:54:07.977605 [debug]: Finished rendering [  0.00s] model staging_marts.mart_solde_mensuel [success]
11:54:07.977648 [info ]: Started analyzing (12 nodes)
11:54:07.977661 [debug]: Started analyzing model staging_marts.mart_solde_mensuel
11:54:07.980325 [debug]: Finished analyzing [  0.00s] model staging_marts.mart_solde_mensuel [success]
11:54:07.980363 [info ]:  Succeeded [  0.00s] model staging_marts.mart_solde_mensuel (table)
11:54:07.981056 [debug]: Compiled SQL for node model.fintrack_analytics.stg_transactions at target\.lsp\compiled\fintrack_analytics\models\staging\stg_transactions.sql
11:54:07.981125 [debug]: Compiled SQL for node model.fintrack_analytics.mart_budget_vs_reel at target\.lsp\compiled\fintrack_analytics\models\marts\mart_budget_vs_reel.sql
11:54:07.981503 [debug]: Finished rendering [  0.01s] model staging.stg_transactions [success]
11:54:07.981543 [debug]: Started analyzing model staging.stg_transactions
11:54:07.981834 [debug]: Compiled SQL for node snapshot.fintrack_analytics.snapshot_comptes at target\.lsp\compiled\fintrack_analytics\snapshots\snapshot_comptes.sql\snapshot_comptes.sql
11:54:07.981894 [debug]: Finished rendering [  0.01s] model staging_marts.mart_budget_vs_reel [success]
11:54:07.981934 [debug]: Started analyzing model staging_marts.mart_budget_vs_reel
11:54:07.982313 [debug]: Finished analyzing [  0.00s] model staging.stg_transactions [success]
11:54:07.982343 [info ]:  Succeeded [  0.01s] model staging.stg_transactions (view)
11:54:07.982463 [debug]: Finished rendering [  0.01s] snapshot snapshots.snapshot_comptes [success]
11:54:07.982537 [debug]: Started analyzing snapshot snapshots.snapshot_comptes
11:54:07.982691 [debug]: Finished analyzing [  0.00s] snapshot snapshots.snapshot_comptes [success]
11:54:07.982714 [info ]:  Succeeded [  0.01s] snapshot snapshots.snapshot_comptes (snapshot)
11:54:07.983332 [debug]: Compiled SQL for node model.fintrack_analytics.int_transactions_enrichies at target\.lsp\compiled\fintrack_analytics\models\intermediate\int_transactions_enrichies.sql
11:54:07.983883 [debug]: Compiled SQL for node model.fintrack_analytics.stg_comptes at target\.lsp\compiled\fintrack_analytics\models\staging\stg_comptes.sql
11:54:07.983961 [debug]: Compiled SQL for node model.fintrack_analytics.dim_categories at target\.lsp\compiled\fintrack_analytics\models\marts\dim_categories.sql
11:54:07.983989 [debug]: Compiled SQL for node model.fintrack_analytics.mart_top_depenses at target\.lsp\compiled\fintrack_analytics\models\marts\mart_top_depenses.sql
11:54:07.984437 [debug]: Compiled SQL for node model.fintrack_analytics.stg_categories at target\.lsp\compiled\fintrack_analytics\models\staging\stg_categories.sql
11:54:07.985618 [debug]: Compiled SQL for node model.fintrack_analytics.stg_budgets at target\.lsp\compiled\fintrack_analytics\models\staging\stg_budgets.sql
11:54:07.985922 [debug]: Finished rendering [  0.01s] model staging.int_transactions_enrichies [success]
11:54:07.985990 [info ]: Started model staging_marts.fct_transactions
11:54:07.986013 [debug]: Started rendering model staging_marts.fct_transactions
11:54:07.986042 [debug]: Started analyzing model staging.int_transactions_enrichies
11:54:07.986072 [debug]: Finished rendering [  0.01s] model staging.stg_comptes [success]
11:54:07.986093 [debug]: Started analyzing model staging.stg_comptes
11:54:07.986112 [debug]: Finished rendering [  0.01s] model staging_marts.dim_categories [success]
11:54:07.986128 [debug]: Started analyzing model staging_marts.dim_categories
11:54:07.986149 [debug]: Finished rendering [  0.01s] model staging_marts.mart_top_depenses [success]
11:54:07.986165 [debug]: Started analyzing model staging_marts.mart_top_depenses
11:54:07.986180 [debug]: Finished rendering [  0.01s] model staging.stg_categories [success]
11:54:07.986192 [debug]: Started analyzing model staging.stg_categories
11:54:07.986208 [debug]: Finished rendering [  0.01s] model staging.stg_budgets [success]
11:54:07.986219 [debug]: Started analyzing model staging.stg_budgets
11:54:07.986364 [debug]: Finished analyzing [  0.00s] model staging_marts.dim_categories [success]
11:54:07.986393 [info ]:  Succeeded [  0.01s] model staging_marts.dim_categories (table)
11:54:07.986432 [debug]: Finished analyzing [  0.00s] model staging.stg_comptes [success]
11:54:07.986450 [info ]:  Succeeded [  0.01s] model staging.stg_comptes (view)
11:54:07.987630 [debug]: Compiled SQL for node model.fintrack_analytics.dim_comptes at target\.lsp\compiled\fintrack_analytics\models\marts\dim_comptes.sql
11:54:07.989004 [debug]: Compiled SQL for node model.fintrack_analytics.fct_transactions at target\.lsp\compiled\fintrack_analytics\models\marts\fct_transactions.sql
11:54:07.989536 [debug]: Finished analyzing [  0.00s] model staging_marts.mart_top_depenses [success]
11:54:07.989581 [info ]:  Succeeded [  0.01s] model staging_marts.mart_top_depenses (table)
11:54:07.989629 [debug]: Finished analyzing [  0.00s] model staging.stg_categories [success]
11:54:07.989648 [info ]:  Succeeded [  0.01s] model staging.stg_categories (view)
11:54:07.989675 [debug]: Finished analyzing [  0.00s] model staging.stg_budgets [success]
11:54:07.989694 [info ]:  Succeeded [  0.01s] model staging.stg_budgets (view)
11:54:07.989720 [debug]: Finished rendering [  0.01s] model staging_marts.dim_comptes [success]
11:54:07.989748 [debug]: Started analyzing model staging_marts.dim_comptes
11:54:07.990090 [debug]: Finished rendering [  0.00s] model staging_marts.fct_transactions [success]
11:54:07.990113 [info ]: Finished rendering [  0.02s] (12 nodes, 0 skipped, 0 errors)
11:54:07.990132 [debug]: Started analyzing model staging_marts.fct_transactions
11:54:07.990203 [debug]: Finished analyzing [  0.00s] model staging_marts.dim_comptes [success]
11:54:07.990228 [info ]:  Succeeded [  0.01s] model staging_marts.dim_comptes (table)
11:54:07.991074 [debug]: Finished analyzing [  0.01s] model staging.int_transactions_enrichies [success]
11:54:07.991146 [info ]:  Succeeded [  0.01s] model staging.int_transactions_enrichies (ephemeral)
11:54:07.993704 [debug]: Finished analyzing [  0.00s] model staging_marts.fct_transactions [success]
11:54:07.993749 [info ]:  Succeeded [  0.01s] model staging_marts.fct_transactions (table)
11:54:07.993871 [debug]: Finished analyzing [  0.01s] model staging_marts.mart_budget_vs_reel [success]
11:54:07.993888 [info ]: Finished analyzing [  0.02s] (12 nodes, 0 skipped, 0 errors)
11:54:07.993904 [info ]:  Succeeded [  0.02s] model staging_marts.mart_budget_vs_reel (table)
11:54:07.998910 [info ]: Started scheduling
11:54:07.998998 [info ]: Finished scheduling [  0.00s]
11:54:07.999129 [info ]: 
==================== Execution Summary =====================
Finished 'compile' successfully for target 'dev' [147ms]
Processed: 11 models | 1 snapshot
Summary: 12 total | 12 success
11:54:07.999508 [info ]: Cached model count updated: 12 models (accurate)
==================== 2026-09-03T11:54:17.462446Z | dc304fff-933a-4be2-ac09-fe415caa787a ====================
11:54:17.462502 [info ]: Started loading project
11:54:17.463229 [info ]: Loading ~/.dbt/profiles.yml
11:54:17.510454 [info ]: Cached model count updated: 12 models (estimate)
11:54:17.510476 [info ]: Cached model count updated: 12 models (accurate)
11:54:17.510519 [info ]: Started scheduling
11:54:17.510609 [info ]: Finished scheduling [  0.00s]
11:54:17.510625 [debug]: Compilation - 0 nodes selected: {}
11:54:17.511022 [warn ]: [NoNodesForSelectionCriteria (dbt1092)]: The selection criterion '+fqn:model.fintrack_analytics.generate_schemas_name' does not match any enabled nodes
11:54:17.511044 [warn ]: [NoNodesSelected (dbt1601)]: Nothing to do. Try checking your model configs and model specification args
11:54:17.573370 [info ]: Started building task graph
11:54:17.573401 [info ]: Finished building task graph [  0.00s]
11:54:17.586673 [info ]: Started scheduling
11:54:17.586774 [info ]: Finished scheduling [  0.00s]
11:54:17.586889 [info ]: Cached model count updated: 12 models (accurate)
11:54:17.586950 [info ]: Finished loading project [  0.12s]
11:54:17.586966 [info ]: 
==================== Execution Summary =====================
Finished 'compile' with 2 warnings for target 'dev' [124ms]
==================== 2026-09-03T11:54:19.223172Z | ee299e16-affb-401c-ad5b-bb0830c01582 ====================
11:54:19.223286 [info ]: Started loading project
11:54:19.224307 [info ]: Loading ~/.dbt/profiles.yml
11:54:19.264242 [info ]: Cached model count updated: 12 models (estimate)
11:54:19.264269 [info ]: Cached model count updated: 12 models (accurate)
11:54:19.264309 [info ]: Started scheduling
11:54:19.264441 [info ]: Finished scheduling [  0.00s]
11:54:19.264461 [debug]: Compilation - 12 nodes selected: {"model.fintrack_analytics.dim_categories", "model.fintrack_analytics.dim_comptes", "model.fintrack_analytics.fct_transactions", "model.fintrack_analytics.int_transactions_enrichies", "model.fintrack_analytics.mart_budget_vs_reel", "model.fintrack_analytics.mart_solde_mensuel", "model.fintrack_analytics.mart_top_depenses", "model.fintrack_analytics.stg_budgets", "model.fintrack_analytics.stg_categories", "model.fintrack_analytics.stg_comptes", "model.fintrack_analytics.stg_transactions", "snapshot.fintrack_analytics.snapshot_comptes"}
11:54:19.324465 [info ]: Started building task graph
11:54:19.324571 [info ]: Finished building task graph [  0.00s]
11:54:19.332717 [info ]: Started rendering (12 nodes)
11:54:19.332761 [info ]: Started snapshot snapshots.snapshot_comptes
11:54:19.332782 [debug]: Started rendering snapshot snapshots.snapshot_comptes
11:54:19.332841 [info ]: Started model staging_marts.mart_top_depenses
11:54:19.332861 [debug]: Started rendering model staging_marts.mart_top_depenses
11:54:19.332878 [info ]: Finished loading project [  0.11s]
11:54:19.332887 [info ]: Started model staging_marts.mart_solde_mensuel
11:54:19.332900 [debug]: Started rendering model staging_marts.mart_solde_mensuel
11:54:19.332934 [info ]: Started model staging_marts.mart_budget_vs_reel
11:54:19.332962 [debug]: Started rendering model staging_marts.mart_budget_vs_reel
11:54:19.333018 [info ]: Started model staging.stg_budgets
11:54:19.333037 [debug]: Started rendering model staging.stg_budgets
11:54:19.333068 [info ]: Started model staging.int_transactions_enrichies
11:54:19.333091 [debug]: Started rendering model staging.int_transactions_enrichies
11:54:19.333141 [info ]: Started model staging.stg_transactions
11:54:19.333175 [debug]: Started rendering model staging.stg_transactions
11:54:19.333224 [info ]: Started model staging_marts.dim_comptes
11:54:19.333253 [debug]: Started rendering model staging_marts.dim_comptes
11:54:19.333435 [info ]: Started model staging.stg_comptes
11:54:19.333478 [debug]: Started rendering model staging.stg_comptes
11:54:19.333617 [info ]: Started model staging_marts.dim_categories
11:54:19.333694 [debug]: Started rendering model staging_marts.dim_categories
11:54:19.333730 [info ]: Started model staging.stg_categories
11:54:19.333748 [debug]: Started rendering model staging.stg_categories
11:54:19.333889 [debug]: Compiled SQL for node snapshot.fintrack_analytics.snapshot_comptes at target\.lsp\compiled\fintrack_analytics\snapshots\snapshot_comptes.sql\snapshot_comptes.sql
11:54:19.334051 [debug]: Compiled SQL for node model.fintrack_analytics.mart_top_depenses at target\.lsp\compiled\fintrack_analytics\models\marts\mart_top_depenses.sql
11:54:19.334118 [debug]: Compiled SQL for node model.fintrack_analytics.mart_solde_mensuel at target\.lsp\compiled\fintrack_analytics\models\marts\mart_solde_mensuel.sql
11:54:19.334158 [debug]: Compiled SQL for node model.fintrack_analytics.mart_budget_vs_reel at target\.lsp\compiled\fintrack_analytics\models\marts\mart_budget_vs_reel.sql
11:54:19.334224 [debug]: Finished rendering [  0.00s] snapshot snapshots.snapshot_comptes [success]
11:54:19.334280 [info ]: Started analyzing (12 nodes)
11:54:19.334300 [debug]: Started analyzing snapshot snapshots.snapshot_comptes
11:54:19.334379 [debug]: Finished rendering [  0.00s] model staging_marts.mart_top_depenses [success]
11:54:19.334422 [debug]: Started analyzing model staging_marts.mart_top_depenses
11:54:19.334459 [debug]: Compiled SQL for node model.fintrack_analytics.int_transactions_enrichies at target\.lsp\compiled\fintrack_analytics\models\intermediate\int_transactions_enrichies.sql
11:54:19.334591 [debug]: Compiled SQL for node model.fintrack_analytics.stg_transactions at target\.lsp\compiled\fintrack_analytics\models\staging\stg_transactions.sql
11:54:19.334669 [debug]: Finished analyzing [  0.00s] snapshot snapshots.snapshot_comptes [success]
11:54:19.334690 [debug]: Compiled SQL for node model.fintrack_analytics.dim_comptes at target\.lsp\compiled\fintrack_analytics\models\marts\dim_comptes.sql
11:54:19.334701 [info ]:  Succeeded [  0.00s] snapshot snapshots.snapshot_comptes (snapshot)
11:54:19.334892 [debug]: Finished rendering [  0.00s] model staging_marts.mart_solde_mensuel [success]
11:54:19.334898 [debug]: Compiled SQL for node model.fintrack_analytics.stg_budgets at target\.lsp\compiled\fintrack_analytics\models\staging\stg_budgets.sql
11:54:19.334936 [debug]: Started analyzing model staging_marts.mart_solde_mensuel
11:54:19.335008 [debug]: Finished analyzing [  0.00s] model staging_marts.mart_top_depenses [success]
11:54:19.335024 [debug]: Compiled SQL for node model.fintrack_analytics.dim_categories at target\.lsp\compiled\fintrack_analytics\models\marts\dim_categories.sql
11:54:19.335038 [info ]:  Succeeded [  0.00s] model staging_marts.mart_top_depenses (table)
11:54:19.335043 [debug]: Compiled SQL for node model.fintrack_analytics.stg_categories at target\.lsp\compiled\fintrack_analytics\models\staging\stg_categories.sql
11:54:19.335074 [debug]: Finished rendering [  0.00s] model staging_marts.mart_budget_vs_reel [success]
11:54:19.335103 [debug]: Started analyzing model staging_marts.mart_budget_vs_reel
11:54:19.335138 [debug]: Finished rendering [  0.00s] model staging.int_transactions_enrichies [success]
11:54:19.335170 [info ]: Started model staging_marts.fct_transactions
11:54:19.335186 [debug]: Started rendering model staging_marts.fct_transactions
11:54:19.335212 [debug]: Started analyzing model staging.int_transactions_enrichies
11:54:19.335238 [debug]: Finished rendering [  0.00s] model staging.stg_transactions [success]
11:54:19.335255 [debug]: Started analyzing model staging.stg_transactions
11:54:19.335278 [debug]: Finished rendering [  0.00s] model staging_marts.dim_comptes [success]
11:54:19.335293 [debug]: Started analyzing model staging_marts.dim_comptes
11:54:19.335306 [debug]: Compiled SQL for node model.fintrack_analytics.stg_comptes at target\.lsp\compiled\fintrack_analytics\models\staging\stg_comptes.sql
11:54:19.335311 [debug]: Finished rendering [  0.00s] model staging.stg_budgets [success]
11:54:19.335325 [debug]: Started analyzing model staging.stg_budgets
11:54:19.335345 [debug]: Finished rendering [  0.00s] model staging.stg_categories [success]
11:54:19.335360 [debug]: Started analyzing model staging.stg_categories
11:54:19.335377 [debug]: Finished rendering [  0.00s] model staging_marts.dim_categories [success]
11:54:19.335447 [debug]: Started analyzing model staging_marts.dim_categories
11:54:19.335478 [debug]: Finished rendering [  0.00s] model staging.stg_comptes [success]
11:54:19.335495 [debug]: Started analyzing model staging.stg_comptes
11:54:19.335675 [debug]: Finished analyzing [  0.00s] model staging_marts.dim_comptes [success]
11:54:19.335694 [info ]:  Succeeded [  0.00s] model staging_marts.dim_comptes (table)
11:54:19.335748 [debug]: Finished analyzing [  0.00s] model staging.stg_budgets [success]
11:54:19.335763 [info ]:  Succeeded [  0.00s] model staging.stg_budgets (view)
11:54:19.335869 [debug]: Finished analyzing [  0.00s] model staging.stg_transactions [success]
11:54:19.335884 [info ]:  Succeeded [  0.00s] model staging.stg_transactions (view)
11:54:19.335907 [debug]: Finished analyzing [  0.00s] model staging.stg_categories [success]
11:54:19.335921 [info ]:  Succeeded [  0.00s] model staging.stg_categories (view)
11:54:19.335947 [debug]: Finished analyzing [  0.00s] model staging_marts.dim_categories [success]
11:54:19.335960 [info ]:  Succeeded [  0.00s] model staging_marts.dim_categories (table)
11:54:19.336040 [debug]: Finished analyzing [  0.00s] model staging.stg_comptes [success]
11:54:19.336057 [info ]:  Succeeded [  0.00s] model staging.stg_comptes (view)
11:54:19.336329 [debug]: Compiled SQL for node model.fintrack_analytics.fct_transactions at target\.lsp\compiled\fintrack_analytics\models\marts\fct_transactions.sql
11:54:19.336412 [debug]: Finished rendering [  0.00s] model staging_marts.fct_transactions [success]
11:54:19.336437 [info ]: Finished rendering [  0.00s] (12 nodes, 0 skipped, 0 errors)
11:54:19.336460 [debug]: Started analyzing model staging_marts.fct_transactions
11:54:19.336931 [debug]: Finished analyzing [  0.00s] model staging_marts.mart_solde_mensuel [success]
11:54:19.336952 [info ]:  Succeeded [  0.00s] model staging_marts.mart_solde_mensuel (table)
11:54:19.337148 [debug]: Finished analyzing [  0.00s] model staging.int_transactions_enrichies [success]
11:54:19.337165 [info ]:  Succeeded [  0.00s] model staging.int_transactions_enrichies (ephemeral)
11:54:19.338137 [debug]: Finished analyzing [  0.00s] model staging_marts.fct_transactions [success]
11:54:19.338174 [info ]:  Succeeded [  0.00s] model staging_marts.fct_transactions (table)
11:54:19.339411 [debug]: Finished analyzing [  0.00s] model staging_marts.mart_budget_vs_reel [success]
11:54:19.339430 [info ]: Finished analyzing [  0.01s] (12 nodes, 0 skipped, 0 errors)
11:54:19.339440 [info ]:  Succeeded [  0.01s] model staging_marts.mart_budget_vs_reel (table)
11:54:19.342791 [info ]: Started scheduling
11:54:19.342887 [info ]: Finished scheduling [  0.00s]
11:54:19.343048 [info ]: 
==================== Execution Summary =====================
Finished 'compile' successfully for target 'dev' [119ms]
Processed: 11 models | 1 snapshot
Summary: 12 total | 12 success
11:54:19.343356 [info ]: Cached model count updated: 12 models (accurate)
==================== 2026-09-03T11:54:22.782028Z | 3b501304-3b60-475c-b5bd-560d73079a7a ====================
11:54:22.782108 [info ]: Started loading project
11:54:22.782810 [info ]: Loading ~/.dbt/profiles.yml
11:54:22.793384 [info ]: Started parsing
11:54:22.848070 [info ]: Finished loading project [  0.07s]
11:54:22.857628 [debug]: Finished parsing snapshots\snapshot_comptes.sql [  0.00s]
11:54:22.860528 [debug]: Finished parsing models/macros/generate_schemas_name.sql [  0.00s]
11:54:23.063962 [info ]: Finished parsing [  0.27s]
11:54:23.069826 [info ]: 
==================== Execution Summary =====================
Finished 'compile' successfully for target 'dev' [287ms]
11:54:23.069910 [info ]: Cached model count updated: 12 models (accurate)
==================== 2026-09-03T11:54:23.129359Z | 3aad7ff6-4e40-4304-a09b-831a4bce43fe ====================
11:54:23.129405 [info ]: 
==================== Execution Summary =====================
Finished 'compile' successfully [46us]
11:54:23.129462 [info ]: Cached model count updated: 12 models (accurate)
==================== 2026-09-03T11:54:23.228248Z | 9656151f-de34-43c6-8a46-b662ae0f0d23 ====================
11:54:23.228329 [info ]: Started loading project
11:54:23.229250 [info ]: Loading ~/.dbt/profiles.yml
11:54:23.247015 [info ]: Started parsing
11:54:23.341039 [info ]: Finished loading project [  0.11s]
11:54:23.352139 [info ]: Finished parsing [  0.11s]
11:54:23.353082 [info ]: 
==================== Execution Summary =====================
Finished 'compile' successfully for target 'dev' [124ms]
11:54:23.353165 [info ]: Cached model count updated: 12 models (accurate)
==================== 2026-09-03T11:54:23.408551Z | ea8b5583-81ec-4dc3-b2ba-fab9ff9753bb ====================
11:54:23.408600 [info ]: Started loading project
11:54:23.409308 [info ]: Loading ~/.dbt/profiles.yml
11:54:23.422131 [info ]: Started parsing
11:54:23.476961 [info ]: Finished loading project [  0.07s]
11:54:23.483046 [debug]: Finished parsing snapshots\snapshot_comptes.sql [  0.00s]
11:54:23.484716 [debug]: Finished parsing models/macros/generate_schemas_name.sql [  0.00s]
11:54:23.667721 [info ]: Finished parsing [  0.25s]
11:54:23.673269 [info ]: 
==================== Execution Summary =====================
Finished 'compile' successfully for target 'dev' [264ms]
11:54:23.673345 [info ]: Cached model count updated: 12 models (accurate)
==================== 2026-09-03T11:54:23.717552Z | b7edaf1a-2e46-4f26-a653-cfcf2d35ad2a ====================
11:54:23.717634 [info ]: Started loading project
11:54:23.718498 [info ]: Loading ~/.dbt/profiles.yml
11:54:23.732417 [info ]: Started parsing
11:54:23.784951 [info ]: Finished loading project [  0.07s]
11:54:23.792102 [info ]: Finished parsing [  0.06s]
11:54:23.792882 [info ]: 
==================== Execution Summary =====================
Finished 'compile' successfully for target 'dev' [75ms]
11:54:23.792950 [info ]: Cached model count updated: 12 models (accurate)
==================== 2026-09-03T11:54:23.840313Z | 636baa49-6559-4a49-9ddb-adef3c4e446b ====================
11:54:23.840425 [info ]: Started loading project
11:54:23.841222 [info ]: Loading ~/.dbt/profiles.yml
11:54:23.852805 [info ]: Started parsing
11:54:23.904181 [info ]: Finished loading project [  0.06s]
11:54:23.910767 [debug]: Finished parsing snapshots\snapshot_comptes.sql [  0.00s]
11:54:23.912847 [debug]: Finished parsing models/macros/generate_schemas_name.sql [  0.00s]
11:54:24.120389 [info ]: Finished parsing [  0.27s]
11:54:24.123295 [info ]: Cached model count updated: 12 models (estimate)
11:54:24.123311 [info ]: Cached model count updated: 12 models (accurate)
11:54:24.123347 [info ]: Started scheduling
11:54:24.123433 [info ]: Finished scheduling [  0.00s]
11:54:24.123447 [debug]: Compilation - 1 nodes selected: {"model.fintrack_analytics.generate_schemas_name"}
11:54:24.178335 [info ]: Started building task graph
11:54:24.178378 [info ]: Finished building task graph [  0.00s]
11:54:24.186824 [info ]: Started rendering (1 nodes)
11:54:24.186852 [info ]: Started model staging.generate_schemas_name
11:54:24.186863 [debug]: Started rendering model staging.generate_schemas_name
11:54:24.188796 [debug]: Compiled SQL for node model.fintrack_analytics.generate_schemas_name at target\.lsp\compiled\fintrack_analytics\models\macros\generate_schemas_name.sql
11:54:24.188953 [debug]: Finished rendering [  0.00s] model staging.generate_schemas_name [success]
11:54:24.188974 [info ]: Finished rendering [  0.00s] (1 nodes, 0 skipped, 0 errors)
11:54:24.188992 [info ]: Started analyzing (1 nodes)
11:54:24.188999 [debug]: Started analyzing model staging.generate_schemas_name
11:54:24.192371 [debug]: Finished analyzing [  0.00s] model staging.generate_schemas_name [success]
11:54:24.192412 [info ]: Finished analyzing [  0.00s] (1 nodes, 0 skipped, 0 errors)
11:54:24.192422 [info ]:  Succeeded [  0.01s] model staging.generate_schemas_name (view)
11:54:24.195847 [info ]: Started scheduling
11:54:24.195985 [info ]: Finished scheduling [  0.00s]
11:54:24.196597 [info ]: 
==================== Execution Summary =====================
Finished 'compile' successfully for target 'dev' [356ms]
Processed: 1 model
Summary: 1 total | 1 success
11:54:24.196695 [info ]: Cached model count updated: 12 models (accurate)
==================== 2026-09-03T11:54:25.873717Z | ca71f16c-215a-4211-8ffa-523c7c1f39ee ====================
11:54:25.873953 [info ]: Started loading project
11:54:25.877332 [info ]: Loading ~/.dbt/profiles.yml
11:54:25.970426 [info ]: Cached model count updated: 12 models (estimate)
11:54:25.970453 [info ]: Cached model count updated: 12 models (accurate)
11:54:25.970501 [info ]: Started scheduling
11:54:25.970665 [info ]: Finished scheduling [  0.00s]
11:54:25.970689 [debug]: Compilation - 13 nodes selected: {"model.fintrack_analytics.dim_categories", "model.fintrack_analytics.dim_comptes", "model.fintrack_analytics.fct_transactions", "model.fintrack_analytics.generate_schemas_name", "model.fintrack_analytics.int_transactions_enrichies", "model.fintrack_analytics.mart_budget_vs_reel", "model.fintrack_analytics.mart_solde_mensuel", "model.fintrack_analytics.mart_top_depenses", "model.fintrack_analytics.stg_budgets", "model.fintrack_analytics.stg_categories", "model.fintrack_analytics.stg_comptes", "model.fintrack_analytics.stg_transactions", "snapshot.fintrack_analytics.snapshot_comptes"}
11:54:26.028862 [info ]: Started building task graph
11:54:26.028987 [info ]: Finished building task graph [  0.00s]
11:54:26.038499 [info ]: Started rendering (13 nodes)
11:54:26.038528 [info ]: Started snapshot snapshots.snapshot_comptes
11:54:26.038539 [debug]: Started rendering snapshot snapshots.snapshot_comptes
11:54:26.038565 [info ]: Started model staging_marts.mart_top_depenses
11:54:26.038572 [debug]: Started rendering model staging_marts.mart_top_depenses
11:54:26.038583 [info ]: Started model staging_marts.mart_solde_mensuel
11:54:26.038588 [debug]: Started rendering model staging_marts.mart_solde_mensuel
11:54:26.038605 [info ]: Started model staging_marts.mart_budget_vs_reel
11:54:26.038611 [debug]: Started rendering model staging_marts.mart_budget_vs_reel
11:54:26.038621 [info ]: Started model staging.stg_budgets
11:54:26.038633 [debug]: Started rendering model staging.stg_budgets
11:54:26.038636 [info ]: Finished loading project [  0.16s]
11:54:26.038656 [info ]: Started model staging.generate_schemas_name
11:54:26.038676 [debug]: Started rendering model staging.generate_schemas_name
11:54:26.038780 [info ]: Started model staging.int_transactions_enrichies
11:54:26.038949 [debug]: Started rendering model staging.int_transactions_enrichies
11:54:26.039000 [info ]: Started model staging.stg_transactions
11:54:26.039017 [debug]: Started rendering model staging.stg_transactions
11:54:26.039043 [info ]: Started model staging_marts.dim_comptes
11:54:26.039053 [debug]: Started rendering model staging_marts.dim_comptes
11:54:26.039070 [info ]: Started model staging.stg_comptes
11:54:26.039081 [debug]: Started rendering model staging.stg_comptes
11:54:26.039098 [info ]: Started model staging_marts.dim_categories
11:54:26.039101 [debug]: Compiled SQL for node snapshot.fintrack_analytics.snapshot_comptes at target\.lsp\compiled\fintrack_analytics\snapshots\snapshot_comptes.sql\snapshot_comptes.sql
11:54:26.039109 [debug]: Started rendering model staging_marts.dim_categories
11:54:26.039126 [info ]: Started model staging.stg_categories
11:54:26.039129 [debug]: Compiled SQL for node model.fintrack_analytics.stg_budgets at target\.lsp\compiled\fintrack_analytics\models\staging\stg_budgets.sql
11:54:26.039136 [debug]: Started rendering model staging.stg_categories
11:54:26.039140 [debug]: Compiled SQL for node model.fintrack_analytics.mart_solde_mensuel at target\.lsp\compiled\fintrack_analytics\models\marts\mart_solde_mensuel.sql
11:54:26.039162 [debug]: Compiled SQL for node model.fintrack_analytics.mart_top_depenses at target\.lsp\compiled\fintrack_analytics\models\marts\mart_top_depenses.sql
11:54:26.039177 [debug]: Compiled SQL for node model.fintrack_analytics.mart_budget_vs_reel at target\.lsp\compiled\fintrack_analytics\models\marts\mart_budget_vs_reel.sql
11:54:26.039179 [debug]: Compiled SQL for node model.fintrack_analytics.generate_schemas_name at target\.lsp\compiled\fintrack_analytics\models\macros\generate_schemas_name.sql
11:54:26.039197 [debug]: Finished rendering [  0.00s] snapshot snapshots.snapshot_comptes [success]
11:54:26.039236 [info ]: Started analyzing (13 nodes)
11:54:26.039253 [debug]: Started analyzing snapshot snapshots.snapshot_comptes
11:54:26.039277 [debug]: Finished rendering [  0.00s] model staging.stg_budgets [success]
11:54:26.039305 [debug]: Started analyzing model staging.stg_budgets
11:54:26.039329 [debug]: Finished rendering [  0.00s] model staging_marts.mart_solde_mensuel [success]
11:54:26.039347 [debug]: Started analyzing model staging_marts.mart_solde_mensuel
11:54:26.039376 [debug]: Finished rendering [  0.00s] model staging_marts.mart_top_depenses [success]
11:54:26.039400 [debug]: Started analyzing model staging_marts.mart_top_depenses
11:54:26.039422 [debug]: Finished rendering [  0.00s] model staging.generate_schemas_name [success]
11:54:26.039447 [debug]: Started analyzing model staging.generate_schemas_name
11:54:26.039472 [debug]: Finished rendering [  0.00s] model staging_marts.mart_budget_vs_reel [success]
11:54:26.039575 [debug]: Started analyzing model staging_marts.mart_budget_vs_reel
11:54:26.039699 [debug]: Compiled SQL for node model.fintrack_analytics.dim_categories at target\.lsp\compiled\fintrack_analytics\models\marts\dim_categories.sql
11:54:26.039702 [debug]: Compiled SQL for node model.fintrack_analytics.int_transactions_enrichies at target\.lsp\compiled\fintrack_analytics\models\intermediate\int_transactions_enrichies.sql
11:54:26.039705 [debug]: Compiled SQL for node model.fintrack_analytics.stg_categories at target\.lsp\compiled\fintrack_analytics\models\staging\stg_categories.sql
11:54:26.039732 [debug]: Compiled SQL for node model.fintrack_analytics.dim_comptes at target\.lsp\compiled\fintrack_analytics\models\marts\dim_comptes.sql
11:54:26.039829 [debug]: Finished analyzing [  0.00s] snapshot snapshots.snapshot_comptes [success]
11:54:26.039856 [info ]:  Succeeded [-------] snapshot snapshots.snapshot_comptes (snapshot)
11:54:26.039888 [debug]: Finished analyzing [  0.00s] model staging.stg_budgets [success]
11:54:26.039906 [info ]:  Succeeded [-------] model staging.stg_budgets (view)
11:54:26.039940 [debug]: Finished rendering [  0.00s] model staging.stg_categories [success]
11:54:26.039962 [debug]: Started analyzing model staging.stg_categories
11:54:26.039987 [debug]: Finished rendering [  0.00s] model staging.int_transactions_enrichies [success]
11:54:26.040006 [debug]: Started analyzing model staging.int_transactions_enrichies
11:54:26.040030 [info ]: Started model staging_marts.fct_transactions
11:54:26.040044 [debug]: Started rendering model staging_marts.fct_transactions
11:54:26.040063 [debug]: Finished rendering [  0.00s] model staging_marts.dim_categories [success]
11:54:26.040077 [debug]: Started analyzing model staging_marts.dim_categories
11:54:26.040086 [debug]: Compiled SQL for node model.fintrack_analytics.stg_transactions at target\.lsp\compiled\fintrack_analytics\models\staging\stg_transactions.sql
11:54:26.040089 [debug]: Compiled SQL for node model.fintrack_analytics.stg_comptes at target\.lsp\compiled\fintrack_analytics\models\staging\stg_comptes.sql
11:54:26.040098 [debug]: Finished rendering [  0.00s] model staging_marts.dim_comptes [success]
11:54:26.040111 [debug]: Started analyzing model staging_marts.dim_comptes
11:54:26.040171 [debug]: Finished rendering [  0.00s] model staging.stg_comptes [success]
11:54:26.040200 [debug]: Started analyzing model staging.stg_comptes
11:54:26.040225 [debug]: Finished rendering [  0.00s] model staging.stg_transactions [success]
11:54:26.040243 [debug]: Started analyzing model staging.stg_transactions
11:54:26.040578 [debug]: Finished analyzing [  0.00s] model staging.generate_schemas_name [success]
11:54:26.040598 [info ]:  Succeeded [  0.00s] model staging.generate_schemas_name (view)
11:54:26.040628 [debug]: Finished analyzing [  0.00s] model staging.stg_categories [success]
11:54:26.040642 [info ]:  Succeeded [-------] model staging.stg_categories (view)
11:54:26.040666 [debug]: Finished analyzing [  0.00s] model staging_marts.dim_categories [success]
11:54:26.040680 [info ]:  Succeeded [-------] model staging_marts.dim_categories (table)
11:54:26.040703 [debug]: Finished analyzing [  0.00s] model staging_marts.dim_comptes [success]
11:54:26.040717 [info ]:  Succeeded [  0.00s] model staging_marts.dim_comptes (table)
11:54:26.040739 [debug]: Finished analyzing [  0.00s] model staging.stg_comptes [success]
11:54:26.040752 [info ]:  Succeeded [  0.00s] model staging.stg_comptes (view)
11:54:26.040971 [debug]: Compiled SQL for node model.fintrack_analytics.fct_transactions at target\.lsp\compiled\fintrack_analytics\models\marts\fct_transactions.sql
11:54:26.041075 [debug]: Finished rendering [  0.00s] model staging_marts.fct_transactions [success]
11:54:26.041115 [info ]: Finished rendering [  0.00s] (13 nodes, 0 skipped, 0 errors)
11:54:26.041141 [debug]: Started analyzing model staging_marts.fct_transactions
11:54:26.041174 [debug]: Finished analyzing [  0.00s] model staging.stg_transactions [success]
11:54:26.041193 [info ]:  Succeeded [  0.00s] model staging.stg_transactions (view)
11:54:26.041428 [debug]: Finished analyzing [  0.00s] model staging_marts.mart_top_depenses [success]
11:54:26.041458 [info ]:  Succeeded [  0.00s] model staging_marts.mart_top_depenses (table)
11:54:26.041703 [debug]: Finished analyzing [  0.00s] model staging_marts.mart_solde_mensuel [success]
11:54:26.041729 [info ]:  Succeeded [  0.00s] model staging_marts.mart_solde_mensuel (table)
11:54:26.042334 [debug]: Finished analyzing [  0.00s] model staging.int_transactions_enrichies [success]
11:54:26.042352 [info ]:  Succeeded [  0.00s] model staging.int_transactions_enrichies (ephemeral)
11:54:26.043308 [debug]: Finished analyzing [  0.00s] model staging_marts.fct_transactions [success]
11:54:26.043333 [info ]:  Succeeded [  0.00s] model staging_marts.fct_transactions (table)
11:54:26.044062 [debug]: Finished analyzing [  0.00s] model staging_marts.mart_budget_vs_reel [success]
11:54:26.044082 [info ]: Finished analyzing [  0.00s] (13 nodes, 0 skipped, 0 errors)
11:54:26.044090 [info ]:  Succeeded [  0.00s] model staging_marts.mart_budget_vs_reel (table)
11:54:26.048046 [info ]: Started scheduling
11:54:26.048132 [info ]: Finished scheduling [  0.00s]
11:54:26.048267 [info ]: 
==================== Execution Summary =====================
Finished 'compile' successfully for target 'dev' [174ms]
Processed: 12 models | 1 snapshot
Summary: 13 total | 13 success
11:54:26.048703 [info ]: Cached model count updated: 12 models (accurate)
==================== 2026-09-03T11:59:43.445441Z | 45faa69e-5897-40b2-9aaf-6a9dfc8c714e ====================
11:59:43.445509 [info ]: Started loading project
11:59:43.446227 [info ]: Loading ~/.dbt/profiles.yml
==================== 2026-09-03T11:59:43.456043Z | 01571e35-c27a-40aa-a9b1-f1742b9f7b8f ====================
11:59:43.456120 [info ]: Started loading project
11:59:43.456806 [info ]: Loading ~/.dbt/profiles.yml
11:59:43.456928 [info ]: Finished loading project [  0.01s]
11:59:43.464406 [info ]: Loading packages.yml
11:59:43.464608 [debug]:    Started loading packages
11:59:43.479209 [debug]:     Loaded [  0.01s] packages
11:59:43.479992 [info ]: Finished loading project [  0.02s]
11:59:43.480298 [info ]: Started parsing
11:59:43.527262 [debug]: Finished parsing models/marts/_marts_schema.yml [  0.00s]
11:59:43.527654 [debug]: Finished parsing models/staging/_stg_schema.yml [  0.00s]
11:59:43.527940 [debug]: Finished parsing models/staging/_stg_sources.yml [  0.00s]
11:59:43.531127 [debug]: Finished parsing snapshots\snapshot_comptes.sql [  0.00s]
11:59:43.532869 [debug]: Finished parsing models/intermediate/int_transactions_enrichies.sql [  0.00s]
11:59:43.533824 [debug]: Finished parsing models/macros/generate_schemas_name.sql [  0.00s]
11:59:43.534436 [debug]: Finished parsing models/marts/dim_categories.sql [  0.00s]
11:59:43.535301 [debug]: Finished parsing models/marts/dim_comptes.sql [  0.00s]
11:59:43.535915 [debug]: Finished parsing models/marts/fct_transactions.sql [  0.00s]
11:59:43.536525 [debug]: Finished parsing models/marts/mart_budget_vs_reel.sql [  0.00s]
11:59:43.537177 [debug]: Finished parsing models/marts/mart_solde_mensuel.sql [  0.00s]
11:59:43.537764 [debug]: Finished parsing models/marts/mart_top_depenses.sql [  0.00s]
11:59:43.538378 [debug]: Finished parsing models/staging/stg_budgets.sql [  0.00s]
11:59:43.539033 [debug]: Finished parsing models/staging/stg_categories.sql [  0.00s]
11:59:43.539697 [debug]: Finished parsing models/staging/stg_comptes.sql [  0.00s]
11:59:43.540347 [debug]: Finished parsing models/staging/stg_transactions.sql [  0.00s]
11:59:43.549024 [debug]: Finished parsing tests/assert_solde_mensuel_positif.sql [  0.00s]
11:59:43.728170 [info ]: Finished parsing [  0.25s]
11:59:43.733074 [info ]: 
==================== Execution Summary =====================
Finished 'compile' successfully for target 'dev' [277ms]
11:59:43.733150 [info ]: 
==================== Execution Summary =====================
Finished 'compile' successfully for target 'dev' [287ms]
==================== 2026-09-03T11:59:43.794259Z | fbf4cc40-e6a2-43f8-b3cb-8e2f77ae2c60 ====================
11:59:43.794431 [info ]: Started loading project
11:59:43.795262 [info ]: Loading ~/.dbt/profiles.yml
11:59:43.801471 [info ]: Loading packages.yml
11:59:43.801638 [debug]:    Started loading packages
11:59:43.801889 [debug]:     Failed [  0.00s] packages (error: Operation cancelled)
11:59:43.802035 [info ]: Finished loading project [  0.01s]
11:59:43.802095 [info ]: 
==================== Execution Summary =====================
Finished 'compile' successfully [7ms]
==================== 2026-09-03T11:59:43.855297Z | f175fcda-3726-48f8-bfcd-a0dc806272da ====================
11:59:43.855413 [info ]: Started loading project
11:59:43.856344 [info ]: Loading ~/.dbt/profiles.yml
11:59:43.863765 [info ]: Loading packages.yml
11:59:43.863911 [debug]:    Started loading packages
11:59:43.878421 [debug]:     Loaded [  0.01s] packages
11:59:43.879262 [info ]: Finished loading project [  0.02s]
11:59:43.879586 [info ]: Started parsing
11:59:43.930820 [debug]: Finished parsing models/marts/_marts_schema.yml [  0.00s]
11:59:43.931219 [debug]: Finished parsing models/staging/_stg_schema.yml [  0.00s]
11:59:43.931486 [debug]: Finished parsing models/staging/_stg_sources.yml [  0.00s]
11:59:43.934380 [debug]: Finished parsing snapshots\snapshot_comptes.sql [  0.00s]
11:59:43.936664 [debug]: Finished parsing models/intermediate/int_transactions_enrichies.sql [  0.00s]
11:59:43.938075 [debug]: Finished parsing models/macros/generate_schemas_name.sql [  0.00s]
11:59:43.938908 [debug]: Finished parsing models/marts/dim_categories.sql [  0.00s]
11:59:43.939775 [debug]: Finished parsing models/marts/dim_comptes.sql [  0.00s]
11:59:43.940417 [debug]: Finished parsing models/marts/fct_transactions.sql [  0.00s]
11:59:43.941017 [debug]: Finished parsing models/marts/mart_budget_vs_reel.sql [  0.00s]
11:59:43.941640 [debug]: Finished parsing models/marts/mart_solde_mensuel.sql [  0.00s]
11:59:43.942196 [debug]: Finished parsing models/marts/mart_top_depenses.sql [  0.00s]
11:59:43.942904 [debug]: Finished parsing models/staging/stg_budgets.sql [  0.00s]
11:59:43.943579 [debug]: Finished parsing models/staging/stg_categories.sql [  0.00s]
11:59:43.944157 [debug]: Finished parsing models/staging/stg_comptes.sql [  0.00s]
11:59:43.944963 [debug]: Finished parsing models/staging/stg_transactions.sql [  0.00s]
11:59:43.956869 [debug]: Finished parsing tests/assert_solde_mensuel_positif.sql [  0.00s]
11:59:44.152685 [info ]: Finished parsing [  0.27s]
11:59:44.154175 [info ]: Cached model count updated: 12 models (estimate)
11:59:44.154190 [info ]: Cached model count updated: 12 models (accurate)
11:59:44.154228 [info ]: Started scheduling
11:59:44.154280 [info ]: Finished scheduling [  0.00s]
11:59:44.154293 [debug]: Compilation - 0 nodes selected: {}
11:59:44.154322 [warn ]: [NoNodesForSelectionCriteria (dbt1092)]: The selection criterion '' does not match any enabled nodes
11:59:44.154334 [warn ]: [NoNodesSelected (dbt1601)]: Nothing to do. Try checking your model configs and model specification args
11:59:44.154343 [info ]: Started scheduling
11:59:44.154456 [info ]: Finished scheduling [  0.00s]
11:59:44.155675 [debug]: Initializing schema store with entry: Frontier(CanonicalFqn { catalog: "FINTRACK_DB", schema: "RAW", table: "RAW_TRANSACTIONS" }) and interval: None
11:59:44.155702 [debug]: Initializing schema store with entry: Frontier(CanonicalFqn { catalog: "FINTRACK_DB", schema: "RAW", table: "RAW_COMPTES" }) and interval: None
11:59:44.155707 [debug]: Initializing schema store with entry: Frontier(CanonicalFqn { catalog: "FINTRACK_DB", schema: "RAW", table: "RAW_BUDGETS" }) and interval: None
11:59:44.155711 [debug]: Initializing schema store with entry: Frontier(CanonicalFqn { catalog: "FINTRACK_DB", schema: "RAW", table: "RAW_CATEGORIES" }) and interval: None
11:59:44.215858 [info ]: Started building task graph
11:59:44.215891 [info ]: Finished building task graph [  0.00s]
11:59:44.228561 [info ]: Started scheduling
11:59:44.228632 [info ]: Finished scheduling [  0.00s]
11:59:44.228769 [info ]: 
==================== Execution Summary =====================
Finished 'compile' with 2 warnings for target 'dev' [373ms]
11:59:44.228869 [info ]: Cached model count updated: 12 models (accurate)
11:59:44.350991 [info ]: Loading ~/.dbt/profiles.yml
==================== 2026-09-03T11:59:45.896692Z | 447edb31-b8cf-4681-bd2b-21add6217c4c ====================
11:59:45.896773 [info ]: Started loading project
11:59:45.897479 [info ]: Loading ~/.dbt/profiles.yml
11:59:45.932034 [info ]: Cached model count updated: 12 models (estimate)
11:59:45.932056 [info ]: Cached model count updated: 12 models (accurate)
11:59:45.932095 [info ]: Started scheduling
11:59:45.932231 [info ]: Finished scheduling [  0.00s]
11:59:45.932251 [debug]: Compilation - 13 nodes selected: {"model.fintrack_analytics.dim_categories", "model.fintrack_analytics.dim_comptes", "model.fintrack_analytics.fct_transactions", "model.fintrack_analytics.generate_schemas_name", "model.fintrack_analytics.int_transactions_enrichies", "model.fintrack_analytics.mart_budget_vs_reel", "model.fintrack_analytics.mart_solde_mensuel", "model.fintrack_analytics.mart_top_depenses", "model.fintrack_analytics.stg_budgets", "model.fintrack_analytics.stg_categories", "model.fintrack_analytics.stg_comptes", "model.fintrack_analytics.stg_transactions", "snapshot.fintrack_analytics.snapshot_comptes"}
11:59:45.990627 [info ]: Started building task graph
11:59:45.990756 [info ]: Finished building task graph [  0.00s]
11:59:45.998703 [info ]: Started rendering (13 nodes)
11:59:45.998730 [info ]: Started snapshot snapshots.snapshot_comptes
11:59:45.998742 [debug]: Started rendering snapshot snapshots.snapshot_comptes
11:59:45.998787 [info ]: Started model staging_marts.mart_top_depenses
11:59:45.998795 [debug]: Started rendering model staging_marts.mart_top_depenses
11:59:45.998807 [info ]: Started model staging_marts.mart_solde_mensuel
11:59:45.998813 [debug]: Started rendering model staging_marts.mart_solde_mensuel
11:59:45.998822 [info ]: Started model staging_marts.mart_budget_vs_reel
11:59:45.998828 [debug]: Started rendering model staging_marts.mart_budget_vs_reel
11:59:45.998839 [info ]: Started model staging.stg_budgets
11:59:45.998854 [debug]: Started rendering model staging.stg_budgets
11:59:45.998860 [info ]: Finished loading project [  0.10s]
11:59:45.998877 [info ]: Started model staging.generate_schemas_name
11:59:45.998891 [debug]: Started rendering model staging.generate_schemas_name
11:59:45.998911 [info ]: Started model staging.int_transactions_enrichies
11:59:45.998934 [debug]: Started rendering model staging.int_transactions_enrichies
11:59:45.998954 [info ]: Started model staging.stg_transactions
11:59:45.998972 [debug]: Started rendering model staging.stg_transactions
11:59:45.998992 [info ]: Started model staging_marts.dim_comptes
11:59:45.999006 [debug]: Started rendering model staging_marts.dim_comptes
11:59:45.999022 [info ]: Started model staging.stg_comptes
11:59:45.999043 [debug]: Started rendering model staging.stg_comptes
11:59:45.999063 [info ]: Started model staging_marts.dim_categories
11:59:45.999089 [debug]: Started rendering model staging_marts.dim_categories
11:59:45.999126 [info ]: Started model staging.stg_categories
11:59:45.999146 [debug]: Started rendering model staging.stg_categories
11:59:46.001270 [debug]: Compiled SQL for node snapshot.fintrack_analytics.snapshot_comptes at target\.lsp\compiled\fintrack_analytics\snapshots\snapshot_comptes.sql\snapshot_comptes.sql
11:59:46.001440 [debug]: Finished rendering [  0.00s] snapshot snapshots.snapshot_comptes [success]
11:59:46.001501 [info ]: Started analyzing (13 nodes)
11:59:46.001515 [debug]: Started analyzing snapshot snapshots.snapshot_comptes
11:59:46.001883 [debug]: Finished analyzing [  0.00s] snapshot snapshots.snapshot_comptes [success]
11:59:46.001910 [info ]:  Succeeded [  0.00s] snapshot snapshots.snapshot_comptes (snapshot)
11:59:46.002245 [debug]: Compiled SQL for node model.fintrack_analytics.mart_top_depenses at target\.lsp\compiled\fintrack_analytics\models\marts\mart_top_depenses.sql
11:59:46.002887 [debug]: Finished rendering [  0.00s] model staging_marts.mart_top_depenses [success]
11:59:46.002936 [debug]: Started analyzing model staging_marts.mart_top_depenses
11:59:46.003541 [debug]: Finished analyzing [  0.00s] model staging_marts.mart_top_depenses [success]
11:59:46.003570 [info ]:  Succeeded [  0.00s] model staging_marts.mart_top_depenses (table)
11:59:46.004276 [debug]: Compiled SQL for node model.fintrack_analytics.int_transactions_enrichies at target\.lsp\compiled\fintrack_analytics\models\intermediate\int_transactions_enrichies.sql
11:59:46.004273 [debug]: Compiled SQL for node model.fintrack_analytics.stg_categories at target\.lsp\compiled\fintrack_analytics\models\staging\stg_categories.sql
11:59:46.004457 [debug]: Finished rendering [  0.01s] model staging.int_transactions_enrichies [success]
11:59:46.004507 [info ]: Started model staging_marts.fct_transactions
11:59:46.004526 [debug]: Started rendering model staging_marts.fct_transactions
11:59:46.004555 [debug]: Started analyzing model staging.int_transactions_enrichies
11:59:46.004584 [debug]: Finished rendering [  0.01s] model staging.stg_categories [success]
11:59:46.004608 [debug]: Started analyzing model staging.stg_categories
11:59:46.004755 [debug]: Compiled SQL for node model.fintrack_analytics.mart_budget_vs_reel at target\.lsp\compiled\fintrack_analytics\models\marts\mart_budget_vs_reel.sql
11:59:46.004874 [debug]: Finished rendering [  0.01s] model staging_marts.mart_budget_vs_reel [success]
11:59:46.004909 [debug]: Started analyzing model staging_marts.mart_budget_vs_reel
11:59:46.004919 [debug]: Compiled SQL for node model.fintrack_analytics.dim_categories at target\.lsp\compiled\fintrack_analytics\models\marts\dim_categories.sql
11:59:46.005238 [debug]: Compiled SQL for node model.fintrack_analytics.mart_solde_mensuel at target\.lsp\compiled\fintrack_analytics\models\marts\mart_solde_mensuel.sql
11:59:46.006007 [debug]: Finished rendering [  0.01s] model staging_marts.dim_categories [success]
11:59:46.006050 [debug]: Started analyzing model staging_marts.dim_categories
11:59:46.006088 [debug]: Finished rendering [  0.01s] model staging_marts.mart_solde_mensuel [success]
11:59:46.006106 [debug]: Started analyzing model staging_marts.mart_solde_mensuel
11:59:46.006275 [debug]: Finished analyzing [  0.00s] model staging.stg_categories [success]
11:59:46.006303 [info ]:  Succeeded [  0.01s] model staging.stg_categories (view)
11:59:46.006333 [debug]: Finished analyzing [  0.00s] model staging_marts.dim_categories [success]
11:59:46.006346 [info ]:  Succeeded [  0.01s] model staging_marts.dim_categories (table)
11:59:46.007314 [debug]: Finished analyzing [  0.00s] model staging.int_transactions_enrichies [success]
11:59:46.007347 [info ]:  Succeeded [  0.01s] model staging.int_transactions_enrichies (ephemeral)
11:59:46.007789 [debug]: Compiled SQL for node model.fintrack_analytics.stg_transactions at target\.lsp\compiled\fintrack_analytics\models\staging\stg_transactions.sql
11:59:46.007874 [debug]: Compiled SQL for node model.fintrack_analytics.stg_budgets at target\.lsp\compiled\fintrack_analytics\models\staging\stg_budgets.sql
11:59:46.008114 [debug]: Finished rendering [  0.01s] model staging.stg_transactions [success]
11:59:46.008155 [debug]: Started analyzing model staging.stg_transactions
11:59:46.008182 [debug]: Finished rendering [  0.01s] model staging.stg_budgets [success]
11:59:46.008202 [debug]: Started analyzing model staging.stg_budgets
11:59:46.008226 [debug]: Finished analyzing [  0.00s] model staging_marts.mart_solde_mensuel [success]
11:59:46.008469 [info ]:  Succeeded [  0.01s] model staging_marts.mart_solde_mensuel (table)
11:59:46.008516 [debug]: Finished analyzing [  0.00s] model staging.stg_budgets [success]
11:59:46.008530 [info ]:  Succeeded [  0.01s] model staging.stg_budgets (view)
11:59:46.008750 [debug]: Finished analyzing [  0.00s] model staging.stg_transactions [success]
11:59:46.008772 [info ]:  Succeeded [  0.01s] model staging.stg_transactions (view)
11:59:46.008775 [debug]: Compiled SQL for node model.fintrack_analytics.fct_transactions at target\.lsp\compiled\fintrack_analytics\models\marts\fct_transactions.sql
11:59:46.008904 [debug]: Compiled SQL for node model.fintrack_analytics.stg_comptes at target\.lsp\compiled\fintrack_analytics\models\staging\stg_comptes.sql
11:59:46.009023 [debug]: Finished rendering [  0.01s] model staging.stg_comptes [success]
11:59:46.009056 [debug]: Started analyzing model staging.stg_comptes
11:59:46.009369 [debug]: Finished analyzing [  0.00s] model staging.stg_comptes [success]
11:59:46.009393 [info ]:  Succeeded [  0.01s] model staging.stg_comptes (view)
11:59:46.009801 [debug]: Compiled SQL for node model.fintrack_analytics.generate_schemas_name at target\.lsp\compiled\fintrack_analytics\models\macros\generate_schemas_name.sql
11:59:46.010090 [debug]: Finished rendering [  0.01s] model staging.generate_schemas_name [success]
11:59:46.010134 [debug]: Started analyzing model staging.generate_schemas_name
11:59:46.010186 [debug]: Finished analyzing [  0.01s] model staging_marts.mart_budget_vs_reel [success]
11:59:46.010222 [info ]:  Succeeded [  0.01s] model staging_marts.mart_budget_vs_reel (table)
11:59:46.010345 [debug]: Finished analyzing [  0.00s] model staging.generate_schemas_name [success]
11:59:46.010371 [info ]:  Succeeded [  0.01s] model staging.generate_schemas_name (view)
11:59:46.010708 [debug]: Finished rendering [  0.01s] model staging_marts.fct_transactions [success]
11:59:46.010743 [debug]: Started analyzing model staging_marts.fct_transactions
11:59:46.013567 [debug]: Finished analyzing [  0.00s] model staging_marts.fct_transactions [success]
11:59:46.013607 [info ]:  Succeeded [  0.01s] model staging_marts.fct_transactions (table)
11:59:46.013829 [debug]: Compiled SQL for node model.fintrack_analytics.dim_comptes at target\.lsp\compiled\fintrack_analytics\models\marts\dim_comptes.sql
11:59:46.013992 [debug]: Finished rendering [  0.01s] model staging_marts.dim_comptes [success]
11:59:46.014022 [info ]: Finished rendering [  0.02s] (13 nodes, 0 skipped, 0 errors)
11:59:46.014051 [debug]: Started analyzing model staging_marts.dim_comptes
11:59:46.014460 [debug]: Finished analyzing [  0.00s] model staging_marts.dim_comptes [success]
11:59:46.014480 [info ]: Finished analyzing [  0.01s] (13 nodes, 0 skipped, 0 errors)
11:59:46.014490 [info ]:  Succeeded [  0.01s] model staging_marts.dim_comptes (table)
11:59:46.017803 [info ]: Started scheduling
11:59:46.017861 [info ]: Finished scheduling [  0.00s]
11:59:46.017958 [info ]: 
==================== Execution Summary =====================
Finished 'compile' successfully for target 'dev' [121ms]
Processed: 12 models | 1 snapshot
Summary: 13 total | 13 success
11:59:46.018241 [info ]: Cached model count updated: 12 models (accurate)
==================== 2026-09-03T12:02:44.837280Z | 648644ec-227d-4241-8f53-d7f69e8c6052 ====================
12:02:44.837369 [info ]: Started loading project
12:02:44.838437 [info ]: Loading ~/.dbt/profiles.yml
==================== 2026-09-03T12:02:44.851536Z | 822f882b-7411-41bc-95fc-05fc31505ba7 ====================
12:02:44.851580 [info ]: Started loading project
12:02:44.852226 [info ]: Loading ~/.dbt/profiles.yml
12:02:44.852298 [info ]: Finished loading project [  0.01s]
12:02:44.860648 [info ]: Loading packages.yml
12:02:44.860803 [debug]:    Started loading packages
12:02:44.877352 [debug]:     Loaded [  0.02s] packages
12:02:44.878276 [info ]: Finished loading project [  0.03s]
12:02:44.878643 [info ]: Started parsing
12:02:44.926861 [debug]: Finished parsing models/marts/_marts_schema.yml [  0.00s]
12:02:44.927390 [debug]: Finished parsing models/staging/_stg_schema.yml [  0.00s]
12:02:44.927716 [debug]: Finished parsing models/staging/_stg_sources.yml [  0.00s]
12:02:44.931038 [debug]: Finished parsing snapshots\snapshot_comptes.sql [  0.00s]
12:02:44.932597 [debug]: Finished parsing models/intermediate/int_transactions_enrichies.sql [  0.00s]
12:02:44.933538 [debug]: Finished parsing models/macros/generate_schemas_name.sql [  0.00s]
12:02:44.934057 [debug]: Finished parsing models/marts/dim_categories.sql [  0.00s]
12:02:44.934919 [debug]: Finished parsing models/marts/dim_comptes.sql [  0.00s]
12:02:44.935448 [debug]: Finished parsing models/marts/fct_transactions.sql [  0.00s]
12:02:44.936129 [debug]: Finished parsing models/marts/mart_budget_vs_reel.sql [  0.00s]
12:02:44.936714 [debug]: Finished parsing models/marts/mart_solde_mensuel.sql [  0.00s]
12:02:44.937300 [debug]: Finished parsing models/marts/mart_top_depenses.sql [  0.00s]
12:02:44.937876 [debug]: Finished parsing models/staging/stg_budgets.sql [  0.00s]
12:02:44.938477 [debug]: Finished parsing models/staging/stg_categories.sql [  0.00s]
12:02:44.939051 [debug]: Finished parsing models/staging/stg_comptes.sql [  0.00s]
12:02:44.939669 [debug]: Finished parsing models/staging/stg_transactions.sql [  0.00s]
12:02:44.948492 [debug]: Finished parsing tests/assert_solde_mensuel_positif.sql [  0.00s]
12:02:45.143147 [info ]: Finished parsing [  0.26s]
12:02:45.144710 [info ]: Cached model count updated: 12 models (estimate)
12:02:45.144727 [info ]: Cached model count updated: 12 models (accurate)
12:02:45.144805 [info ]: Started scheduling
12:02:45.144870 [info ]: Finished scheduling [  0.00s]
12:02:45.144899 [debug]: Compilation - 0 nodes selected: {}
12:02:45.144945 [warn ]: [NoNodesForSelectionCriteria (dbt1092)]: The selection criterion '' does not match any enabled nodes
12:02:45.144961 [warn ]: [NoNodesSelected (dbt1601)]: Nothing to do. Try checking your model configs and model specification args
12:02:45.144971 [info ]: Started scheduling
12:02:45.145127 [info ]: Finished scheduling [  0.00s]
12:02:45.145419 [debug]: Initializing schema store with entry: Frontier(CanonicalFqn { catalog: "FINTRACK_DB", schema: "RAW", table: "RAW_BUDGETS" }) and interval: None
12:02:45.145441 [debug]: Initializing schema store with entry: Frontier(CanonicalFqn { catalog: "FINTRACK_DB", schema: "RAW", table: "RAW_COMPTES" }) and interval: None
12:02:45.145448 [debug]: Initializing schema store with entry: Frontier(CanonicalFqn { catalog: "FINTRACK_DB", schema: "RAW", table: "RAW_CATEGORIES" }) and interval: None
12:02:45.145454 [debug]: Initializing schema store with entry: Frontier(CanonicalFqn { catalog: "FINTRACK_DB", schema: "RAW", table: "RAW_TRANSACTIONS" }) and interval: None
12:02:45.207963 [info ]: Started building task graph
12:02:45.208017 [info ]: Finished building task graph [  0.00s]
12:02:45.221069 [info ]: Started scheduling
12:02:45.221151 [info ]: Finished scheduling [  0.00s]
12:02:45.221303 [info ]: 
==================== Execution Summary =====================
Finished 'compile' with 2 warnings for target 'dev' [369ms]
12:02:45.221369 [info ]: 
==================== Execution Summary =====================
Finished 'compile' successfully for target 'dev' [384ms]
12:02:45.223127 [info ]: Cached model count updated: 12 models (accurate)
==================== 2026-09-03T12:02:46.901578Z | a960abe4-085b-4a93-acf0-1cc9cc2c74f7 ====================
12:02:46.901649 [info ]: Started loading project
12:02:46.902296 [info ]: Loading ~/.dbt/profiles.yml
12:02:46.936207 [info ]: Cached model count updated: 12 models (estimate)
12:02:46.936229 [info ]: Cached model count updated: 12 models (accurate)
12:02:46.936266 [info ]: Started scheduling
12:02:46.936395 [info ]: Finished scheduling [  0.00s]
12:02:46.936414 [debug]: Compilation - 13 nodes selected: {"model.fintrack_analytics.dim_categories", "model.fintrack_analytics.dim_comptes", "model.fintrack_analytics.fct_transactions", "model.fintrack_analytics.generate_schemas_name", "model.fintrack_analytics.int_transactions_enrichies", "model.fintrack_analytics.mart_budget_vs_reel", "model.fintrack_analytics.mart_solde_mensuel", "model.fintrack_analytics.mart_top_depenses", "model.fintrack_analytics.stg_budgets", "model.fintrack_analytics.stg_categories", "model.fintrack_analytics.stg_comptes", "model.fintrack_analytics.stg_transactions", "snapshot.fintrack_analytics.snapshot_comptes"}
12:02:46.991063 [info ]: Started building task graph
12:02:46.991188 [info ]: Finished building task graph [  0.00s]
12:02:47.000050 [info ]: Started rendering (13 nodes)
12:02:47.000080 [info ]: Started snapshot snapshots.snapshot_comptes
12:02:47.000091 [debug]: Started rendering snapshot snapshots.snapshot_comptes
12:02:47.000134 [info ]: Started model staging_marts.mart_top_depenses
12:02:47.000143 [debug]: Started rendering model staging_marts.mart_top_depenses
12:02:47.000155 [info ]: Started model staging_marts.mart_solde_mensuel
12:02:47.000161 [debug]: Started rendering model staging_marts.mart_solde_mensuel
12:02:47.000170 [info ]: Started model staging_marts.mart_budget_vs_reel
12:02:47.000169 [info ]: Finished loading project [  0.10s]
12:02:47.000179 [debug]: Started rendering model staging_marts.mart_budget_vs_reel
12:02:47.000189 [info ]: Started model staging.stg_budgets
12:02:47.000195 [debug]: Started rendering model staging.stg_budgets
12:02:47.000206 [info ]: Started model staging.generate_schemas_name
12:02:47.000216 [debug]: Started rendering model staging.generate_schemas_name
12:02:47.000227 [info ]: Started model staging.int_transactions_enrichies
12:02:47.000241 [debug]: Started rendering model staging.int_transactions_enrichies
12:02:47.000285 [info ]: Started model staging.stg_transactions
12:02:47.000314 [debug]: Started rendering model staging.stg_transactions
12:02:47.000351 [info ]: Started model staging_marts.dim_comptes
12:02:47.000368 [debug]: Started rendering model staging_marts.dim_comptes
12:02:47.000400 [info ]: Started model staging.stg_comptes
12:02:47.000420 [debug]: Started rendering model staging.stg_comptes
12:02:47.000450 [info ]: Started model staging_marts.dim_categories
12:02:47.000466 [debug]: Started rendering model staging_marts.dim_categories
12:02:47.000486 [info ]: Started model staging.stg_categories
12:02:47.000499 [debug]: Started rendering model staging.stg_categories
12:02:47.002767 [debug]: Compiled SQL for node model.fintrack_analytics.mart_solde_mensuel at target\.lsp\compiled\fintrack_analytics\models\marts\mart_solde_mensuel.sql
12:02:47.002961 [debug]: Finished rendering [  0.00s] model staging_marts.mart_solde_mensuel [success]
12:02:47.003003 [info ]: Started analyzing (13 nodes)
12:02:47.003015 [debug]: Started analyzing model staging_marts.mart_solde_mensuel
12:02:47.003780 [debug]: Compiled SQL for node model.fintrack_analytics.mart_top_depenses at target\.lsp\compiled\fintrack_analytics\models\marts\mart_top_depenses.sql
12:02:47.004002 [debug]: Compiled SQL for node snapshot.fintrack_analytics.snapshot_comptes at target\.lsp\compiled\fintrack_analytics\snapshots\snapshot_comptes.sql\snapshot_comptes.sql
12:02:47.004120 [debug]: Finished rendering [  0.00s] model staging_marts.mart_top_depenses [success]
12:02:47.004167 [debug]: Started analyzing model staging_marts.mart_top_depenses
12:02:47.004245 [debug]: Finished rendering [  0.00s] snapshot snapshots.snapshot_comptes [success]
12:02:47.004284 [debug]: Started analyzing snapshot snapshots.snapshot_comptes
12:02:47.004468 [debug]: Finished analyzing [  0.00s] snapshot snapshots.snapshot_comptes [success]
12:02:47.004488 [info ]:  Succeeded [  0.00s] snapshot snapshots.snapshot_comptes (snapshot)
12:02:47.004582 [debug]: Finished analyzing [  0.00s] model staging_marts.mart_top_depenses [success]
12:02:47.004602 [info ]:  Succeeded [  0.00s] model staging_marts.mart_top_depenses (table)
12:02:47.005398 [debug]: Finished analyzing [  0.00s] model staging_marts.mart_solde_mensuel [success]
12:02:47.005436 [info ]:  Succeeded [  0.00s] model staging_marts.mart_solde_mensuel (table)
12:02:47.006182 [debug]: Compiled SQL for node model.fintrack_analytics.mart_budget_vs_reel at target\.lsp\compiled\fintrack_analytics\models\marts\mart_budget_vs_reel.sql
12:02:47.006362 [debug]: Finished rendering [  0.01s] model staging_marts.mart_budget_vs_reel [success]
12:02:47.006399 [debug]: Started analyzing model staging_marts.mart_budget_vs_reel
12:02:47.006939 [debug]: Compiled SQL for node model.fintrack_analytics.int_transactions_enrichies at target\.lsp\compiled\fintrack_analytics\models\intermediate\int_transactions_enrichies.sql
12:02:47.007038 [debug]: Compiled SQL for node model.fintrack_analytics.stg_budgets at target\.lsp\compiled\fintrack_analytics\models\staging\stg_budgets.sql
12:02:47.007069 [debug]: Compiled SQL for node model.fintrack_analytics.dim_categories at target\.lsp\compiled\fintrack_analytics\models\marts\dim_categories.sql
12:02:47.007238 [debug]: Finished rendering [  0.01s] model staging.int_transactions_enrichies [success]
12:02:47.007287 [info ]: Started model staging_marts.fct_transactions
12:02:47.007305 [debug]: Started rendering model staging_marts.fct_transactions
12:02:47.007329 [debug]: Started analyzing model staging.int_transactions_enrichies
12:02:47.007354 [debug]: Finished rendering [  0.01s] model staging.stg_budgets [success]
12:02:47.007371 [debug]: Started analyzing model staging.stg_budgets
12:02:47.007392 [debug]: Finished rendering [  0.01s] model staging_marts.dim_categories [success]
12:02:47.007415 [debug]: Started analyzing model staging_marts.dim_categories
12:02:47.007612 [debug]: Finished analyzing [  0.00s] model staging_marts.dim_categories [success]
12:02:47.007628 [info ]:  Succeeded [  0.01s] model staging_marts.dim_categories (table)
12:02:47.007680 [debug]: Finished analyzing [  0.00s] model staging.stg_budgets [success]
12:02:47.007703 [info ]:  Succeeded [  0.01s] model staging.stg_budgets (view)
12:02:47.008335 [debug]: Compiled SQL for node model.fintrack_analytics.stg_transactions at target\.lsp\compiled\fintrack_analytics\models\staging\stg_transactions.sql
12:02:47.008497 [debug]: Finished rendering [  0.01s] model staging.stg_transactions [success]
12:02:47.008540 [debug]: Started analyzing model staging.stg_transactions
12:02:47.008890 [debug]: Compiled SQL for node model.fintrack_analytics.stg_comptes at target\.lsp\compiled\fintrack_analytics\models\staging\stg_comptes.sql
12:02:47.009173 [debug]: Finished analyzing [  0.00s] model staging.stg_transactions [success]
12:02:47.009213 [info ]:  Succeeded [  0.01s] model staging.stg_transactions (view)
12:02:47.009386 [debug]: Finished rendering [  0.01s] model staging.stg_comptes [success]
12:02:47.009418 [debug]: Started analyzing model staging.stg_comptes
12:02:47.009482 [debug]: Compiled SQL for node model.fintrack_analytics.stg_categories at target\.lsp\compiled\fintrack_analytics\models\staging\stg_categories.sql
12:02:47.009661 [debug]: Finished rendering [  0.01s] model staging.stg_categories [success]
12:02:47.009686 [debug]: Started analyzing model staging.stg_categories
12:02:47.009712 [debug]: Finished analyzing [  0.00s] model staging.stg_comptes [success]
12:02:47.009726 [info ]:  Succeeded [  0.01s] model staging.stg_comptes (view)
12:02:47.009903 [debug]: Finished analyzing [  0.00s] model staging.stg_categories [success]
12:02:47.009931 [info ]:  Succeeded [  0.01s] model staging.stg_categories (view)
12:02:47.009965 [debug]: Finished analyzing [  0.00s] model staging.int_transactions_enrichies [success]
12:02:47.009985 [info ]:  Succeeded [  0.01s] model staging.int_transactions_enrichies (ephemeral)
12:02:47.011343 [debug]: Compiled SQL for node model.fintrack_analytics.fct_transactions at target\.lsp\compiled\fintrack_analytics\models\marts\fct_transactions.sql
12:02:47.011481 [debug]: Compiled SQL for node model.fintrack_analytics.dim_comptes at target\.lsp\compiled\fintrack_analytics\models\marts\dim_comptes.sql
12:02:47.011604 [debug]: Finished rendering [  0.00s] model staging_marts.fct_transactions [success]
12:02:47.011649 [debug]: Started analyzing model staging_marts.fct_transactions
12:02:47.011689 [debug]: Compiled SQL for node model.fintrack_analytics.generate_schemas_name at target\.lsp\compiled\fintrack_analytics\models\macros\generate_schemas_name.sql
12:02:47.011833 [debug]: Finished rendering [  0.01s] model staging_marts.dim_comptes [success]
12:02:47.011861 [debug]: Started analyzing model staging_marts.dim_comptes
12:02:47.011892 [debug]: Finished analyzing [  0.01s] model staging_marts.mart_budget_vs_reel [success]
12:02:47.011914 [info ]:  Succeeded [  0.01s] model staging_marts.mart_budget_vs_reel (table)
12:02:47.011948 [debug]: Finished rendering [  0.01s] model staging.generate_schemas_name [success]
12:02:47.011961 [info ]: Finished rendering [  0.01s] (13 nodes, 0 skipped, 0 errors)
12:02:47.011978 [debug]: Started analyzing model staging.generate_schemas_name
12:02:47.012181 [debug]: Finished analyzing [  0.00s] model staging.generate_schemas_name [success]
12:02:47.012207 [info ]:  Succeeded [  0.01s] model staging.generate_schemas_name (view)
12:02:47.012286 [debug]: Finished analyzing [  0.00s] model staging_marts.dim_comptes [success]
12:02:47.012310 [info ]:  Succeeded [  0.01s] model staging_marts.dim_comptes (table)
12:02:47.014724 [debug]: Finished analyzing [  0.00s] model staging_marts.fct_transactions [success]
12:02:47.014754 [info ]: Finished analyzing [  0.01s] (13 nodes, 0 skipped, 0 errors)
12:02:47.014770 [info ]:  Succeeded [  0.01s] model staging_marts.fct_transactions (table)
12:02:47.018562 [info ]: Started scheduling
12:02:47.018647 [info ]: Finished scheduling [  0.00s]
12:02:47.018773 [info ]: 
==================== Execution Summary =====================
Finished 'compile' successfully for target 'dev' [117ms]
Processed: 12 models | 1 snapshot
Summary: 13 total | 13 success
12:02:47.019095 [info ]: Cached model count updated: 12 models (accurate)
==================== 2026-09-03T12:02:48.664499Z | 5e9e189e-638f-45d4-a69c-a1e97b270152 ====================
12:02:48.664549 [info ]: Started loading project
12:02:48.665220 [info ]: Loading ~/.dbt/profiles.yml
==================== 2026-09-03T12:02:48.675475Z | c0b6046f-f626-4fc9-87f7-19c5483b4ffe ====================
12:02:48.675550 [info ]: Started loading project
12:02:48.676342 [info ]: Loading ~/.dbt/profiles.yml
12:02:48.676468 [info ]: Finished loading project [  0.01s]
12:02:48.682786 [info ]: Loading packages.yml
12:02:48.682938 [debug]:    Started loading packages
12:02:48.697490 [debug]:     Loaded [  0.01s] packages
12:02:48.698305 [info ]: Finished loading project [  0.02s]
12:02:48.698601 [info ]: Started parsing
12:02:48.745477 [debug]: Finished parsing models/marts/_marts_schema.yml [  0.00s]
12:02:48.745938 [debug]: Finished parsing models/staging/_stg_schema.yml [  0.00s]
12:02:48.746241 [debug]: Finished parsing models/staging/_stg_sources.yml [  0.00s]
12:02:48.749801 [debug]: Finished parsing snapshots\snapshot_comptes.sql [  0.00s]
12:02:48.751552 [debug]: Finished parsing models/intermediate/int_transactions_enrichies.sql [  0.00s]
12:02:48.752231 [debug]: Finished parsing models/marts/dim_categories.sql [  0.00s]
12:02:48.753188 [debug]: Finished parsing models/marts/dim_comptes.sql [  0.00s]
12:02:48.753805 [debug]: Finished parsing models/marts/fct_transactions.sql [  0.00s]
12:02:48.754564 [debug]: Finished parsing models/marts/mart_budget_vs_reel.sql [  0.00s]
12:02:48.755300 [debug]: Finished parsing models/marts/mart_solde_mensuel.sql [  0.00s]
12:02:48.755914 [debug]: Finished parsing models/marts/mart_top_depenses.sql [  0.00s]
12:02:48.756621 [debug]: Finished parsing models/staging/stg_budgets.sql [  0.00s]
12:02:48.757324 [debug]: Finished parsing models/staging/stg_categories.sql [  0.00s]
12:02:48.758084 [debug]: Finished parsing models/staging/stg_comptes.sql [  0.00s]
12:02:48.758711 [debug]: Finished parsing models/staging/stg_transactions.sql [  0.00s]
12:02:48.768211 [debug]: Finished parsing tests/assert_solde_mensuel_positif.sql [  0.00s]
12:02:48.950571 [info ]: Finished parsing [  0.25s]
12:02:48.951891 [info ]: Cached model count updated: 11 models (estimate)
12:02:48.951906 [info ]: Cached model count updated: 11 models (accurate)
12:02:48.951935 [info ]: Started scheduling
12:02:48.951975 [info ]: Finished scheduling [  0.00s]
12:02:48.951987 [debug]: Compilation - 0 nodes selected: {}
12:02:48.952000 [warn ]: [NoNodesForSelectionCriteria (dbt1092)]: The selection criterion '' does not match any enabled nodes
12:02:48.952015 [warn ]: [NoNodesSelected (dbt1601)]: Nothing to do. Try checking your model configs and model specification args
12:02:48.952024 [info ]: Started scheduling
12:02:48.952128 [info ]: Finished scheduling [  0.00s]
12:02:48.952267 [debug]: Initializing schema store with entry: Frontier(CanonicalFqn { catalog: "FINTRACK_DB", schema: "RAW", table: "RAW_CATEGORIES" }) and interval: None
12:02:48.952280 [debug]: Initializing schema store with entry: Frontier(CanonicalFqn { catalog: "FINTRACK_DB", schema: "RAW", table: "RAW_BUDGETS" }) and interval: None
12:02:48.952284 [debug]: Initializing schema store with entry: Frontier(CanonicalFqn { catalog: "FINTRACK_DB", schema: "RAW", table: "RAW_COMPTES" }) and interval: None
12:02:48.952287 [debug]: Initializing schema store with entry: Frontier(CanonicalFqn { catalog: "FINTRACK_DB", schema: "RAW", table: "RAW_TRANSACTIONS" }) and interval: None
12:02:49.007958 [info ]: Started building task graph
12:02:49.007991 [info ]: Finished building task graph [  0.00s]
12:02:49.019248 [info ]: Started scheduling
12:02:49.019309 [info ]: Finished scheduling [  0.00s]
12:02:49.019439 [info ]: 
==================== Execution Summary =====================
Finished 'compile' with 2 warnings for target 'dev' [343ms]
12:02:49.019484 [info ]: 
==================== Execution Summary =====================
Finished 'compile' successfully for target 'dev' [354ms]
12:02:49.021551 [info ]: Cached model count updated: 11 models (accurate)
==================== 2026-09-03T12:02:50.701163Z | 2725feaf-6af7-4485-b25a-2365f379a1cc ====================
12:02:50.701222 [info ]: Started loading project
12:02:50.701910 [info ]: Loading ~/.dbt/profiles.yml
12:02:50.737368 [info ]: Cached model count updated: 11 models (estimate)
12:02:50.737397 [info ]: Cached model count updated: 11 models (accurate)
12:02:50.737450 [info ]: Started scheduling
12:02:50.737592 [info ]: Finished scheduling [  0.00s]
12:02:50.737629 [debug]: Compilation - 12 nodes selected: {"model.fintrack_analytics.dim_categories", "model.fintrack_analytics.dim_comptes", "model.fintrack_analytics.fct_transactions", "model.fintrack_analytics.int_transactions_enrichies", "model.fintrack_analytics.mart_budget_vs_reel", "model.fintrack_analytics.mart_solde_mensuel", "model.fintrack_analytics.mart_top_depenses", "model.fintrack_analytics.stg_budgets", "model.fintrack_analytics.stg_categories", "model.fintrack_analytics.stg_comptes", "model.fintrack_analytics.stg_transactions", "snapshot.fintrack_analytics.snapshot_comptes"}
12:02:50.793371 [info ]: Started building task graph
12:02:50.793528 [info ]: Finished building task graph [  0.00s]
12:02:50.804640 [info ]: Started rendering (12 nodes)
12:02:50.804667 [info ]: Started snapshot snapshots.snapshot_comptes
12:02:50.804677 [debug]: Started rendering snapshot snapshots.snapshot_comptes
12:02:50.804725 [info ]: Started model staging_marts.mart_top_depenses
12:02:50.804733 [debug]: Started rendering model staging_marts.mart_top_depenses
12:02:50.804744 [info ]: Started model staging_marts.mart_solde_mensuel
12:02:50.804782 [debug]: Started rendering model staging_marts.mart_solde_mensuel
12:02:50.804793 [info ]: Started model staging_marts.mart_budget_vs_reel
12:02:50.804799 [debug]: Started rendering model staging_marts.mart_budget_vs_reel
12:02:50.804809 [info ]: Started model staging.stg_budgets
12:02:50.804816 [debug]: Started rendering model staging.stg_budgets
12:02:50.804816 [info ]: Finished loading project [  0.10s]
12:02:50.804826 [info ]: Started model staging.int_transactions_enrichies
12:02:50.804832 [debug]: Started rendering model staging.int_transactions_enrichies
12:02:50.804841 [info ]: Started model staging.stg_transactions
12:02:50.804851 [debug]: Started rendering model staging.stg_transactions
12:02:50.804861 [info ]: Started model staging_marts.dim_comptes
12:02:50.804868 [debug]: Started rendering model staging_marts.dim_comptes
12:02:50.804881 [info ]: Started model staging.stg_comptes
12:02:50.805745 [debug]: Started rendering model staging.stg_comptes
12:02:50.805994 [info ]: Started model staging_marts.dim_categories
12:02:50.806022 [debug]: Started rendering model staging_marts.dim_categories
12:02:50.806047 [info ]: Started model staging.stg_categories
12:02:50.806064 [debug]: Started rendering model staging.stg_categories
12:02:50.807223 [debug]: Compiled SQL for node snapshot.fintrack_analytics.snapshot_comptes at target\.lsp\compiled\fintrack_analytics\snapshots\snapshot_comptes.sql\snapshot_comptes.sql
12:02:50.807575 [debug]: Finished rendering [  0.00s] snapshot snapshots.snapshot_comptes [success]
12:02:50.807652 [info ]: Started analyzing (12 nodes)
12:02:50.807668 [debug]: Started analyzing snapshot snapshots.snapshot_comptes
12:02:50.808013 [debug]: Finished analyzing [  0.00s] snapshot snapshots.snapshot_comptes [success]
12:02:50.808040 [info ]:  Succeeded [  0.00s] snapshot snapshots.snapshot_comptes (snapshot)
12:02:50.810039 [debug]: Compiled SQL for node model.fintrack_analytics.int_transactions_enrichies at target\.lsp\compiled\fintrack_analytics\models\intermediate\int_transactions_enrichies.sql
12:02:50.810796 [debug]: Finished rendering [  0.01s] model staging.int_transactions_enrichies [success]
12:02:50.810861 [info ]: Started model staging_marts.fct_transactions
12:02:50.810881 [debug]: Started rendering model staging_marts.fct_transactions
12:02:50.810910 [debug]: Started analyzing model staging.int_transactions_enrichies
12:02:50.812229 [debug]: Compiled SQL for node model.fintrack_analytics.mart_top_depenses at target\.lsp\compiled\fintrack_analytics\models\marts\mart_top_depenses.sql
12:02:50.812896 [debug]: Finished rendering [  0.01s] model staging_marts.mart_top_depenses [success]
12:02:50.812897 [debug]: Compiled SQL for node model.fintrack_analytics.stg_budgets at target\.lsp\compiled\fintrack_analytics\models\staging\stg_budgets.sql
12:02:50.812943 [debug]: Started analyzing model staging_marts.mart_top_depenses
12:02:50.813115 [debug]: Compiled SQL for node model.fintrack_analytics.mart_solde_mensuel at target\.lsp\compiled\fintrack_analytics\models\marts\mart_solde_mensuel.sql
12:02:50.813213 [debug]: Compiled SQL for node model.fintrack_analytics.mart_budget_vs_reel at target\.lsp\compiled\fintrack_analytics\models\marts\mart_budget_vs_reel.sql
12:02:50.813354 [debug]: Finished rendering [  0.01s] model staging.stg_budgets [success]
12:02:50.813392 [debug]: Started analyzing model staging.stg_budgets
12:02:50.813428 [debug]: Finished rendering [  0.01s] model staging_marts.mart_solde_mensuel [success]
12:02:50.813450 [debug]: Started analyzing model staging_marts.mart_solde_mensuel
12:02:50.813476 [debug]: Finished rendering [  0.01s] model staging_marts.mart_budget_vs_reel [success]
12:02:50.813496 [debug]: Started analyzing model staging_marts.mart_budget_vs_reel
12:02:50.813530 [debug]: Finished analyzing [  0.00s] model staging_marts.mart_top_depenses [success]
12:02:50.813545 [info ]:  Succeeded [  0.01s] model staging_marts.mart_top_depenses (table)
12:02:50.813588 [debug]: Finished analyzing [  0.00s] model staging.int_transactions_enrichies [success]
12:02:50.813610 [info ]:  Succeeded [  0.01s] model staging.int_transactions_enrichies (ephemeral)
12:02:50.813670 [debug]: Finished analyzing [  0.00s] model staging.stg_budgets [success]
12:02:50.813688 [info ]:  Succeeded [  0.01s] model staging.stg_budgets (view)
12:02:50.813700 [debug]: Compiled SQL for node model.fintrack_analytics.stg_transactions at target\.lsp\compiled\fintrack_analytics\models\staging\stg_transactions.sql
12:02:50.813826 [debug]: Finished rendering [  0.01s] model staging.stg_transactions [success]
12:02:50.813856 [debug]: Started analyzing model staging.stg_transactions
12:02:50.814234 [debug]: Compiled SQL for node model.fintrack_analytics.stg_comptes at target\.lsp\compiled\fintrack_analytics\models\staging\stg_comptes.sql
12:02:50.814405 [debug]: Finished analyzing [  0.00s] model staging.stg_transactions [success]
12:02:50.814428 [info ]:  Succeeded [  0.01s] model staging.stg_transactions (view)
12:02:50.814467 [debug]: Finished rendering [  0.01s] model staging.stg_comptes [success]
12:02:50.814500 [debug]: Started analyzing model staging.stg_comptes
12:02:50.814631 [debug]: Compiled SQL for node model.fintrack_analytics.stg_categories at target\.lsp\compiled\fintrack_analytics\models\staging\stg_categories.sql
12:02:50.814658 [debug]: Compiled SQL for node model.fintrack_analytics.dim_categories at target\.lsp\compiled\fintrack_analytics\models\marts\dim_categories.sql
12:02:50.814804 [debug]: Finished rendering [  0.01s] model staging.stg_categories [success]
12:02:50.814840 [debug]: Started analyzing model staging.stg_categories
12:02:50.814866 [debug]: Compiled SQL for node model.fintrack_analytics.dim_comptes at target\.lsp\compiled\fintrack_analytics\models\marts\dim_comptes.sql
12:02:50.814875 [debug]: Finished analyzing [  0.00s] model staging.stg_comptes [success]
12:02:50.814890 [info ]:  Succeeded [  0.01s] model staging.stg_comptes (view)
12:02:50.814919 [debug]: Finished rendering [  0.01s] model staging_marts.dim_categories [success]
12:02:50.814936 [debug]: Started analyzing model staging_marts.dim_categories
12:02:50.815019 [debug]: Finished rendering [  0.01s] model staging_marts.dim_comptes [success]
12:02:50.815046 [debug]: Started analyzing model staging_marts.dim_comptes
12:02:50.815178 [debug]: Finished analyzing [  0.00s] model staging.stg_categories [success]
12:02:50.815197 [info ]:  Succeeded [  0.01s] model staging.stg_categories (view)
12:02:50.815305 [debug]: Finished analyzing [  0.00s] model staging_marts.dim_comptes [success]
12:02:50.815322 [info ]:  Succeeded [  0.01s] model staging_marts.dim_comptes (table)
12:02:50.815378 [debug]: Finished analyzing [  0.00s] model staging_marts.mart_solde_mensuel [success]
12:02:50.815385 [debug]: Compiled SQL for node model.fintrack_analytics.fct_transactions at target\.lsp\compiled\fintrack_analytics\models\marts\fct_transactions.sql
12:02:50.815397 [info ]:  Succeeded [  0.01s] model staging_marts.mart_solde_mensuel (table)
12:02:50.815426 [debug]: Finished analyzing [  0.00s] model staging_marts.dim_categories [success]
12:02:50.815440 [info ]:  Succeeded [  0.01s] model staging_marts.dim_categories (table)
12:02:50.815500 [debug]: Finished rendering [  0.00s] model staging_marts.fct_transactions [success]
12:02:50.815521 [info ]: Finished rendering [  0.01s] (12 nodes, 0 skipped, 0 errors)
12:02:50.815542 [debug]: Started analyzing model staging_marts.fct_transactions
12:02:50.818226 [debug]: Finished analyzing [  0.00s] model staging_marts.fct_transactions [success]
12:02:50.818260 [info ]:  Succeeded [  0.01s] model staging_marts.fct_transactions (table)
12:02:50.818790 [debug]: Finished analyzing [  0.01s] model staging_marts.mart_budget_vs_reel [success]
12:02:50.818830 [info ]: Finished analyzing [  0.01s] (12 nodes, 0 skipped, 0 errors)
12:02:50.818840 [info ]:  Succeeded [  0.01s] model staging_marts.mart_budget_vs_reel (table)
12:02:50.822344 [info ]: Started scheduling
12:02:50.822405 [info ]: Finished scheduling [  0.00s]
12:02:50.822500 [info ]: 
==================== Execution Summary =====================
Finished 'compile' successfully for target 'dev' [121ms]
Processed: 11 models | 1 snapshot
Summary: 12 total | 12 success
12:02:50.822792 [info ]: Cached model count updated: 11 models (accurate)
==================== 2026-09-03T12:02:58.610825Z | 5fb936f4-aee7-4c25-806b-8753ff38124b ====================
12:02:58.610914 [info ]: Started loading project
12:02:58.611617 [info ]: Loading ~/.dbt/profiles.yml
==================== 2026-09-03T12:02:58.620524Z | 9645d564-283d-4485-9754-c338b8864b3d ====================
12:02:58.620565 [info ]: Started loading project
12:02:58.621193 [info ]: Loading ~/.dbt/profiles.yml
12:02:58.621307 [info ]: Finished loading project [  0.01s]
12:02:58.627497 [info ]: Loading packages.yml
12:02:58.627655 [debug]:    Started loading packages
12:02:58.642565 [debug]:     Loaded [  0.01s] packages
12:02:58.643363 [info ]: Finished loading project [  0.02s]
12:02:58.643699 [info ]: Started parsing
12:02:58.689637 [debug]: Finished parsing models/marts/_marts_schema.yml [  0.00s]
12:02:58.690039 [debug]: Finished parsing models/staging/_stg_schema.yml [  0.00s]
12:02:58.690307 [debug]: Finished parsing models/staging/_stg_sources.yml [  0.00s]
12:02:58.693437 [debug]: Finished parsing snapshots\snapshot_comptes.sql [  0.00s]
12:02:58.695048 [debug]: Finished parsing models/intermediate/int_transactions_enrichies.sql [  0.00s]
12:02:58.695657 [debug]: Finished parsing models/marts/dim_categories.sql [  0.00s]
12:02:58.696495 [debug]: Finished parsing models/marts/dim_comptes.sql [  0.00s]
12:02:58.697069 [debug]: Finished parsing models/marts/fct_transactions.sql [  0.00s]
12:02:58.697697 [debug]: Finished parsing models/marts/mart_budget_vs_reel.sql [  0.00s]
12:02:58.698302 [debug]: Finished parsing models/marts/mart_solde_mensuel.sql [  0.00s]
12:02:58.698903 [debug]: Finished parsing models/marts/mart_top_depenses.sql [  0.00s]
12:02:58.699480 [debug]: Finished parsing models/staging/stg_budgets.sql [  0.00s]
12:02:58.700150 [debug]: Finished parsing models/staging/stg_categories.sql [  0.00s]
12:02:58.700790 [debug]: Finished parsing models/staging/stg_comptes.sql [  0.00s]
12:02:58.701402 [debug]: Finished parsing models/staging/stg_transactions.sql [  0.00s]
12:02:58.709560 [debug]: Finished parsing tests/assert_solde_mensuel_positif.sql [  0.00s]
12:02:58.934981 [info ]: Finished parsing [  0.29s]
12:02:58.936355 [info ]: Cached model count updated: 11 models (estimate)
12:02:58.936371 [info ]: Cached model count updated: 11 models (accurate)
12:02:58.936406 [info ]: Started scheduling
12:02:58.936456 [info ]: Finished scheduling [  0.00s]
12:02:58.936469 [debug]: Compilation - 0 nodes selected: {}
12:02:58.936486 [warn ]: [NoNodesForSelectionCriteria (dbt1092)]: The selection criterion '' does not match any enabled nodes
12:02:58.936502 [warn ]: [NoNodesSelected (dbt1601)]: Nothing to do. Try checking your model configs and model specification args
12:02:58.936510 [info ]: Started scheduling
12:02:58.936628 [info ]: Finished scheduling [  0.00s]
12:02:58.936782 [debug]: Initializing schema store with entry: Frontier(CanonicalFqn { catalog: "FINTRACK_DB", schema: "RAW", table: "RAW_CATEGORIES" }) and interval: None
12:02:58.936795 [debug]: Initializing schema store with entry: Frontier(CanonicalFqn { catalog: "FINTRACK_DB", schema: "RAW", table: "RAW_TRANSACTIONS" }) and interval: None
12:02:58.936799 [debug]: Initializing schema store with entry: Frontier(CanonicalFqn { catalog: "FINTRACK_DB", schema: "RAW", table: "RAW_COMPTES" }) and interval: None
12:02:58.936804 [debug]: Initializing schema store with entry: Frontier(CanonicalFqn { catalog: "FINTRACK_DB", schema: "RAW", table: "RAW_BUDGETS" }) and interval: None
12:02:58.992771 [info ]: Started building task graph
12:02:58.992808 [info ]: Finished building task graph [  0.00s]
12:02:59.004696 [info ]: Started scheduling
12:02:59.004756 [info ]: Finished scheduling [  0.00s]
12:02:59.004883 [info ]: 
==================== Execution Summary =====================
Finished 'compile' with 2 warnings for target 'dev' [384ms]
12:02:59.004928 [info ]: 
==================== Execution Summary =====================
Finished 'compile' successfully for target 'dev' [394ms]
12:02:59.006542 [info ]: Cached model count updated: 11 models (accurate)
12:02:59.093240 [info ]: Loading ~/.dbt/profiles.yml
==================== 2026-09-03T12:03:00.681518Z | d0cb0e4b-6fcd-48a6-9359-2f84c2eb01dd ====================
12:03:00.681585 [info ]: Started loading project
12:03:00.682506 [info ]: Loading ~/.dbt/profiles.yml
12:03:00.721260 [info ]: Cached model count updated: 11 models (estimate)
12:03:00.721283 [info ]: Cached model count updated: 11 models (accurate)
12:03:00.721315 [info ]: Started scheduling
12:03:00.721441 [info ]: Finished scheduling [  0.00s]
12:03:00.721459 [debug]: Compilation - 12 nodes selected: {"model.fintrack_analytics.dim_categories", "model.fintrack_analytics.dim_comptes", "model.fintrack_analytics.fct_transactions", "model.fintrack_analytics.int_transactions_enrichies", "model.fintrack_analytics.mart_budget_vs_reel", "model.fintrack_analytics.mart_solde_mensuel", "model.fintrack_analytics.mart_top_depenses", "model.fintrack_analytics.stg_budgets", "model.fintrack_analytics.stg_categories", "model.fintrack_analytics.stg_comptes", "model.fintrack_analytics.stg_transactions", "snapshot.fintrack_analytics.snapshot_comptes"}
12:03:00.777804 [info ]: Started building task graph
12:03:00.777923 [info ]: Finished building task graph [  0.00s]
12:03:00.786370 [info ]: Started rendering (12 nodes)
12:03:00.786396 [info ]: Started snapshot snapshots.snapshot_comptes
12:03:00.786406 [debug]: Started rendering snapshot snapshots.snapshot_comptes
12:03:00.786431 [info ]: Started model staging_marts.mart_top_depenses
12:03:00.786438 [debug]: Started rendering model staging_marts.mart_top_depenses
12:03:00.786468 [info ]: Started model staging_marts.mart_solde_mensuel
12:03:00.786474 [debug]: Started rendering model staging_marts.mart_solde_mensuel
12:03:00.786485 [info ]: Started model staging_marts.mart_budget_vs_reel
12:03:00.786492 [debug]: Started rendering model staging_marts.mart_budget_vs_reel
12:03:00.786502 [info ]: Started model staging.stg_budgets
12:03:00.786508 [debug]: Started rendering model staging.stg_budgets
12:03:00.786517 [info ]: Started model staging.int_transactions_enrichies
12:03:00.786523 [debug]: Started rendering model staging.int_transactions_enrichies
12:03:00.786521 [info ]: Finished loading project [  0.10s]
12:03:00.786533 [info ]: Started model staging.stg_transactions
12:03:00.786540 [debug]: Started rendering model staging.stg_transactions
12:03:00.786550 [info ]: Started model staging_marts.dim_comptes
12:03:00.786559 [debug]: Started rendering model staging_marts.dim_comptes
12:03:00.786569 [info ]: Started model staging.stg_comptes
12:03:00.786578 [debug]: Started rendering model staging.stg_comptes
12:03:00.786889 [info ]: Started model staging_marts.dim_categories
12:03:00.786905 [debug]: Started rendering model staging_marts.dim_categories
12:03:00.786923 [info ]: Started model staging.stg_categories
12:03:00.786935 [debug]: Started rendering model staging.stg_categories
12:03:00.788808 [debug]: Compiled SQL for node snapshot.fintrack_analytics.snapshot_comptes at target\.lsp\compiled\fintrack_analytics\snapshots\snapshot_comptes.sql\snapshot_comptes.sql
12:03:00.789101 [debug]: Compiled SQL for node model.fintrack_analytics.mart_top_depenses at target\.lsp\compiled\fintrack_analytics\models\marts\mart_top_depenses.sql
12:03:00.789215 [debug]: Finished rendering [  0.00s] snapshot snapshots.snapshot_comptes [success]
12:03:00.789259 [info ]: Started analyzing (12 nodes)
12:03:00.789271 [debug]: Started analyzing snapshot snapshots.snapshot_comptes
12:03:00.789566 [debug]: Finished rendering [  0.00s] model staging_marts.mart_top_depenses [success]
12:03:00.789893 [debug]: Started analyzing model staging_marts.mart_top_depenses
12:03:00.790015 [debug]: Finished analyzing [  0.00s] snapshot snapshots.snapshot_comptes [success]
12:03:00.790038 [info ]:  Succeeded [  0.00s] snapshot snapshots.snapshot_comptes (snapshot)
12:03:00.791054 [debug]: Compiled SQL for node model.fintrack_analytics.mart_budget_vs_reel at target\.lsp\compiled\fintrack_analytics\models\marts\mart_budget_vs_reel.sql
12:03:00.791176 [debug]: Finished analyzing [  0.00s] model staging_marts.mart_top_depenses [success]
12:03:00.791204 [info ]:  Succeeded [  0.00s] model staging_marts.mart_top_depenses (table)
12:03:00.791364 [debug]: Finished rendering [  0.00s] model staging_marts.mart_budget_vs_reel [success]
12:03:00.791392 [debug]: Started analyzing model staging_marts.mart_budget_vs_reel
12:03:00.791440 [debug]: Compiled SQL for node model.fintrack_analytics.int_transactions_enrichies at target\.lsp\compiled\fintrack_analytics\models\intermediate\int_transactions_enrichies.sql
12:03:00.793055 [debug]: Compiled SQL for node model.fintrack_analytics.dim_comptes at target\.lsp\compiled\fintrack_analytics\models\marts\dim_comptes.sql
12:03:00.793068 [debug]: Compiled SQL for node model.fintrack_analytics.mart_solde_mensuel at target\.lsp\compiled\fintrack_analytics\models\marts\mart_solde_mensuel.sql
12:03:00.793257 [debug]: Started analyzing model staging.int_transactions_enrichies
12:03:00.793294 [info ]: Started model staging_marts.fct_transactions
12:03:00.793310 [debug]: Started rendering model staging_marts.fct_transactions
12:03:00.793403 [debug]: Finished rendering [  0.01s] model staging_marts.dim_comptes [success]
12:03:00.793434 [debug]: Started analyzing model staging_marts.dim_comptes
12:03:00.793468 [debug]: Finished rendering [  0.01s] model staging_marts.mart_solde_mensuel [success]
12:03:00.793490 [debug]: Started analyzing model staging_marts.mart_solde_mensuel
12:03:00.793650 [debug]: Compiled SQL for node model.fintrack_analytics.stg_transactions at target\.lsp\compiled\fintrack_analytics\models\staging\stg_transactions.sql
12:03:00.793835 [debug]: Finished rendering [  0.01s] model staging.stg_transactions [success]
12:03:00.793868 [debug]: Started analyzing model staging.stg_transactions
12:03:00.793901 [debug]: Finished analyzing [  0.00s] model staging_marts.dim_comptes [success]
12:03:00.793918 [info ]:  Succeeded [  0.01s] model staging_marts.dim_comptes (table)
12:03:00.793954 [debug]: Compiled SQL for node model.fintrack_analytics.stg_categories at target\.lsp\compiled\fintrack_analytics\models\staging\stg_categories.sql
12:03:00.794090 [debug]: Compiled SQL for node model.fintrack_analytics.stg_budgets at target\.lsp\compiled\fintrack_analytics\models\staging\stg_budgets.sql
12:03:00.794095 [debug]: Finished rendering [  0.01s] model staging.stg_categories [success]
12:03:00.794123 [debug]: Started analyzing model staging.stg_categories
12:03:00.794245 [debug]: Finished rendering [  0.01s] model staging.stg_budgets [success]
12:03:00.794271 [debug]: Started analyzing model staging.stg_budgets
12:03:00.794337 [debug]: Compiled SQL for node model.fintrack_analytics.dim_categories at target\.lsp\compiled\fintrack_analytics\models\marts\dim_categories.sql
12:03:00.794355 [debug]: Finished analyzing [  0.00s] model staging.stg_categories [success]
12:03:00.794372 [info ]:  Succeeded [  0.01s] model staging.stg_categories (view)
12:03:00.794458 [debug]: Finished analyzing [  0.00s] model staging.stg_transactions [success]
12:03:00.794475 [info ]:  Succeeded [  0.01s] model staging.stg_transactions (view)
12:03:00.794502 [debug]: Finished rendering [  0.01s] model staging_marts.dim_categories [success]
12:03:00.794520 [debug]: Started analyzing model staging_marts.dim_categories
12:03:00.794550 [debug]: Finished analyzing [  0.00s] model staging.stg_budgets [success]
12:03:00.794564 [info ]:  Succeeded [  0.01s] model staging.stg_budgets (view)
12:03:00.794700 [debug]: Finished analyzing [  0.00s] model staging_marts.dim_categories [success]
12:03:00.794720 [info ]:  Succeeded [  0.01s] model staging_marts.dim_categories (table)
12:03:00.795799 [debug]: Finished analyzing [  0.00s] model staging_marts.mart_solde_mensuel [success]
12:03:00.795845 [info ]:  Succeeded [  0.01s] model staging_marts.mart_solde_mensuel (table)
12:03:00.795886 [debug]: Finished analyzing [  0.00s] model staging.int_transactions_enrichies [success]
12:03:00.795906 [info ]:  Succeeded [  0.01s] model staging.int_transactions_enrichies (ephemeral)
12:03:00.796318 [debug]: Compiled SQL for node model.fintrack_analytics.fct_transactions at target\.lsp\compiled\fintrack_analytics\models\marts\fct_transactions.sql
12:03:00.796454 [debug]: Compiled SQL for node model.fintrack_analytics.stg_comptes at target\.lsp\compiled\fintrack_analytics\models\staging\stg_comptes.sql
12:03:00.797074 [debug]: Finished rendering [  0.00s] model staging_marts.fct_transactions [success]
12:03:00.797164 [debug]: Finished rendering [  0.01s] model staging.int_transactions_enrichies [success]
12:03:00.797220 [debug]: Started analyzing model staging_marts.fct_transactions
12:03:00.797321 [debug]: Finished rendering [  0.01s] model staging.stg_comptes [success]
12:03:00.797355 [debug]: Started analyzing model staging.stg_comptes
12:03:00.797698 [info ]: Finished rendering [  0.01s] (12 nodes, 0 skipped, 0 errors)
12:03:00.797707 [debug]: Finished analyzing [  0.00s] model staging.stg_comptes [success]
12:03:00.797746 [info ]:  Succeeded [  0.01s] model staging.stg_comptes (view)
12:03:00.799640 [debug]: Finished analyzing [  0.00s] model staging_marts.fct_transactions [success]
12:03:00.799675 [info ]:  Succeeded [  0.01s] model staging_marts.fct_transactions (table)
12:03:00.800027 [debug]: Finished analyzing [  0.01s] model staging_marts.mart_budget_vs_reel [success]
12:03:00.800068 [info ]: Finished analyzing [  0.01s] (12 nodes, 0 skipped, 0 errors)
12:03:00.800079 [info ]:  Succeeded [  0.01s] model staging_marts.mart_budget_vs_reel (table)
12:03:00.804044 [info ]: Started scheduling
12:03:00.804135 [info ]: Finished scheduling [  0.00s]
12:03:00.804259 [info ]: 
==================== Execution Summary =====================
Finished 'compile' successfully for target 'dev' [122ms]
Processed: 11 models | 1 snapshot
Summary: 12 total | 12 success
12:03:00.804635 [info ]: Cached model count updated: 11 models (accurate)
==================== 2026-09-03T17:11:38.417557Z | d005bd5d-0e16-49c6-a3a0-dbec4b136ec8 ====================
17:11:38.418966 [info ]: Started loading project
17:11:38.424289 [info ]: Loading ~/.dbt/profiles.yml
17:11:38.556050 [info ]: Started parsing
17:11:38.847255 [info ]: Finished loading project [  0.43s]
17:11:38.882272 [debug]: Finished parsing models/staging/_stg_schema.yml [  0.00s]
17:11:38.887377 [debug]: Finished parsing snapshots\snapshot_comptes.sql [  0.00s]
17:11:38.900541 [debug]: Finished parsing models/staging/stg_budgets.sql [  0.00s]
17:11:38.902124 [debug]: Finished parsing models/staging/stg_categories.sql [  0.00s]
17:11:38.903619 [debug]: Finished parsing models/staging/stg_comptes.sql [  0.00s]
17:11:38.905298 [debug]: Finished parsing models/staging/stg_transactions.sql [  0.00s]
17:11:39.140362 [info ]: Finished parsing [  0.58s]
17:11:39.149832 [info ]: Cached model count updated: 11 models (estimate)
17:11:39.149853 [info ]: Cached model count updated: 11 models (accurate)
17:11:39.149894 [info ]: Started scheduling
17:11:39.150020 [info ]: Finished scheduling [  0.00s]
17:11:39.150045 [debug]: Compilation - 1 nodes selected: {"model.fintrack_analytics.stg_comptes"}
17:11:39.258966 [info ]: Started building task graph
17:11:39.259057 [info ]: Finished building task graph [  0.00s]
17:11:39.271954 [info ]: Started rendering (1 nodes)
17:11:39.271990 [info ]: Started model staging.stg_comptes
17:11:39.272002 [debug]: Started rendering model staging.stg_comptes
17:11:39.277654 [debug]: Compiled SQL for node model.fintrack_analytics.stg_comptes at target\.lsp\compiled\fintrack_analytics\models\staging\stg_comptes.sql
17:11:39.277904 [debug]: Finished rendering [  0.01s] model staging.stg_comptes [success]
17:11:39.277964 [info ]: Finished rendering [  0.01s] (1 nodes, 0 skipped, 0 errors)
17:11:39.278166 [info ]: Started analyzing (1 nodes)
17:11:39.278218 [debug]: Started analyzing model staging.stg_comptes
17:11:39.289176 [debug]: Finished analyzing [  0.01s] model staging.stg_comptes [success]
17:11:39.289220 [info ]: Finished analyzing [  0.01s] (1 nodes, 0 skipped, 0 errors)
17:11:39.289230 [info ]:  Succeeded [  0.01s] model staging.stg_comptes (view)
17:11:39.297857 [info ]: Started scheduling
17:11:39.298092 [info ]: Finished scheduling [  0.00s]
17:11:39.301146 [info ]: 
==================== Execution Summary =====================
Finished 'compile' successfully for target 'dev' [883ms]
Processed: 1 model
Summary: 1 total | 1 success
17:11:39.301307 [info ]: Cached model count updated: 11 models (accurate)
==================== 2026-09-03T17:11:40.888307Z | 01baec7e-84fd-4883-b447-54ea94888d22 ====================
17:11:40.888696 [info ]: Started loading project
17:11:40.889977 [info ]: Loading ~/.dbt/profiles.yml
17:11:40.988062 [info ]: Cached model count updated: 11 models (estimate)
17:11:40.988093 [info ]: Cached model count updated: 11 models (accurate)
17:11:40.988150 [info ]: Started scheduling
17:11:40.988467 [info ]: Finished scheduling [  0.00s]
17:11:40.988498 [debug]: Compilation - 12 nodes selected: {"model.fintrack_analytics.dim_categories", "model.fintrack_analytics.dim_comptes", "model.fintrack_analytics.fct_transactions", "model.fintrack_analytics.int_transactions_enrichies", "model.fintrack_analytics.mart_budget_vs_reel", "model.fintrack_analytics.mart_solde_mensuel", "model.fintrack_analytics.mart_top_depenses", "model.fintrack_analytics.stg_budgets", "model.fintrack_analytics.stg_categories", "model.fintrack_analytics.stg_comptes", "model.fintrack_analytics.stg_transactions", "snapshot.fintrack_analytics.snapshot_comptes"}
17:11:41.077097 [info ]: Started building task graph
17:11:41.077214 [info ]: Finished building task graph [  0.00s]
17:11:41.086541 [info ]: Started rendering (12 nodes)
17:11:41.086572 [info ]: Started snapshot snapshots.snapshot_comptes
17:11:41.086585 [debug]: Started rendering snapshot snapshots.snapshot_comptes
17:11:41.086610 [info ]: Started model staging_marts.mart_top_depenses
17:11:41.086624 [debug]: Started rendering model staging_marts.mart_top_depenses
17:11:41.086636 [info ]: Started model staging_marts.mart_solde_mensuel
17:11:41.086643 [debug]: Started rendering model staging_marts.mart_solde_mensuel
17:11:41.086639 [info ]: Finished loading project [  0.20s]
17:11:41.086656 [info ]: Started model staging_marts.mart_budget_vs_reel
17:11:41.086663 [debug]: Started rendering model staging_marts.mart_budget_vs_reel
17:11:41.086673 [info ]: Started model staging.stg_budgets
17:11:41.086685 [debug]: Started rendering model staging.stg_budgets
17:11:41.086745 [info ]: Started model staging.int_transactions_enrichies
17:11:41.087885 [debug]: Compiled SQL for node snapshot.fintrack_analytics.snapshot_comptes at target\.lsp\compiled\fintrack_analytics\snapshots\snapshot_comptes.sql\snapshot_comptes.sql
17:11:41.088108 [debug]: Started rendering model staging.int_transactions_enrichies
17:11:41.089304 [info ]: Started model staging.stg_transactions
17:11:41.089323 [debug]: Started rendering model staging.stg_transactions
17:11:41.089340 [info ]: Started model staging_marts.dim_comptes
17:11:41.089360 [debug]: Started rendering model staging_marts.dim_comptes
17:11:41.089383 [info ]: Started model staging.stg_comptes
17:11:41.089406 [debug]: Started rendering model staging.stg_comptes
17:11:41.089434 [info ]: Started model staging_marts.dim_categories
17:11:41.089479 [debug]: Started rendering model staging_marts.dim_categories
17:11:41.092134 [debug]: Compiled SQL for node model.fintrack_analytics.mart_solde_mensuel at target\.lsp\compiled\fintrack_analytics\models\marts\mart_solde_mensuel.sql
17:11:41.092213 [debug]: Compiled SQL for node model.fintrack_analytics.int_transactions_enrichies at target\.lsp\compiled\fintrack_analytics\models\intermediate\int_transactions_enrichies.sql
17:11:41.092248 [debug]: Compiled SQL for node model.fintrack_analytics.dim_categories at target\.lsp\compiled\fintrack_analytics\models\marts\dim_categories.sql
17:11:41.092271 [debug]: Compiled SQL for node model.fintrack_analytics.stg_budgets at target\.lsp\compiled\fintrack_analytics\models\staging\stg_budgets.sql
17:11:41.090827 [info ]: Started model staging.stg_categories
17:11:41.092446 [debug]: Compiled SQL for node model.fintrack_analytics.stg_comptes at target\.lsp\compiled\fintrack_analytics\models\staging\stg_comptes.sql
17:11:41.092454 [debug]: Started rendering model staging.stg_categories
17:11:41.092477 [debug]: Compiled SQL for node model.fintrack_analytics.mart_top_depenses at target\.lsp\compiled\fintrack_analytics\models\marts\mart_top_depenses.sql
17:11:41.092489 [debug]: Finished rendering [  0.01s] snapshot snapshots.snapshot_comptes [success]
17:11:41.092534 [info ]: Started analyzing (12 nodes)
17:11:41.092552 [debug]: Started analyzing snapshot snapshots.snapshot_comptes
17:11:41.092579 [debug]: Finished rendering [  0.01s] model staging_marts.mart_solde_mensuel [success]
17:11:41.092599 [debug]: Started analyzing model staging_marts.mart_solde_mensuel
17:11:41.092612 [debug]: Finished rendering [  0.00s] model staging.int_transactions_enrichies [success]
17:11:41.092626 [info ]: Started model staging_marts.fct_transactions
17:11:41.092634 [debug]: Started rendering model staging_marts.fct_transactions
17:11:41.092643 [debug]: Started analyzing model staging.int_transactions_enrichies
17:11:41.092655 [debug]: Finished rendering [  0.01s] model staging.stg_budgets [success]
17:11:41.092664 [debug]: Started analyzing model staging.stg_budgets
17:11:41.092675 [debug]: Finished rendering [  0.00s] model staging.stg_comptes [success]
17:11:41.092691 [debug]: Started analyzing model staging.stg_comptes
17:11:41.092712 [debug]: Finished rendering [  0.00s] model staging_marts.dim_categories [success]
17:11:41.092733 [debug]: Started analyzing model staging_marts.dim_categories
17:11:41.092757 [debug]: Finished rendering [  0.01s] model staging_marts.mart_top_depenses [success]
17:11:41.092775 [debug]: Started analyzing model staging_marts.mart_top_depenses
17:11:41.093348 [debug]: Finished analyzing [  0.00s] model staging.stg_comptes [success]
17:11:41.093383 [info ]:  Succeeded [  0.00s] model staging.stg_comptes (view)
17:11:41.094945 [debug]: Compiled SQL for node model.fintrack_analytics.dim_comptes at target\.lsp\compiled\fintrack_analytics\models\marts\dim_comptes.sql
17:11:41.095327 [debug]: Finished analyzing [  0.00s] model staging_marts.dim_categories [success]
17:11:41.095355 [info ]:  Succeeded [  0.01s] model staging_marts.dim_categories (table)
17:11:41.095384 [debug]: Finished analyzing [  0.00s] snapshot snapshots.snapshot_comptes [success]
17:11:41.095394 [info ]:  Succeeded [  0.01s] snapshot snapshots.snapshot_comptes (snapshot)
17:11:41.095512 [debug]: Compiled SQL for node model.fintrack_analytics.stg_transactions at target\.lsp\compiled\fintrack_analytics\models\staging\stg_transactions.sql
17:11:41.095560 [debug]: Compiled SQL for node model.fintrack_analytics.mart_budget_vs_reel at target\.lsp\compiled\fintrack_analytics\models\marts\mart_budget_vs_reel.sql
17:11:41.095628 [debug]: Finished rendering [  0.01s] model staging.stg_transactions [success]
17:11:41.095666 [debug]: Started analyzing model staging.stg_transactions
17:11:41.095705 [debug]: Finished rendering [  0.01s] model staging_marts.mart_budget_vs_reel [success]
17:11:41.095716 [debug]: Compiled SQL for node model.fintrack_analytics.fct_transactions at target\.lsp\compiled\fintrack_analytics\models\marts\fct_transactions.sql
17:11:41.095730 [debug]: Started analyzing model staging_marts.mart_budget_vs_reel
17:11:41.095807 [debug]: Finished rendering [  0.00s] model staging_marts.fct_transactions [success]
17:11:41.095838 [debug]: Started analyzing model staging_marts.fct_transactions
17:11:41.095866 [debug]: Compiled SQL for node model.fintrack_analytics.stg_categories at target\.lsp\compiled\fintrack_analytics\models\staging\stg_categories.sql
17:11:41.097271 [debug]: Finished rendering [  0.01s] model staging_marts.dim_comptes [success]
17:11:41.098071 [debug]: Started analyzing model staging_marts.dim_comptes
17:11:41.098122 [debug]: Finished analyzing [  0.01s] model staging.stg_budgets [success]
17:11:41.098139 [info ]:  Succeeded [  0.01s] model staging.stg_budgets (view)
17:11:41.098159 [debug]: Finished rendering [  0.01s] model staging.stg_categories [success]
17:11:41.098169 [info ]: Finished rendering [  0.01s] (12 nodes, 0 skipped, 0 errors)
17:11:41.098179 [debug]: Started analyzing model staging.stg_categories
17:11:41.098465 [debug]: Finished analyzing [  0.00s] model staging.stg_categories [success]
17:11:41.098482 [info ]:  Succeeded [  0.01s] model staging.stg_categories (view)
17:11:41.098578 [debug]: Finished analyzing [  0.01s] model staging_marts.mart_top_depenses [success]
17:11:41.098609 [info ]:  Succeeded [  0.01s] model staging_marts.mart_top_depenses (table)
17:11:41.102245 [debug]: Finished analyzing [  0.00s] model staging_marts.dim_comptes [success]
17:11:41.102278 [info ]:  Succeeded [  0.01s] model staging_marts.dim_comptes (table)
17:11:41.103098 [debug]: Finished analyzing [  0.01s] model staging.int_transactions_enrichies [success]
17:11:41.103120 [info ]:  Succeeded [  0.01s] model staging.int_transactions_enrichies (ephemeral)
17:11:41.103385 [debug]: Finished analyzing [  0.01s] model staging.stg_transactions [success]
17:11:41.103405 [info ]:  Succeeded [  0.01s] model staging.stg_transactions (view)
17:11:41.103423 [debug]: Finished analyzing [  0.01s] model staging_marts.fct_transactions [success]
17:11:41.103433 [info ]:  Succeeded [  0.01s] model staging_marts.fct_transactions (table)
17:11:41.104806 [debug]: Finished analyzing [  0.01s] model staging_marts.mart_solde_mensuel [success]
17:11:41.104826 [info ]:  Succeeded [  0.02s] model staging_marts.mart_solde_mensuel (table)
17:11:41.105540 [debug]: Finished analyzing [  0.01s] model staging_marts.mart_budget_vs_reel [success]
17:11:41.105557 [info ]: Finished analyzing [  0.01s] (12 nodes, 0 skipped, 0 errors)
17:11:41.105565 [info ]:  Succeeded [  0.02s] model staging_marts.mart_budget_vs_reel (table)
17:11:41.110189 [info ]: Started scheduling
17:11:41.110283 [info ]: Finished scheduling [  0.00s]
17:11:41.110466 [info ]: 
==================== Execution Summary =====================
Finished 'compile' successfully for target 'dev' [222ms]
Processed: 11 models | 1 snapshot
Summary: 12 total | 12 success
17:11:41.110773 [info ]: Cached model count updated: 11 models (accurate)
==================== 2026-09-03T17:37:57.926947Z | c8d895d8-a0e1-43e7-8e9c-a2f41ba67cf4 ====================
17:37:57.927023 [info ]: Started loading project
17:37:57.927818 [info ]: Loading ~/.dbt/profiles.yml
17:37:58.003035 [info ]: Cached model count updated: 11 models (accurate)
17:37:58.003157 [info ]: Finished loading project [  0.08s]
17:37:58.003201 [info ]: 
==================== Execution Summary =====================
Finished 'compile' successfully for target 'dev' [76ms]
==================== 2026-09-03T17:37:59.619764Z | a9c48763-975b-445c-b96b-c7c43d4e5be3 ====================
17:37:59.619816 [info ]: Started loading project
17:37:59.620457 [info ]: Loading ~/.dbt/profiles.yml
17:37:59.661463 [info ]: Cached model count updated: 11 models (estimate)
17:37:59.661485 [info ]: Cached model count updated: 11 models (accurate)
17:37:59.661524 [info ]: Started scheduling
17:37:59.661709 [info ]: Finished scheduling [  0.00s]
17:37:59.661733 [debug]: Compilation - 12 nodes selected: {"model.fintrack_analytics.dim_categories", "model.fintrack_analytics.dim_comptes", "model.fintrack_analytics.fct_transactions", "model.fintrack_analytics.int_transactions_enrichies", "model.fintrack_analytics.mart_budget_vs_reel", "model.fintrack_analytics.mart_solde_mensuel", "model.fintrack_analytics.mart_top_depenses", "model.fintrack_analytics.stg_budgets", "model.fintrack_analytics.stg_categories", "model.fintrack_analytics.stg_comptes", "model.fintrack_analytics.stg_transactions", "snapshot.fintrack_analytics.snapshot_comptes"}
17:37:59.725729 [info ]: Started building task graph
17:37:59.725848 [info ]: Finished building task graph [  0.00s]
17:37:59.736046 [info ]: Started rendering (12 nodes)
17:37:59.736081 [info ]: Started snapshot snapshots.snapshot_comptes
17:37:59.736114 [debug]: Started rendering snapshot snapshots.snapshot_comptes
17:37:59.736151 [info ]: Started model staging_marts.mart_top_depenses
17:37:59.736162 [debug]: Started rendering model staging_marts.mart_top_depenses
17:37:59.736183 [info ]: Finished loading project [  0.12s]
17:37:59.736191 [info ]: Started model staging_marts.mart_solde_mensuel
17:37:59.736206 [debug]: Started rendering model staging_marts.mart_solde_mensuel
17:37:59.736225 [info ]: Started model staging_marts.mart_budget_vs_reel
17:37:59.736245 [debug]: Started rendering model staging_marts.mart_budget_vs_reel
17:37:59.736292 [info ]: Started model staging.stg_budgets
17:37:59.736313 [debug]: Started rendering model staging.stg_budgets
17:37:59.736352 [info ]: Started model staging.int_transactions_enrichies
17:37:59.736379 [debug]: Started rendering model staging.int_transactions_enrichies
17:37:59.736413 [info ]: Started model staging.stg_transactions
17:37:59.736431 [debug]: Started rendering model staging.stg_transactions
17:37:59.736481 [info ]: Started model staging_marts.dim_comptes
17:37:59.736497 [debug]: Started rendering model staging_marts.dim_comptes
17:37:59.736545 [info ]: Started model staging.stg_comptes
17:37:59.736565 [debug]: Started rendering model staging.stg_comptes
17:37:59.736595 [info ]: Started model staging_marts.dim_categories
17:37:59.736618 [debug]: Started rendering model staging_marts.dim_categories
17:37:59.736674 [info ]: Started model staging.stg_categories
17:37:59.736705 [debug]: Started rendering model staging.stg_categories
17:37:59.737227 [debug]: Compiled SQL for node snapshot.fintrack_analytics.snapshot_comptes at target\.lsp\compiled\fintrack_analytics\snapshots\snapshot_comptes.sql\snapshot_comptes.sql
17:37:59.737295 [debug]: Compiled SQL for node model.fintrack_analytics.mart_solde_mensuel at target\.lsp\compiled\fintrack_analytics\models\marts\mart_solde_mensuel.sql
17:37:59.737385 [debug]: Compiled SQL for node model.fintrack_analytics.mart_top_depenses at target\.lsp\compiled\fintrack_analytics\models\marts\mart_top_depenses.sql
17:37:59.737626 [debug]: Compiled SQL for node model.fintrack_analytics.mart_budget_vs_reel at target\.lsp\compiled\fintrack_analytics\models\marts\mart_budget_vs_reel.sql
17:37:59.737630 [debug]: Finished rendering [  0.00s] snapshot snapshots.snapshot_comptes [success]
17:37:59.737676 [info ]: Started analyzing (12 nodes)
17:37:59.737688 [debug]: Started analyzing snapshot snapshots.snapshot_comptes
17:37:59.737725 [debug]: Compiled SQL for node model.fintrack_analytics.stg_budgets at target\.lsp\compiled\fintrack_analytics\models\staging\stg_budgets.sql
17:37:59.737761 [debug]: Compiled SQL for node model.fintrack_analytics.int_transactions_enrichies at target\.lsp\compiled\fintrack_analytics\models\intermediate\int_transactions_enrichies.sql
17:37:59.737797 [debug]: Compiled SQL for node model.fintrack_analytics.stg_comptes at target\.lsp\compiled\fintrack_analytics\models\staging\stg_comptes.sql
17:37:59.737881 [debug]: Finished rendering [  0.00s] model staging_marts.mart_solde_mensuel [success]
17:37:59.737917 [debug]: Started analyzing model staging_marts.mart_solde_mensuel
17:37:59.738094 [debug]: Finished analyzing [  0.00s] snapshot snapshots.snapshot_comptes [success]
17:37:59.738120 [info ]:  Succeeded [  0.00s] snapshot snapshots.snapshot_comptes (snapshot)
17:37:59.738140 [debug]: Compiled SQL for node model.fintrack_analytics.stg_categories at target\.lsp\compiled\fintrack_analytics\models\staging\stg_categories.sql
17:37:59.738172 [debug]: Compiled SQL for node model.fintrack_analytics.dim_categories at target\.lsp\compiled\fintrack_analytics\models\marts\dim_categories.sql
17:37:59.738179 [debug]: Compiled SQL for node model.fintrack_analytics.stg_transactions at target\.lsp\compiled\fintrack_analytics\models\staging\stg_transactions.sql
17:37:59.738256 [debug]: Finished rendering [  0.00s] model staging_marts.mart_budget_vs_reel [success]
17:37:59.738288 [debug]: Started analyzing model staging_marts.mart_budget_vs_reel
17:37:59.738318 [debug]: Finished rendering [  0.00s] model staging.int_transactions_enrichies [success]
17:37:59.738348 [info ]: Started model staging_marts.fct_transactions
17:37:59.738368 [debug]: Started rendering model staging_marts.fct_transactions
17:37:59.738387 [debug]: Started analyzing model staging.int_transactions_enrichies
17:37:59.738417 [debug]: Finished rendering [  0.00s] model staging.stg_budgets [success]
17:37:59.738433 [debug]: Started analyzing model staging.stg_budgets
17:37:59.738455 [debug]: Compiled SQL for node model.fintrack_analytics.dim_comptes at target\.lsp\compiled\fintrack_analytics\models\marts\dim_comptes.sql
17:37:59.738459 [debug]: Finished rendering [  0.00s] model staging.stg_comptes [success]
17:37:59.738476 [debug]: Started analyzing model staging.stg_comptes
17:37:59.738501 [debug]: Finished rendering [  0.00s] model staging.stg_categories [success]
17:37:59.738522 [debug]: Started analyzing model staging.stg_categories
17:37:59.738541 [debug]: Finished rendering [  0.00s] model staging_marts.dim_categories [success]
17:37:59.738560 [debug]: Started analyzing model staging_marts.dim_categories
17:37:59.738583 [debug]: Finished rendering [  0.00s] model staging.stg_transactions [success]
17:37:59.738597 [debug]: Started analyzing model staging.stg_transactions
17:37:59.738620 [debug]: Finished rendering [  0.00s] model staging_marts.mart_top_depenses [success]
17:37:59.738644 [debug]: Started analyzing model staging_marts.mart_top_depenses
17:37:59.738664 [debug]: Finished rendering [  0.00s] model staging_marts.dim_comptes [success]
17:37:59.738684 [debug]: Started analyzing model staging_marts.dim_comptes
17:37:59.738831 [debug]: Finished analyzing [  0.00s] model staging.stg_budgets [success]
17:37:59.738855 [info ]:  Succeeded [  0.00s] model staging.stg_budgets (view)
17:37:59.738913 [debug]: Finished analyzing [  0.00s] model staging.stg_comptes [success]
17:37:59.738934 [info ]:  Succeeded [  0.00s] model staging.stg_comptes (view)
17:37:59.739219 [debug]: Finished analyzing [  0.00s] model staging.stg_categories [success]
17:37:59.739244 [info ]:  Succeeded [  0.00s] model staging.stg_categories (view)
17:37:59.739426 [debug]: Finished analyzing [  0.00s] model staging_marts.dim_categories [success]
17:37:59.739443 [info ]:  Succeeded [  0.00s] model staging_marts.dim_categories (table)
17:37:59.739574 [debug]: Compiled SQL for node model.fintrack_analytics.fct_transactions at target\.lsp\compiled\fintrack_analytics\models\marts\fct_transactions.sql
17:37:59.740193 [debug]: Finished analyzing [  0.00s] model staging_marts.mart_solde_mensuel [success]
17:37:59.740228 [info ]:  Succeeded [  0.00s] model staging_marts.mart_solde_mensuel (table)
17:37:59.740263 [debug]: Finished analyzing [  0.00s] model staging.stg_transactions [success]
17:37:59.740280 [info ]:  Succeeded [  0.00s] model staging.stg_transactions (view)
17:37:59.740306 [debug]: Finished rendering [  0.00s] model staging_marts.fct_transactions [success]
17:37:59.740324 [info ]: Finished rendering [  0.00s] (12 nodes, 0 skipped, 0 errors)
17:37:59.740344 [debug]: Started analyzing model staging_marts.fct_transactions
17:37:59.740508 [debug]: Finished analyzing [  0.00s] model staging_marts.dim_comptes [success]
17:37:59.740534 [info ]:  Succeeded [  0.00s] model staging_marts.dim_comptes (table)
17:37:59.740558 [debug]: Finished analyzing [  0.00s] model staging_marts.mart_top_depenses [success]
17:37:59.740570 [info ]:  Succeeded [  0.00s] model staging_marts.mart_top_depenses (table)
17:37:59.741322 [debug]: Finished analyzing [  0.00s] model staging.int_transactions_enrichies [success]
17:37:59.741353 [info ]:  Succeeded [  0.00s] model staging.int_transactions_enrichies (ephemeral)
17:37:59.742790 [debug]: Finished analyzing [  0.00s] model staging_marts.fct_transactions [success]
17:37:59.742821 [info ]:  Succeeded [  0.00s] model staging_marts.fct_transactions (table)
17:37:59.743081 [debug]: Finished analyzing [  0.00s] model staging_marts.mart_budget_vs_reel [success]
17:37:59.743103 [info ]: Finished analyzing [  0.01s] (12 nodes, 0 skipped, 0 errors)
17:37:59.743113 [info ]:  Succeeded [  0.01s] model staging_marts.mart_budget_vs_reel (table)
17:37:59.747032 [info ]: Started scheduling
17:37:59.747104 [info ]: Finished scheduling [  0.00s]
17:37:59.747213 [info ]: 
==================== Execution Summary =====================
Finished 'compile' successfully for target 'dev' [127ms]
Processed: 11 models | 1 snapshot
Summary: 12 total | 12 success
17:37:59.747634 [info ]: Cached model count updated: 11 models (accurate)
==================== 2026-09-03T17:38:28.210878Z | 65f2713f-50d8-4eed-8270-079dad60804d ====================
17:38:28.210961 [info ]: Started loading project
17:38:28.211901 [info ]: Loading ~/.dbt/profiles.yml
17:38:28.280949 [info ]: Finished loading project [  0.07s]
17:38:28.280986 [info ]: 
==================== Execution Summary =====================
Finished 'compile' successfully for target 'dev' [70ms]
17:38:28.281675 [info ]: Cached model count updated: 11 models (accurate)
==================== 2026-09-03T17:38:29.931171Z | ec88cfec-98d8-42f6-9541-51a3862dd95c ====================
17:38:29.931240 [info ]: Started loading project
17:38:29.932103 [info ]: Loading ~/.dbt/profiles.yml
17:38:29.991389 [info ]: Cached model count updated: 11 models (estimate)
17:38:29.991426 [info ]: Cached model count updated: 11 models (accurate)
17:38:29.991496 [info ]: Started scheduling
17:38:29.991840 [info ]: Finished scheduling [  0.00s]
17:38:29.991875 [debug]: Compilation - 12 nodes selected: {"model.fintrack_analytics.dim_categories", "model.fintrack_analytics.dim_comptes", "model.fintrack_analytics.fct_transactions", "model.fintrack_analytics.int_transactions_enrichies", "model.fintrack_analytics.mart_budget_vs_reel", "model.fintrack_analytics.mart_solde_mensuel", "model.fintrack_analytics.mart_top_depenses", "model.fintrack_analytics.stg_budgets", "model.fintrack_analytics.stg_categories", "model.fintrack_analytics.stg_comptes", "model.fintrack_analytics.stg_transactions", "snapshot.fintrack_analytics.snapshot_comptes"}
17:38:30.075649 [info ]: Started building task graph
17:38:30.075809 [info ]: Finished building task graph [  0.00s]
17:38:30.084799 [info ]: Started rendering (12 nodes)
17:38:30.084830 [info ]: Started snapshot snapshots.snapshot_comptes
17:38:30.084841 [debug]: Started rendering snapshot snapshots.snapshot_comptes
17:38:30.084867 [info ]: Started model staging_marts.mart_top_depenses
17:38:30.084878 [debug]: Started rendering model staging_marts.mart_top_depenses
17:38:30.084899 [info ]: Started model staging_marts.mart_solde_mensuel
17:38:30.084903 [info ]: Finished loading project [  0.15s]
17:38:30.084918 [debug]: Started rendering model staging_marts.mart_solde_mensuel
17:38:30.084943 [info ]: Started model staging_marts.mart_budget_vs_reel
17:38:30.084959 [debug]: Started rendering model staging_marts.mart_budget_vs_reel
17:38:30.084992 [info ]: Started model staging.stg_budgets
17:38:30.085012 [debug]: Started rendering model staging.stg_budgets
17:38:30.085043 [info ]: Started model staging.int_transactions_enrichies
17:38:30.085059 [debug]: Started rendering model staging.int_transactions_enrichies
17:38:30.085084 [info ]: Started model staging.stg_transactions
17:38:30.085106 [debug]: Started rendering model staging.stg_transactions
17:38:30.085125 [info ]: Started model staging_marts.dim_comptes
17:38:30.085142 [debug]: Started rendering model staging_marts.dim_comptes
17:38:30.085174 [info ]: Started model staging.stg_comptes
17:38:30.085192 [debug]: Started rendering model staging.stg_comptes
17:38:30.085220 [info ]: Started model staging_marts.dim_categories
17:38:30.085240 [debug]: Started rendering model staging_marts.dim_categories
17:38:30.085264 [info ]: Started model staging.stg_categories
17:38:30.085286 [debug]: Started rendering model staging.stg_categories
17:38:30.085349 [debug]: Compiled SQL for node snapshot.fintrack_analytics.snapshot_comptes at target\.lsp\compiled\fintrack_analytics\snapshots\snapshot_comptes.sql\snapshot_comptes.sql
17:38:30.085434 [debug]: Finished rendering [  0.00s] snapshot snapshots.snapshot_comptes [success]
17:38:30.085481 [info ]: Started analyzing (12 nodes)
17:38:30.085494 [debug]: Started analyzing snapshot snapshots.snapshot_comptes
17:38:30.085760 [debug]: Finished analyzing [  0.00s] snapshot snapshots.snapshot_comptes [success]
17:38:30.085786 [info ]:  Succeeded [-------] snapshot snapshots.snapshot_comptes (snapshot)
17:38:30.085847 [debug]: Compiled SQL for node model.fintrack_analytics.mart_top_depenses at target\.lsp\compiled\fintrack_analytics\models\marts\mart_top_depenses.sql
17:38:30.085922 [debug]: Finished rendering [  0.00s] model staging_marts.mart_top_depenses [success]
17:38:30.085925 [debug]: Compiled SQL for node model.fintrack_analytics.mart_budget_vs_reel at target\.lsp\compiled\fintrack_analytics\models\marts\mart_budget_vs_reel.sql
17:38:30.085947 [debug]: Started analyzing model staging_marts.mart_top_depenses
17:38:30.086206 [debug]: Compiled SQL for node model.fintrack_analytics.mart_solde_mensuel at target\.lsp\compiled\fintrack_analytics\models\marts\mart_solde_mensuel.sql
17:38:30.086296 [debug]: Finished rendering [  0.00s] model staging_marts.mart_budget_vs_reel [success]
17:38:30.086329 [debug]: Started analyzing model staging_marts.mart_budget_vs_reel
17:38:30.086335 [debug]: Compiled SQL for node model.fintrack_analytics.stg_transactions at target\.lsp\compiled\fintrack_analytics\models\staging\stg_transactions.sql
17:38:30.086396 [debug]: Finished analyzing [  0.00s] model staging_marts.mart_top_depenses [success]
17:38:30.086416 [debug]: Compiled SQL for node model.fintrack_analytics.int_transactions_enrichies at target\.lsp\compiled\fintrack_analytics\models\intermediate\int_transactions_enrichies.sql
17:38:30.086416 [info ]:  Succeeded [  0.00s] model staging_marts.mart_top_depenses (table)
17:38:30.086452 [debug]: Finished rendering [  0.00s] model staging_marts.mart_solde_mensuel [success]
17:38:30.086472 [debug]: Started analyzing model staging_marts.mart_solde_mensuel
17:38:30.086499 [debug]: Finished rendering [  0.00s] model staging.stg_transactions [success]
17:38:30.086517 [debug]: Started analyzing model staging.stg_transactions
17:38:30.086603 [debug]: Compiled SQL for node model.fintrack_analytics.stg_comptes at target\.lsp\compiled\fintrack_analytics\models\staging\stg_comptes.sql
17:38:30.086611 [debug]: Finished rendering [  0.00s] model staging.int_transactions_enrichies [success]
17:38:30.086638 [debug]: Started analyzing model staging.int_transactions_enrichies
17:38:30.086673 [info ]: Started model staging_marts.fct_transactions
17:38:30.086689 [debug]: Started rendering model staging_marts.fct_transactions
17:38:30.086741 [debug]: Compiled SQL for node model.fintrack_analytics.dim_categories at target\.lsp\compiled\fintrack_analytics\models\marts\dim_categories.sql
17:38:30.086813 [debug]: Compiled SQL for node model.fintrack_analytics.stg_budgets at target\.lsp\compiled\fintrack_analytics\models\staging\stg_budgets.sql
17:38:30.086978 [debug]: Finished rendering [  0.00s] model staging.stg_comptes [success]
17:38:30.087005 [debug]: Started analyzing model staging.stg_comptes
17:38:30.087029 [debug]: Compiled SQL for node model.fintrack_analytics.dim_comptes at target\.lsp\compiled\fintrack_analytics\models\marts\dim_comptes.sql
17:38:30.087157 [debug]: Compiled SQL for node model.fintrack_analytics.stg_categories at target\.lsp\compiled\fintrack_analytics\models\staging\stg_categories.sql
17:38:30.087294 [debug]: Finished analyzing [  0.00s] model staging.stg_comptes [success]
17:38:30.087311 [info ]:  Succeeded [  0.00s] model staging.stg_comptes (view)
17:38:30.087367 [debug]: Finished rendering [  0.00s] model staging_marts.dim_categories [success]
17:38:30.087399 [debug]: Started analyzing model staging_marts.dim_categories
17:38:30.087426 [debug]: Finished rendering [  0.00s] model staging.stg_budgets [success]
17:38:30.087445 [debug]: Started analyzing model staging.stg_budgets
17:38:30.087466 [debug]: Finished rendering [  0.00s] model staging_marts.dim_comptes [success]
17:38:30.087483 [debug]: Started analyzing model staging_marts.dim_comptes
17:38:30.087503 [debug]: Started analyzing model staging.stg_categories
17:38:30.087526 [debug]: Finished rendering [  0.00s] model staging.stg_categories [success]
17:38:30.087735 [debug]: Finished analyzing [  0.00s] model staging_marts.dim_categories [success]
17:38:30.087761 [info ]:  Succeeded [  0.00s] model staging_marts.dim_categories (table)
17:38:30.087917 [debug]: Finished analyzing [  0.00s] model staging.stg_transactions [success]
17:38:30.087943 [info ]:  Succeeded [  0.00s] model staging.stg_transactions (view)
17:38:30.087967 [debug]: Finished analyzing [  0.00s] model staging.stg_budgets [success]
17:38:30.087986 [info ]:  Succeeded [  0.00s] model staging.stg_budgets (view)
17:38:30.088163 [debug]: Finished analyzing [  0.00s] model staging_marts.dim_comptes [success]
17:38:30.088183 [info ]:  Succeeded [  0.00s] model staging_marts.dim_comptes (table)
17:38:30.088345 [debug]: Finished analyzing [  0.00s] model staging.stg_categories [success]
17:38:30.088362 [info ]:  Succeeded [  0.00s] model staging.stg_categories (view)
17:38:30.088561 [debug]: Finished analyzing [  0.00s] model staging_marts.mart_solde_mensuel [success]
17:38:30.088581 [info ]:  Succeeded [  0.00s] model staging_marts.mart_solde_mensuel (table)
17:38:30.090034 [debug]: Finished analyzing [  0.00s] model staging.int_transactions_enrichies [success]
17:38:30.090079 [info ]:  Succeeded [  0.00s] model staging.int_transactions_enrichies (ephemeral)
17:38:30.091130 [debug]: Compiled SQL for node model.fintrack_analytics.fct_transactions at target\.lsp\compiled\fintrack_analytics\models\marts\fct_transactions.sql
17:38:30.091303 [debug]: Finished rendering [  0.00s] model staging_marts.fct_transactions [success]
17:38:30.091344 [info ]: Finished rendering [  0.01s] (12 nodes, 0 skipped, 0 errors)
17:38:30.091380 [debug]: Started analyzing model staging_marts.fct_transactions
17:38:30.092758 [debug]: Finished analyzing [  0.01s] model staging_marts.mart_budget_vs_reel [success]
17:38:30.092791 [info ]:  Succeeded [  0.01s] model staging_marts.mart_budget_vs_reel (table)
17:38:30.093940 [debug]: Finished analyzing [  0.00s] model staging_marts.fct_transactions [success]
17:38:30.093967 [info ]: Finished analyzing [  0.01s] (12 nodes, 0 skipped, 0 errors)
17:38:30.093985 [info ]:  Succeeded [  0.01s] model staging_marts.fct_transactions (table)
17:38:30.099270 [info ]: Started scheduling
17:38:30.099335 [info ]: Finished scheduling [  0.00s]
17:38:30.099442 [info ]: 
==================== Execution Summary =====================
Finished 'compile' successfully for target 'dev' [168ms]
Processed: 11 models | 1 snapshot
Summary: 12 total | 12 success
17:38:30.099750 [info ]: Cached model count updated: 11 models (accurate)
==================== 2026-09-03T17:39:15.627271Z | 35e7c8cf-8840-433f-8e4f-a9e7b0e4c52f ====================
17:39:15.627368 [info ]: Started loading project
17:39:15.628246 [info ]: Loading ~/.dbt/profiles.yml
17:39:15.671572 [info ]: Cached model count updated: 11 models (accurate)
17:39:15.671640 [info ]: Finished loading project [  0.04s]
17:39:15.671670 [info ]: 
==================== Execution Summary =====================
Finished 'compile' successfully for target 'dev' [44ms]
==================== 2026-09-03T17:39:17.259299Z | 3609ad17-f909-46aa-af65-d2c3fea128df ====================
17:39:17.260887 [info ]: Started loading project
17:39:17.262760 [info ]: Loading ~/.dbt/profiles.yml
17:39:17.310532 [info ]: Cached model count updated: 11 models (estimate)
17:39:17.310554 [info ]: Cached model count updated: 11 models (accurate)
17:39:17.310589 [info ]: Started scheduling
17:39:17.310739 [info ]: Finished scheduling [  0.00s]
17:39:17.310761 [debug]: Compilation - 12 nodes selected: {"model.fintrack_analytics.dim_categories", "model.fintrack_analytics.dim_comptes", "model.fintrack_analytics.fct_transactions", "model.fintrack_analytics.int_transactions_enrichies", "model.fintrack_analytics.mart_budget_vs_reel", "model.fintrack_analytics.mart_solde_mensuel", "model.fintrack_analytics.mart_top_depenses", "model.fintrack_analytics.stg_budgets", "model.fintrack_analytics.stg_categories", "model.fintrack_analytics.stg_comptes", "model.fintrack_analytics.stg_transactions", "snapshot.fintrack_analytics.snapshot_comptes"}
17:39:17.367267 [info ]: Started building task graph
17:39:17.367384 [info ]: Finished building task graph [  0.00s]
17:39:17.376545 [info ]: Started rendering (12 nodes)
17:39:17.376576 [info ]: Started snapshot snapshots.snapshot_comptes
17:39:17.376588 [debug]: Started rendering snapshot snapshots.snapshot_comptes
17:39:17.376612 [info ]: Started model staging_marts.mart_top_depenses
17:39:17.376622 [debug]: Started rendering model staging_marts.mart_top_depenses
17:39:17.376634 [info ]: Started model staging_marts.mart_solde_mensuel
17:39:17.376634 [info ]: Finished loading project [  0.12s]
17:39:17.376640 [debug]: Started rendering model staging_marts.mart_solde_mensuel
17:39:17.376655 [info ]: Started model staging_marts.mart_budget_vs_reel
17:39:17.376666 [debug]: Started rendering model staging_marts.mart_budget_vs_reel
17:39:17.376687 [info ]: Started model staging.stg_budgets
17:39:17.376707 [debug]: Started rendering model staging.stg_budgets
17:39:17.376741 [info ]: Started model staging.int_transactions_enrichies
17:39:17.376794 [debug]: Started rendering model staging.int_transactions_enrichies
17:39:17.376961 [info ]: Started model staging.stg_transactions
17:39:17.376981 [debug]: Started rendering model staging.stg_transactions
17:39:17.377002 [info ]: Started model staging_marts.dim_comptes
17:39:17.377013 [debug]: Started rendering model staging_marts.dim_comptes
17:39:17.377034 [info ]: Started model staging.stg_comptes
17:39:17.377047 [debug]: Started rendering model staging.stg_comptes
17:39:17.377068 [info ]: Started model staging_marts.dim_categories
17:39:17.377081 [debug]: Started rendering model staging_marts.dim_categories
17:39:17.377107 [info ]: Started model staging.stg_categories
17:39:17.377112 [debug]: Compiled SQL for node snapshot.fintrack_analytics.snapshot_comptes at target\.lsp\compiled\fintrack_analytics\snapshots\snapshot_comptes.sql\snapshot_comptes.sql
17:39:17.377124 [debug]: Started rendering model staging.stg_categories
17:39:17.377187 [debug]: Finished rendering [  0.00s] snapshot snapshots.snapshot_comptes [success]
17:39:17.377227 [info ]: Started analyzing (12 nodes)
17:39:17.377237 [debug]: Started analyzing snapshot snapshots.snapshot_comptes
17:39:17.377261 [debug]: Compiled SQL for node model.fintrack_analytics.mart_top_depenses at target\.lsp\compiled\fintrack_analytics\models\marts\mart_top_depenses.sql
17:39:17.377353 [debug]: Finished rendering [  0.00s] model staging_marts.mart_top_depenses [success]
17:39:17.377391 [debug]: Started analyzing model staging_marts.mart_top_depenses
17:39:17.377493 [debug]: Finished analyzing [  0.00s] snapshot snapshots.snapshot_comptes [success]
17:39:17.377519 [info ]:  Succeeded [-------] snapshot snapshots.snapshot_comptes (snapshot)
17:39:17.377552 [debug]: Compiled SQL for node model.fintrack_analytics.mart_solde_mensuel at target\.lsp\compiled\fintrack_analytics\models\marts\mart_solde_mensuel.sql
17:39:17.377625 [debug]: Finished rendering [  0.00s] model staging_marts.mart_solde_mensuel [success]
17:39:17.377653 [debug]: Started analyzing model staging_marts.mart_solde_mensuel
17:39:17.377694 [debug]: Compiled SQL for node model.fintrack_analytics.stg_budgets at target\.lsp\compiled\fintrack_analytics\models\staging\stg_budgets.sql
17:39:17.377787 [debug]: Compiled SQL for node model.fintrack_analytics.mart_budget_vs_reel at target\.lsp\compiled\fintrack_analytics\models\marts\mart_budget_vs_reel.sql
17:39:17.377807 [debug]: Finished analyzing [  0.00s] model staging_marts.mart_top_depenses [success]
17:39:17.377828 [info ]:  Succeeded [-------] model staging_marts.mart_top_depenses (table)
17:39:17.377934 [debug]: Finished rendering [  0.00s] model staging.stg_budgets [success]
17:39:17.377957 [debug]: Started analyzing model staging.stg_budgets
17:39:17.377986 [debug]: Finished rendering [  0.00s] model staging_marts.mart_budget_vs_reel [success]
17:39:17.378007 [debug]: Started analyzing model staging_marts.mart_budget_vs_reel
17:39:17.378110 [debug]: Compiled SQL for node model.fintrack_analytics.stg_transactions at target\.lsp\compiled\fintrack_analytics\models\staging\stg_transactions.sql
17:39:17.378110 [debug]: Compiled SQL for node model.fintrack_analytics.int_transactions_enrichies at target\.lsp\compiled\fintrack_analytics\models\intermediate\int_transactions_enrichies.sql
17:39:17.378226 [debug]: Finished rendering [  0.00s] model staging.stg_transactions [success]
17:39:17.378250 [debug]: Started analyzing model staging.stg_transactions
17:39:17.378275 [debug]: Finished analyzing [  0.00s] model staging.stg_budgets [success]
17:39:17.378290 [info ]:  Succeeded [  0.00s] model staging.stg_budgets (view)
17:39:17.378301 [debug]: Compiled SQL for node model.fintrack_analytics.dim_comptes at target\.lsp\compiled\fintrack_analytics\models\marts\dim_comptes.sql
17:39:17.378317 [debug]: Finished rendering [  0.00s] model staging.int_transactions_enrichies [success]
17:39:17.378341 [info ]: Started model staging_marts.fct_transactions
17:39:17.378374 [debug]: Started rendering model staging_marts.fct_transactions
17:39:17.378398 [debug]: Started analyzing model staging.int_transactions_enrichies
17:39:17.378423 [debug]: Finished rendering [  0.00s] model staging_marts.dim_comptes [success]
17:39:17.378442 [debug]: Started analyzing model staging_marts.dim_comptes
17:39:17.378505 [debug]: Compiled SQL for node model.fintrack_analytics.stg_categories at target\.lsp\compiled\fintrack_analytics\models\staging\stg_categories.sql
17:39:17.378712 [debug]: Finished analyzing [  0.00s] model staging_marts.dim_comptes [success]
17:39:17.378717 [debug]: Compiled SQL for node model.fintrack_analytics.dim_categories at target\.lsp\compiled\fintrack_analytics\models\marts\dim_categories.sql
17:39:17.378729 [info ]:  Succeeded [  0.00s] model staging_marts.dim_comptes (table)
17:39:17.378813 [debug]: Finished rendering [  0.00s] model staging.stg_categories [success]
17:39:17.378827 [debug]: Compiled SQL for node model.fintrack_analytics.fct_transactions at target\.lsp\compiled\fintrack_analytics\models\marts\fct_transactions.sql
17:39:17.378834 [debug]: Started analyzing model staging.stg_categories
17:39:17.378855 [debug]: Finished analyzing [  0.00s] model staging.stg_transactions [success]
17:39:17.378867 [info ]:  Succeeded [  0.00s] model staging.stg_transactions (view)
17:39:17.378890 [debug]: Finished rendering [  0.00s] model staging_marts.dim_categories [success]
17:39:17.378904 [debug]: Started analyzing model staging_marts.dim_categories
17:39:17.378922 [debug]: Finished rendering [  0.00s] model staging_marts.fct_transactions [success]
17:39:17.378935 [debug]: Started analyzing model staging_marts.fct_transactions
17:39:17.379089 [debug]: Finished analyzing [  0.00s] model staging.stg_categories [success]
17:39:17.379115 [info ]:  Succeeded [  0.00s] model staging.stg_categories (view)
17:39:17.379144 [debug]: Finished analyzing [  0.00s] model staging_marts.dim_categories [success]
17:39:17.379160 [info ]:  Succeeded [  0.00s] model staging_marts.dim_categories (table)
17:39:17.379674 [debug]: Finished analyzing [  0.00s] model staging_marts.mart_solde_mensuel [success]
17:39:17.379702 [info ]:  Succeeded [  0.00s] model staging_marts.mart_solde_mensuel (table)
17:39:17.379739 [debug]: Compiled SQL for node model.fintrack_analytics.stg_comptes at target\.lsp\compiled\fintrack_analytics\models\staging\stg_comptes.sql
17:39:17.379822 [debug]: Finished rendering [  0.00s] model staging.stg_comptes [success]
17:39:17.379844 [info ]: Finished rendering [  0.00s] (12 nodes, 0 skipped, 0 errors)
17:39:17.379865 [debug]: Started analyzing model staging.stg_comptes
17:39:17.380055 [debug]: Finished analyzing [  0.00s] model staging.stg_comptes [success]
17:39:17.380072 [info ]:  Succeeded [  0.00s] model staging.stg_comptes (view)
17:39:17.380400 [debug]: Finished analyzing [  0.00s] model staging.int_transactions_enrichies [success]
17:39:17.380424 [info ]:  Succeeded [  0.00s] model staging.int_transactions_enrichies (ephemeral)
17:39:17.381058 [debug]: Finished analyzing [  0.00s] model staging_marts.fct_transactions [success]
17:39:17.381085 [info ]:  Succeeded [  0.00s] model staging_marts.fct_transactions (table)
17:39:17.381660 [debug]: Finished analyzing [  0.00s] model staging_marts.mart_budget_vs_reel [success]
17:39:17.381680 [info ]: Finished analyzing [  0.00s] (12 nodes, 0 skipped, 0 errors)
17:39:17.381689 [info ]:  Succeeded [  0.00s] model staging_marts.mart_budget_vs_reel (table)
17:39:17.385205 [info ]: Started scheduling
17:39:17.385264 [info ]: Finished scheduling [  0.00s]
17:39:17.385357 [info ]: 
==================== Execution Summary =====================
Finished 'compile' successfully for target 'dev' [126ms]
Processed: 11 models | 1 snapshot
Summary: 12 total | 12 success
17:39:17.385636 [info ]: Cached model count updated: 11 models (accurate)
==================== 2026-09-03T17:39:20.100943Z | 9b346c8d-7641-418d-8b22-686c6de0468f ====================
17:39:20.100999 [info ]: Started loading project
17:39:20.101640 [info ]: Loading ~/.dbt/profiles.yml
17:39:20.146972 [info ]: Cached model count updated: 11 models (accurate)
17:39:20.147031 [info ]: Finished loading project [  0.05s]
17:39:20.147057 [info ]: 
==================== Execution Summary =====================
Finished 'compile' successfully for target 'dev' [46ms]
==================== 2026-09-03T17:39:21.798552Z | 2400fda5-d1cb-4849-9ac9-975750fd3de8 ====================
17:39:21.798645 [info ]: Started loading project
17:39:21.800040 [info ]: Loading ~/.dbt/profiles.yml
17:39:21.851612 [info ]: Cached model count updated: 11 models (estimate)
17:39:21.851637 [info ]: Cached model count updated: 11 models (accurate)
17:39:21.851713 [info ]: Started scheduling
17:39:21.851862 [info ]: Finished scheduling [  0.00s]
17:39:21.851884 [debug]: Compilation - 12 nodes selected: {"model.fintrack_analytics.dim_categories", "model.fintrack_analytics.dim_comptes", "model.fintrack_analytics.fct_transactions", "model.fintrack_analytics.int_transactions_enrichies", "model.fintrack_analytics.mart_budget_vs_reel", "model.fintrack_analytics.mart_solde_mensuel", "model.fintrack_analytics.mart_top_depenses", "model.fintrack_analytics.stg_budgets", "model.fintrack_analytics.stg_categories", "model.fintrack_analytics.stg_comptes", "model.fintrack_analytics.stg_transactions", "snapshot.fintrack_analytics.snapshot_comptes"}
17:39:21.910642 [info ]: Started building task graph
17:39:21.910749 [info ]: Finished building task graph [  0.00s]
17:39:21.919911 [info ]: Started rendering (12 nodes)
17:39:21.919956 [info ]: Started snapshot snapshots.snapshot_comptes
17:39:21.919967 [debug]: Started rendering snapshot snapshots.snapshot_comptes
17:39:21.920004 [info ]: Started model staging_marts.mart_top_depenses
17:39:21.920038 [debug]: Started rendering model staging_marts.mart_top_depenses
17:39:21.920051 [info ]: Started model staging_marts.mart_solde_mensuel
17:39:21.920057 [debug]: Started rendering model staging_marts.mart_solde_mensuel
17:39:21.920068 [info ]: Started model staging_marts.mart_budget_vs_reel
17:39:21.920069 [info ]: Finished loading project [  0.12s]
17:39:21.920076 [debug]: Started rendering model staging_marts.mart_budget_vs_reel
17:39:21.920097 [info ]: Started model staging.stg_budgets
17:39:21.920123 [debug]: Started rendering model staging.stg_budgets
17:39:21.920198 [info ]: Started model staging.int_transactions_enrichies
17:39:21.920228 [debug]: Started rendering model staging.int_transactions_enrichies
17:39:21.920329 [info ]: Started model staging.stg_transactions
17:39:21.920595 [debug]: Compiled SQL for node model.fintrack_analytics.mart_top_depenses at target\.lsp\compiled\fintrack_analytics\models\marts\mart_top_depenses.sql
17:39:21.920606 [debug]: Compiled SQL for node snapshot.fintrack_analytics.snapshot_comptes at target\.lsp\compiled\fintrack_analytics\snapshots\snapshot_comptes.sql\snapshot_comptes.sql
17:39:21.920611 [debug]: Compiled SQL for node model.fintrack_analytics.stg_budgets at target\.lsp\compiled\fintrack_analytics\models\staging\stg_budgets.sql
17:39:21.920614 [debug]: Compiled SQL for node model.fintrack_analytics.mart_solde_mensuel at target\.lsp\compiled\fintrack_analytics\models\marts\mart_solde_mensuel.sql
17:39:21.920675 [debug]: Compiled SQL for node model.fintrack_analytics.mart_budget_vs_reel at target\.lsp\compiled\fintrack_analytics\models\marts\mart_budget_vs_reel.sql
17:39:21.920712 [debug]: Started rendering model staging.stg_transactions
17:39:21.920739 [info ]: Started model staging_marts.dim_comptes
17:39:21.920753 [debug]: Started rendering model staging_marts.dim_comptes
17:39:21.920777 [info ]: Started model staging.stg_comptes
17:39:21.920788 [debug]: Started rendering model staging.stg_comptes
17:39:21.920806 [debug]: Compiled SQL for node model.fintrack_analytics.int_transactions_enrichies at target\.lsp\compiled\fintrack_analytics\models\intermediate\int_transactions_enrichies.sql
17:39:21.920811 [info ]: Started model staging_marts.dim_categories
17:39:21.920850 [debug]: Started rendering model staging_marts.dim_categories
17:39:21.920999 [info ]: Started model staging.stg_categories
17:39:21.921020 [debug]: Started rendering model staging.stg_categories
17:39:21.921152 [debug]: Finished rendering [  0.00s] model staging.stg_budgets [success]
17:39:21.921190 [info ]: Started analyzing (12 nodes)
17:39:21.921205 [debug]: Started analyzing model staging.stg_budgets
17:39:21.921214 [debug]: Compiled SQL for node model.fintrack_analytics.stg_transactions at target\.lsp\compiled\fintrack_analytics\models\staging\stg_transactions.sql
17:39:21.921233 [debug]: Finished rendering [  0.00s] snapshot snapshots.snapshot_comptes [success]
17:39:21.921281 [debug]: Started analyzing snapshot snapshots.snapshot_comptes
17:39:21.921301 [debug]: Finished rendering [  0.00s] model staging_marts.mart_top_depenses [success]
17:39:21.921319 [debug]: Compiled SQL for node model.fintrack_analytics.dim_comptes at target\.lsp\compiled\fintrack_analytics\models\marts\dim_comptes.sql
17:39:21.921316 [debug]: Started analyzing model staging_marts.mart_top_depenses
17:39:21.921468 [debug]: Compiled SQL for node model.fintrack_analytics.stg_categories at target\.lsp\compiled\fintrack_analytics\models\staging\stg_categories.sql
17:39:21.921484 [debug]: Finished rendering [  0.00s] model staging_marts.mart_solde_mensuel [success]
17:39:21.921506 [debug]: Started analyzing model staging_marts.mart_solde_mensuel
17:39:21.921617 [debug]: Finished rendering [  0.00s] model staging_marts.mart_budget_vs_reel [success]
17:39:21.921641 [debug]: Started analyzing model staging_marts.mart_budget_vs_reel
17:39:21.921666 [debug]: Finished rendering [  0.00s] model staging.int_transactions_enrichies [success]
17:39:21.921335 [debug]: Compiled SQL for node model.fintrack_analytics.dim_categories at target\.lsp\compiled\fintrack_analytics\models\marts\dim_categories.sql
17:39:21.921689 [debug]: Started analyzing model staging.int_transactions_enrichies
17:39:21.921830 [debug]: Compiled SQL for node model.fintrack_analytics.stg_comptes at target\.lsp\compiled\fintrack_analytics\models\staging\stg_comptes.sql
17:39:21.921718 [info ]: Started model staging_marts.fct_transactions
17:39:21.921896 [debug]: Started rendering model staging_marts.fct_transactions
17:39:21.921922 [debug]: Finished rendering [  0.00s] model staging.stg_transactions [success]
17:39:21.921946 [debug]: Started analyzing model staging.stg_transactions
17:39:21.921965 [debug]: Finished rendering [  0.00s] model staging_marts.dim_comptes [success]
17:39:21.921985 [debug]: Started analyzing model staging_marts.dim_comptes
17:39:21.922086 [debug]: Finished analyzing [  0.00s] model staging.stg_budgets [success]
17:39:21.922110 [info ]:  Succeeded [  0.00s] model staging.stg_budgets (view)
17:39:21.922142 [debug]: Finished rendering [  0.00s] model staging.stg_categories [success]
17:39:21.922160 [debug]: Started analyzing model staging.stg_categories
17:39:21.922187 [debug]: Finished rendering [  0.00s] model staging_marts.dim_categories [success]
17:39:21.922203 [debug]: Started analyzing model staging_marts.dim_categories
17:39:21.922228 [debug]: Finished analyzing [  0.00s] snapshot snapshots.snapshot_comptes [success]
17:39:21.922242 [info ]:  Succeeded [  0.00s] snapshot snapshots.snapshot_comptes (snapshot)
17:39:21.922268 [debug]: Finished analyzing [  0.00s] model staging_marts.mart_top_depenses [success]
17:39:21.922280 [info ]:  Succeeded [  0.00s] model staging_marts.mart_top_depenses (table)
17:39:21.922304 [debug]: Finished rendering [  0.00s] model staging.stg_comptes [success]
17:39:21.922671 [debug]: Started analyzing model staging.stg_comptes
17:39:21.922754 [debug]: Finished analyzing [  0.00s] model staging.stg_categories [success]
17:39:21.922824 [debug]: Compiled SQL for node model.fintrack_analytics.fct_transactions at target\.lsp\compiled\fintrack_analytics\models\marts\fct_transactions.sql
17:39:21.922866 [info ]:  Succeeded [  0.00s] model staging.stg_categories (view)
17:39:21.922949 [debug]: Finished analyzing [  0.00s] model staging.stg_transactions [success]
17:39:21.922974 [info ]:  Succeeded [  0.00s] model staging.stg_transactions (view)
17:39:21.923000 [debug]: Finished analyzing [  0.00s] model staging_marts.dim_categories [success]
17:39:21.923017 [info ]:  Succeeded [  0.00s] model staging_marts.dim_categories (table)
17:39:21.923042 [debug]: Finished rendering [  0.00s] model staging_marts.fct_transactions [success]
17:39:21.923062 [info ]: Finished rendering [  0.00s] (12 nodes, 0 skipped, 0 errors)
17:39:21.923081 [debug]: Started analyzing model staging_marts.fct_transactions
17:39:21.923149 [debug]: Finished analyzing [  0.00s] model staging.stg_comptes [success]
17:39:21.923172 [info ]:  Succeeded [  0.00s] model staging.stg_comptes (view)
17:39:21.923441 [debug]: Finished analyzing [  0.00s] model staging_marts.mart_solde_mensuel [success]
17:39:21.923467 [info ]:  Succeeded [  0.00s] model staging_marts.mart_solde_mensuel (table)
17:39:21.924077 [debug]: Finished analyzing [  0.00s] model staging_marts.dim_comptes [success]
17:39:21.924098 [info ]:  Succeeded [  0.00s] model staging_marts.dim_comptes (table)
17:39:21.924155 [debug]: Finished analyzing [  0.00s] model staging.int_transactions_enrichies [success]
17:39:21.924185 [info ]:  Succeeded [  0.00s] model staging.int_transactions_enrichies (ephemeral)
17:39:21.924612 [debug]: Finished analyzing [  0.00s] model staging_marts.fct_transactions [success]
17:39:21.924630 [info ]:  Succeeded [  0.00s] model staging_marts.fct_transactions (table)
17:39:21.925123 [debug]: Finished analyzing [  0.00s] model staging_marts.mart_budget_vs_reel [success]
17:39:21.925158 [info ]: Finished analyzing [  0.00s] (12 nodes, 0 skipped, 0 errors)
17:39:21.925166 [info ]:  Succeeded [  0.00s] model staging_marts.mart_budget_vs_reel (table)
17:39:21.928537 [info ]: Started scheduling
17:39:21.928618 [info ]: Finished scheduling [  0.00s]
17:39:21.928735 [info ]: 
==================== Execution Summary =====================
Finished 'compile' successfully for target 'dev' [130ms]
Processed: 11 models | 1 snapshot
Summary: 12 total | 12 success
17:39:21.929079 [info ]: Cached model count updated: 11 models (accurate)
==================== 2026-09-03T17:39:22.561589Z | ef7b4db8-2425-4356-aa31-bd512218ed73 ====================
17:39:22.561818 [info ]: Started loading project
17:39:22.562797 [info ]: Loading ~/.dbt/profiles.yml
17:39:22.631597 [info ]: Cached model count updated: 11 models (accurate)
17:39:22.631606 [info ]: Finished loading project [  0.07s]
17:39:22.631638 [info ]: 
==================== Execution Summary =====================
Finished 'compile' successfully for target 'dev' [70ms]
==================== 2026-09-03T17:39:24.124617Z | f4f7c8b5-ba99-474d-b4d9-518aa3dd6912 ====================
17:39:24.124795 [info ]: Started loading project
17:39:24.126416 [info ]: Loading ~/.dbt/profiles.yml
17:39:24.168766 [info ]: Cached model count updated: 11 models (accurate)
17:39:24.168804 [info ]: Finished loading project [  0.04s]
17:39:24.168818 [info ]: 
==================== Execution Summary =====================
Finished 'compile' successfully for target 'dev' [44ms]
==================== 2026-09-03T17:39:25.821826Z | 21230b3a-068f-467a-8715-2044fc35d692 ====================
17:39:25.821883 [info ]: Started loading project
17:39:25.822657 [info ]: Loading ~/.dbt/profiles.yml
17:39:25.858952 [info ]: Cached model count updated: 11 models (estimate)
17:39:25.858975 [info ]: Cached model count updated: 11 models (accurate)
17:39:25.859009 [info ]: Started scheduling
17:39:25.859143 [info ]: Finished scheduling [  0.00s]
17:39:25.859163 [debug]: Compilation - 12 nodes selected: {"model.fintrack_analytics.dim_categories", "model.fintrack_analytics.dim_comptes", "model.fintrack_analytics.fct_transactions", "model.fintrack_analytics.int_transactions_enrichies", "model.fintrack_analytics.mart_budget_vs_reel", "model.fintrack_analytics.mart_solde_mensuel", "model.fintrack_analytics.mart_top_depenses", "model.fintrack_analytics.stg_budgets", "model.fintrack_analytics.stg_categories", "model.fintrack_analytics.stg_comptes", "model.fintrack_analytics.stg_transactions", "snapshot.fintrack_analytics.snapshot_comptes"}
17:39:25.913447 [info ]: Started building task graph
17:39:25.913564 [info ]: Finished building task graph [  0.00s]
17:39:25.921865 [info ]: Started rendering (12 nodes)
17:39:25.921891 [info ]: Started snapshot snapshots.snapshot_comptes
17:39:25.921902 [debug]: Started rendering snapshot snapshots.snapshot_comptes
17:39:25.921947 [info ]: Started model staging_marts.mart_top_depenses
17:39:25.921954 [debug]: Started rendering model staging_marts.mart_top_depenses
17:39:25.921965 [info ]: Started model staging_marts.mart_solde_mensuel
17:39:25.921971 [debug]: Started rendering model staging_marts.mart_solde_mensuel
17:39:25.921981 [info ]: Started model staging_marts.mart_budget_vs_reel
17:39:25.921987 [debug]: Started rendering model staging_marts.mart_budget_vs_reel
17:39:25.921999 [info ]: Started model staging.stg_budgets
17:39:25.922014 [info ]: Finished loading project [  0.10s]
17:39:25.922020 [debug]: Started rendering model staging.stg_budgets
17:39:25.922041 [info ]: Started model staging.int_transactions_enrichies
17:39:25.922061 [debug]: Started rendering model staging.int_transactions_enrichies
17:39:25.922195 [info ]: Started model staging.stg_transactions
17:39:25.922251 [debug]: Started rendering model staging.stg_transactions
17:39:25.922338 [info ]: Started model staging_marts.dim_comptes
17:39:25.922389 [debug]: Started rendering model staging_marts.dim_comptes
17:39:25.922436 [debug]: Compiled SQL for node snapshot.fintrack_analytics.snapshot_comptes at target\.lsp\compiled\fintrack_analytics\snapshots\snapshot_comptes.sql\snapshot_comptes.sql
17:39:25.922528 [debug]: Compiled SQL for node model.fintrack_analytics.mart_top_depenses at target\.lsp\compiled\fintrack_analytics\models\marts\mart_top_depenses.sql
17:39:25.922533 [debug]: Compiled SQL for node model.fintrack_analytics.mart_solde_mensuel at target\.lsp\compiled\fintrack_analytics\models\marts\mart_solde_mensuel.sql
17:39:25.922573 [debug]: Compiled SQL for node model.fintrack_analytics.int_transactions_enrichies at target\.lsp\compiled\fintrack_analytics\models\intermediate\int_transactions_enrichies.sql
17:39:25.922581 [debug]: Compiled SQL for node model.fintrack_analytics.mart_budget_vs_reel at target\.lsp\compiled\fintrack_analytics\models\marts\mart_budget_vs_reel.sql
17:39:25.922706 [info ]: Started model staging.stg_comptes
17:39:25.922729 [debug]: Started rendering model staging.stg_comptes
17:39:25.922756 [info ]: Started model staging_marts.dim_categories
17:39:25.922772 [debug]: Compiled SQL for node model.fintrack_analytics.stg_budgets at target\.lsp\compiled\fintrack_analytics\models\staging\stg_budgets.sql
17:39:25.922771 [debug]: Started rendering model staging_marts.dim_categories
17:39:25.922814 [info ]: Started model staging.stg_categories
17:39:25.922836 [debug]: Started rendering model staging.stg_categories
17:39:25.922873 [debug]: Finished rendering [  0.00s] snapshot snapshots.snapshot_comptes [success]
17:39:25.922882 [debug]: Compiled SQL for node model.fintrack_analytics.dim_comptes at target\.lsp\compiled\fintrack_analytics\models\marts\dim_comptes.sql
17:39:25.922883 [debug]: Compiled SQL for node model.fintrack_analytics.stg_transactions at target\.lsp\compiled\fintrack_analytics\models\staging\stg_transactions.sql
17:39:25.922915 [info ]: Started analyzing (12 nodes)
17:39:25.922929 [debug]: Started analyzing snapshot snapshots.snapshot_comptes
17:39:25.922956 [debug]: Finished rendering [  0.00s] model staging_marts.mart_top_depenses [success]
17:39:25.922978 [debug]: Started analyzing model staging_marts.mart_top_depenses
17:39:25.923002 [debug]: Finished rendering [  0.00s] model staging_marts.mart_solde_mensuel [success]
17:39:25.923023 [debug]: Started analyzing model staging_marts.mart_solde_mensuel
17:39:25.923042 [debug]: Finished rendering [  0.00s] model staging.int_transactions_enrichies [success]
17:39:25.923058 [debug]: Started analyzing model staging.int_transactions_enrichies
17:39:25.923078 [info ]: Started model staging_marts.fct_transactions
17:39:25.923092 [debug]: Started rendering model staging_marts.fct_transactions
17:39:25.923112 [debug]: Finished rendering [  0.00s] model staging_marts.mart_budget_vs_reel [success]
17:39:25.923128 [debug]: Started analyzing model staging_marts.mart_budget_vs_reel
17:39:25.923144 [debug]: Compiled SQL for node model.fintrack_analytics.stg_comptes at target\.lsp\compiled\fintrack_analytics\models\staging\stg_comptes.sql
17:39:25.923147 [debug]: Finished rendering [  0.00s] model staging.stg_budgets [success]
17:39:25.923163 [debug]: Started analyzing model staging.stg_budgets
17:39:25.923182 [debug]: Finished rendering [  0.00s] model staging.stg_transactions [success]
17:39:25.923199 [debug]: Started analyzing model staging.stg_transactions
17:39:25.923218 [debug]: Finished rendering [  0.00s] model staging_marts.dim_comptes [success]
17:39:25.923235 [debug]: Started analyzing model staging_marts.dim_comptes
17:39:25.923255 [debug]: Finished analyzing [  0.00s] snapshot snapshots.snapshot_comptes [success]
17:39:25.923264 [debug]: Compiled SQL for node model.fintrack_analytics.dim_categories at target\.lsp\compiled\fintrack_analytics\models\marts\dim_categories.sql
17:39:25.923270 [info ]:  Succeeded [-------] snapshot snapshots.snapshot_comptes (snapshot)
17:39:25.923281 [debug]: Compiled SQL for node model.fintrack_analytics.stg_categories at target\.lsp\compiled\fintrack_analytics\models\staging\stg_categories.sql
17:39:25.923302 [debug]: Finished rendering [  0.00s] model staging.stg_comptes [success]
17:39:25.923777 [debug]: Started analyzing model staging.stg_comptes
17:39:25.923832 [debug]: Finished rendering [  0.00s] model staging_marts.dim_categories [success]
17:39:25.923865 [debug]: Started analyzing model staging_marts.dim_categories
17:39:25.924087 [debug]: Finished rendering [  0.00s] model staging.stg_categories [success]
17:39:25.924113 [debug]: Started analyzing model staging.stg_categories
17:39:25.924121 [debug]: Compiled SQL for node model.fintrack_analytics.fct_transactions at target\.lsp\compiled\fintrack_analytics\models\marts\fct_transactions.sql
17:39:25.924207 [debug]: Finished analyzing [  0.00s] model staging_marts.mart_top_depenses [success]
17:39:25.924229 [info ]:  Succeeded [  0.00s] model staging_marts.mart_top_depenses (table)
17:39:25.924256 [debug]: Finished analyzing [  0.00s] model staging.stg_budgets [success]
17:39:25.924271 [info ]:  Succeeded [  0.00s] model staging.stg_budgets (view)
17:39:25.924290 [debug]: Finished analyzing [  0.00s] model staging_marts.dim_comptes [success]
17:39:25.924306 [info ]:  Succeeded [  0.00s] model staging_marts.dim_comptes (table)
17:39:25.924326 [debug]: Finished analyzing [  0.00s] model staging.stg_transactions [success]
17:39:25.924337 [info ]:  Succeeded [  0.00s] model staging.stg_transactions (view)
17:39:25.924385 [debug]: Finished analyzing [  0.00s] model staging.stg_comptes [success]
17:39:25.924400 [info ]:  Succeeded [-------] model staging.stg_comptes (view)
17:39:25.924422 [debug]: Finished analyzing [  0.00s] model staging_marts.dim_categories [success]
17:39:25.924435 [info ]:  Succeeded [  0.00s] model staging_marts.dim_categories (table)
17:39:25.924464 [debug]: Finished rendering [  0.00s] model staging_marts.fct_transactions [success]
17:39:25.924480 [info ]: Finished rendering [  0.00s] (12 nodes, 0 skipped, 0 errors)
17:39:25.924494 [debug]: Started analyzing model staging_marts.fct_transactions
17:39:25.924530 [debug]: Finished analyzing [  0.00s] model staging.stg_categories [success]
17:39:25.924546 [info ]:  Succeeded [  0.00s] model staging.stg_categories (view)
17:39:25.925199 [debug]: Finished analyzing [  0.00s] model staging_marts.mart_solde_mensuel [success]
17:39:25.925229 [info ]:  Succeeded [  0.00s] model staging_marts.mart_solde_mensuel (table)
17:39:25.925373 [debug]: Finished analyzing [  0.00s] model staging.int_transactions_enrichies [success]
17:39:25.925394 [info ]:  Succeeded [  0.00s] model staging.int_transactions_enrichies (ephemeral)
17:39:25.926375 [debug]: Finished analyzing [  0.00s] model staging_marts.fct_transactions [success]
17:39:25.926410 [info ]:  Succeeded [  0.00s] model staging_marts.fct_transactions (table)
17:39:25.927365 [debug]: Finished analyzing [  0.00s] model staging_marts.mart_budget_vs_reel [success]
17:39:25.927383 [info ]: Finished analyzing [  0.00s] (12 nodes, 0 skipped, 0 errors)
17:39:25.927391 [info ]:  Succeeded [  0.01s] model staging_marts.mart_budget_vs_reel (table)
17:39:25.930636 [info ]: Started scheduling
17:39:25.930691 [info ]: Finished scheduling [  0.00s]
17:39:25.930783 [info ]: 
==================== Execution Summary =====================
Finished 'compile' successfully for target 'dev' [108ms]
Processed: 11 models | 1 snapshot
Summary: 12 total | 12 success
17:39:25.931035 [info ]: Cached model count updated: 11 models (accurate)
==================== 2026-09-03T17:46:18.684305Z | 4c8660db-ca7a-4ddb-ad19-f186d9849b4b ====================
17:46:18.684482 [info ]: Started loading project
17:46:18.685554 [info ]: Loading ~/.dbt/profiles.yml
17:46:18.737979 [info ]: Cached model count updated: 11 models (accurate)
17:46:18.738023 [info ]: Finished loading project [  0.05s]
17:46:18.738039 [info ]: 
==================== Execution Summary =====================
Finished 'compile' successfully for target 'dev' [53ms]
==================== 2026-09-03T17:46:20.385579Z | b20d4a78-e505-449b-bf6a-b21eef5d0f40 ====================
17:46:20.385638 [info ]: Started loading project
17:46:20.386357 [info ]: Loading ~/.dbt/profiles.yml
17:46:20.421704 [info ]: Cached model count updated: 11 models (estimate)
17:46:20.421725 [info ]: Cached model count updated: 11 models (accurate)
17:46:20.421762 [info ]: Started scheduling
17:46:20.421901 [info ]: Finished scheduling [  0.00s]
17:46:20.421922 [debug]: Compilation - 12 nodes selected: {"model.fintrack_analytics.dim_categories", "model.fintrack_analytics.dim_comptes", "model.fintrack_analytics.fct_transactions", "model.fintrack_analytics.int_transactions_enrichies", "model.fintrack_analytics.mart_budget_vs_reel", "model.fintrack_analytics.mart_solde_mensuel", "model.fintrack_analytics.mart_top_depenses", "model.fintrack_analytics.stg_budgets", "model.fintrack_analytics.stg_categories", "model.fintrack_analytics.stg_comptes", "model.fintrack_analytics.stg_transactions", "snapshot.fintrack_analytics.snapshot_comptes"}
17:46:20.475718 [info ]: Started building task graph
17:46:20.475847 [info ]: Finished building task graph [  0.00s]
17:46:20.484197 [info ]: Started rendering (12 nodes)
17:46:20.484225 [info ]: Started snapshot snapshots.snapshot_comptes
17:46:20.484236 [debug]: Started rendering snapshot snapshots.snapshot_comptes
17:46:20.484287 [info ]: Started model staging_marts.mart_top_depenses
17:46:20.484294 [debug]: Started rendering model staging_marts.mart_top_depenses
17:46:20.484304 [info ]: Started model staging_marts.mart_solde_mensuel
17:46:20.484310 [debug]: Started rendering model staging_marts.mart_solde_mensuel
17:46:20.484319 [info ]: Started model staging_marts.mart_budget_vs_reel
17:46:20.484325 [debug]: Started rendering model staging_marts.mart_budget_vs_reel
17:46:20.484336 [info ]: Started model staging.stg_budgets
17:46:20.484344 [debug]: Started rendering model staging.stg_budgets
17:46:20.484354 [info ]: Started model staging.int_transactions_enrichies
17:46:20.484360 [info ]: Finished loading project [  0.10s]
17:46:20.484374 [debug]: Started rendering model staging.int_transactions_enrichies
17:46:20.484393 [info ]: Started model staging.stg_transactions
17:46:20.484408 [debug]: Started rendering model staging.stg_transactions
17:46:20.484431 [info ]: Started model staging_marts.dim_comptes
17:46:20.484445 [debug]: Started rendering model staging_marts.dim_comptes
17:46:20.484473 [info ]: Started model staging.stg_comptes
17:46:20.484494 [debug]: Started rendering model staging.stg_comptes
17:46:20.484522 [info ]: Started model staging_marts.dim_categories
17:46:20.484544 [debug]: Started rendering model staging_marts.dim_categories
17:46:20.484569 [info ]: Started model staging.stg_categories
17:46:20.484591 [debug]: Started rendering model staging.stg_categories
17:46:20.484873 [debug]: Compiled SQL for node snapshot.fintrack_analytics.snapshot_comptes at target\.lsp\compiled\fintrack_analytics\snapshots\snapshot_comptes.sql\snapshot_comptes.sql
17:46:20.484995 [debug]: Finished rendering [  0.00s] snapshot snapshots.snapshot_comptes [success]
17:46:20.485060 [info ]: Started analyzing (12 nodes)
17:46:20.485059 [debug]: Compiled SQL for node model.fintrack_analytics.stg_budgets at target\.lsp\compiled\fintrack_analytics\models\staging\stg_budgets.sql
17:46:20.485074 [debug]: Started analyzing snapshot snapshots.snapshot_comptes
17:46:20.485138 [debug]: Finished rendering [  0.00s] model staging.stg_budgets [success]
17:46:20.485172 [debug]: Started analyzing model staging.stg_budgets
17:46:20.485464 [debug]: Compiled SQL for node model.fintrack_analytics.dim_categories at target\.lsp\compiled\fintrack_analytics\models\marts\dim_categories.sql
17:46:20.485464 [debug]: Compiled SQL for node model.fintrack_analytics.stg_transactions at target\.lsp\compiled\fintrack_analytics\models\staging\stg_transactions.sql
17:46:20.485463 [debug]: Finished analyzing [  0.00s] snapshot snapshots.snapshot_comptes [success]
17:46:20.485487 [info ]:  Succeeded [-------] snapshot snapshots.snapshot_comptes (snapshot)
17:46:20.485536 [debug]: Finished analyzing [  0.00s] model staging.stg_budgets [success]
17:46:20.485542 [debug]: Compiled SQL for node model.fintrack_analytics.mart_budget_vs_reel at target\.lsp\compiled\fintrack_analytics\models\marts\mart_budget_vs_reel.sql
17:46:20.485553 [debug]: Compiled SQL for node model.fintrack_analytics.stg_comptes at target\.lsp\compiled\fintrack_analytics\models\staging\stg_comptes.sql
17:46:20.485554 [info ]:  Succeeded [-------] model staging.stg_budgets (view)
17:46:20.485591 [debug]: Finished rendering [  0.00s] model staging.stg_transactions [success]
17:46:20.485610 [debug]: Started analyzing model staging.stg_transactions
17:46:20.485634 [debug]: Finished rendering [  0.00s] model staging_marts.dim_categories [success]
17:46:20.485650 [debug]: Started analyzing model staging_marts.dim_categories
17:46:20.485662 [debug]: Compiled SQL for node model.fintrack_analytics.mart_solde_mensuel at target\.lsp\compiled\fintrack_analytics\models\marts\mart_solde_mensuel.sql
17:46:20.485717 [debug]: Finished rendering [  0.00s] model staging_marts.mart_budget_vs_reel [success]
17:46:20.485738 [debug]: Started analyzing model staging_marts.mart_budget_vs_reel
17:46:20.485750 [debug]: Compiled SQL for node model.fintrack_analytics.mart_top_depenses at target\.lsp\compiled\fintrack_analytics\models\marts\mart_top_depenses.sql
17:46:20.485762 [debug]: Finished rendering [  0.00s] model staging.stg_comptes [success]
17:46:20.485776 [debug]: Started analyzing model staging.stg_comptes
17:46:20.485795 [debug]: Finished rendering [  0.00s] model staging_marts.mart_solde_mensuel [success]
17:46:20.485809 [debug]: Started analyzing model staging_marts.mart_solde_mensuel
17:46:20.485826 [debug]: Finished rendering [  0.00s] model staging_marts.mart_top_depenses [success]
17:46:20.485840 [debug]: Started analyzing model staging_marts.mart_top_depenses
17:46:20.485863 [debug]: Compiled SQL for node model.fintrack_analytics.dim_comptes at target\.lsp\compiled\fintrack_analytics\models\marts\dim_comptes.sql
17:46:20.485867 [debug]: Compiled SQL for node model.fintrack_analytics.stg_categories at target\.lsp\compiled\fintrack_analytics\models\staging\stg_categories.sql
17:46:20.485948 [debug]: Compiled SQL for node model.fintrack_analytics.int_transactions_enrichies at target\.lsp\compiled\fintrack_analytics\models\intermediate\int_transactions_enrichies.sql
17:46:20.486009 [debug]: Finished rendering [  0.00s] model staging_marts.dim_comptes [success]
17:46:20.486039 [debug]: Started analyzing model staging_marts.dim_comptes
17:46:20.486067 [debug]: Finished rendering [  0.00s] model staging.stg_categories [success]
17:46:20.486083 [debug]: Started analyzing model staging.stg_categories
17:46:20.486103 [debug]: Finished analyzing [  0.00s] model staging.stg_comptes [success]
17:46:20.486117 [info ]:  Succeeded [  0.00s] model staging.stg_comptes (view)
17:46:20.486142 [debug]: Finished rendering [  0.00s] model staging.int_transactions_enrichies [success]
17:46:20.486156 [debug]: Started analyzing model staging.int_transactions_enrichies
17:46:20.486187 [info ]: Started model staging_marts.fct_transactions
17:46:20.486205 [debug]: Started rendering model staging_marts.fct_transactions
17:46:20.486224 [debug]: Finished analyzing [  0.00s] model staging_marts.dim_categories [success]
17:46:20.486237 [info ]:  Succeeded [  0.00s] model staging_marts.dim_categories (table)
17:46:20.486259 [debug]: Finished analyzing [  0.00s] model staging.stg_transactions [success]
17:46:20.486271 [info ]:  Succeeded [  0.00s] model staging.stg_transactions (view)
17:46:20.486320 [debug]: Finished analyzing [  0.00s] model staging.stg_categories [success]
17:46:20.486330 [info ]:  Succeeded [  0.00s] model staging.stg_categories (view)
17:46:20.486348 [debug]: Finished analyzing [  0.00s] model staging_marts.mart_top_depenses [success]
17:46:20.486359 [info ]:  Succeeded [  0.00s] model staging_marts.mart_top_depenses (table)
17:46:20.486384 [debug]: Finished analyzing [  0.00s] model staging_marts.dim_comptes [success]
17:46:20.486401 [info ]:  Succeeded [  0.00s] model staging_marts.dim_comptes (table)
17:46:20.486798 [debug]: Compiled SQL for node model.fintrack_analytics.fct_transactions at target\.lsp\compiled\fintrack_analytics\models\marts\fct_transactions.sql
17:46:20.486881 [debug]: Finished rendering [  0.00s] model staging_marts.fct_transactions [success]
17:46:20.486905 [info ]: Finished rendering [  0.00s] (12 nodes, 0 skipped, 0 errors)
17:46:20.486926 [debug]: Started analyzing model staging_marts.fct_transactions
17:46:20.487762 [debug]: Finished analyzing [  0.00s] model staging_marts.mart_solde_mensuel [success]
17:46:20.487794 [info ]:  Succeeded [  0.00s] model staging_marts.mart_solde_mensuel (table)
17:46:20.488511 [debug]: Finished analyzing [  0.00s] model staging_marts.fct_transactions [success]
17:46:20.488531 [info ]:  Succeeded [  0.00s] model staging_marts.fct_transactions (table)
17:46:20.488775 [debug]: Finished analyzing [  0.00s] model staging.int_transactions_enrichies [success]
17:46:20.488804 [info ]:  Succeeded [  0.00s] model staging.int_transactions_enrichies (ephemeral)
17:46:20.489301 [debug]: Finished analyzing [  0.00s] model staging_marts.mart_budget_vs_reel [success]
17:46:20.489318 [info ]: Finished analyzing [  0.00s] (12 nodes, 0 skipped, 0 errors)
17:46:20.489328 [info ]:  Succeeded [  0.00s] model staging_marts.mart_budget_vs_reel (table)
17:46:20.492913 [info ]: Started scheduling
17:46:20.492997 [info ]: Finished scheduling [  0.00s]
17:46:20.493116 [info ]: 
==================== Execution Summary =====================
Finished 'compile' successfully for target 'dev' [107ms]
Processed: 11 models | 1 snapshot
Summary: 12 total | 12 success
17:46:20.493396 [info ]: Cached model count updated: 11 models (accurate)
==================== 2026-09-03T17:47:23.840137Z | b8362e07-5bc8-4356-8553-f81c01fd6a6d ====================
17:47:23.840231 [info ]: Started loading project
17:47:23.841178 [info ]: Loading ~/.dbt/profiles.yml
17:47:23.881851 [info ]: Cached model count updated: 11 models (accurate)
17:47:23.881902 [info ]: Finished loading project [  0.04s]
17:47:23.881931 [info ]: 
==================== Execution Summary =====================
Finished 'compile' successfully for target 'dev' [41ms]
==================== 2026-09-03T17:47:25.433213Z | 4a795c13-0bfa-4bfc-831a-b5f414b1f13d ====================
17:47:25.433309 [info ]: Started loading project
17:47:25.434644 [info ]: Loading ~/.dbt/profiles.yml
17:47:25.474042 [info ]: Cached model count updated: 11 models (estimate)
17:47:25.474064 [info ]: Cached model count updated: 11 models (accurate)
17:47:25.474097 [info ]: Started scheduling
17:47:25.474281 [info ]: Finished scheduling [  0.00s]
17:47:25.474302 [debug]: Compilation - 12 nodes selected: {"model.fintrack_analytics.dim_categories", "model.fintrack_analytics.dim_comptes", "model.fintrack_analytics.fct_transactions", "model.fintrack_analytics.int_transactions_enrichies", "model.fintrack_analytics.mart_budget_vs_reel", "model.fintrack_analytics.mart_solde_mensuel", "model.fintrack_analytics.mart_top_depenses", "model.fintrack_analytics.stg_budgets", "model.fintrack_analytics.stg_categories", "model.fintrack_analytics.stg_comptes", "model.fintrack_analytics.stg_transactions", "snapshot.fintrack_analytics.snapshot_comptes"}
17:47:25.534545 [info ]: Started building task graph
17:47:25.534669 [info ]: Finished building task graph [  0.00s]
17:47:25.544065 [info ]: Started rendering (12 nodes)
17:47:25.544106 [info ]: Started snapshot snapshots.snapshot_comptes
17:47:25.544124 [debug]: Started rendering snapshot snapshots.snapshot_comptes
17:47:25.544151 [info ]: Started model staging_marts.mart_top_depenses
17:47:25.544164 [debug]: Started rendering model staging_marts.mart_top_depenses
17:47:25.544175 [info ]: Started model staging_marts.mart_solde_mensuel
17:47:25.544181 [debug]: Started rendering model staging_marts.mart_solde_mensuel
17:47:25.544182 [info ]: Finished loading project [  0.11s]
17:47:25.544197 [info ]: Started model staging_marts.mart_budget_vs_reel
17:47:25.544263 [debug]: Started rendering model staging_marts.mart_budget_vs_reel
17:47:25.544301 [info ]: Started model staging.stg_budgets
17:47:25.544328 [debug]: Started rendering model staging.stg_budgets
17:47:25.544400 [info ]: Started model staging.int_transactions_enrichies
17:47:25.544427 [debug]: Started rendering model staging.int_transactions_enrichies
17:47:25.544491 [info ]: Started model staging.stg_transactions
17:47:25.544510 [debug]: Started rendering model staging.stg_transactions
17:47:25.544563 [info ]: Started model staging_marts.dim_comptes
17:47:25.544583 [debug]: Started rendering model staging_marts.dim_comptes
17:47:25.544614 [info ]: Started model staging.stg_comptes
17:47:25.544633 [debug]: Started rendering model staging.stg_comptes
17:47:25.544664 [info ]: Started model staging_marts.dim_categories
17:47:25.544674 [debug]: Compiled SQL for node snapshot.fintrack_analytics.snapshot_comptes at target\.lsp\compiled\fintrack_analytics\snapshots\snapshot_comptes.sql\snapshot_comptes.sql
17:47:25.544680 [debug]: Started rendering model staging_marts.dim_categories
17:47:25.544701 [info ]: Started model staging.stg_categories
17:47:25.544720 [debug]: Started rendering model staging.stg_categories
17:47:25.544724 [debug]: Compiled SQL for node model.fintrack_analytics.mart_top_depenses at target\.lsp\compiled\fintrack_analytics\models\marts\mart_top_depenses.sql
17:47:25.544786 [debug]: Finished rendering [  0.00s] snapshot snapshots.snapshot_comptes [success]
17:47:25.544832 [info ]: Started analyzing (12 nodes)
17:47:25.544848 [debug]: Started analyzing snapshot snapshots.snapshot_comptes
17:47:25.544881 [debug]: Finished rendering [  0.00s] model staging_marts.mart_top_depenses [success]
17:47:25.544908 [debug]: Started analyzing model staging_marts.mart_top_depenses
17:47:25.545132 [debug]: Compiled SQL for node model.fintrack_analytics.mart_solde_mensuel at target\.lsp\compiled\fintrack_analytics\models\marts\mart_solde_mensuel.sql
17:47:25.545172 [debug]: Finished analyzing [  0.00s] snapshot snapshots.snapshot_comptes [success]
17:47:25.545200 [info ]:  Succeeded [-------] snapshot snapshots.snapshot_comptes (snapshot)
17:47:25.545248 [debug]: Finished rendering [  0.00s] model staging_marts.mart_solde_mensuel [success]
17:47:25.545275 [debug]: Started analyzing model staging_marts.mart_solde_mensuel
17:47:25.545380 [debug]: Finished analyzing [  0.00s] model staging_marts.mart_top_depenses [success]
17:47:25.545409 [info ]:  Succeeded [-------] model staging_marts.mart_top_depenses (table)
17:47:25.545471 [debug]: Compiled SQL for node model.fintrack_analytics.stg_budgets at target\.lsp\compiled\fintrack_analytics\models\staging\stg_budgets.sql
17:47:25.545555 [debug]: Finished rendering [  0.00s] model staging.stg_budgets [success]
17:47:25.545580 [debug]: Started analyzing model staging.stg_budgets
17:47:25.545616 [debug]: Compiled SQL for node model.fintrack_analytics.int_transactions_enrichies at target\.lsp\compiled\fintrack_analytics\models\intermediate\int_transactions_enrichies.sql
17:47:25.545688 [debug]: Finished rendering [  0.00s] model staging.int_transactions_enrichies [success]
17:47:25.545719 [debug]: Started analyzing model staging.int_transactions_enrichies
17:47:25.545748 [info ]: Started model staging_marts.fct_transactions
17:47:25.545764 [debug]: Started rendering model staging_marts.fct_transactions
17:47:25.545827 [debug]: Finished analyzing [  0.00s] model staging.stg_budgets [success]
17:47:25.545843 [info ]:  Succeeded [  0.00s] model staging.stg_budgets (view)
17:47:25.546077 [debug]: Compiled SQL for node model.fintrack_analytics.dim_comptes at target\.lsp\compiled\fintrack_analytics\models\marts\dim_comptes.sql
17:47:25.546080 [debug]: Compiled SQL for node model.fintrack_analytics.stg_transactions at target\.lsp\compiled\fintrack_analytics\models\staging\stg_transactions.sql
17:47:25.546180 [debug]: Finished rendering [  0.00s] model staging.stg_transactions [success]
17:47:25.546209 [debug]: Started analyzing model staging.stg_transactions
17:47:25.546250 [debug]: Finished rendering [  0.00s] model staging_marts.dim_comptes [success]
17:47:25.546273 [debug]: Started analyzing model staging_marts.dim_comptes
17:47:25.546484 [debug]: Compiled SQL for node model.fintrack_analytics.dim_categories at target\.lsp\compiled\fintrack_analytics\models\marts\dim_categories.sql
17:47:25.546530 [debug]: Finished analyzing [  0.00s] model staging_marts.dim_comptes [success]
17:47:25.546547 [info ]:  Succeeded [  0.00s] model staging_marts.dim_comptes (table)
17:47:25.546705 [debug]: Finished rendering [  0.00s] model staging_marts.dim_categories [success]
17:47:25.546727 [debug]: Started analyzing model staging_marts.dim_categories
17:47:25.546749 [debug]: Finished analyzing [  0.00s] model staging.stg_transactions [success]
17:47:25.546762 [info ]:  Succeeded [  0.00s] model staging.stg_transactions (view)
17:47:25.546902 [debug]: Compiled SQL for node model.fintrack_analytics.stg_categories at target\.lsp\compiled\fintrack_analytics\models\staging\stg_categories.sql
17:47:25.546926 [debug]: Finished analyzing [  0.00s] model staging_marts.dim_categories [success]
17:47:25.546941 [info ]:  Succeeded [  0.00s] model staging_marts.dim_categories (table)
17:47:25.546972 [debug]: Finished rendering [  0.00s] model staging.stg_categories [success]
17:47:25.546988 [debug]: Started analyzing model staging.stg_categories
17:47:25.547173 [debug]: Finished analyzing [  0.00s] model staging.stg_categories [success]
17:47:25.547188 [info ]:  Succeeded [  0.00s] model staging.stg_categories (view)
17:47:25.547254 [debug]: Finished analyzing [  0.00s] model staging_marts.mart_solde_mensuel [success]
17:47:25.547276 [info ]:  Succeeded [  0.00s] model staging_marts.mart_solde_mensuel (table)
17:47:25.547288 [debug]: Compiled SQL for node model.fintrack_analytics.stg_comptes at target\.lsp\compiled\fintrack_analytics\models\staging\stg_comptes.sql
17:47:25.547356 [debug]: Compiled SQL for node model.fintrack_analytics.fct_transactions at target\.lsp\compiled\fintrack_analytics\models\marts\fct_transactions.sql
17:47:25.547379 [debug]: Finished rendering [  0.00s] model staging.stg_comptes [success]
17:47:25.547401 [debug]: Started analyzing model staging.stg_comptes
17:47:25.547458 [debug]: Finished rendering [  0.00s] model staging_marts.fct_transactions [success]
17:47:25.547490 [debug]: Started analyzing model staging_marts.fct_transactions
17:47:25.547658 [debug]: Finished analyzing [  0.00s] model staging.stg_comptes [success]
17:47:25.547680 [info ]:  Succeeded [  0.00s] model staging.stg_comptes (view)
17:47:25.548255 [debug]: Compiled SQL for node model.fintrack_analytics.mart_budget_vs_reel at target\.lsp\compiled\fintrack_analytics\models\marts\mart_budget_vs_reel.sql
17:47:25.548278 [debug]: Finished analyzing [  0.00s] model staging.int_transactions_enrichies [success]
17:47:25.548300 [info ]:  Succeeded [  0.00s] model staging.int_transactions_enrichies (ephemeral)
17:47:25.548350 [debug]: Finished rendering [  0.00s] model staging_marts.mart_budget_vs_reel [success]
17:47:25.548368 [info ]: Finished rendering [  0.00s] (12 nodes, 0 skipped, 0 errors)
17:47:25.548383 [debug]: Started analyzing model staging_marts.mart_budget_vs_reel
17:47:25.550095 [debug]: Finished analyzing [  0.00s] model staging_marts.fct_transactions [success]
17:47:25.550134 [info ]:  Succeeded [  0.00s] model staging_marts.fct_transactions (table)
17:47:25.552683 [debug]: Finished analyzing [  0.00s] model staging_marts.mart_budget_vs_reel [success]
17:47:25.552712 [info ]: Finished analyzing [  0.01s] (12 nodes, 0 skipped, 0 errors)
17:47:25.552723 [info ]:  Succeeded [  0.01s] model staging_marts.mart_budget_vs_reel (table)
17:47:25.556383 [info ]: Started scheduling
17:47:25.556450 [info ]: Finished scheduling [  0.00s]
17:47:25.556553 [info ]: 
==================== Execution Summary =====================
Finished 'compile' successfully for target 'dev' [123ms]
Processed: 11 models | 1 snapshot
Summary: 12 total | 12 success
17:47:25.556842 [info ]: Cached model count updated: 11 models (accurate)
==================== 2026-09-03T17:47:52.027244Z | a6ab87cd-c3f1-443a-9aca-43c3b9d987fb ====================
17:47:52.027357 [info ]: Started loading project
17:47:52.028208 [info ]: Loading ~/.dbt/profiles.yml
17:47:52.073903 [info ]: Cached model count updated: 11 models (accurate)
17:47:52.073972 [info ]: Finished loading project [  0.05s]
17:47:52.073999 [info ]: 
==================== Execution Summary =====================
Finished 'compile' successfully for target 'dev' [46ms]
==================== 2026-09-03T17:47:53.275988Z | e50ae805-94ba-4c38-9515-9f3e0b8964fe ====================
17:47:53.276052 [info ]: Started loading project
17:47:53.276931 [info ]: Loading ~/.dbt/profiles.yml
17:47:53.314817 [info ]: Cached model count updated: 11 models (estimate)
17:47:53.314839 [info ]: Cached model count updated: 11 models (accurate)
17:47:53.314905 [info ]: Started scheduling
17:47:53.315065 [info ]: Finished scheduling [  0.00s]
17:47:53.315087 [debug]: Compilation - 12 nodes selected: {"model.fintrack_analytics.dim_categories", "model.fintrack_analytics.dim_comptes", "model.fintrack_analytics.fct_transactions", "model.fintrack_analytics.int_transactions_enrichies", "model.fintrack_analytics.mart_budget_vs_reel", "model.fintrack_analytics.mart_solde_mensuel", "model.fintrack_analytics.mart_top_depenses", "model.fintrack_analytics.stg_budgets", "model.fintrack_analytics.stg_categories", "model.fintrack_analytics.stg_comptes", "model.fintrack_analytics.stg_transactions", "snapshot.fintrack_analytics.snapshot_comptes"}
17:47:53.380704 [info ]: Started building task graph
17:47:53.380916 [info ]: Finished building task graph [  0.00s]
17:47:53.395186 [info ]: Started rendering (12 nodes)
17:47:53.395227 [info ]: Started snapshot snapshots.snapshot_comptes
17:47:53.395255 [debug]: Started rendering snapshot snapshots.snapshot_comptes
17:47:53.395300 [info ]: Started model staging_marts.mart_top_depenses
17:47:53.395319 [debug]: Started rendering model staging_marts.mart_top_depenses
17:47:53.395325 [info ]: Finished loading project [  0.12s]
17:47:53.395339 [info ]: Started model staging_marts.mart_solde_mensuel
17:47:53.395442 [debug]: Started rendering model staging_marts.mart_solde_mensuel
17:47:53.395520 [info ]: Started model staging_marts.mart_budget_vs_reel
17:47:53.395564 [debug]: Started rendering model staging_marts.mart_budget_vs_reel
17:47:53.395645 [info ]: Started model staging.stg_budgets
17:47:53.395696 [debug]: Started rendering model staging.stg_budgets
17:47:53.395778 [info ]: Started model staging.int_transactions_enrichies
17:47:53.395873 [debug]: Started rendering model staging.int_transactions_enrichies
17:47:53.395889 [debug]: Compiled SQL for node snapshot.fintrack_analytics.snapshot_comptes at target\.lsp\compiled\fintrack_analytics\snapshots\snapshot_comptes.sql\snapshot_comptes.sql
17:47:53.395922 [debug]: Compiled SQL for node model.fintrack_analytics.mart_top_depenses at target\.lsp\compiled\fintrack_analytics\models\marts\mart_top_depenses.sql
17:47:53.396006 [info ]: Started model staging.stg_transactions
17:47:53.396055 [debug]: Started rendering model staging.stg_transactions
17:47:53.396145 [info ]: Started model staging_marts.dim_comptes
17:47:53.396212 [debug]: Started rendering model staging_marts.dim_comptes
17:47:53.396288 [info ]: Started model staging.stg_comptes
17:47:53.396322 [debug]: Started rendering model staging.stg_comptes
17:47:53.396369 [debug]: Compiled SQL for node model.fintrack_analytics.mart_budget_vs_reel at target\.lsp\compiled\fintrack_analytics\models\marts\mart_budget_vs_reel.sql
17:47:53.396372 [debug]: Compiled SQL for node model.fintrack_analytics.mart_solde_mensuel at target\.lsp\compiled\fintrack_analytics\models\marts\mart_solde_mensuel.sql
17:47:53.396374 [info ]: Started model staging_marts.dim_categories
17:47:53.396507 [debug]: Started rendering model staging_marts.dim_categories
17:47:53.396552 [info ]: Started model staging.stg_categories
17:47:53.396587 [debug]: Started rendering model staging.stg_categories
17:47:53.396654 [debug]: Finished rendering [  0.00s] snapshot snapshots.snapshot_comptes [success]
17:47:53.396703 [info ]: Started analyzing (12 nodes)
17:47:53.396721 [debug]: Started analyzing snapshot snapshots.snapshot_comptes
17:47:53.396754 [debug]: Finished rendering [  0.00s] model staging_marts.mart_top_depenses [success]
17:47:53.396800 [debug]: Started analyzing model staging_marts.mart_top_depenses
17:47:53.396864 [debug]: Finished rendering [  0.00s] model staging_marts.mart_budget_vs_reel [success]
17:47:53.396891 [debug]: Started analyzing model staging_marts.mart_budget_vs_reel
17:47:53.396940 [debug]: Compiled SQL for node model.fintrack_analytics.stg_budgets at target\.lsp\compiled\fintrack_analytics\models\staging\stg_budgets.sql
17:47:53.396995 [debug]: Finished rendering [  0.00s] model staging_marts.mart_solde_mensuel [success]
17:47:53.397028 [debug]: Started analyzing model staging_marts.mart_solde_mensuel
17:47:53.397117 [debug]: Finished analyzing [  0.00s] snapshot snapshots.snapshot_comptes [success]
17:47:53.397168 [info ]:  Succeeded [  0.00s] snapshot snapshots.snapshot_comptes (snapshot)
17:47:53.397228 [debug]: Finished rendering [  0.00s] model staging.stg_budgets [success]
17:47:53.397267 [debug]: Compiled SQL for node model.fintrack_analytics.int_transactions_enrichies at target\.lsp\compiled\fintrack_analytics\models\intermediate\int_transactions_enrichies.sql
17:47:53.397344 [debug]: Compiled SQL for node model.fintrack_analytics.stg_transactions at target\.lsp\compiled\fintrack_analytics\models\staging\stg_transactions.sql
17:47:53.397645 [debug]: Compiled SQL for node model.fintrack_analytics.dim_comptes at target\.lsp\compiled\fintrack_analytics\models\marts\dim_comptes.sql
17:47:53.397735 [debug]: Compiled SQL for node model.fintrack_analytics.dim_categories at target\.lsp\compiled\fintrack_analytics\models\marts\dim_categories.sql
17:47:53.397777 [debug]: Compiled SQL for node model.fintrack_analytics.stg_comptes at target\.lsp\compiled\fintrack_analytics\models\staging\stg_comptes.sql
17:47:53.400233 [debug]: Started analyzing model staging.stg_budgets
17:47:53.400461 [debug]: Finished analyzing [  0.00s] model staging_marts.mart_top_depenses [success]
17:47:53.400523 [info ]:  Succeeded [  0.00s] model staging_marts.mart_top_depenses (table)
17:47:53.400713 [debug]: Compiled SQL for node model.fintrack_analytics.stg_categories at target\.lsp\compiled\fintrack_analytics\models\staging\stg_categories.sql
17:47:53.400720 [debug]: Finished rendering [  0.00s] model staging.int_transactions_enrichies [success]
17:47:53.400759 [debug]: Started analyzing model staging.int_transactions_enrichies
17:47:53.400796 [info ]: Started model staging_marts.fct_transactions
17:47:53.400819 [debug]: Started rendering model staging_marts.fct_transactions
17:47:53.400853 [debug]: Finished rendering [  0.00s] model staging.stg_transactions [success]
17:47:53.400878 [debug]: Started analyzing model staging.stg_transactions
17:47:53.400902 [debug]: Finished rendering [  0.00s] model staging_marts.dim_comptes [success]
17:47:53.400930 [debug]: Started analyzing model staging_marts.dim_comptes
17:47:53.400955 [debug]: Finished rendering [  0.00s] model staging_marts.dim_categories [success]
17:47:53.400978 [debug]: Started analyzing model staging_marts.dim_categories
17:47:53.400996 [debug]: Finished rendering [  0.00s] model staging.stg_comptes [success]
17:47:53.401015 [debug]: Started analyzing model staging.stg_comptes
17:47:53.401034 [debug]: Finished analyzing [  0.00s] model staging_marts.mart_solde_mensuel [success]
17:47:53.401055 [info ]:  Succeeded [  0.00s] model staging_marts.mart_solde_mensuel (table)
17:47:53.401100 [debug]: Finished analyzing [  0.00s] model staging.stg_budgets [success]
17:47:53.401116 [info ]:  Succeeded [  0.00s] model staging.stg_budgets (view)
17:47:53.401138 [debug]: Finished rendering [  0.00s] model staging.stg_categories [success]
17:47:53.401156 [debug]: Started analyzing model staging.stg_categories
17:47:53.401214 [debug]: Finished analyzing [  0.00s] model staging_marts.dim_comptes [success]
17:47:53.401233 [info ]:  Succeeded [  0.00s] model staging_marts.dim_comptes (table)
17:47:53.401387 [debug]: Compiled SQL for node model.fintrack_analytics.fct_transactions at target\.lsp\compiled\fintrack_analytics\models\marts\fct_transactions.sql
17:47:53.401417 [debug]: Finished analyzing [  0.00s] model staging.stg_transactions [success]
17:47:53.401433 [info ]:  Succeeded [  0.00s] model staging.stg_transactions (view)
17:47:53.401462 [debug]: Finished analyzing [  0.00s] model staging.stg_comptes [success]
17:47:53.401478 [info ]:  Succeeded [  0.00s] model staging.stg_comptes (view)
17:47:53.401504 [debug]: Finished analyzing [  0.00s] model staging_marts.dim_categories [success]
17:47:53.401519 [info ]:  Succeeded [  0.00s] model staging_marts.dim_categories (table)
17:47:53.401542 [debug]: Finished rendering [  0.00s] model staging_marts.fct_transactions [success]
17:47:53.401554 [info ]: Finished rendering [  0.01s] (12 nodes, 0 skipped, 0 errors)
17:47:53.401571 [debug]: Started analyzing model staging_marts.fct_transactions
17:47:53.401595 [debug]: Finished analyzing [  0.00s] model staging.stg_categories [success]
17:47:53.401608 [info ]:  Succeeded [  0.00s] model staging.stg_categories (view)
17:47:53.403282 [debug]: Finished analyzing [  0.00s] model staging.int_transactions_enrichies [success]
17:47:53.403321 [info ]:  Succeeded [  0.01s] model staging.int_transactions_enrichies (ephemeral)
17:47:53.404032 [debug]: Finished analyzing [  0.01s] model staging_marts.mart_budget_vs_reel [success]
17:47:53.404063 [info ]:  Succeeded [  0.01s] model staging_marts.mart_budget_vs_reel (table)
17:47:53.404097 [debug]: Finished analyzing [  0.00s] model staging_marts.fct_transactions [success]
17:47:53.404116 [info ]: Finished analyzing [  0.01s] (12 nodes, 0 skipped, 0 errors)
17:47:53.404129 [info ]:  Succeeded [  0.00s] model staging_marts.fct_transactions (table)
17:47:53.411156 [info ]: Started scheduling
17:47:53.411261 [info ]: Finished scheduling [  0.00s]
17:47:53.411427 [info ]: 
==================== Execution Summary =====================
Finished 'compile' successfully for target 'dev' [135ms]
Processed: 11 models | 1 snapshot
Summary: 12 total | 12 success
17:47:53.411824 [info ]: Cached model count updated: 11 models (accurate)
==================== 2026-09-03T17:49:58.669797Z | 4b1ed11b-fe94-4003-a4b7-ecf369abea59 ====================
17:49:58.669895 [info ]: Started loading project
17:49:58.671004 [info ]: Loading ~/.dbt/profiles.yml
17:49:58.731351 [info ]: Cached model count updated: 11 models (accurate)
17:49:58.731417 [info ]: Finished loading project [  0.06s]
17:49:58.731451 [info ]: 
==================== Execution Summary =====================
Finished 'compile' successfully for target 'dev' [61ms]
==================== 2026-09-03T17:50:00.301829Z | 8c7c1306-586b-4b7d-a729-61906f1be719 ====================
17:50:00.301884 [info ]: Started loading project
17:50:00.302608 [info ]: Loading ~/.dbt/profiles.yml
17:50:00.344310 [info ]: Cached model count updated: 11 models (estimate)
17:50:00.344347 [info ]: Cached model count updated: 11 models (accurate)
17:50:00.344418 [info ]: Started scheduling
17:50:00.344583 [info ]: Finished scheduling [  0.00s]
17:50:00.344620 [debug]: Compilation - 12 nodes selected: {"model.fintrack_analytics.dim_categories", "model.fintrack_analytics.dim_comptes", "model.fintrack_analytics.fct_transactions", "model.fintrack_analytics.int_transactions_enrichies", "model.fintrack_analytics.mart_budget_vs_reel", "model.fintrack_analytics.mart_solde_mensuel", "model.fintrack_analytics.mart_top_depenses", "model.fintrack_analytics.stg_budgets", "model.fintrack_analytics.stg_categories", "model.fintrack_analytics.stg_comptes", "model.fintrack_analytics.stg_transactions", "snapshot.fintrack_analytics.snapshot_comptes"}
17:50:00.408110 [info ]: Started building task graph
17:50:00.408306 [info ]: Finished building task graph [  0.00s]
17:50:00.418956 [info ]: Started rendering (12 nodes)
17:50:00.418988 [info ]: Started snapshot snapshots.snapshot_comptes
17:50:00.419000 [debug]: Started rendering snapshot snapshots.snapshot_comptes
17:50:00.419029 [info ]: Started model staging_marts.mart_top_depenses
17:50:00.419036 [debug]: Started rendering model staging_marts.mart_top_depenses
17:50:00.419047 [info ]: Started model staging_marts.mart_solde_mensuel
17:50:00.419053 [debug]: Started rendering model staging_marts.mart_solde_mensuel
17:50:00.419064 [info ]: Started model staging_marts.mart_budget_vs_reel
17:50:00.419069 [debug]: Started rendering model staging_marts.mart_budget_vs_reel
17:50:00.419079 [info ]: Started model staging.stg_budgets
17:50:00.419094 [debug]: Started rendering model staging.stg_budgets
17:50:00.419101 [info ]: Finished loading project [  0.12s]
17:50:00.419110 [info ]: Started model staging.int_transactions_enrichies
17:50:00.419126 [debug]: Started rendering model staging.int_transactions_enrichies
17:50:00.419193 [info ]: Started model staging.stg_transactions
17:50:00.419219 [debug]: Started rendering model staging.stg_transactions
17:50:00.419281 [info ]: Started model staging_marts.dim_comptes
17:50:00.419300 [debug]: Started rendering model staging_marts.dim_comptes
17:50:00.419321 [info ]: Started model staging.stg_comptes
17:50:00.419335 [debug]: Started rendering model staging.stg_comptes
17:50:00.419359 [info ]: Started model staging_marts.dim_categories
17:50:00.419374 [debug]: Started rendering model staging_marts.dim_categories
17:50:00.419450 [info ]: Started model staging.stg_categories
17:50:00.419473 [debug]: Started rendering model staging.stg_categories
17:50:00.419621 [debug]: Compiled SQL for node model.fintrack_analytics.mart_solde_mensuel at target\.lsp\compiled\fintrack_analytics\models\marts\mart_solde_mensuel.sql
17:50:00.419621 [debug]: Compiled SQL for node model.fintrack_analytics.mart_top_depenses at target\.lsp\compiled\fintrack_analytics\models\marts\mart_top_depenses.sql
17:50:00.419728 [debug]: Finished rendering [  0.00s] model staging_marts.mart_solde_mensuel [success]
17:50:00.419771 [info ]: Started analyzing (12 nodes)
17:50:00.419788 [debug]: Started analyzing model staging_marts.mart_solde_mensuel
17:50:00.419815 [debug]: Finished rendering [  0.00s] model staging_marts.mart_top_depenses [success]
17:50:00.419839 [debug]: Started analyzing model staging_marts.mart_top_depenses
17:50:00.420247 [debug]: Compiled SQL for node model.fintrack_analytics.stg_budgets at target\.lsp\compiled\fintrack_analytics\models\staging\stg_budgets.sql
17:50:00.420382 [debug]: Finished analyzing [  0.00s] model staging_marts.mart_top_depenses [success]
17:50:00.420412 [info ]:  Succeeded [-------] model staging_marts.mart_top_depenses (table)
17:50:00.420553 [debug]: Finished rendering [  0.00s] model staging.stg_budgets [success]
17:50:00.420586 [debug]: Started analyzing model staging.stg_budgets
17:50:00.420629 [debug]: Compiled SQL for node snapshot.fintrack_analytics.snapshot_comptes at target\.lsp\compiled\fintrack_analytics\snapshots\snapshot_comptes.sql\snapshot_comptes.sql
17:50:00.420847 [debug]: Finished analyzing [  0.00s] model staging.stg_budgets [success]
17:50:00.420875 [info ]:  Succeeded [  0.00s] model staging.stg_budgets (view)
17:50:00.420980 [debug]: Finished rendering [  0.00s] snapshot snapshots.snapshot_comptes [success]
17:50:00.421026 [debug]: Started analyzing snapshot snapshots.snapshot_comptes
17:50:00.421193 [debug]: Finished analyzing [  0.00s] snapshot snapshots.snapshot_comptes [success]
17:50:00.421218 [info ]:  Succeeded [  0.00s] snapshot snapshots.snapshot_comptes (snapshot)
17:50:00.421273 [debug]: Compiled SQL for node model.fintrack_analytics.stg_transactions at target\.lsp\compiled\fintrack_analytics\models\staging\stg_transactions.sql
17:50:00.421283 [debug]: Compiled SQL for node model.fintrack_analytics.dim_comptes at target\.lsp\compiled\fintrack_analytics\models\marts\dim_comptes.sql
17:50:00.421359 [debug]: Finished rendering [  0.00s] model staging.stg_transactions [success]
17:50:00.421402 [debug]: Started analyzing model staging.stg_transactions
17:50:00.421710 [debug]: Compiled SQL for node model.fintrack_analytics.stg_categories at target\.lsp\compiled\fintrack_analytics\models\staging\stg_categories.sql
17:50:00.421943 [debug]: Compiled SQL for node model.fintrack_analytics.dim_categories at target\.lsp\compiled\fintrack_analytics\models\marts\dim_categories.sql
17:50:00.421942 [debug]: Finished analyzing [  0.00s] model staging_marts.mart_solde_mensuel [success]
17:50:00.421968 [info ]:  Succeeded [  0.00s] model staging_marts.mart_solde_mensuel (table)
17:50:00.421974 [debug]: Compiled SQL for node model.fintrack_analytics.stg_comptes at target\.lsp\compiled\fintrack_analytics\models\staging\stg_comptes.sql
17:50:00.422040 [debug]: Finished analyzing [  0.00s] model staging.stg_transactions [success]
17:50:00.422059 [info ]:  Succeeded [  0.00s] model staging.stg_transactions (view)
17:50:00.422089 [debug]: Finished rendering [  0.00s] model staging_marts.dim_comptes [success]
17:50:00.422110 [debug]: Started analyzing model staging_marts.dim_comptes
17:50:00.422135 [debug]: Finished rendering [  0.00s] model staging.stg_categories [success]
17:50:00.422151 [debug]: Started analyzing model staging.stg_categories
17:50:00.422173 [debug]: Finished rendering [  0.00s] model staging_marts.dim_categories [success]
17:50:00.422189 [debug]: Started analyzing model staging_marts.dim_categories
17:50:00.422207 [debug]: Finished rendering [  0.00s] model staging.stg_comptes [success]
17:50:00.422223 [debug]: Started analyzing model staging.stg_comptes
17:50:00.422551 [debug]: Finished analyzing [  0.00s] model staging_marts.dim_comptes [success]
17:50:00.422571 [info ]:  Succeeded [  0.00s] model staging_marts.dim_comptes (table)
17:50:00.422728 [debug]: Compiled SQL for node model.fintrack_analytics.int_transactions_enrichies at target\.lsp\compiled\fintrack_analytics\models\intermediate\int_transactions_enrichies.sql
17:50:00.422824 [debug]: Finished analyzing [  0.00s] model staging.stg_categories [success]
17:50:00.422841 [info ]:  Succeeded [  0.00s] model staging.stg_categories (view)
17:50:00.422878 [debug]: Finished rendering [  0.00s] model staging.int_transactions_enrichies [success]
17:50:00.422907 [info ]: Started model staging_marts.fct_transactions
17:50:00.422921 [debug]: Started rendering model staging_marts.fct_transactions
17:50:00.422942 [debug]: Started analyzing model staging.int_transactions_enrichies
17:50:00.423018 [debug]: Compiled SQL for node model.fintrack_analytics.mart_budget_vs_reel at target\.lsp\compiled\fintrack_analytics\models\marts\mart_budget_vs_reel.sql
17:50:00.423114 [debug]: Finished analyzing [  0.00s] model staging_marts.dim_categories [success]
17:50:00.423130 [info ]:  Succeeded [  0.00s] model staging_marts.dim_categories (table)
17:50:00.423225 [debug]: Finished rendering [  0.00s] model staging_marts.mart_budget_vs_reel [success]
17:50:00.423247 [debug]: Started analyzing model staging_marts.mart_budget_vs_reel
17:50:00.423525 [debug]: Compiled SQL for node model.fintrack_analytics.fct_transactions at target\.lsp\compiled\fintrack_analytics\models\marts\fct_transactions.sql
17:50:00.423688 [debug]: Finished analyzing [  0.00s] model staging.stg_comptes [success]
17:50:00.423720 [info ]:  Succeeded [  0.00s] model staging.stg_comptes (view)
17:50:00.423837 [debug]: Finished rendering [  0.00s] model staging_marts.fct_transactions [success]
17:50:00.423854 [info ]: Finished rendering [  0.00s] (12 nodes, 0 skipped, 0 errors)
17:50:00.423878 [debug]: Started analyzing model staging_marts.fct_transactions
17:50:00.425988 [debug]: Finished analyzing [  0.00s] model staging.int_transactions_enrichies [success]
17:50:00.426034 [info ]:  Succeeded [  0.01s] model staging.int_transactions_enrichies (ephemeral)
17:50:00.426699 [debug]: Finished analyzing [  0.00s] model staging_marts.fct_transactions [success]
17:50:00.426733 [info ]:  Succeeded [  0.00s] model staging_marts.fct_transactions (table)
17:50:00.429329 [debug]: Finished analyzing [  0.01s] model staging_marts.mart_budget_vs_reel [success]
17:50:00.429372 [info ]: Finished analyzing [  0.01s] (12 nodes, 0 skipped, 0 errors)
17:50:00.429392 [info ]:  Succeeded [  0.01s] model staging_marts.mart_budget_vs_reel (table)
17:50:00.434372 [info ]: Started scheduling
17:50:00.434444 [info ]: Finished scheduling [  0.00s]
17:50:00.434558 [info ]: 
==================== Execution Summary =====================
Finished 'compile' successfully for target 'dev' [132ms]
Processed: 11 models | 1 snapshot
Summary: 12 total | 12 success
17:50:00.434999 [info ]: Cached model count updated: 11 models (accurate)
==================== 2026-09-03T17:59:29.874516Z | 50510550-6301-412c-9b52-833281a2ec10 ====================
17:59:29.874622 [info ]: Started loading project
17:59:29.875838 [info ]: Loading ~/.dbt/profiles.yml
17:59:29.921583 [info ]: Cached model count updated: 11 models (accurate)
17:59:29.921594 [info ]: Finished loading project [  0.05s]
17:59:29.921624 [info ]: 
==================== Execution Summary =====================
Finished 'compile' successfully for target 'dev' [47ms]
==================== 2026-09-03T17:59:31.117863Z | 926e6b1d-2345-4833-a465-e8415dd37786 ====================
17:59:31.117934 [info ]: Started loading project
17:59:31.118814 [info ]: Loading ~/.dbt/profiles.yml
17:59:31.157961 [info ]: Cached model count updated: 11 models (estimate)
17:59:31.158001 [info ]: Cached model count updated: 11 models (accurate)
17:59:31.158045 [info ]: Started scheduling
17:59:31.158203 [info ]: Finished scheduling [  0.00s]
17:59:31.158228 [debug]: Compilation - 12 nodes selected: {"model.fintrack_analytics.dim_categories", "model.fintrack_analytics.dim_comptes", "model.fintrack_analytics.fct_transactions", "model.fintrack_analytics.int_transactions_enrichies", "model.fintrack_analytics.mart_budget_vs_reel", "model.fintrack_analytics.mart_solde_mensuel", "model.fintrack_analytics.mart_top_depenses", "model.fintrack_analytics.stg_budgets", "model.fintrack_analytics.stg_categories", "model.fintrack_analytics.stg_comptes", "model.fintrack_analytics.stg_transactions", "snapshot.fintrack_analytics.snapshot_comptes"}
17:59:31.226364 [info ]: Started building task graph
17:59:31.226523 [info ]: Finished building task graph [  0.00s]
17:59:31.237238 [info ]: Started rendering (12 nodes)
17:59:31.237269 [info ]: Started snapshot snapshots.snapshot_comptes
17:59:31.237280 [debug]: Started rendering snapshot snapshots.snapshot_comptes
17:59:31.237325 [info ]: Started model staging_marts.mart_top_depenses
17:59:31.237332 [debug]: Started rendering model staging_marts.mart_top_depenses
17:59:31.237343 [info ]: Started model staging_marts.mart_solde_mensuel
17:59:31.237353 [debug]: Started rendering model staging_marts.mart_solde_mensuel
17:59:31.237364 [info ]: Started model staging_marts.mart_budget_vs_reel
17:59:31.237370 [debug]: Started rendering model staging_marts.mart_budget_vs_reel
17:59:31.237380 [info ]: Started model staging.stg_budgets
17:59:31.237387 [debug]: Started rendering model staging.stg_budgets
17:59:31.237385 [info ]: Finished loading project [  0.12s]
17:59:31.237406 [info ]: Started model staging.int_transactions_enrichies
17:59:31.237420 [debug]: Started rendering model staging.int_transactions_enrichies
17:59:31.237472 [info ]: Started model staging.stg_transactions
17:59:31.237500 [debug]: Started rendering model staging.stg_transactions
17:59:31.237533 [info ]: Started model staging_marts.dim_comptes
17:59:31.237585 [debug]: Started rendering model staging_marts.dim_comptes
17:59:31.237655 [info ]: Started model staging.stg_comptes
17:59:31.237678 [debug]: Started rendering model staging.stg_comptes
17:59:31.237733 [info ]: Started model staging_marts.dim_categories
17:59:31.237755 [debug]: Started rendering model staging_marts.dim_categories
17:59:31.237829 [info ]: Started model staging.stg_categories
17:59:31.237912 [debug]: Started rendering model staging.stg_categories
17:59:31.238020 [debug]: Compiled SQL for node snapshot.fintrack_analytics.snapshot_comptes at target\.lsp\compiled\fintrack_analytics\snapshots\snapshot_comptes.sql\snapshot_comptes.sql
17:59:31.238134 [debug]: Compiled SQL for node model.fintrack_analytics.mart_budget_vs_reel at target\.lsp\compiled\fintrack_analytics\models\marts\mart_budget_vs_reel.sql
17:59:31.238190 [debug]: Finished rendering [  0.00s] snapshot snapshots.snapshot_comptes [success]
17:59:31.238242 [info ]: Started analyzing (12 nodes)
17:59:31.238255 [debug]: Started analyzing snapshot snapshots.snapshot_comptes
17:59:31.238281 [debug]: Finished rendering [  0.00s] model staging_marts.mart_budget_vs_reel [success]
17:59:31.238302 [debug]: Started analyzing model staging_marts.mart_budget_vs_reel
17:59:31.238425 [debug]: Compiled SQL for node model.fintrack_analytics.stg_budgets at target\.lsp\compiled\fintrack_analytics\models\staging\stg_budgets.sql
17:59:31.238426 [debug]: Compiled SQL for node model.fintrack_analytics.mart_top_depenses at target\.lsp\compiled\fintrack_analytics\models\marts\mart_top_depenses.sql
17:59:31.238459 [debug]: Compiled SQL for node model.fintrack_analytics.mart_solde_mensuel at target\.lsp\compiled\fintrack_analytics\models\marts\mart_solde_mensuel.sql
17:59:31.238632 [debug]: Finished analyzing [  0.00s] snapshot snapshots.snapshot_comptes [success]
17:59:31.238660 [info ]:  Succeeded [-------] snapshot snapshots.snapshot_comptes (snapshot)
17:59:31.238694 [debug]: Finished rendering [  0.00s] model staging.stg_budgets [success]
17:59:31.238716 [debug]: Started analyzing model staging.stg_budgets
17:59:31.238742 [debug]: Finished rendering [  0.00s] model staging_marts.mart_top_depenses [success]
17:59:31.238767 [debug]: Started analyzing model staging_marts.mart_top_depenses
17:59:31.238790 [debug]: Finished rendering [  0.00s] model staging_marts.mart_solde_mensuel [success]
17:59:31.238810 [debug]: Started analyzing model staging_marts.mart_solde_mensuel
17:59:31.238899 [debug]: Compiled SQL for node model.fintrack_analytics.stg_comptes at target\.lsp\compiled\fintrack_analytics\models\staging\stg_comptes.sql
17:59:31.238913 [debug]: Compiled SQL for node model.fintrack_analytics.dim_comptes at target\.lsp\compiled\fintrack_analytics\models\marts\dim_comptes.sql
17:59:31.238981 [debug]: Finished analyzing [  0.00s] model staging.stg_budgets [success]
17:59:31.239000 [info ]:  Succeeded [  0.00s] model staging.stg_budgets (view)
17:59:31.239019 [debug]: Compiled SQL for node model.fintrack_analytics.stg_transactions at target\.lsp\compiled\fintrack_analytics\models\staging\stg_transactions.sql
17:59:31.239027 [debug]: Finished rendering [  0.00s] model staging.stg_comptes [success]
17:59:31.239045 [debug]: Started analyzing model staging.stg_comptes
17:59:31.239067 [debug]: Finished rendering [  0.00s] model staging_marts.dim_comptes [success]
17:59:31.239082 [debug]: Started analyzing model staging_marts.dim_comptes
17:59:31.239104 [debug]: Finished rendering [  0.00s] model staging.stg_transactions [success]
17:59:31.239120 [debug]: Started analyzing model staging.stg_transactions
17:59:31.239161 [debug]: Finished analyzing [  0.00s] model staging_marts.mart_top_depenses [success]
17:59:31.239179 [info ]:  Succeeded [  0.00s] model staging_marts.mart_top_depenses (table)
17:59:31.239188 [debug]: Compiled SQL for node model.fintrack_analytics.dim_categories at target\.lsp\compiled\fintrack_analytics\models\marts\dim_categories.sql
17:59:31.239252 [debug]: Compiled SQL for node model.fintrack_analytics.int_transactions_enrichies at target\.lsp\compiled\fintrack_analytics\models\intermediate\int_transactions_enrichies.sql
17:59:31.239276 [debug]: Finished analyzing [  0.00s] model staging.stg_comptes [success]
17:59:31.239281 [debug]: Compiled SQL for node model.fintrack_analytics.stg_categories at target\.lsp\compiled\fintrack_analytics\models\staging\stg_categories.sql
17:59:31.239293 [info ]:  Succeeded [  0.00s] model staging.stg_comptes (view)
17:59:31.239315 [debug]: Finished rendering [  0.00s] model staging_marts.dim_categories [success]
17:59:31.239332 [debug]: Started analyzing model staging_marts.dim_categories
17:59:31.239354 [debug]: Finished rendering [  0.00s] model staging.int_transactions_enrichies [success]
17:59:31.239387 [info ]: Started model staging_marts.fct_transactions
17:59:31.239406 [debug]: Started rendering model staging_marts.fct_transactions
17:59:31.239421 [debug]: Started analyzing model staging.int_transactions_enrichies
17:59:31.239443 [debug]: Finished rendering [  0.00s] model staging.stg_categories [success]
17:59:31.239457 [debug]: Started analyzing model staging.stg_categories
17:59:31.239481 [debug]: Finished analyzing [  0.00s] model staging_marts.dim_comptes [success]
17:59:31.239493 [info ]:  Succeeded [  0.00s] model staging_marts.dim_comptes (table)
17:59:31.239540 [debug]: Finished analyzing [  0.00s] model staging_marts.dim_categories [success]
17:59:31.239566 [info ]:  Succeeded [  0.00s] model staging_marts.dim_categories (table)
17:59:31.239749 [debug]: Finished analyzing [  0.00s] model staging.stg_transactions [success]
17:59:31.239777 [info ]:  Succeeded [  0.00s] model staging.stg_transactions (view)
17:59:31.239819 [debug]: Finished analyzing [  0.00s] model staging.stg_categories [success]
17:59:31.239841 [info ]:  Succeeded [  0.00s] model staging.stg_categories (view)
17:59:31.240203 [debug]: Compiled SQL for node model.fintrack_analytics.fct_transactions at target\.lsp\compiled\fintrack_analytics\models\marts\fct_transactions.sql
17:59:31.240304 [debug]: Finished rendering [  0.00s] model staging_marts.fct_transactions [success]
17:59:31.240330 [info ]: Finished rendering [  0.00s] (12 nodes, 0 skipped, 0 errors)
17:59:31.240354 [debug]: Started analyzing model staging_marts.fct_transactions
17:59:31.241054 [debug]: Finished analyzing [  0.00s] model staging_marts.mart_solde_mensuel [success]
17:59:31.241088 [info ]:  Succeeded [  0.00s] model staging_marts.mart_solde_mensuel (table)
17:59:31.241476 [debug]: Finished analyzing [  0.00s] model staging.int_transactions_enrichies [success]
17:59:31.241502 [info ]:  Succeeded [  0.00s] model staging.int_transactions_enrichies (ephemeral)
17:59:31.243418 [debug]: Finished analyzing [  0.00s] model staging_marts.fct_transactions [success]
17:59:31.243462 [info ]:  Succeeded [  0.00s] model staging_marts.fct_transactions (table)
17:59:31.243937 [debug]: Finished analyzing [  0.01s] model staging_marts.mart_budget_vs_reel [success]
17:59:31.243973 [info ]: Finished analyzing [  0.01s] (12 nodes, 0 skipped, 0 errors)
17:59:31.244008 [info ]:  Succeeded [  0.01s] model staging_marts.mart_budget_vs_reel (table)
17:59:31.248341 [info ]: Started scheduling
17:59:31.248482 [info ]: Finished scheduling [  0.00s]
17:59:31.248690 [info ]: 
==================== Execution Summary =====================
Finished 'compile' successfully for target 'dev' [130ms]
Processed: 11 models | 1 snapshot
Summary: 12 total | 12 success
17:59:31.249061 [info ]: Cached model count updated: 11 models (accurate)
==================== 2026-09-03T18:02:55.637728Z | 0c49ea08-ac31-402e-b48e-5c6a4530cf4d ====================
18:02:55.637888 [info ]: Started loading project
18:02:55.639599 [info ]: Loading ~/.dbt/profiles.yml
18:02:55.680933 [info ]: Cached model count updated: 11 models (accurate)
18:02:55.681013 [info ]: Finished loading project [  0.04s]
18:02:55.681048 [info ]: 
==================== Execution Summary =====================
Finished 'compile' successfully for target 'dev' [43ms]
==================== 2026-09-03T18:02:57.250795Z | 6eb59dc9-88da-4597-83fd-a1fc9d33c393 ====================
18:02:57.250956 [info ]: Started loading project
18:02:57.253205 [info ]: Loading ~/.dbt/profiles.yml
18:02:57.298529 [info ]: Cached model count updated: 11 models (estimate)
18:02:57.298549 [info ]: Cached model count updated: 11 models (accurate)
18:02:57.298586 [info ]: Started scheduling
18:02:57.298724 [info ]: Finished scheduling [  0.00s]
18:02:57.298745 [debug]: Compilation - 12 nodes selected: {"model.fintrack_analytics.dim_categories", "model.fintrack_analytics.dim_comptes", "model.fintrack_analytics.fct_transactions", "model.fintrack_analytics.int_transactions_enrichies", "model.fintrack_analytics.mart_budget_vs_reel", "model.fintrack_analytics.mart_solde_mensuel", "model.fintrack_analytics.mart_top_depenses", "model.fintrack_analytics.stg_budgets", "model.fintrack_analytics.stg_categories", "model.fintrack_analytics.stg_comptes", "model.fintrack_analytics.stg_transactions", "snapshot.fintrack_analytics.snapshot_comptes"}
18:02:57.353001 [info ]: Started building task graph
18:02:57.353130 [info ]: Finished building task graph [  0.00s]
18:02:57.361642 [info ]: Started rendering (12 nodes)
18:02:57.361676 [info ]: Started snapshot snapshots.snapshot_comptes
18:02:57.361688 [debug]: Started rendering snapshot snapshots.snapshot_comptes
18:02:57.361734 [info ]: Started model staging_marts.mart_top_depenses
18:02:57.361742 [debug]: Started rendering model staging_marts.mart_top_depenses
18:02:57.361753 [info ]: Started model staging_marts.mart_solde_mensuel
18:02:57.361760 [debug]: Started rendering model staging_marts.mart_solde_mensuel
18:02:57.361773 [info ]: Started model staging_marts.mart_budget_vs_reel
18:02:57.361780 [debug]: Started rendering model staging_marts.mart_budget_vs_reel
18:02:57.361793 [info ]: Started model staging.stg_budgets
18:02:57.361804 [debug]: Started rendering model staging.stg_budgets
18:02:57.361820 [info ]: Started model staging.int_transactions_enrichies
18:02:57.361826 [debug]: Started rendering model staging.int_transactions_enrichies
18:02:57.361835 [info ]: Started model staging.stg_transactions
18:02:57.361840 [debug]: Started rendering model staging.stg_transactions
18:02:57.361850 [info ]: Started model staging_marts.dim_comptes
18:02:57.361857 [debug]: Started rendering model staging_marts.dim_comptes
18:02:57.361863 [info ]: Finished loading project [  0.11s]
18:02:57.361874 [info ]: Started model staging.stg_comptes
18:02:57.361905 [debug]: Started rendering model staging.stg_comptes
18:02:57.361942 [info ]: Started model staging_marts.dim_categories
18:02:57.361962 [debug]: Started rendering model staging_marts.dim_categories
18:02:57.361992 [info ]: Started model staging.stg_categories
18:02:57.362014 [debug]: Started rendering model staging.stg_categories
18:02:57.362667 [debug]: Compiled SQL for node model.fintrack_analytics.mart_top_depenses at target\.lsp\compiled\fintrack_analytics\models\marts\mart_top_depenses.sql
18:02:57.362674 [debug]: Compiled SQL for node snapshot.fintrack_analytics.snapshot_comptes at target\.lsp\compiled\fintrack_analytics\snapshots\snapshot_comptes.sql\snapshot_comptes.sql
18:02:57.362746 [debug]: Compiled SQL for node model.fintrack_analytics.stg_budgets at target\.lsp\compiled\fintrack_analytics\models\staging\stg_budgets.sql
18:02:57.362777 [debug]: Compiled SQL for node model.fintrack_analytics.dim_categories at target\.lsp\compiled\fintrack_analytics\models\marts\dim_categories.sql
18:02:57.362785 [debug]: Compiled SQL for node model.fintrack_analytics.stg_transactions at target\.lsp\compiled\fintrack_analytics\models\staging\stg_transactions.sql
18:02:57.362864 [debug]: Compiled SQL for node model.fintrack_analytics.mart_budget_vs_reel at target\.lsp\compiled\fintrack_analytics\models\marts\mart_budget_vs_reel.sql
18:02:57.362876 [debug]: Finished rendering [  0.00s] snapshot snapshots.snapshot_comptes [success]
18:02:57.362924 [info ]: Started analyzing (12 nodes)
18:02:57.362937 [debug]: Started analyzing snapshot snapshots.snapshot_comptes
18:02:57.362965 [debug]: Finished rendering [  0.00s] model staging.stg_budgets [success]
18:02:57.362990 [debug]: Started analyzing model staging.stg_budgets
18:02:57.363013 [debug]: Finished rendering [  0.00s] model staging_marts.dim_categories [success]
18:02:57.363034 [debug]: Started analyzing model staging_marts.dim_categories
18:02:57.363057 [debug]: Finished rendering [  0.00s] model staging.stg_transactions [success]
18:02:57.363076 [debug]: Started analyzing model staging.stg_transactions
18:02:57.363076 [debug]: Compiled SQL for node model.fintrack_analytics.mart_solde_mensuel at target\.lsp\compiled\fintrack_analytics\models\marts\mart_solde_mensuel.sql
18:02:57.363095 [debug]: Finished rendering [  0.00s] model staging_marts.mart_budget_vs_reel [success]
18:02:57.363112 [debug]: Started analyzing model staging_marts.mart_budget_vs_reel
18:02:57.363159 [debug]: Finished rendering [  0.00s] model staging_marts.mart_top_depenses [success]
18:02:57.363163 [debug]: Compiled SQL for node model.fintrack_analytics.int_transactions_enrichies at target\.lsp\compiled\fintrack_analytics\models\intermediate\int_transactions_enrichies.sql
18:02:57.363172 [debug]: Started analyzing model staging_marts.mart_top_depenses
18:02:57.363177 [debug]: Compiled SQL for node model.fintrack_analytics.stg_comptes at target\.lsp\compiled\fintrack_analytics\models\staging\stg_comptes.sql
18:02:57.363199 [debug]: Finished rendering [  0.00s] model staging_marts.mart_solde_mensuel [success]
18:02:57.363200 [debug]: Compiled SQL for node model.fintrack_analytics.stg_categories at target\.lsp\compiled\fintrack_analytics\models\staging\stg_categories.sql
18:02:57.363209 [debug]: Compiled SQL for node model.fintrack_analytics.dim_comptes at target\.lsp\compiled\fintrack_analytics\models\marts\dim_comptes.sql
18:02:57.363212 [debug]: Started analyzing model staging_marts.mart_solde_mensuel
18:02:57.363229 [debug]: Finished rendering [  0.00s] model staging.int_transactions_enrichies [success]
18:02:57.363252 [info ]: Started model staging_marts.fct_transactions
18:02:57.363266 [debug]: Started rendering model staging_marts.fct_transactions
18:02:57.363283 [debug]: Started analyzing model staging.int_transactions_enrichies
18:02:57.363304 [debug]: Finished rendering [  0.00s] model staging.stg_comptes [success]
18:02:57.363325 [debug]: Started analyzing model staging.stg_comptes
18:02:57.363357 [debug]: Finished rendering [  0.00s] model staging.stg_categories [success]
18:02:57.363385 [debug]: Started analyzing model staging.stg_categories
18:02:57.363416 [debug]: Finished rendering [  0.00s] model staging_marts.dim_comptes [success]
18:02:57.363443 [debug]: Started analyzing model staging_marts.dim_comptes
18:02:57.363476 [debug]: Finished analyzing [  0.00s] snapshot snapshots.snapshot_comptes [success]
18:02:57.363501 [info ]:  Succeeded [  0.00s] snapshot snapshots.snapshot_comptes (snapshot)
18:02:57.363540 [debug]: Finished analyzing [  0.00s] model staging.stg_budgets [success]
18:02:57.363562 [info ]:  Succeeded [  0.00s] model staging.stg_budgets (view)
18:02:57.363708 [debug]: Finished analyzing [  0.00s] model staging_marts.mart_top_depenses [success]
18:02:57.363732 [info ]:  Succeeded [  0.00s] model staging_marts.mart_top_depenses (table)
18:02:57.363811 [debug]: Finished analyzing [  0.00s] model staging.stg_categories [success]
18:02:57.363837 [info ]:  Succeeded [  0.00s] model staging.stg_categories (view)
18:02:57.363862 [debug]: Finished analyzing [  0.00s] model staging.stg_transactions [success]
18:02:57.363883 [info ]:  Succeeded [  0.00s] model staging.stg_transactions (view)
18:02:57.363910 [debug]: Finished analyzing [  0.00s] model staging_marts.dim_categories [success]
18:02:57.363929 [info ]:  Succeeded [  0.00s] model staging_marts.dim_categories (table)
18:02:57.364011 [debug]: Finished analyzing [  0.00s] model staging_marts.dim_comptes [success]
18:02:57.364038 [info ]:  Succeeded [  0.00s] model staging_marts.dim_comptes (table)
18:02:57.364162 [debug]: Finished analyzing [  0.00s] model staging.stg_comptes [success]
18:02:57.364189 [info ]:  Succeeded [  0.00s] model staging.stg_comptes (view)
18:02:57.364445 [debug]: Compiled SQL for node model.fintrack_analytics.fct_transactions at target\.lsp\compiled\fintrack_analytics\models\marts\fct_transactions.sql
18:02:57.364566 [debug]: Finished rendering [  0.00s] model staging_marts.fct_transactions [success]
18:02:57.364590 [info ]: Finished rendering [  0.00s] (12 nodes, 0 skipped, 0 errors)
18:02:57.364611 [debug]: Started analyzing model staging_marts.fct_transactions
18:02:57.365276 [debug]: Finished analyzing [  0.00s] model staging.int_transactions_enrichies [success]
18:02:57.365299 [info ]:  Succeeded [  0.00s] model staging.int_transactions_enrichies (ephemeral)
18:02:57.365417 [debug]: Finished analyzing [  0.00s] model staging_marts.mart_solde_mensuel [success]
18:02:57.365444 [info ]:  Succeeded [  0.00s] model staging_marts.mart_solde_mensuel (table)
18:02:57.366448 [debug]: Finished analyzing [  0.00s] model staging_marts.fct_transactions [success]
18:02:57.366482 [info ]:  Succeeded [  0.00s] model staging_marts.fct_transactions (table)
18:02:57.366815 [debug]: Finished analyzing [  0.00s] model staging_marts.mart_budget_vs_reel [success]
18:02:57.366832 [info ]: Finished analyzing [  0.00s] (12 nodes, 0 skipped, 0 errors)
18:02:57.366840 [info ]:  Succeeded [  0.00s] model staging_marts.mart_budget_vs_reel (table)
18:02:57.370065 [info ]: Started scheduling
18:02:57.370121 [info ]: Finished scheduling [  0.00s]
18:02:57.370215 [info ]: 
==================== Execution Summary =====================
Finished 'compile' successfully for target 'dev' [119ms]
Processed: 11 models | 1 snapshot
Summary: 12 total | 12 success
18:02:57.370513 [info ]: Cached model count updated: 11 models (accurate)
==================== 2026-09-03T18:03:03.899728Z | dbe05f71-1158-47b4-86bb-5b46eb05419f ====================
18:03:03.899797 [info ]: Started loading project
18:03:03.900686 [info ]: Loading ~/.dbt/profiles.yml
18:03:03.980469 [info ]: Cached model count updated: 11 models (accurate)
18:03:03.980484 [info ]: Finished loading project [  0.08s]
18:03:03.980512 [info ]: 
==================== Execution Summary =====================
Finished 'compile' successfully for target 'dev' [80ms]
==================== 2026-09-03T18:03:05.539935Z | e0b8223a-3f8d-4cc3-a640-607e2b4311d3 ====================
18:03:05.539992 [info ]: Started loading project
18:03:05.540746 [info ]: Loading ~/.dbt/profiles.yml
18:03:05.575678 [info ]: Cached model count updated: 11 models (estimate)
18:03:05.575699 [info ]: Cached model count updated: 11 models (accurate)
18:03:05.575734 [info ]: Started scheduling
18:03:05.575864 [info ]: Finished scheduling [  0.00s]
18:03:05.575884 [debug]: Compilation - 12 nodes selected: {"model.fintrack_analytics.dim_categories", "model.fintrack_analytics.dim_comptes", "model.fintrack_analytics.fct_transactions", "model.fintrack_analytics.int_transactions_enrichies", "model.fintrack_analytics.mart_budget_vs_reel", "model.fintrack_analytics.mart_solde_mensuel", "model.fintrack_analytics.mart_top_depenses", "model.fintrack_analytics.stg_budgets", "model.fintrack_analytics.stg_categories", "model.fintrack_analytics.stg_comptes", "model.fintrack_analytics.stg_transactions", "snapshot.fintrack_analytics.snapshot_comptes"}
18:03:05.630028 [info ]: Started building task graph
18:03:05.630143 [info ]: Finished building task graph [  0.00s]
18:03:05.638414 [info ]: Started rendering (12 nodes)
18:03:05.638439 [info ]: Started snapshot snapshots.snapshot_comptes
18:03:05.638450 [debug]: Started rendering snapshot snapshots.snapshot_comptes
18:03:05.638498 [info ]: Started model staging_marts.mart_top_depenses
18:03:05.638506 [debug]: Started rendering model staging_marts.mart_top_depenses
18:03:05.638517 [info ]: Started model staging_marts.mart_solde_mensuel
18:03:05.638523 [debug]: Started rendering model staging_marts.mart_solde_mensuel
18:03:05.638533 [info ]: Started model staging_marts.mart_budget_vs_reel
18:03:05.638538 [debug]: Started rendering model staging_marts.mart_budget_vs_reel
18:03:05.638549 [info ]: Started model staging.stg_budgets
18:03:05.638562 [info ]: Finished loading project [  0.10s]
18:03:05.638562 [debug]: Started rendering model staging.stg_budgets
18:03:05.638585 [info ]: Started model staging.int_transactions_enrichies
18:03:05.638601 [debug]: Started rendering model staging.int_transactions_enrichies
18:03:05.638633 [info ]: Started model staging.stg_transactions
18:03:05.638709 [debug]: Started rendering model staging.stg_transactions
18:03:05.638784 [info ]: Started model staging_marts.dim_comptes
18:03:05.638800 [debug]: Started rendering model staging_marts.dim_comptes
18:03:05.638940 [info ]: Started model staging.stg_comptes
18:03:05.638964 [debug]: Started rendering model staging.stg_comptes
18:03:05.639008 [debug]: Compiled SQL for node snapshot.fintrack_analytics.snapshot_comptes at target\.lsp\compiled\fintrack_analytics\snapshots\snapshot_comptes.sql\snapshot_comptes.sql
18:03:05.639113 [debug]: Compiled SQL for node model.fintrack_analytics.mart_budget_vs_reel at target\.lsp\compiled\fintrack_analytics\models\marts\mart_budget_vs_reel.sql
18:03:05.639234 [debug]: Compiled SQL for node model.fintrack_analytics.mart_top_depenses at target\.lsp\compiled\fintrack_analytics\models\marts\mart_top_depenses.sql
18:03:05.639240 [debug]: Compiled SQL for node model.fintrack_analytics.stg_budgets at target\.lsp\compiled\fintrack_analytics\models\staging\stg_budgets.sql
18:03:05.639249 [debug]: Compiled SQL for node model.fintrack_analytics.int_transactions_enrichies at target\.lsp\compiled\fintrack_analytics\models\intermediate\int_transactions_enrichies.sql
18:03:05.639280 [debug]: Compiled SQL for node model.fintrack_analytics.stg_transactions at target\.lsp\compiled\fintrack_analytics\models\staging\stg_transactions.sql
18:03:05.639302 [info ]: Started model staging_marts.dim_categories
18:03:05.639348 [debug]: Started rendering model staging_marts.dim_categories
18:03:05.639415 [debug]: Compiled SQL for node model.fintrack_analytics.stg_comptes at target\.lsp\compiled\fintrack_analytics\models\staging\stg_comptes.sql
18:03:05.639421 [debug]: Compiled SQL for node model.fintrack_analytics.dim_comptes at target\.lsp\compiled\fintrack_analytics\models\marts\dim_comptes.sql
18:03:05.639406 [info ]: Started model staging.stg_categories
18:03:05.639454 [debug]: Started rendering model staging.stg_categories
18:03:05.639496 [debug]: Finished rendering [  0.00s] snapshot snapshots.snapshot_comptes [success]
18:03:05.639542 [info ]: Started analyzing (12 nodes)
18:03:05.639560 [debug]: Started analyzing snapshot snapshots.snapshot_comptes
18:03:05.639586 [debug]: Compiled SQL for node model.fintrack_analytics.mart_solde_mensuel at target\.lsp\compiled\fintrack_analytics\models\marts\mart_solde_mensuel.sql
18:03:05.639593 [debug]: Finished rendering [  0.00s] model staging_marts.mart_budget_vs_reel [success]
18:03:05.639623 [debug]: Started analyzing model staging_marts.mart_budget_vs_reel
18:03:05.639692 [debug]: Finished rendering [  0.00s] model staging_marts.mart_top_depenses [success]
18:03:05.639723 [debug]: Started analyzing model staging_marts.mart_top_depenses
18:03:05.639797 [debug]: Compiled SQL for node model.fintrack_analytics.dim_categories at target\.lsp\compiled\fintrack_analytics\models\marts\dim_categories.sql
18:03:05.639891 [debug]: Finished rendering [  0.00s] model staging.stg_budgets [success]
18:03:05.639904 [debug]: Compiled SQL for node model.fintrack_analytics.stg_categories at target\.lsp\compiled\fintrack_analytics\models\staging\stg_categories.sql
18:03:05.639919 [debug]: Started analyzing model staging.stg_budgets
18:03:05.639940 [debug]: Finished rendering [  0.00s] model staging.int_transactions_enrichies [success]
18:03:05.639958 [debug]: Started analyzing model staging.int_transactions_enrichies
18:03:05.639977 [info ]: Started model staging_marts.fct_transactions
18:03:05.639989 [debug]: Started rendering model staging_marts.fct_transactions
18:03:05.640011 [debug]: Finished rendering [  0.00s] model staging.stg_transactions [success]
18:03:05.640075 [debug]: Started analyzing model staging.stg_transactions
18:03:05.640108 [debug]: Finished rendering [  0.00s] model staging_marts.dim_comptes [success]
18:03:05.640128 [debug]: Started analyzing model staging_marts.dim_comptes
18:03:05.640200 [debug]: Finished rendering [  0.00s] model staging.stg_comptes [success]
18:03:05.640224 [debug]: Started analyzing model staging.stg_comptes
18:03:05.640245 [debug]: Finished rendering [  0.00s] model staging_marts.mart_solde_mensuel [success]
18:03:05.640280 [debug]: Started analyzing model staging_marts.mart_solde_mensuel
18:03:05.640403 [debug]: Finished analyzing [  0.00s] snapshot snapshots.snapshot_comptes [success]
18:03:05.640422 [info ]:  Succeeded [  0.00s] snapshot snapshots.snapshot_comptes (snapshot)
18:03:05.640452 [debug]: Finished rendering [  0.00s] model staging_marts.dim_categories [success]
18:03:05.640469 [debug]: Started analyzing model staging_marts.dim_categories
18:03:05.640492 [debug]: Finished rendering [  0.00s] model staging.stg_categories [success]
18:03:05.640498 [debug]: Compiled SQL for node model.fintrack_analytics.fct_transactions at target\.lsp\compiled\fintrack_analytics\models\marts\fct_transactions.sql
18:03:05.640509 [debug]: Started analyzing model staging.stg_categories
18:03:05.640527 [debug]: Finished analyzing [  0.00s] model staging_marts.mart_top_depenses [success]
18:03:05.640627 [info ]:  Succeeded [  0.00s] model staging_marts.mart_top_depenses (table)
18:03:05.640658 [debug]: Finished analyzing [  0.00s] model staging.stg_budgets [success]
18:03:05.640678 [info ]:  Succeeded [  0.00s] model staging.stg_budgets (view)
18:03:05.640699 [debug]: Finished analyzing [  0.00s] model staging_marts.dim_comptes [success]
18:03:05.640716 [info ]:  Succeeded [  0.00s] model staging_marts.dim_comptes (table)
18:03:05.640744 [debug]: Finished analyzing [  0.00s] model staging.stg_comptes [success]
18:03:05.640764 [info ]:  Succeeded [  0.00s] model staging.stg_comptes (view)
18:03:05.640789 [debug]: Finished rendering [  0.00s] model staging_marts.fct_transactions [success]
18:03:05.640806 [info ]: Finished rendering [  0.00s] (12 nodes, 0 skipped, 0 errors)
18:03:05.640821 [debug]: Started analyzing model staging_marts.fct_transactions
18:03:05.640854 [debug]: Finished analyzing [  0.00s] model staging.stg_transactions [success]
18:03:05.640869 [info ]:  Succeeded [  0.00s] model staging.stg_transactions (view)
18:03:05.640895 [debug]: Finished analyzing [  0.00s] model staging_marts.dim_categories [success]
18:03:05.640909 [info ]:  Succeeded [  0.00s] model staging_marts.dim_categories (table)
18:03:05.640935 [debug]: Finished analyzing [  0.00s] model staging.stg_categories [success]
18:03:05.640947 [info ]:  Succeeded [  0.00s] model staging.stg_categories (view)
18:03:05.641978 [debug]: Finished analyzing [  0.00s] model staging_marts.mart_solde_mensuel [success]
18:03:05.642000 [info ]:  Succeeded [  0.00s] model staging_marts.mart_solde_mensuel (table)
18:03:05.642039 [debug]: Finished analyzing [  0.00s] model staging.int_transactions_enrichies [success]
18:03:05.642061 [info ]:  Succeeded [  0.00s] model staging.int_transactions_enrichies (ephemeral)
18:03:05.642230 [debug]: Finished analyzing [  0.00s] model staging_marts.fct_transactions [success]
18:03:05.642250 [info ]:  Succeeded [  0.00s] model staging_marts.fct_transactions (table)
18:03:05.643615 [debug]: Finished analyzing [  0.00s] model staging_marts.mart_budget_vs_reel [success]
18:03:05.643632 [info ]: Finished analyzing [  0.00s] (12 nodes, 0 skipped, 0 errors)
18:03:05.643661 [info ]:  Succeeded [  0.00s] model staging_marts.mart_budget_vs_reel (table)
18:03:05.647139 [info ]: Started scheduling
18:03:05.647198 [info ]: Finished scheduling [  0.00s]
18:03:05.647297 [info ]: 
==================== Execution Summary =====================
Finished 'compile' successfully for target 'dev' [107ms]
Processed: 11 models | 1 snapshot
Summary: 12 total | 12 success
18:03:05.647572 [info ]: Cached model count updated: 11 models (accurate)
==================== 2026-09-03T18:08:33.439534Z | 142daf10-30e2-4bae-bd5e-4d0baf8be627 ====================
18:08:33.439641 [info ]: Started loading project
18:08:33.440744 [info ]: Loading ~/.dbt/profiles.yml
18:08:33.485424 [info ]: Cached model count updated: 11 models (accurate)
18:08:33.485545 [info ]: Finished loading project [  0.05s]
18:08:33.485575 [info ]: 
==================== Execution Summary =====================
Finished 'compile' successfully for target 'dev' [46ms]
==================== 2026-09-03T18:08:35.032969Z | 940d0567-67eb-4a9c-81f3-3eae46aeb98e ====================
18:08:35.033077 [info ]: Started loading project
18:08:35.033933 [info ]: Loading ~/.dbt/profiles.yml
18:08:35.070692 [info ]: Cached model count updated: 11 models (estimate)
18:08:35.070713 [info ]: Cached model count updated: 11 models (accurate)
18:08:35.070753 [info ]: Started scheduling
18:08:35.070893 [info ]: Finished scheduling [  0.00s]
18:08:35.070914 [debug]: Compilation - 12 nodes selected: {"model.fintrack_analytics.dim_categories", "model.fintrack_analytics.dim_comptes", "model.fintrack_analytics.fct_transactions", "model.fintrack_analytics.int_transactions_enrichies", "model.fintrack_analytics.mart_budget_vs_reel", "model.fintrack_analytics.mart_solde_mensuel", "model.fintrack_analytics.mart_top_depenses", "model.fintrack_analytics.stg_budgets", "model.fintrack_analytics.stg_categories", "model.fintrack_analytics.stg_comptes", "model.fintrack_analytics.stg_transactions", "snapshot.fintrack_analytics.snapshot_comptes"}
18:08:35.132956 [info ]: Started building task graph
18:08:35.133079 [info ]: Finished building task graph [  0.00s]
18:08:35.142671 [info ]: Started rendering (12 nodes)
18:08:35.142703 [info ]: Started snapshot snapshots.snapshot_comptes
18:08:35.142716 [debug]: Started rendering snapshot snapshots.snapshot_comptes
18:08:35.142762 [info ]: Started model staging_marts.mart_top_depenses
18:08:35.142769 [debug]: Started rendering model staging_marts.mart_top_depenses
18:08:35.142779 [info ]: Started model staging_marts.mart_solde_mensuel
18:08:35.142786 [debug]: Started rendering model staging_marts.mart_solde_mensuel
18:08:35.142798 [info ]: Started model staging_marts.mart_budget_vs_reel
18:08:35.142804 [debug]: Started rendering model staging_marts.mart_budget_vs_reel
18:08:35.142801 [info ]: Finished loading project [  0.11s]
18:08:35.142814 [info ]: Started model staging.stg_budgets
18:08:35.142821 [debug]: Started rendering model staging.stg_budgets
18:08:35.142841 [info ]: Started model staging.int_transactions_enrichies
18:08:35.142854 [debug]: Started rendering model staging.int_transactions_enrichies
18:08:35.142892 [info ]: Started model staging.stg_transactions
18:08:35.142917 [debug]: Started rendering model staging.stg_transactions
18:08:35.142952 [info ]: Started model staging_marts.dim_comptes
18:08:35.142976 [debug]: Started rendering model staging_marts.dim_comptes
18:08:35.143003 [info ]: Started model staging.stg_comptes
18:08:35.143026 [debug]: Started rendering model staging.stg_comptes
18:08:35.143055 [info ]: Started model staging_marts.dim_categories
18:08:35.143078 [debug]: Started rendering model staging_marts.dim_categories
18:08:35.143104 [info ]: Started model staging.stg_categories
18:08:35.143123 [debug]: Started rendering model staging.stg_categories
18:08:35.143399 [debug]: Compiled SQL for node model.fintrack_analytics.mart_solde_mensuel at target\.lsp\compiled\fintrack_analytics\models\marts\mart_solde_mensuel.sql
18:08:35.143572 [debug]: Finished rendering [  0.00s] model staging_marts.mart_solde_mensuel [success]
18:08:35.143613 [info ]: Started analyzing (12 nodes)
18:08:35.143618 [debug]: Compiled SQL for node snapshot.fintrack_analytics.snapshot_comptes at target\.lsp\compiled\fintrack_analytics\snapshots\snapshot_comptes.sql\snapshot_comptes.sql
18:08:35.143625 [debug]: Started analyzing model staging_marts.mart_solde_mensuel
18:08:35.143685 [debug]: Compiled SQL for node model.fintrack_analytics.mart_top_depenses at target\.lsp\compiled\fintrack_analytics\models\marts\mart_top_depenses.sql
18:08:35.143759 [debug]: Compiled SQL for node model.fintrack_analytics.dim_comptes at target\.lsp\compiled\fintrack_analytics\models\marts\dim_comptes.sql
18:08:35.143786 [debug]: Compiled SQL for node model.fintrack_analytics.stg_transactions at target\.lsp\compiled\fintrack_analytics\models\staging\stg_transactions.sql
18:08:35.143823 [debug]: Compiled SQL for node model.fintrack_analytics.mart_budget_vs_reel at target\.lsp\compiled\fintrack_analytics\models\marts\mart_budget_vs_reel.sql
18:08:35.143854 [debug]: Compiled SQL for node model.fintrack_analytics.int_transactions_enrichies at target\.lsp\compiled\fintrack_analytics\models\intermediate\int_transactions_enrichies.sql
18:08:35.143979 [debug]: Compiled SQL for node model.fintrack_analytics.stg_budgets at target\.lsp\compiled\fintrack_analytics\models\staging\stg_budgets.sql
18:08:35.144015 [debug]: Started analyzing snapshot snapshots.snapshot_comptes
18:08:35.144055 [debug]: Finished rendering [  0.00s] snapshot snapshots.snapshot_comptes [success]
18:08:35.144089 [debug]: Compiled SQL for node model.fintrack_analytics.stg_categories at target\.lsp\compiled\fintrack_analytics\models\staging\stg_categories.sql
18:08:35.144094 [debug]: Finished rendering [  0.00s] model staging_marts.mart_top_depenses [success]
18:08:35.144118 [debug]: Started analyzing model staging_marts.mart_top_depenses
18:08:35.144160 [debug]: Finished rendering [  0.00s] model staging_marts.dim_comptes [success]
18:08:35.144193 [debug]: Started analyzing model staging_marts.dim_comptes
18:08:35.144216 [debug]: Compiled SQL for node model.fintrack_analytics.stg_comptes at target\.lsp\compiled\fintrack_analytics\models\staging\stg_comptes.sql
18:08:35.144238 [debug]: Compiled SQL for node model.fintrack_analytics.dim_categories at target\.lsp\compiled\fintrack_analytics\models\marts\dim_categories.sql
18:08:35.144282 [debug]: Finished rendering [  0.00s] model staging.stg_transactions [success]
18:08:35.144312 [debug]: Started analyzing model staging.stg_transactions
18:08:35.144342 [debug]: Finished rendering [  0.00s] model staging_marts.mart_budget_vs_reel [success]
18:08:35.144364 [debug]: Started analyzing model staging_marts.mart_budget_vs_reel
18:08:35.144422 [debug]: Finished rendering [  0.00s] model staging.int_transactions_enrichies [success]
18:08:35.144447 [debug]: Started analyzing model staging.int_transactions_enrichies
18:08:35.144493 [info ]: Started model staging_marts.fct_transactions
18:08:35.144517 [debug]: Started rendering model staging_marts.fct_transactions
18:08:35.144541 [debug]: Finished rendering [  0.00s] model staging.stg_budgets [success]
18:08:35.144564 [debug]: Started analyzing model staging.stg_budgets
18:08:35.144587 [debug]: Finished rendering [  0.00s] model staging.stg_categories [success]
18:08:35.144606 [debug]: Started analyzing model staging.stg_categories
18:08:35.144629 [debug]: Finished rendering [  0.00s] model staging.stg_comptes [success]
18:08:35.144652 [debug]: Started analyzing model staging.stg_comptes
18:08:35.144671 [debug]: Finished rendering [  0.00s] model staging_marts.dim_categories [success]
18:08:35.144695 [debug]: Started analyzing model staging_marts.dim_categories
18:08:35.144719 [debug]: Finished analyzing [  0.00s] snapshot snapshots.snapshot_comptes [success]
18:08:35.144739 [info ]:  Succeeded [  0.00s] snapshot snapshots.snapshot_comptes (snapshot)
18:08:35.144771 [debug]: Finished analyzing [  0.00s] model staging_marts.dim_comptes [success]
18:08:35.144785 [info ]:  Succeeded [  0.00s] model staging_marts.dim_comptes (table)
18:08:35.144812 [debug]: Finished analyzing [  0.00s] model staging_marts.mart_top_depenses [success]
18:08:35.144841 [info ]:  Succeeded [  0.00s] model staging_marts.mart_top_depenses (table)
18:08:35.144865 [debug]: Finished analyzing [  0.00s] model staging.stg_transactions [success]
18:08:35.144886 [info ]:  Succeeded [  0.00s] model staging.stg_transactions (view)
18:08:35.144984 [debug]: Finished analyzing [  0.00s] model staging.stg_budgets [success]
18:08:35.145007 [info ]:  Succeeded [  0.00s] model staging.stg_budgets (view)
18:08:35.145101 [debug]: Finished analyzing [  0.00s] model staging_marts.dim_categories [success]
18:08:35.145118 [info ]:  Succeeded [  0.00s] model staging_marts.dim_categories (table)
18:08:35.145146 [debug]: Finished analyzing [  0.00s] model staging.stg_categories [success]
18:08:35.145159 [info ]:  Succeeded [  0.00s] model staging.stg_categories (view)
18:08:35.145178 [debug]: Finished analyzing [  0.00s] model staging.stg_comptes [success]
18:08:35.145188 [info ]:  Succeeded [  0.00s] model staging.stg_comptes (view)
18:08:35.145624 [debug]: Compiled SQL for node model.fintrack_analytics.fct_transactions at target\.lsp\compiled\fintrack_analytics\models\marts\fct_transactions.sql
18:08:35.145717 [debug]: Finished rendering [  0.00s] model staging_marts.fct_transactions [success]
18:08:35.145742 [info ]: Finished rendering [  0.00s] (12 nodes, 0 skipped, 0 errors)
18:08:35.145764 [debug]: Started analyzing model staging_marts.fct_transactions
18:08:35.145858 [debug]: Finished analyzing [  0.00s] model staging_marts.mart_solde_mensuel [success]
18:08:35.145881 [info ]:  Succeeded [  0.00s] model staging_marts.mart_solde_mensuel (table)
18:08:35.147227 [debug]: Finished analyzing [  0.00s] model staging.int_transactions_enrichies [success]
18:08:35.147247 [info ]:  Succeeded [  0.00s] model staging.int_transactions_enrichies (ephemeral)
18:08:35.148211 [debug]: Finished analyzing [  0.00s] model staging_marts.fct_transactions [success]
18:08:35.148239 [info ]:  Succeeded [  0.00s] model staging_marts.fct_transactions (table)
18:08:35.148922 [debug]: Finished analyzing [  0.00s] model staging_marts.mart_budget_vs_reel [success]
18:08:35.148940 [info ]: Finished analyzing [  0.01s] (12 nodes, 0 skipped, 0 errors)
18:08:35.148949 [info ]:  Succeeded [  0.01s] model staging_marts.mart_budget_vs_reel (table)
18:08:35.153301 [info ]: Started scheduling
18:08:35.153395 [info ]: Finished scheduling [  0.00s]
18:08:35.153527 [info ]: 
==================== Execution Summary =====================
Finished 'compile' successfully for target 'dev' [120ms]
Processed: 11 models | 1 snapshot
Summary: 12 total | 12 success
18:08:35.153820 [info ]: Cached model count updated: 11 models (accurate)
==================== 2026-09-03T18:09:32.856741Z | 56176233-48fe-4283-b28e-f7c0b87c5fbe ====================
18:09:32.856805 [info ]: Started loading project
18:09:32.857700 [info ]: Loading ~/.dbt/profiles.yml
18:09:32.900722 [info ]: Cached model count updated: 11 models (accurate)
18:09:32.900793 [info ]: Finished loading project [  0.04s]
18:09:32.900819 [info ]: 
==================== Execution Summary =====================
Finished 'compile' successfully for target 'dev' [44ms]
==================== 2026-09-03T18:09:34.456274Z | dd1c9498-8099-453e-9181-d8493ea20178 ====================
18:09:34.456327 [info ]: Started loading project
18:09:34.456967 [info ]: Loading ~/.dbt/profiles.yml
18:09:34.490394 [info ]: Cached model count updated: 11 models (estimate)
18:09:34.490415 [info ]: Cached model count updated: 11 models (accurate)
18:09:34.490449 [info ]: Started scheduling
18:09:34.490577 [info ]: Finished scheduling [  0.00s]
18:09:34.490596 [debug]: Compilation - 12 nodes selected: {"model.fintrack_analytics.dim_categories", "model.fintrack_analytics.dim_comptes", "model.fintrack_analytics.fct_transactions", "model.fintrack_analytics.int_transactions_enrichies", "model.fintrack_analytics.mart_budget_vs_reel", "model.fintrack_analytics.mart_solde_mensuel", "model.fintrack_analytics.mart_top_depenses", "model.fintrack_analytics.stg_budgets", "model.fintrack_analytics.stg_categories", "model.fintrack_analytics.stg_comptes", "model.fintrack_analytics.stg_transactions", "snapshot.fintrack_analytics.snapshot_comptes"}
18:09:34.544886 [info ]: Started building task graph
18:09:34.545002 [info ]: Finished building task graph [  0.00s]
18:09:34.553357 [info ]: Started rendering (12 nodes)
18:09:34.553385 [info ]: Started snapshot snapshots.snapshot_comptes
18:09:34.553395 [debug]: Started rendering snapshot snapshots.snapshot_comptes
18:09:34.553418 [info ]: Started model staging_marts.mart_top_depenses
18:09:34.553450 [debug]: Started rendering model staging_marts.mart_top_depenses
18:09:34.553461 [info ]: Started model staging_marts.mart_solde_mensuel
18:09:34.553467 [debug]: Started rendering model staging_marts.mart_solde_mensuel
18:09:34.553476 [info ]: Started model staging_marts.mart_budget_vs_reel
18:09:34.553483 [debug]: Started rendering model staging_marts.mart_budget_vs_reel
18:09:34.553492 [info ]: Started model staging.stg_budgets
18:09:34.553499 [debug]: Started rendering model staging.stg_budgets
18:09:34.553509 [info ]: Started model staging.int_transactions_enrichies
18:09:34.553521 [debug]: Started rendering model staging.int_transactions_enrichies
18:09:34.553532 [info ]: Started model staging.stg_transactions
18:09:34.553538 [debug]: Started rendering model staging.stg_transactions
18:09:34.553524 [info ]: Finished loading project [  0.10s]
18:09:34.553553 [info ]: Started model staging_marts.dim_comptes
18:09:34.553566 [debug]: Started rendering model staging_marts.dim_comptes
18:09:34.553618 [info ]: Started model staging.stg_comptes
18:09:34.553640 [debug]: Started rendering model staging.stg_comptes
18:09:34.553718 [info ]: Started model staging_marts.dim_categories
18:09:34.553740 [debug]: Started rendering model staging_marts.dim_categories
18:09:34.553776 [info ]: Started model staging.stg_categories
18:09:34.553814 [debug]: Started rendering model staging.stg_categories
18:09:34.554062 [debug]: Compiled SQL for node snapshot.fintrack_analytics.snapshot_comptes at target\.lsp\compiled\fintrack_analytics\snapshots\snapshot_comptes.sql\snapshot_comptes.sql
18:09:34.554150 [debug]: Finished rendering [  0.00s] snapshot snapshots.snapshot_comptes [success]
18:09:34.554198 [info ]: Started analyzing (12 nodes)
18:09:34.554209 [debug]: Started analyzing snapshot snapshots.snapshot_comptes
18:09:34.554426 [debug]: Compiled SQL for node model.fintrack_analytics.mart_solde_mensuel at target\.lsp\compiled\fintrack_analytics\models\marts\mart_solde_mensuel.sql
18:09:34.554625 [debug]: Compiled SQL for node model.fintrack_analytics.stg_comptes at target\.lsp\compiled\fintrack_analytics\models\staging\stg_comptes.sql
18:09:34.554636 [debug]: Compiled SQL for node model.fintrack_analytics.dim_categories at target\.lsp\compiled\fintrack_analytics\models\marts\dim_categories.sql
18:09:34.554702 [debug]: Finished analyzing [  0.00s] snapshot snapshots.snapshot_comptes [success]
18:09:34.554696 [debug]: Compiled SQL for node model.fintrack_analytics.mart_top_depenses at target\.lsp\compiled\fintrack_analytics\models\marts\mart_top_depenses.sql
18:09:34.554723 [info ]:  Succeeded [-------] snapshot snapshots.snapshot_comptes (snapshot)
18:09:34.554767 [debug]: Finished rendering [  0.00s] model staging_marts.mart_solde_mensuel [success]
18:09:34.554788 [debug]: Started analyzing model staging_marts.mart_solde_mensuel
18:09:34.554832 [debug]: Compiled SQL for node model.fintrack_analytics.stg_transactions at target\.lsp\compiled\fintrack_analytics\models\staging\stg_transactions.sql
18:09:34.554959 [debug]: Started analyzing model staging.stg_comptes
18:09:34.554992 [debug]: Finished rendering [  0.00s] model staging.stg_comptes [success]
18:09:34.555011 [debug]: Compiled SQL for node model.fintrack_analytics.dim_comptes at target\.lsp\compiled\fintrack_analytics\models\marts\dim_comptes.sql
18:09:34.555041 [debug]: Compiled SQL for node model.fintrack_analytics.stg_budgets at target\.lsp\compiled\fintrack_analytics\models\staging\stg_budgets.sql
18:09:34.555135 [debug]: Compiled SQL for node model.fintrack_analytics.int_transactions_enrichies at target\.lsp\compiled\fintrack_analytics\models\intermediate\int_transactions_enrichies.sql
18:09:34.555179 [debug]: Finished rendering [  0.00s] model staging_marts.dim_categories [success]
18:09:34.555208 [debug]: Started analyzing model staging_marts.dim_categories
18:09:34.555242 [debug]: Compiled SQL for node model.fintrack_analytics.stg_categories at target\.lsp\compiled\fintrack_analytics\models\staging\stg_categories.sql
18:09:34.555311 [debug]: Finished rendering [  0.00s] model staging_marts.mart_top_depenses [success]
18:09:34.555341 [debug]: Started analyzing model staging_marts.mart_top_depenses
18:09:34.555366 [debug]: Finished rendering [  0.00s] model staging.stg_transactions [success]
18:09:34.555386 [debug]: Started analyzing model staging.stg_transactions
18:09:34.555407 [debug]: Finished rendering [  0.00s] model staging_marts.dim_comptes [success]
18:09:34.555423 [debug]: Started analyzing model staging_marts.dim_comptes
18:09:34.555431 [debug]: Compiled SQL for node model.fintrack_analytics.mart_budget_vs_reel at target\.lsp\compiled\fintrack_analytics\models\marts\mart_budget_vs_reel.sql
18:09:34.555473 [debug]: Finished analyzing [  0.00s] model staging.stg_comptes [success]
18:09:34.555488 [info ]:  Succeeded [  0.00s] model staging.stg_comptes (view)
18:09:34.555539 [debug]: Finished analyzing [  0.00s] model staging_marts.dim_categories [success]
18:09:34.555553 [info ]:  Succeeded [  0.00s] model staging_marts.dim_categories (table)
18:09:34.555579 [debug]: Finished rendering [  0.00s] model staging.stg_budgets [success]
18:09:34.555595 [debug]: Started analyzing model staging.stg_budgets
18:09:34.555627 [debug]: Finished rendering [  0.00s] model staging.int_transactions_enrichies [success]
18:09:34.555644 [debug]: Started analyzing model staging.int_transactions_enrichies
18:09:34.555677 [info ]: Started model staging_marts.fct_transactions
18:09:34.555689 [debug]: Started rendering model staging_marts.fct_transactions
18:09:34.555706 [debug]: Finished rendering [  0.00s] model staging.stg_categories [success]
18:09:34.555720 [debug]: Started analyzing model staging.stg_categories
18:09:34.555736 [debug]: Finished rendering [  0.00s] model staging_marts.mart_budget_vs_reel [success]
18:09:34.555750 [debug]: Started analyzing model staging_marts.mart_budget_vs_reel
18:09:34.555767 [debug]: Finished analyzing [  0.00s] model staging_marts.mart_top_depenses [success]
18:09:34.555779 [info ]:  Succeeded [  0.00s] model staging_marts.mart_top_depenses (table)
18:09:34.555800 [debug]: Finished analyzing [  0.00s] model staging_marts.dim_comptes [success]
18:09:34.555859 [info ]:  Succeeded [  0.00s] model staging_marts.dim_comptes (table)
18:09:34.555885 [debug]: Finished analyzing [  0.00s] model staging.stg_budgets [success]
18:09:34.555897 [info ]:  Succeeded [  0.00s] model staging.stg_budgets (view)
18:09:34.555952 [debug]: Finished analyzing [  0.00s] model staging.stg_categories [success]
18:09:34.555966 [info ]:  Succeeded [  0.00s] model staging.stg_categories (view)
18:09:34.556239 [debug]: Finished analyzing [  0.00s] model staging.stg_transactions [success]
18:09:34.556287 [info ]:  Succeeded [  0.00s] model staging.stg_transactions (view)
18:09:34.556822 [debug]: Compiled SQL for node model.fintrack_analytics.fct_transactions at target\.lsp\compiled\fintrack_analytics\models\marts\fct_transactions.sql
18:09:34.557102 [debug]: Finished rendering [  0.00s] model staging_marts.fct_transactions [success]
18:09:34.557180 [info ]: Finished rendering [  0.00s] (12 nodes, 0 skipped, 0 errors)
18:09:34.557217 [debug]: Started analyzing model staging_marts.fct_transactions
18:09:34.557536 [debug]: Finished analyzing [  0.00s] model staging_marts.mart_solde_mensuel [success]
18:09:34.557570 [info ]:  Succeeded [  0.00s] model staging_marts.mart_solde_mensuel (table)
18:09:34.557853 [debug]: Finished analyzing [  0.00s] model staging.int_transactions_enrichies [success]
18:09:34.557883 [info ]:  Succeeded [  0.00s] model staging.int_transactions_enrichies (ephemeral)
18:09:34.559498 [debug]: Finished analyzing [  0.00s] model staging_marts.fct_transactions [success]
18:09:34.559527 [info ]:  Succeeded [  0.00s] model staging_marts.fct_transactions (table)
18:09:34.559551 [debug]: Finished analyzing [  0.00s] model staging_marts.mart_budget_vs_reel [success]
18:09:34.559562 [info ]: Finished analyzing [  0.01s] (12 nodes, 0 skipped, 0 errors)
18:09:34.559571 [info ]:  Succeeded [  0.01s] model staging_marts.mart_budget_vs_reel (table)
18:09:34.563208 [info ]: Started scheduling
18:09:34.563277 [info ]: Finished scheduling [  0.00s]
18:09:34.563395 [info ]: 
==================== Execution Summary =====================
Finished 'compile' successfully for target 'dev' [107ms]
Processed: 11 models | 1 snapshot
Summary: 12 total | 12 success
18:09:34.563776 [info ]: Cached model count updated: 11 models (accurate)
==================== 2026-09-03T18:29:48.779973Z | 670c75e9-1c38-451b-bef5-8ab742449d12 ====================
18:29:48.780126 [info ]: Started loading project
18:29:48.781526 [info ]: Loading ~/.dbt/profiles.yml
18:29:48.828885 [info ]: Cached model count updated: 11 models (accurate)
18:29:48.828944 [info ]: Finished loading project [  0.05s]
18:29:48.828963 [info ]: 
==================== Execution Summary =====================
Finished 'compile' successfully for target 'dev' [48ms]
==================== 2026-09-03T18:29:50.504473Z | 7af93b4c-3c3e-43ed-a2ca-1413cc96a38a ====================
18:29:50.504559 [info ]: Started loading project
18:29:50.505542 [info ]: Loading ~/.dbt/profiles.yml
18:29:50.554691 [info ]: Cached model count updated: 11 models (estimate)
18:29:50.554718 [info ]: Cached model count updated: 11 models (accurate)
18:29:50.554756 [info ]: Started scheduling
18:29:50.554893 [info ]: Finished scheduling [  0.00s]
18:29:50.554914 [debug]: Compilation - 12 nodes selected: {"model.fintrack_analytics.dim_categories", "model.fintrack_analytics.dim_comptes", "model.fintrack_analytics.fct_transactions", "model.fintrack_analytics.int_transactions_enrichies", "model.fintrack_analytics.mart_budget_vs_reel", "model.fintrack_analytics.mart_solde_mensuel", "model.fintrack_analytics.mart_top_depenses", "model.fintrack_analytics.stg_budgets", "model.fintrack_analytics.stg_categories", "model.fintrack_analytics.stg_comptes", "model.fintrack_analytics.stg_transactions", "snapshot.fintrack_analytics.snapshot_comptes"}
18:29:50.612680 [info ]: Started building task graph
18:29:50.612963 [info ]: Finished building task graph [  0.00s]
18:29:50.622745 [info ]: Started rendering (12 nodes)
18:29:50.622776 [info ]: Started snapshot snapshots.snapshot_comptes
18:29:50.622835 [debug]: Started rendering snapshot snapshots.snapshot_comptes
18:29:50.622868 [info ]: Started model staging_marts.mart_top_depenses
18:29:50.622879 [debug]: Started rendering model staging_marts.mart_top_depenses
18:29:50.622891 [info ]: Started model staging_marts.mart_solde_mensuel
18:29:50.622910 [debug]: Started rendering model staging_marts.mart_solde_mensuel
18:29:50.622938 [info ]: Started model staging_marts.mart_budget_vs_reel
18:29:50.622946 [debug]: Started rendering model staging_marts.mart_budget_vs_reel
18:29:50.622956 [info ]: Started model staging.stg_budgets
18:29:50.622965 [debug]: Started rendering model staging.stg_budgets
18:29:50.622975 [info ]: Started model staging.int_transactions_enrichies
18:29:50.622982 [debug]: Started rendering model staging.int_transactions_enrichies
18:29:50.622992 [info ]: Started model staging.stg_transactions
18:29:50.622998 [debug]: Started rendering model staging.stg_transactions
18:29:50.623001 [info ]: Finished loading project [  0.12s]
18:29:50.623009 [info ]: Started model staging_marts.dim_comptes
18:29:50.623024 [debug]: Started rendering model staging_marts.dim_comptes
18:29:50.623044 [info ]: Started model staging.stg_comptes
18:29:50.623078 [debug]: Started rendering model staging.stg_comptes
18:29:50.623128 [info ]: Started model staging_marts.dim_categories
18:29:50.623179 [debug]: Started rendering model staging_marts.dim_categories
18:29:50.623215 [info ]: Started model staging.stg_categories
18:29:50.623241 [debug]: Started rendering model staging.stg_categories
18:29:50.623538 [debug]: Compiled SQL for node snapshot.fintrack_analytics.snapshot_comptes at target\.lsp\compiled\fintrack_analytics\snapshots\snapshot_comptes.sql\snapshot_comptes.sql
18:29:50.623557 [debug]: Compiled SQL for node model.fintrack_analytics.mart_top_depenses at target\.lsp\compiled\fintrack_analytics\models\marts\mart_top_depenses.sql
18:29:50.623668 [debug]: Finished rendering [  0.00s] snapshot snapshots.snapshot_comptes [success]
18:29:50.623718 [info ]: Started analyzing (12 nodes)
18:29:50.623729 [debug]: Started analyzing snapshot snapshots.snapshot_comptes
18:29:50.623756 [debug]: Finished rendering [  0.00s] model staging_marts.mart_top_depenses [success]
18:29:50.623778 [debug]: Started analyzing model staging_marts.mart_top_depenses
18:29:50.624003 [debug]: Compiled SQL for node model.fintrack_analytics.stg_transactions at target\.lsp\compiled\fintrack_analytics\models\staging\stg_transactions.sql
18:29:50.624042 [debug]: Compiled SQL for node model.fintrack_analytics.mart_budget_vs_reel at target\.lsp\compiled\fintrack_analytics\models\marts\mart_budget_vs_reel.sql
18:29:50.624072 [debug]: Compiled SQL for node model.fintrack_analytics.int_transactions_enrichies at target\.lsp\compiled\fintrack_analytics\models\intermediate\int_transactions_enrichies.sql
18:29:50.624134 [debug]: Finished analyzing [  0.00s] snapshot snapshots.snapshot_comptes [success]
18:29:50.624187 [debug]: Compiled SQL for node model.fintrack_analytics.mart_solde_mensuel at target\.lsp\compiled\fintrack_analytics\models\marts\mart_solde_mensuel.sql
18:29:50.624186 [debug]: Compiled SQL for node model.fintrack_analytics.stg_budgets at target\.lsp\compiled\fintrack_analytics\models\staging\stg_budgets.sql
18:29:50.624239 [info ]:  Succeeded [-------] snapshot snapshots.snapshot_comptes (snapshot)
18:29:50.624407 [debug]: Compiled SQL for node model.fintrack_analytics.dim_comptes at target\.lsp\compiled\fintrack_analytics\models\marts\dim_comptes.sql
18:29:50.624407 [debug]: Finished rendering [  0.00s] model staging.stg_transactions [success]
18:29:50.624434 [debug]: Compiled SQL for node model.fintrack_analytics.stg_comptes at target\.lsp\compiled\fintrack_analytics\models\staging\stg_comptes.sql
18:29:50.624473 [debug]: Compiled SQL for node model.fintrack_analytics.stg_categories at target\.lsp\compiled\fintrack_analytics\models\staging\stg_categories.sql
18:29:50.624476 [debug]: Started analyzing model staging.stg_transactions
18:29:50.624544 [debug]: Finished rendering [  0.00s] model staging.int_transactions_enrichies [success]
18:29:50.624572 [debug]: Started analyzing model staging.int_transactions_enrichies
18:29:50.624592 [debug]: Compiled SQL for node model.fintrack_analytics.dim_categories at target\.lsp\compiled\fintrack_analytics\models\marts\dim_categories.sql
18:29:50.624607 [info ]: Started model staging_marts.fct_transactions
18:29:50.624627 [debug]: Started rendering model staging_marts.fct_transactions
18:29:50.624652 [debug]: Finished rendering [  0.00s] model staging_marts.mart_solde_mensuel [success]
18:29:50.624673 [debug]: Started analyzing model staging_marts.mart_solde_mensuel
18:29:50.624692 [debug]: Finished rendering [  0.00s] model staging.stg_budgets [success]
18:29:50.624706 [debug]: Started analyzing model staging.stg_budgets
18:29:50.624734 [debug]: Finished rendering [  0.00s] model staging.stg_comptes [success]
18:29:50.624751 [debug]: Started analyzing model staging.stg_comptes
18:29:50.624771 [debug]: Finished rendering [  0.00s] model staging_marts.dim_comptes [success]
18:29:50.624786 [debug]: Started analyzing model staging_marts.dim_comptes
18:29:50.624804 [debug]: Finished rendering [  0.00s] model staging.stg_categories [success]
18:29:50.624818 [debug]: Started analyzing model staging.stg_categories
18:29:50.624836 [debug]: Finished rendering [  0.00s] model staging_marts.mart_budget_vs_reel [success]
18:29:50.624851 [debug]: Started analyzing model staging_marts.mart_budget_vs_reel
18:29:50.624869 [debug]: Finished rendering [  0.00s] model staging_marts.dim_categories [success]
18:29:50.624883 [debug]: Started analyzing model staging_marts.dim_categories
18:29:50.624998 [debug]: Finished analyzing [  0.00s] model staging.stg_budgets [success]
18:29:50.625018 [info ]:  Succeeded [  0.00s] model staging.stg_budgets (view)
18:29:50.625155 [debug]: Finished analyzing [  0.00s] model staging.stg_transactions [success]
18:29:50.625173 [info ]:  Succeeded [  0.00s] model staging.stg_transactions (view)
18:29:50.625212 [debug]: Finished analyzing [  0.00s] model staging.stg_categories [success]
18:29:50.625225 [info ]:  Succeeded [  0.00s] model staging.stg_categories (view)
18:29:50.625244 [debug]: Finished analyzing [  0.00s] model staging.stg_comptes [success]
18:29:50.625255 [info ]:  Succeeded [  0.00s] model staging.stg_comptes (view)
18:29:50.625402 [debug]: Finished analyzing [  0.00s] model staging_marts.dim_comptes [success]
18:29:50.625419 [info ]:  Succeeded [  0.00s] model staging_marts.dim_comptes (table)
18:29:50.625443 [debug]: Finished analyzing [  0.00s] model staging_marts.dim_categories [success]
18:29:50.625455 [info ]:  Succeeded [  0.00s] model staging_marts.dim_categories (table)
18:29:50.625852 [debug]: Finished analyzing [  0.00s] model staging_marts.mart_top_depenses [success]
18:29:50.625936 [info ]:  Succeeded [  0.00s] model staging_marts.mart_top_depenses (table)
18:29:50.625948 [debug]: Compiled SQL for node model.fintrack_analytics.fct_transactions at target\.lsp\compiled\fintrack_analytics\models\marts\fct_transactions.sql
18:29:50.626101 [debug]: Finished rendering [  0.00s] model staging_marts.fct_transactions [success]
18:29:50.626118 [info ]: Finished rendering [  0.00s] (12 nodes, 0 skipped, 0 errors)
18:29:50.626139 [debug]: Started analyzing model staging_marts.fct_transactions
18:29:50.626673 [debug]: Finished analyzing [  0.00s] model staging_marts.mart_solde_mensuel [success]
18:29:50.626708 [info ]:  Succeeded [  0.00s] model staging_marts.mart_solde_mensuel (table)
18:29:50.626851 [debug]: Finished analyzing [  0.00s] model staging.int_transactions_enrichies [success]
18:29:50.626876 [info ]:  Succeeded [  0.00s] model staging.int_transactions_enrichies (ephemeral)
18:29:50.628387 [debug]: Finished analyzing [  0.00s] model staging_marts.fct_transactions [success]
18:29:50.628414 [info ]:  Succeeded [  0.00s] model staging_marts.fct_transactions (table)
18:29:50.628874 [debug]: Finished analyzing [  0.00s] model staging_marts.mart_budget_vs_reel [success]
18:29:50.628898 [info ]: Finished analyzing [  0.01s] (12 nodes, 0 skipped, 0 errors)
18:29:50.628940 [info ]:  Succeeded [  0.01s] model staging_marts.mart_budget_vs_reel (table)
18:29:50.632325 [info ]: Started scheduling
18:29:50.632386 [info ]: Finished scheduling [  0.00s]
18:29:50.632486 [info ]: 
==================== Execution Summary =====================
Finished 'compile' successfully for target 'dev' [128ms]
Processed: 11 models | 1 snapshot
Summary: 12 total | 12 success
18:29:50.632761 [info ]: Cached model count updated: 11 models (accurate)
==================== 2026-09-03T18:55:59.280706Z | b947408e-3bef-48d0-abd6-6d56f56cf4bd ====================
18:55:59.280900 [info ]: Started loading project
18:55:59.281863 [info ]: Loading ~/.dbt/profiles.yml
18:55:59.301994 [info ]: Started parsing
18:55:59.373031 [info ]: Finished loading project [  0.09s]
18:55:59.378741 [debug]: Finished parsing models/marts/_marts_schema.yml [  0.00s]
18:55:59.382411 [debug]: Finished parsing snapshots\snapshot_comptes.sql [  0.00s]
18:55:59.385072 [debug]: Finished parsing models/marts/dim_categories.sql [  0.00s]
18:55:59.386040 [debug]: Finished parsing models/marts/dim_comptes.sql [  0.00s]
18:55:59.386804 [debug]: Finished parsing models/marts/fct_transactions.sql [  0.00s]
18:55:59.387593 [debug]: Finished parsing models/marts/mart_budget_vs_reel.sql [  0.00s]
18:55:59.388584 [debug]: Finished parsing models/marts/mart_solde_mensuel.sql [  0.00s]
18:55:59.389532 [debug]: Finished parsing models/marts/mart_top_depenses.sql [  0.00s]
18:55:59.579624 [info ]: Finished parsing [  0.28s]
18:55:59.585309 [info ]: Cached model count updated: 11 models (estimate)
18:55:59.585332 [info ]: Cached model count updated: 11 models (accurate)
18:55:59.585416 [info ]: Started scheduling
18:55:59.585597 [info ]: Finished scheduling [  0.00s]
18:55:59.585618 [debug]: Compilation - 2 nodes selected: {"model.fintrack_analytics.dim_comptes", "model.fintrack_analytics.stg_comptes"}
18:55:59.657216 [info ]: Started building task graph
18:55:59.657305 [info ]: Finished building task graph [  0.00s]
18:55:59.672724 [info ]: Started rendering (2 nodes)
18:55:59.672759 [info ]: Started model staging_marts.dim_comptes
18:55:59.672795 [debug]: Started rendering model staging_marts.dim_comptes
18:55:59.672836 [info ]: Started model staging.stg_comptes
18:55:59.672889 [debug]: Started rendering model staging.stg_comptes
18:55:59.673843 [debug]: Compiled SQL for node model.fintrack_analytics.stg_comptes at target\.lsp\compiled\fintrack_analytics\models\staging\stg_comptes.sql
18:55:59.674053 [debug]: Finished rendering [  0.00s] model staging.stg_comptes [success]
18:55:59.674107 [info ]: Started analyzing (2 nodes)
18:55:59.674125 [debug]: Started analyzing model staging.stg_comptes
18:55:59.674582 [debug]: Finished analyzing [  0.00s] model staging.stg_comptes [success]
18:55:59.674606 [info ]:  Succeeded [  0.00s] model staging.stg_comptes (view)
18:55:59.676673 [debug]: Compiled SQL for node model.fintrack_analytics.dim_comptes at target\.lsp\compiled\fintrack_analytics\models\marts\dim_comptes.sql
18:55:59.676864 [debug]: Finished rendering [  0.00s] model staging_marts.dim_comptes [success]
18:55:59.676902 [info ]: Finished rendering [  0.00s] (2 nodes, 0 skipped, 0 errors)
18:55:59.676934 [debug]: Started analyzing model staging_marts.dim_comptes
18:55:59.677396 [debug]: Finished analyzing [  0.00s] model staging_marts.dim_comptes [success]
18:55:59.677423 [info ]: Finished analyzing [  0.00s] (2 nodes, 0 skipped, 0 errors)
18:55:59.677437 [info ]:  Succeeded [  0.00s] model staging_marts.dim_comptes (table)
18:55:59.681900 [info ]: Started scheduling
18:55:59.682170 [info ]: Finished scheduling [  0.00s]
18:55:59.683649 [info ]: 
==================== Execution Summary =====================
Finished 'compile' successfully for target 'dev' [402ms]
Processed: 2 models
Summary: 2 total | 2 success
18:55:59.683805 [info ]: Cached model count updated: 11 models (accurate)
==================== 2026-09-03T18:55:59.753172Z | f50b116e-be93-48d7-8223-0bb6e0b02324 ====================
18:55:59.753386 [info ]: Started loading project
18:55:59.754148 [info ]: Loading ~/.dbt/profiles.yml
18:55:59.800409 [info ]: Cached model count updated: 11 models (accurate)
18:55:59.800403 [info ]: Finished loading project [  0.05s]
18:55:59.800461 [info ]: 
==================== Execution Summary =====================
Finished 'compile' successfully for target 'dev' [47ms]
==================== 2026-09-03T18:56:01.357253Z | 88296f48-447c-4329-9712-a60642418536 ====================
18:56:01.357419 [info ]: Started loading project
18:56:01.358343 [info ]: Loading ~/.dbt/profiles.yml
18:56:01.396958 [info ]: Cached model count updated: 11 models (estimate)
18:56:01.396982 [info ]: Cached model count updated: 11 models (accurate)
18:56:01.397042 [info ]: Started scheduling
18:56:01.397258 [info ]: Finished scheduling [  0.00s]
18:56:01.397318 [debug]: Compilation - 12 nodes selected: {"model.fintrack_analytics.dim_categories", "model.fintrack_analytics.dim_comptes", "model.fintrack_analytics.fct_transactions", "model.fintrack_analytics.int_transactions_enrichies", "model.fintrack_analytics.mart_budget_vs_reel", "model.fintrack_analytics.mart_solde_mensuel", "model.fintrack_analytics.mart_top_depenses", "model.fintrack_analytics.stg_budgets", "model.fintrack_analytics.stg_categories", "model.fintrack_analytics.stg_comptes", "model.fintrack_analytics.stg_transactions", "snapshot.fintrack_analytics.snapshot_comptes"}
18:56:01.453840 [info ]: Started building task graph
18:56:01.453955 [info ]: Finished building task graph [  0.00s]
18:56:01.462784 [info ]: Started rendering (12 nodes)
18:56:01.462868 [info ]: Started snapshot snapshots.snapshot_comptes
18:56:01.462882 [debug]: Started rendering snapshot snapshots.snapshot_comptes
18:56:01.462935 [info ]: Started model staging_marts.mart_top_depenses
18:56:01.462960 [debug]: Started rendering model staging_marts.mart_top_depenses
18:56:01.462996 [info ]: Started model staging_marts.mart_solde_mensuel
18:56:01.463002 [debug]: Started rendering model staging_marts.mart_solde_mensuel
18:56:01.463018 [info ]: Started model staging_marts.mart_budget_vs_reel
18:56:01.463024 [debug]: Started rendering model staging_marts.mart_budget_vs_reel
18:56:01.463038 [info ]: Started model staging.stg_budgets
18:56:01.463048 [debug]: Started rendering model staging.stg_budgets
18:56:01.463045 [info ]: Finished loading project [  0.11s]
18:56:01.463065 [info ]: Started model staging.int_transactions_enrichies
18:56:01.463077 [debug]: Started rendering model staging.int_transactions_enrichies
18:56:01.463087 [info ]: Started model staging.stg_transactions
18:56:01.463092 [debug]: Started rendering model staging.stg_transactions
18:56:01.463104 [info ]: Started model staging_marts.dim_comptes
18:56:01.463130 [debug]: Started rendering model staging_marts.dim_comptes
18:56:01.463220 [info ]: Started model staging.stg_comptes
18:56:01.463245 [debug]: Started rendering model staging.stg_comptes
18:56:01.463273 [info ]: Started model staging_marts.dim_categories
18:56:01.463304 [debug]: Started rendering model staging_marts.dim_categories
18:56:01.463362 [info ]: Started model staging.stg_categories
18:56:01.463385 [debug]: Started rendering model staging.stg_categories
18:56:01.463542 [debug]: Compiled SQL for node snapshot.fintrack_analytics.snapshot_comptes at target\.lsp\compiled\fintrack_analytics\snapshots\snapshot_comptes.sql\snapshot_comptes.sql
18:56:01.463635 [debug]: Finished rendering [  0.00s] snapshot snapshots.snapshot_comptes [success]
18:56:01.463675 [info ]: Started analyzing (12 nodes)
18:56:01.463687 [debug]: Started analyzing snapshot snapshots.snapshot_comptes
18:56:01.464018 [debug]: Finished analyzing [  0.00s] snapshot snapshots.snapshot_comptes [success]
18:56:01.464037 [debug]: Compiled SQL for node model.fintrack_analytics.mart_top_depenses at target\.lsp\compiled\fintrack_analytics\models\marts\mart_top_depenses.sql
18:56:01.464050 [info ]:  Succeeded [-------] snapshot snapshots.snapshot_comptes (snapshot)
18:56:01.464103 [debug]: Finished rendering [  0.00s] model staging_marts.mart_top_depenses [success]
18:56:01.464133 [debug]: Started analyzing model staging_marts.mart_top_depenses
18:56:01.464213 [debug]: Compiled SQL for node model.fintrack_analytics.stg_transactions at target\.lsp\compiled\fintrack_analytics\models\staging\stg_transactions.sql
18:56:01.464449 [debug]: Compiled SQL for node model.fintrack_analytics.int_transactions_enrichies at target\.lsp\compiled\fintrack_analytics\models\intermediate\int_transactions_enrichies.sql
18:56:01.464519 [debug]: Compiled SQL for node model.fintrack_analytics.mart_solde_mensuel at target\.lsp\compiled\fintrack_analytics\models\marts\mart_solde_mensuel.sql
18:56:01.464580 [debug]: Finished rendering [  0.00s] model staging.stg_transactions [success]
18:56:01.464651 [debug]: Started analyzing model staging.stg_transactions
18:56:01.464658 [debug]: Compiled SQL for node model.fintrack_analytics.dim_comptes at target\.lsp\compiled\fintrack_analytics\models\marts\dim_comptes.sql
18:56:01.464695 [debug]: Finished analyzing [  0.00s] model staging_marts.mart_top_depenses [success]
18:56:01.464721 [info ]:  Succeeded [  0.00s] model staging_marts.mart_top_depenses (table)
18:56:01.464762 [debug]: Finished rendering [  0.00s] model staging.int_transactions_enrichies [success]
18:56:01.464789 [debug]: Started analyzing model staging.int_transactions_enrichies
18:56:01.464854 [info ]: Started model staging_marts.fct_transactions
18:56:01.464880 [debug]: Started rendering model staging_marts.fct_transactions
18:56:01.464903 [debug]: Finished rendering [  0.00s] model staging_marts.mart_solde_mensuel [success]
18:56:01.464929 [debug]: Started analyzing model staging_marts.mart_solde_mensuel
18:56:01.464954 [debug]: Compiled SQL for node model.fintrack_analytics.dim_categories at target\.lsp\compiled\fintrack_analytics\models\marts\dim_categories.sql
18:56:01.464957 [debug]: Finished rendering [  0.00s] model staging_marts.dim_comptes [success]
18:56:01.465021 [debug]: Compiled SQL for node model.fintrack_analytics.stg_comptes at target\.lsp\compiled\fintrack_analytics\models\staging\stg_comptes.sql
18:56:01.465084 [debug]: Compiled SQL for node model.fintrack_analytics.stg_categories at target\.lsp\compiled\fintrack_analytics\models\staging\stg_categories.sql
18:56:01.465091 [debug]: Started analyzing model staging_marts.dim_comptes
18:56:01.465123 [debug]: Finished rendering [  0.00s] model staging_marts.dim_categories [success]
18:56:01.465141 [debug]: Started analyzing model staging_marts.dim_categories
18:56:01.465196 [debug]: Finished rendering [  0.00s] model staging.stg_comptes [success]
18:56:01.465211 [debug]: Started analyzing model staging.stg_comptes
18:56:01.465227 [debug]: Finished rendering [  0.00s] model staging.stg_categories [success]
18:56:01.465239 [debug]: Started analyzing model staging.stg_categories
18:56:01.465395 [debug]: Compiled SQL for node model.fintrack_analytics.mart_budget_vs_reel at target\.lsp\compiled\fintrack_analytics\models\marts\mart_budget_vs_reel.sql
18:56:01.465478 [debug]: Started analyzing model staging_marts.mart_budget_vs_reel
18:56:01.465482 [debug]: Compiled SQL for node model.fintrack_analytics.fct_transactions at target\.lsp\compiled\fintrack_analytics\models\marts\fct_transactions.sql
18:56:01.465518 [debug]: Finished rendering [  0.00s] model staging_marts.mart_budget_vs_reel [success]
18:56:01.465636 [debug]: Finished rendering [  0.00s] model staging_marts.fct_transactions [success]
18:56:01.465658 [debug]: Started analyzing model staging_marts.fct_transactions
18:56:01.465723 [debug]: Finished analyzing [  0.00s] model staging.stg_transactions [success]
18:56:01.465737 [info ]:  Succeeded [  0.00s] model staging.stg_transactions (view)
18:56:01.465762 [debug]: Finished analyzing [  0.00s] model staging_marts.dim_categories [success]
18:56:01.465774 [info ]:  Succeeded [  0.00s] model staging_marts.dim_categories (table)
18:56:01.465850 [debug]: Finished analyzing [  0.00s] model staging.stg_comptes [success]
18:56:01.465871 [info ]:  Succeeded [  0.00s] model staging.stg_comptes (view)
18:56:01.466034 [debug]: Finished analyzing [  0.00s] model staging.stg_categories [success]
18:56:01.466062 [info ]:  Succeeded [  0.00s] model staging.stg_categories (view)
18:56:01.466075 [debug]: Compiled SQL for node model.fintrack_analytics.stg_budgets at target\.lsp\compiled\fintrack_analytics\models\staging\stg_budgets.sql
18:56:01.466096 [debug]: Finished analyzing [  0.00s] model staging_marts.dim_comptes [success]
18:56:01.466128 [info ]:  Succeeded [  0.00s] model staging_marts.dim_comptes (table)
18:56:01.466233 [debug]: Finished rendering [  0.00s] model staging.stg_budgets [success]
18:56:01.466254 [info ]: Finished rendering [  0.00s] (12 nodes, 0 skipped, 0 errors)
18:56:01.466273 [debug]: Started analyzing model staging.stg_budgets
18:56:01.466653 [debug]: Finished analyzing [  0.00s] model staging.stg_budgets [success]
18:56:01.466681 [info ]:  Succeeded [  0.00s] model staging.stg_budgets (view)
18:56:01.467022 [debug]: Finished analyzing [  0.00s] model staging_marts.mart_solde_mensuel [success]
18:56:01.467048 [info ]:  Succeeded [  0.00s] model staging_marts.mart_solde_mensuel (table)
18:56:01.467499 [debug]: Finished analyzing [  0.00s] model staging.int_transactions_enrichies [success]
18:56:01.467523 [info ]:  Succeeded [  0.00s] model staging.int_transactions_enrichies (ephemeral)
18:56:01.467568 [debug]: Finished analyzing [  0.00s] model staging_marts.fct_transactions [success]
18:56:01.467588 [info ]:  Succeeded [  0.00s] model staging_marts.fct_transactions (table)
18:56:01.469085 [debug]: Finished analyzing [  0.00s] model staging_marts.mart_budget_vs_reel [success]
18:56:01.469101 [info ]: Finished analyzing [  0.01s] (12 nodes, 0 skipped, 0 errors)
18:56:01.469110 [info ]:  Succeeded [  0.01s] model staging_marts.mart_budget_vs_reel (table)
18:56:01.472480 [info ]: Started scheduling
18:56:01.472548 [info ]: Finished scheduling [  0.00s]
18:56:01.472720 [info ]: 
==================== Execution Summary =====================
Finished 'compile' successfully for target 'dev' [115ms]
Processed: 11 models | 1 snapshot
Summary: 12 total | 12 success
18:56:01.473152 [info ]: Cached model count updated: 11 models (accurate)
==================== 2026-09-03T18:56:23.912662Z | 83240a17-5daa-447e-8d6c-d2ed3b69ab10 ====================
18:56:23.912727 [info ]: Started loading project
18:56:23.913511 [info ]: Loading ~/.dbt/profiles.yml
18:56:23.959497 [info ]: Cached model count updated: 11 models (accurate)
18:56:23.959559 [info ]: Finished loading project [  0.05s]
18:56:23.959592 [info ]: 
==================== Execution Summary =====================
Finished 'compile' successfully for target 'dev' [46ms]
==================== 2026-09-03T18:56:25.520614Z | bbf66e8d-46ab-4cf9-957d-7d5d5ed3bfe7 ====================
18:56:25.520764 [info ]: Started loading project
18:56:25.521851 [info ]: Loading ~/.dbt/profiles.yml
18:56:25.566920 [info ]: Cached model count updated: 11 models (estimate)
18:56:25.566942 [info ]: Cached model count updated: 11 models (accurate)
18:56:25.566976 [info ]: Started scheduling
18:56:25.567166 [info ]: Finished scheduling [  0.00s]
18:56:25.567187 [debug]: Compilation - 12 nodes selected: {"model.fintrack_analytics.dim_categories", "model.fintrack_analytics.dim_comptes", "model.fintrack_analytics.fct_transactions", "model.fintrack_analytics.int_transactions_enrichies", "model.fintrack_analytics.mart_budget_vs_reel", "model.fintrack_analytics.mart_solde_mensuel", "model.fintrack_analytics.mart_top_depenses", "model.fintrack_analytics.stg_budgets", "model.fintrack_analytics.stg_categories", "model.fintrack_analytics.stg_comptes", "model.fintrack_analytics.stg_transactions", "snapshot.fintrack_analytics.snapshot_comptes"}
18:56:25.622715 [info ]: Started building task graph
18:56:25.622897 [info ]: Finished building task graph [  0.00s]
18:56:25.631257 [info ]: Started rendering (12 nodes)
18:56:25.631298 [info ]: Started snapshot snapshots.snapshot_comptes
18:56:25.631334 [debug]: Started rendering snapshot snapshots.snapshot_comptes
18:56:25.631377 [info ]: Started model staging_marts.mart_top_depenses
18:56:25.631388 [debug]: Started rendering model staging_marts.mart_top_depenses
18:56:25.631414 [info ]: Started model staging_marts.mart_solde_mensuel
18:56:25.631413 [info ]: Finished loading project [  0.11s]
18:56:25.631420 [debug]: Started rendering model staging_marts.mart_solde_mensuel
18:56:25.631466 [info ]: Started model staging_marts.mart_budget_vs_reel
18:56:25.631473 [debug]: Started rendering model staging_marts.mart_budget_vs_reel
18:56:25.631483 [info ]: Started model staging.stg_budgets
18:56:25.631492 [debug]: Started rendering model staging.stg_budgets
18:56:25.631564 [info ]: Started model staging.int_transactions_enrichies
18:56:25.631591 [debug]: Started rendering model staging.int_transactions_enrichies
18:56:25.631623 [info ]: Started model staging.stg_transactions
18:56:25.631643 [debug]: Started rendering model staging.stg_transactions
18:56:25.631695 [info ]: Started model staging_marts.dim_comptes
18:56:25.631720 [debug]: Started rendering model staging_marts.dim_comptes
18:56:25.631745 [info ]: Started model staging.stg_comptes
18:56:25.631762 [debug]: Started rendering model staging.stg_comptes
18:56:25.631852 [info ]: Started model staging_marts.dim_categories
18:56:25.631893 [debug]: Started rendering model staging_marts.dim_categories
18:56:25.631920 [info ]: Started model staging.stg_categories
18:56:25.631971 [debug]: Started rendering model staging.stg_categories
18:56:25.632036 [debug]: Compiled SQL for node model.fintrack_analytics.mart_top_depenses at target\.lsp\compiled\fintrack_analytics\models\marts\mart_top_depenses.sql
18:56:25.632090 [debug]: Compiled SQL for node model.fintrack_analytics.mart_solde_mensuel at target\.lsp\compiled\fintrack_analytics\models\marts\mart_solde_mensuel.sql
18:56:25.632127 [debug]: Finished rendering [  0.00s] model staging_marts.mart_top_depenses [success]
18:56:25.632166 [info ]: Started analyzing (12 nodes)
18:56:25.632181 [debug]: Started analyzing model staging_marts.mart_top_depenses
18:56:25.632208 [debug]: Finished rendering [  0.00s] model staging_marts.mart_solde_mensuel [success]
18:56:25.632232 [debug]: Started analyzing model staging_marts.mart_solde_mensuel
18:56:25.632306 [debug]: Compiled SQL for node snapshot.fintrack_analytics.snapshot_comptes at target\.lsp\compiled\fintrack_analytics\snapshots\snapshot_comptes.sql\snapshot_comptes.sql
18:56:25.632317 [debug]: Compiled SQL for node model.fintrack_analytics.mart_budget_vs_reel at target\.lsp\compiled\fintrack_analytics\models\marts\mart_budget_vs_reel.sql
18:56:25.632453 [debug]: Compiled SQL for node model.fintrack_analytics.stg_budgets at target\.lsp\compiled\fintrack_analytics\models\staging\stg_budgets.sql
18:56:25.632462 [debug]: Finished rendering [  0.00s] snapshot snapshots.snapshot_comptes [success]
18:56:25.632501 [debug]: Started analyzing snapshot snapshots.snapshot_comptes
18:56:25.632555 [debug]: Compiled SQL for node model.fintrack_analytics.stg_transactions at target\.lsp\compiled\fintrack_analytics\models\staging\stg_transactions.sql
18:56:25.632670 [debug]: Finished rendering [  0.00s] model staging.stg_budgets [success]
18:56:25.632694 [debug]: Started analyzing model staging.stg_budgets
18:56:25.632699 [debug]: Compiled SQL for node model.fintrack_analytics.dim_categories at target\.lsp\compiled\fintrack_analytics\models\marts\dim_categories.sql
18:56:25.632716 [debug]: Compiled SQL for node model.fintrack_analytics.stg_comptes at target\.lsp\compiled\fintrack_analytics\models\staging\stg_comptes.sql
18:56:25.632719 [debug]: Finished rendering [  0.00s] model staging_marts.mart_budget_vs_reel [success]
18:56:25.632739 [debug]: Started analyzing model staging_marts.mart_budget_vs_reel
18:56:25.632764 [debug]: Finished analyzing [  0.00s] model staging_marts.mart_top_depenses [success]
18:56:25.632779 [info ]:  Succeeded [-------] model staging_marts.mart_top_depenses (table)
18:56:25.632805 [debug]: Finished rendering [  0.00s] model staging.stg_transactions [success]
18:56:25.632814 [debug]: Compiled SQL for node model.fintrack_analytics.int_transactions_enrichies at target\.lsp\compiled\fintrack_analytics\models\intermediate\int_transactions_enrichies.sql
18:56:25.632819 [debug]: Started analyzing model staging.stg_transactions
18:56:25.632837 [debug]: Finished analyzing [  0.00s] snapshot snapshots.snapshot_comptes [success]
18:56:25.632837 [debug]: Compiled SQL for node model.fintrack_analytics.stg_categories at target\.lsp\compiled\fintrack_analytics\models\staging\stg_categories.sql
18:56:25.632849 [info ]:  Succeeded [  0.00s] snapshot snapshots.snapshot_comptes (snapshot)
18:56:25.632869 [debug]: Finished rendering [  0.00s] model staging_marts.dim_categories [success]
18:56:25.632887 [debug]: Started analyzing model staging_marts.dim_categories
18:56:25.632909 [debug]: Finished rendering [  0.00s] model staging.stg_comptes [success]
18:56:25.632924 [debug]: Started analyzing model staging.stg_comptes
18:56:25.632928 [debug]: Compiled SQL for node model.fintrack_analytics.dim_comptes at target\.lsp\compiled\fintrack_analytics\models\marts\dim_comptes.sql
18:56:25.632946 [debug]: Finished rendering [  0.00s] model staging.int_transactions_enrichies [success]
18:56:25.632976 [info ]: Started model staging_marts.fct_transactions
18:56:25.632991 [debug]: Started rendering model staging_marts.fct_transactions
18:56:25.633009 [debug]: Started analyzing model staging.int_transactions_enrichies
18:56:25.633031 [debug]: Finished rendering [  0.00s] model staging.stg_categories [success]
18:56:25.633049 [debug]: Started analyzing model staging.stg_categories
18:56:25.633071 [debug]: Finished rendering [  0.00s] model staging_marts.dim_comptes [success]
18:56:25.633088 [debug]: Started analyzing model staging_marts.dim_comptes
18:56:25.633109 [debug]: Finished analyzing [  0.00s] model staging.stg_budgets [success]
18:56:25.633125 [info ]:  Succeeded [  0.00s] model staging.stg_budgets (view)
18:56:25.633148 [debug]: Finished analyzing [  0.00s] model staging_marts.dim_categories [success]
18:56:25.633162 [info ]:  Succeeded [-------] model staging_marts.dim_categories (table)
18:56:25.633204 [debug]: Finished analyzing [  0.00s] model staging.stg_comptes [success]
18:56:25.633223 [info ]:  Succeeded [  0.00s] model staging.stg_comptes (view)
18:56:25.633381 [debug]: Finished analyzing [  0.00s] model staging.stg_transactions [success]
18:56:25.633400 [info ]:  Succeeded [  0.00s] model staging.stg_transactions (view)
18:56:25.633425 [debug]: Finished analyzing [  0.00s] model staging.stg_categories [success]
18:56:25.633438 [info ]:  Succeeded [  0.00s] model staging.stg_categories (view)
18:56:25.633473 [debug]: Finished analyzing [  0.00s] model staging_marts.dim_comptes [success]
18:56:25.633490 [info ]:  Succeeded [  0.00s] model staging_marts.dim_comptes (table)
18:56:25.633735 [debug]: Compiled SQL for node model.fintrack_analytics.fct_transactions at target\.lsp\compiled\fintrack_analytics\models\marts\fct_transactions.sql
18:56:25.633815 [debug]: Finished rendering [  0.00s] model staging_marts.fct_transactions [success]
18:56:25.633839 [info ]: Finished rendering [  0.00s] (12 nodes, 0 skipped, 0 errors)
18:56:25.633858 [debug]: Started analyzing model staging_marts.fct_transactions
18:56:25.634312 [debug]: Finished analyzing [  0.00s] model staging_marts.mart_solde_mensuel [success]
18:56:25.634335 [info ]:  Succeeded [  0.00s] model staging_marts.mart_solde_mensuel (table)
18:56:25.635182 [debug]: Finished analyzing [  0.00s] model staging.int_transactions_enrichies [success]
18:56:25.635213 [info ]:  Succeeded [  0.00s] model staging.int_transactions_enrichies (ephemeral)
18:56:25.635780 [debug]: Finished analyzing [  0.00s] model staging_marts.fct_transactions [success]
18:56:25.635813 [info ]:  Succeeded [  0.00s] model staging_marts.fct_transactions (table)
18:56:25.636972 [debug]: Finished analyzing [  0.00s] model staging_marts.mart_budget_vs_reel [success]
18:56:25.636990 [info ]: Finished analyzing [  0.00s] (12 nodes, 0 skipped, 0 errors)
18:56:25.637000 [info ]:  Succeeded [  0.01s] model staging_marts.mart_budget_vs_reel (table)
18:56:25.640631 [info ]: Started scheduling
18:56:25.640718 [info ]: Finished scheduling [  0.00s]
18:56:25.640829 [info ]: 
==================== Execution Summary =====================
Finished 'compile' successfully for target 'dev' [120ms]
Processed: 11 models | 1 snapshot
Summary: 12 total | 12 success
18:56:25.641099 [info ]: Cached model count updated: 11 models (accurate)
==================== 2026-09-03T18:58:10.156843Z | 70f9f291-980c-4fc1-aacc-e91b2d50f44e ====================
18:58:10.156939 [info ]: Started loading project
18:58:10.158054 [info ]: Loading ~/.dbt/profiles.yml
18:58:10.235258 [info ]: Finished loading project [  0.08s]
18:58:10.235253 [info ]: Cached model count updated: 11 models (accurate)
18:58:10.235291 [info ]: 
==================== Execution Summary =====================
Finished 'compile' successfully for target 'dev' [78ms]
==================== 2026-09-03T18:58:11.783476Z | eaf656e7-1168-44fb-95ce-a5ee268b6c3b ====================
18:58:11.783675 [info ]: Started loading project
18:58:11.784662 [info ]: Loading ~/.dbt/profiles.yml
18:58:11.827797 [info ]: Cached model count updated: 11 models (estimate)
18:58:11.827818 [info ]: Cached model count updated: 11 models (accurate)
18:58:11.827854 [info ]: Started scheduling
18:58:11.828030 [info ]: Finished scheduling [  0.00s]
18:58:11.828050 [debug]: Compilation - 12 nodes selected: {"model.fintrack_analytics.dim_categories", "model.fintrack_analytics.dim_comptes", "model.fintrack_analytics.fct_transactions", "model.fintrack_analytics.int_transactions_enrichies", "model.fintrack_analytics.mart_budget_vs_reel", "model.fintrack_analytics.mart_solde_mensuel", "model.fintrack_analytics.mart_top_depenses", "model.fintrack_analytics.stg_budgets", "model.fintrack_analytics.stg_categories", "model.fintrack_analytics.stg_comptes", "model.fintrack_analytics.stg_transactions", "snapshot.fintrack_analytics.snapshot_comptes"}
18:58:11.883841 [info ]: Started building task graph
18:58:11.883961 [info ]: Finished building task graph [  0.00s]
18:58:11.892760 [info ]: Started rendering (12 nodes)
18:58:11.892788 [info ]: Started snapshot snapshots.snapshot_comptes
18:58:11.892798 [debug]: Started rendering snapshot snapshots.snapshot_comptes
18:58:11.892846 [info ]: Started model staging_marts.mart_top_depenses
18:58:11.892853 [debug]: Started rendering model staging_marts.mart_top_depenses
18:58:11.892864 [info ]: Started model staging_marts.mart_solde_mensuel
18:58:11.892870 [debug]: Started rendering model staging_marts.mart_solde_mensuel
18:58:11.892881 [info ]: Started model staging_marts.mart_budget_vs_reel
18:58:11.892887 [debug]: Started rendering model staging_marts.mart_budget_vs_reel
18:58:11.892884 [info ]: Finished loading project [  0.11s]
18:58:11.892897 [info ]: Started model staging.stg_budgets
18:58:11.892903 [debug]: Started rendering model staging.stg_budgets
18:58:11.892912 [info ]: Started model staging.int_transactions_enrichies
18:58:11.892923 [debug]: Started rendering model staging.int_transactions_enrichies
18:58:11.892945 [info ]: Started model staging.stg_transactions
18:58:11.892962 [debug]: Started rendering model staging.stg_transactions
18:58:11.892983 [info ]: Started model staging_marts.dim_comptes
18:58:11.893002 [debug]: Started rendering model staging_marts.dim_comptes
18:58:11.893023 [info ]: Started model staging.stg_comptes
18:58:11.893041 [debug]: Started rendering model staging.stg_comptes
18:58:11.893067 [info ]: Started model staging_marts.dim_categories
18:58:11.893086 [debug]: Started rendering model staging_marts.dim_categories
18:58:11.893112 [info ]: Started model staging.stg_categories
18:58:11.893133 [debug]: Started rendering model staging.stg_categories
18:58:11.893444 [debug]: Compiled SQL for node model.fintrack_analytics.mart_solde_mensuel at target\.lsp\compiled\fintrack_analytics\models\marts\mart_solde_mensuel.sql
18:58:11.893535 [debug]: Finished rendering [  0.00s] model staging_marts.mart_solde_mensuel [success]
18:58:11.893575 [info ]: Started analyzing (12 nodes)
18:58:11.893588 [debug]: Started analyzing model staging_marts.mart_solde_mensuel
18:58:11.893826 [debug]: Compiled SQL for node snapshot.fintrack_analytics.snapshot_comptes at target\.lsp\compiled\fintrack_analytics\snapshots\snapshot_comptes.sql\snapshot_comptes.sql
18:58:11.893853 [debug]: Compiled SQL for node model.fintrack_analytics.mart_top_depenses at target\.lsp\compiled\fintrack_analytics\models\marts\mart_top_depenses.sql
18:58:11.893954 [debug]: Compiled SQL for node model.fintrack_analytics.mart_budget_vs_reel at target\.lsp\compiled\fintrack_analytics\models\marts\mart_budget_vs_reel.sql
18:58:11.893989 [debug]: Compiled SQL for node model.fintrack_analytics.int_transactions_enrichies at target\.lsp\compiled\fintrack_analytics\models\intermediate\int_transactions_enrichies.sql
18:58:11.894017 [debug]: Finished rendering [  0.00s] snapshot snapshots.snapshot_comptes [success]
18:58:11.894020 [debug]: Compiled SQL for node model.fintrack_analytics.dim_categories at target\.lsp\compiled\fintrack_analytics\models\marts\dim_categories.sql
18:58:11.894053 [debug]: Started analyzing snapshot snapshots.snapshot_comptes
18:58:11.894087 [debug]: Finished rendering [  0.00s] model staging_marts.mart_top_depenses [success]
18:58:11.894092 [debug]: Compiled SQL for node model.fintrack_analytics.stg_budgets at target\.lsp\compiled\fintrack_analytics\models\staging\stg_budgets.sql
18:58:11.894107 [debug]: Started analyzing model staging_marts.mart_top_depenses
18:58:11.894135 [debug]: Finished rendering [  0.00s] model staging_marts.mart_budget_vs_reel [success]
18:58:11.894158 [debug]: Started analyzing model staging_marts.mart_budget_vs_reel
18:58:11.894182 [debug]: Finished rendering [  0.00s] model staging.int_transactions_enrichies [success]
18:58:11.894207 [info ]: Started model staging_marts.fct_transactions
18:58:11.894223 [debug]: Started rendering model staging_marts.fct_transactions
18:58:11.894242 [debug]: Started analyzing model staging.int_transactions_enrichies
18:58:11.894264 [debug]: Finished rendering [  0.00s] model staging_marts.dim_categories [success]
18:58:11.894284 [debug]: Started analyzing model staging_marts.dim_categories
18:58:11.894310 [debug]: Finished rendering [  0.00s] model staging.stg_budgets [success]
18:58:11.894328 [debug]: Started analyzing model staging.stg_budgets
18:58:11.894352 [debug]: Finished analyzing [  0.00s] snapshot snapshots.snapshot_comptes [success]
18:58:11.894368 [info ]:  Succeeded [  0.00s] snapshot snapshots.snapshot_comptes (snapshot)
18:58:11.894531 [debug]: Finished analyzing [  0.00s] model staging_marts.mart_top_depenses [success]
18:58:11.894550 [info ]:  Succeeded [  0.00s] model staging_marts.mart_top_depenses (table)
18:58:11.894595 [debug]: Compiled SQL for node model.fintrack_analytics.stg_transactions at target\.lsp\compiled\fintrack_analytics\models\staging\stg_transactions.sql
18:58:11.894605 [debug]: Compiled SQL for node model.fintrack_analytics.dim_comptes at target\.lsp\compiled\fintrack_analytics\models\marts\dim_comptes.sql
18:58:11.894705 [debug]: Finished rendering [  0.00s] model staging.stg_transactions [success]
18:58:11.894733 [debug]: Started analyzing model staging.stg_transactions
18:58:11.894773 [debug]: Compiled SQL for node model.fintrack_analytics.stg_comptes at target\.lsp\compiled\fintrack_analytics\models\staging\stg_comptes.sql
18:58:11.894801 [debug]: Finished rendering [  0.00s] model staging_marts.dim_comptes [success]
18:58:11.894826 [debug]: Started analyzing model staging_marts.dim_comptes
18:58:11.894880 [debug]: Finished rendering [  0.00s] model staging.stg_comptes [success]
18:58:11.894928 [debug]: Started analyzing model staging.stg_comptes
18:58:11.894979 [debug]: Compiled SQL for node model.fintrack_analytics.stg_categories at target\.lsp\compiled\fintrack_analytics\models\staging\stg_categories.sql
18:58:11.895141 [debug]: Finished rendering [  0.00s] model staging.stg_categories [success]
18:58:11.895181 [debug]: Started analyzing model staging.stg_categories
18:58:11.895222 [debug]: Finished analyzing [  0.00s] model staging.stg_comptes [success]
18:58:11.895242 [info ]:  Succeeded [  0.00s] model staging.stg_comptes (view)
18:58:11.895272 [debug]: Finished analyzing [  0.00s] model staging_marts.dim_categories [success]
18:58:11.895285 [info ]:  Succeeded [  0.00s] model staging_marts.dim_categories (table)
18:58:11.895305 [debug]: Finished analyzing [  0.00s] model staging_marts.dim_comptes [success]
18:58:11.895317 [info ]:  Succeeded [  0.00s] model staging_marts.dim_comptes (table)
18:58:11.895337 [debug]: Finished analyzing [  0.00s] model staging.stg_transactions [success]
18:58:11.895349 [info ]:  Succeeded [  0.00s] model staging.stg_transactions (view)
18:58:11.895381 [debug]: Finished analyzing [  0.00s] model staging.stg_budgets [success]
18:58:11.895400 [info ]:  Succeeded [  0.00s] model staging.stg_budgets (view)
18:58:11.895443 [debug]: Finished analyzing [  0.00s] model staging.stg_categories [success]
18:58:11.895463 [info ]:  Succeeded [  0.00s] model staging.stg_categories (view)
18:58:11.895649 [debug]: Compiled SQL for node model.fintrack_analytics.fct_transactions at target\.lsp\compiled\fintrack_analytics\models\marts\fct_transactions.sql
18:58:11.895684 [debug]: Finished analyzing [  0.00s] model staging_marts.mart_solde_mensuel [success]
18:58:11.895702 [info ]:  Succeeded [  0.00s] model staging_marts.mart_solde_mensuel (table)
18:58:11.895740 [debug]: Finished rendering [  0.00s] model staging_marts.fct_transactions [success]
18:58:11.895760 [info ]: Finished rendering [  0.00s] (12 nodes, 0 skipped, 0 errors)
18:58:11.895780 [debug]: Started analyzing model staging_marts.fct_transactions
18:58:11.896501 [debug]: Finished analyzing [  0.00s] model staging.int_transactions_enrichies [success]
18:58:11.896531 [info ]:  Succeeded [  0.00s] model staging.int_transactions_enrichies (ephemeral)
18:58:11.897453 [debug]: Finished analyzing [  0.00s] model staging_marts.fct_transactions [success]
18:58:11.897494 [info ]:  Succeeded [  0.00s] model staging_marts.fct_transactions (table)
18:58:11.898104 [debug]: Finished analyzing [  0.00s] model staging_marts.mart_budget_vs_reel [success]
18:58:11.898122 [info ]: Finished analyzing [  0.00s] (12 nodes, 0 skipped, 0 errors)
18:58:11.898133 [info ]:  Succeeded [  0.00s] model staging_marts.mart_budget_vs_reel (table)
18:58:11.901577 [info ]: Started scheduling
18:58:11.901645 [info ]: Finished scheduling [  0.00s]
18:58:11.901769 [info ]: 
==================== Execution Summary =====================
Finished 'compile' successfully for target 'dev' [118ms]
Processed: 11 models | 1 snapshot
Summary: 12 total | 12 success
18:58:11.902163 [info ]: Cached model count updated: 11 models (accurate)
==================== 2026-09-03T19:01:05.756208Z | f767f468-837a-4da9-b134-f9f0e6f74f12 ====================
19:01:05.756273 [info ]: Started loading project
19:01:05.756926 [info ]: Loading ~/.dbt/profiles.yml
19:01:05.798613 [info ]: Cached model count updated: 11 models (accurate)
19:01:05.798656 [info ]: Finished loading project [  0.04s]
19:01:05.798672 [info ]: 
==================== Execution Summary =====================
Finished 'compile' successfully for target 'dev' [42ms]
==================== 2026-09-03T19:01:07.389140Z | 54c33183-4e8e-44dc-b4ab-8e2dc3327bc8 ====================
19:01:07.389359 [info ]: Started loading project
19:01:07.391989 [info ]: Loading ~/.dbt/profiles.yml
19:01:07.443884 [info ]: Cached model count updated: 11 models (estimate)
19:01:07.443910 [info ]: Cached model count updated: 11 models (accurate)
19:01:07.443971 [info ]: Started scheduling
19:01:07.444161 [info ]: Finished scheduling [  0.00s]
19:01:07.444202 [debug]: Compilation - 12 nodes selected: {"model.fintrack_analytics.dim_categories", "model.fintrack_analytics.dim_comptes", "model.fintrack_analytics.fct_transactions", "model.fintrack_analytics.int_transactions_enrichies", "model.fintrack_analytics.mart_budget_vs_reel", "model.fintrack_analytics.mart_solde_mensuel", "model.fintrack_analytics.mart_top_depenses", "model.fintrack_analytics.stg_budgets", "model.fintrack_analytics.stg_categories", "model.fintrack_analytics.stg_comptes", "model.fintrack_analytics.stg_transactions", "snapshot.fintrack_analytics.snapshot_comptes"}
19:01:07.500941 [info ]: Started building task graph
19:01:07.501047 [info ]: Finished building task graph [  0.00s]
19:01:07.509874 [info ]: Started rendering (12 nodes)
19:01:07.509904 [info ]: Started snapshot snapshots.snapshot_comptes
19:01:07.509914 [debug]: Started rendering snapshot snapshots.snapshot_comptes
19:01:07.509947 [info ]: Started model staging_marts.mart_top_depenses
19:01:07.509960 [debug]: Started rendering model staging_marts.mart_top_depenses
19:01:07.509971 [info ]: Finished loading project [  0.12s]
19:01:07.509987 [info ]: Started model staging_marts.mart_solde_mensuel
19:01:07.510003 [debug]: Started rendering model staging_marts.mart_solde_mensuel
19:01:07.510034 [info ]: Started model staging_marts.mart_budget_vs_reel
19:01:07.510054 [debug]: Started rendering model staging_marts.mart_budget_vs_reel
19:01:07.510106 [info ]: Started model staging.stg_budgets
19:01:07.510125 [debug]: Started rendering model staging.stg_budgets
19:01:07.510170 [info ]: Started model staging.int_transactions_enrichies
19:01:07.510193 [debug]: Started rendering model staging.int_transactions_enrichies
19:01:07.510241 [info ]: Started model staging.stg_transactions
19:01:07.510259 [debug]: Started rendering model staging.stg_transactions
19:01:07.510326 [info ]: Started model staging_marts.dim_comptes
19:01:07.510347 [debug]: Started rendering model staging_marts.dim_comptes
19:01:07.510378 [info ]: Started model staging.stg_comptes
19:01:07.510392 [debug]: Started rendering model staging.stg_comptes
19:01:07.510434 [info ]: Started model staging_marts.dim_categories
19:01:07.510449 [debug]: Started rendering model staging_marts.dim_categories
19:01:07.510472 [info ]: Started model staging.stg_categories
19:01:07.510483 [debug]: Started rendering model staging.stg_categories
19:01:07.510485 [debug]: Compiled SQL for node snapshot.fintrack_analytics.snapshot_comptes at target\.lsp\compiled\fintrack_analytics\snapshots\snapshot_comptes.sql\snapshot_comptes.sql
19:01:07.510574 [debug]: Finished rendering [  0.00s] snapshot snapshots.snapshot_comptes [success]
19:01:07.510571 [debug]: Compiled SQL for node model.fintrack_analytics.mart_top_depenses at target\.lsp\compiled\fintrack_analytics\models\marts\mart_top_depenses.sql
19:01:07.510622 [info ]: Started analyzing (12 nodes)
19:01:07.510638 [debug]: Started analyzing snapshot snapshots.snapshot_comptes
19:01:07.510663 [debug]: Finished rendering [  0.00s] model staging_marts.mart_top_depenses [success]
19:01:07.510684 [debug]: Started analyzing model staging_marts.mart_top_depenses
19:01:07.510857 [debug]: Compiled SQL for node model.fintrack_analytics.mart_solde_mensuel at target\.lsp\compiled\fintrack_analytics\models\marts\mart_solde_mensuel.sql
19:01:07.510979 [debug]: Finished analyzing [  0.00s] snapshot snapshots.snapshot_comptes [success]
19:01:07.511004 [info ]:  Succeeded [-------] snapshot snapshots.snapshot_comptes (snapshot)
19:01:07.511007 [debug]: Compiled SQL for node model.fintrack_analytics.mart_budget_vs_reel at target\.lsp\compiled\fintrack_analytics\models\marts\mart_budget_vs_reel.sql
19:01:07.511036 [debug]: Finished rendering [  0.00s] model staging_marts.mart_solde_mensuel [success]
19:01:07.511055 [debug]: Started analyzing model staging_marts.mart_solde_mensuel
19:01:07.511087 [debug]: Finished rendering [  0.00s] model staging_marts.mart_budget_vs_reel [success]
19:01:07.511103 [debug]: Started analyzing model staging_marts.mart_budget_vs_reel
19:01:07.511219 [debug]: Finished analyzing [  0.00s] model staging_marts.mart_top_depenses [success]
19:01:07.511240 [info ]:  Succeeded [-------] model staging_marts.mart_top_depenses (table)
19:01:07.511437 [debug]: Compiled SQL for node model.fintrack_analytics.stg_budgets at target\.lsp\compiled\fintrack_analytics\models\staging\stg_budgets.sql
19:01:07.511440 [debug]: Compiled SQL for node model.fintrack_analytics.int_transactions_enrichies at target\.lsp\compiled\fintrack_analytics\models\intermediate\int_transactions_enrichies.sql
19:01:07.511622 [debug]: Finished rendering [  0.00s] model staging.int_transactions_enrichies [success]
19:01:07.511661 [info ]: Started model staging_marts.fct_transactions
19:01:07.511679 [debug]: Started rendering model staging_marts.fct_transactions
19:01:07.511700 [debug]: Started analyzing model staging.int_transactions_enrichies
19:01:07.511723 [debug]: Finished rendering [  0.00s] model staging.stg_budgets [success]
19:01:07.511750 [debug]: Started analyzing model staging.stg_budgets
19:01:07.511799 [debug]: Compiled SQL for node model.fintrack_analytics.stg_transactions at target\.lsp\compiled\fintrack_analytics\models\staging\stg_transactions.sql
19:01:07.511869 [debug]: Compiled SQL for node model.fintrack_analytics.dim_categories at target\.lsp\compiled\fintrack_analytics\models\marts\dim_categories.sql
19:01:07.511886 [debug]: Compiled SQL for node model.fintrack_analytics.dim_comptes at target\.lsp\compiled\fintrack_analytics\models\marts\dim_comptes.sql
19:01:07.511907 [debug]: Finished rendering [  0.00s] model staging.stg_transactions [success]
19:01:07.511930 [debug]: Started analyzing model staging.stg_transactions
19:01:07.512252 [debug]: Compiled SQL for node model.fintrack_analytics.stg_categories at target\.lsp\compiled\fintrack_analytics\models\staging\stg_categories.sql
19:01:07.512259 [debug]: Compiled SQL for node model.fintrack_analytics.fct_transactions at target\.lsp\compiled\fintrack_analytics\models\marts\fct_transactions.sql
19:01:07.512279 [debug]: Finished analyzing [  0.00s] model staging.stg_budgets [success]
19:01:07.512300 [info ]:  Succeeded [  0.00s] model staging.stg_budgets (view)
19:01:07.512333 [debug]: Finished rendering [  0.00s] model staging_marts.dim_categories [success]
19:01:07.512352 [debug]: Started analyzing model staging_marts.dim_categories
19:01:07.512373 [debug]: Finished rendering [  0.00s] model staging_marts.dim_comptes [success]
19:01:07.512391 [debug]: Started analyzing model staging_marts.dim_comptes
19:01:07.512415 [debug]: Finished rendering [  0.00s] model staging.stg_categories [success]
19:01:07.512414 [debug]: Compiled SQL for node model.fintrack_analytics.stg_comptes at target\.lsp\compiled\fintrack_analytics\models\staging\stg_comptes.sql
19:01:07.512429 [debug]: Started analyzing model staging.stg_categories
19:01:07.512447 [debug]: Finished rendering [  0.00s] model staging_marts.fct_transactions [success]
19:01:07.512461 [debug]: Started analyzing model staging_marts.fct_transactions
19:01:07.512778 [debug]: Finished rendering [  0.00s] model staging.stg_comptes [success]
19:01:07.512796 [info ]: Finished rendering [  0.00s] (12 nodes, 0 skipped, 0 errors)
19:01:07.512815 [debug]: Started analyzing model staging.stg_comptes
19:01:07.512842 [debug]: Finished analyzing [  0.00s] model staging.stg_categories [success]
19:01:07.512854 [info ]:  Succeeded [  0.00s] model staging.stg_categories (view)
19:01:07.512876 [debug]: Finished analyzing [  0.00s] model staging_marts.dim_categories [success]
19:01:07.512886 [info ]:  Succeeded [  0.00s] model staging_marts.dim_categories (table)
19:01:07.512904 [debug]: Finished analyzing [  0.00s] model staging.stg_transactions [success]
19:01:07.512914 [info ]:  Succeeded [  0.00s] model staging.stg_transactions (view)
19:01:07.512981 [debug]: Finished analyzing [  0.00s] model staging_marts.dim_comptes [success]
19:01:07.512998 [info ]:  Succeeded [  0.00s] model staging_marts.dim_comptes (table)
19:01:07.513024 [debug]: Finished analyzing [  0.00s] model staging.stg_comptes [success]
19:01:07.513037 [info ]:  Succeeded [  0.00s] model staging.stg_comptes (view)
19:01:07.513838 [debug]: Finished analyzing [  0.00s] model staging_marts.mart_solde_mensuel [success]
19:01:07.513879 [info ]:  Succeeded [  0.00s] model staging_marts.mart_solde_mensuel (table)
19:01:07.514095 [debug]: Finished analyzing [  0.00s] model staging.int_transactions_enrichies [success]
19:01:07.514132 [info ]:  Succeeded [  0.00s] model staging.int_transactions_enrichies (ephemeral)
19:01:07.514913 [debug]: Finished analyzing [  0.00s] model staging_marts.fct_transactions [success]
19:01:07.514944 [info ]:  Succeeded [  0.00s] model staging_marts.fct_transactions (table)
19:01:07.515747 [debug]: Finished analyzing [  0.00s] model staging_marts.mart_budget_vs_reel [success]
19:01:07.515808 [info ]: Finished analyzing [  0.01s] (12 nodes, 0 skipped, 0 errors)
19:01:07.515818 [info ]:  Succeeded [  0.01s] model staging_marts.mart_budget_vs_reel (table)
19:01:07.522353 [info ]: Started scheduling
19:01:07.522414 [info ]: Finished scheduling [  0.00s]
19:01:07.522517 [info ]: 
==================== Execution Summary =====================
Finished 'compile' successfully for target 'dev' [133ms]
Processed: 11 models | 1 snapshot
Summary: 12 total | 12 success
19:01:07.522822 [info ]: Cached model count updated: 11 models (accurate)
==================== 2026-09-03T19:01:26.116040Z | 96b280aa-d1fd-44dd-8008-95e0fff6612f ====================
19:01:26.116134 [info ]: Started loading project
19:01:26.116880 [info ]: Loading ~/.dbt/profiles.yml
19:01:26.160654 [info ]: Cached model count updated: 11 models (accurate)
19:01:26.160691 [info ]: Finished loading project [  0.04s]
19:01:26.160720 [info ]: 
==================== Execution Summary =====================
Finished 'compile' successfully for target 'dev' [44ms]
==================== 2026-09-03T19:01:27.763960Z | 9e2b5737-26f4-42c8-8789-14b16580a264 ====================
19:01:27.764311 [info ]: Started loading project
19:01:27.766081 [info ]: Loading ~/.dbt/profiles.yml
19:01:27.819379 [info ]: Cached model count updated: 11 models (estimate)
19:01:27.819402 [info ]: Cached model count updated: 11 models (accurate)
19:01:27.819440 [info ]: Started scheduling
19:01:27.819571 [info ]: Finished scheduling [  0.00s]
19:01:27.819592 [debug]: Compilation - 12 nodes selected: {"model.fintrack_analytics.dim_categories", "model.fintrack_analytics.dim_comptes", "model.fintrack_analytics.fct_transactions", "model.fintrack_analytics.int_transactions_enrichies", "model.fintrack_analytics.mart_budget_vs_reel", "model.fintrack_analytics.mart_solde_mensuel", "model.fintrack_analytics.mart_top_depenses", "model.fintrack_analytics.stg_budgets", "model.fintrack_analytics.stg_categories", "model.fintrack_analytics.stg_comptes", "model.fintrack_analytics.stg_transactions", "snapshot.fintrack_analytics.snapshot_comptes"}
19:01:27.872713 [info ]: Started building task graph
19:01:27.872828 [info ]: Finished building task graph [  0.00s]
19:01:27.880998 [info ]: Started rendering (12 nodes)
19:01:27.881022 [info ]: Started snapshot snapshots.snapshot_comptes
19:01:27.881033 [debug]: Started rendering snapshot snapshots.snapshot_comptes
19:01:27.881057 [info ]: Started model staging_marts.mart_top_depenses
19:01:27.881083 [debug]: Started rendering model staging_marts.mart_top_depenses
19:01:27.881095 [info ]: Started model staging_marts.mart_solde_mensuel
19:01:27.881100 [debug]: Started rendering model staging_marts.mart_solde_mensuel
19:01:27.881111 [info ]: Started model staging_marts.mart_budget_vs_reel
19:01:27.881117 [debug]: Started rendering model staging_marts.mart_budget_vs_reel
19:01:27.881127 [info ]: Started model staging.stg_budgets
19:01:27.881132 [debug]: Started rendering model staging.stg_budgets
19:01:27.881141 [info ]: Started model staging.int_transactions_enrichies
19:01:27.881137 [info ]: Finished loading project [  0.12s]
19:01:27.881149 [debug]: Started rendering model staging.int_transactions_enrichies
19:01:27.881159 [info ]: Started model staging.stg_transactions
19:01:27.881164 [debug]: Started rendering model staging.stg_transactions
19:01:27.881176 [info ]: Started model staging_marts.dim_comptes
19:01:27.881186 [debug]: Started rendering model staging_marts.dim_comptes
19:01:27.881218 [info ]: Started model staging.stg_comptes
19:01:27.881235 [debug]: Started rendering model staging.stg_comptes
19:01:27.881271 [info ]: Started model staging_marts.dim_categories
19:01:27.881294 [debug]: Started rendering model staging_marts.dim_categories
19:01:27.881313 [info ]: Started model staging.stg_categories
19:01:27.881337 [debug]: Started rendering model staging.stg_categories
19:01:27.881604 [debug]: Compiled SQL for node snapshot.fintrack_analytics.snapshot_comptes at target\.lsp\compiled\fintrack_analytics\snapshots\snapshot_comptes.sql\snapshot_comptes.sql
19:01:27.881698 [debug]: Finished rendering [  0.00s] snapshot snapshots.snapshot_comptes [success]
19:01:27.881754 [info ]: Started analyzing (12 nodes)
19:01:27.881767 [debug]: Started analyzing snapshot snapshots.snapshot_comptes
19:01:27.882055 [debug]: Finished analyzing [  0.00s] snapshot snapshots.snapshot_comptes [success]
19:01:27.882080 [info ]:  Succeeded [-------] snapshot snapshots.snapshot_comptes (snapshot)
19:01:27.882294 [debug]: Compiled SQL for node model.fintrack_analytics.stg_transactions at target\.lsp\compiled\fintrack_analytics\models\staging\stg_transactions.sql
19:01:27.882308 [debug]: Compiled SQL for node model.fintrack_analytics.dim_comptes at target\.lsp\compiled\fintrack_analytics\models\marts\dim_comptes.sql
19:01:27.882317 [debug]: Compiled SQL for node model.fintrack_analytics.stg_categories at target\.lsp\compiled\fintrack_analytics\models\staging\stg_categories.sql
19:01:27.882320 [debug]: Compiled SQL for node model.fintrack_analytics.mart_budget_vs_reel at target\.lsp\compiled\fintrack_analytics\models\marts\mart_budget_vs_reel.sql
19:01:27.882362 [debug]: Compiled SQL for node model.fintrack_analytics.mart_top_depenses at target\.lsp\compiled\fintrack_analytics\models\marts\mart_top_depenses.sql
19:01:27.882380 [debug]: Compiled SQL for node model.fintrack_analytics.stg_comptes at target\.lsp\compiled\fintrack_analytics\models\staging\stg_comptes.sql
19:01:27.882432 [debug]: Finished rendering [  0.00s] model staging.stg_transactions [success]
19:01:27.882460 [debug]: Started analyzing model staging.stg_transactions
19:01:27.882483 [debug]: Finished rendering [  0.00s] model staging_marts.dim_comptes [success]
19:01:27.882500 [debug]: Started analyzing model staging_marts.dim_comptes
19:01:27.882517 [debug]: Finished rendering [  0.00s] model staging.stg_categories [success]
19:01:27.882531 [debug]: Started analyzing model staging.stg_categories
19:01:27.882546 [debug]: Finished rendering [  0.00s] model staging_marts.mart_budget_vs_reel [success]
19:01:27.882547 [debug]: Compiled SQL for node model.fintrack_analytics.int_transactions_enrichies at target\.lsp\compiled\fintrack_analytics\models\intermediate\int_transactions_enrichies.sql
19:01:27.882559 [debug]: Started analyzing model staging_marts.mart_budget_vs_reel
19:01:27.882574 [debug]: Finished rendering [  0.00s] model staging_marts.mart_top_depenses [success]
19:01:27.882586 [debug]: Started analyzing model staging_marts.mart_top_depenses
19:01:27.882601 [debug]: Finished rendering [  0.00s] model staging.stg_comptes [success]
19:01:27.882613 [debug]: Started analyzing model staging.stg_comptes
19:01:27.882634 [debug]: Finished rendering [  0.00s] model staging.int_transactions_enrichies [success]
19:01:27.882657 [info ]: Started model staging_marts.fct_transactions
19:01:27.882669 [debug]: Started rendering model staging_marts.fct_transactions
19:01:27.882673 [debug]: Compiled SQL for node model.fintrack_analytics.stg_budgets at target\.lsp\compiled\fintrack_analytics\models\staging\stg_budgets.sql
19:01:27.882682 [debug]: Started analyzing model staging.int_transactions_enrichies
19:01:27.882765 [debug]: Compiled SQL for node model.fintrack_analytics.dim_categories at target\.lsp\compiled\fintrack_analytics\models\marts\dim_categories.sql
19:01:27.882780 [debug]: Compiled SQL for node model.fintrack_analytics.mart_solde_mensuel at target\.lsp\compiled\fintrack_analytics\models\marts\mart_solde_mensuel.sql
19:01:27.882804 [debug]: Finished rendering [  0.00s] model staging.stg_budgets [success]
19:01:27.882829 [debug]: Started analyzing model staging.stg_budgets
19:01:27.882854 [debug]: Finished analyzing [  0.00s] model staging.stg_categories [success]
19:01:27.882871 [info ]:  Succeeded [  0.00s] model staging.stg_categories (view)
19:01:27.882901 [debug]: Finished rendering [  0.00s] model staging_marts.dim_categories [success]
19:01:27.882916 [debug]: Started analyzing model staging_marts.dim_categories
19:01:27.882934 [debug]: Finished rendering [  0.00s] model staging_marts.mart_solde_mensuel [success]
19:01:27.882952 [debug]: Started analyzing model staging_marts.mart_solde_mensuel
19:01:27.882988 [debug]: Finished analyzing [  0.00s] model staging_marts.mart_top_depenses [success]
19:01:27.883005 [info ]:  Succeeded [  0.00s] model staging_marts.mart_top_depenses (table)
19:01:27.883029 [debug]: Finished analyzing [  0.00s] model staging_marts.dim_comptes [success]
19:01:27.883040 [info ]:  Succeeded [  0.00s] model staging_marts.dim_comptes (table)
19:01:27.883059 [debug]: Finished analyzing [  0.00s] model staging.stg_budgets [success]
19:01:27.883071 [info ]:  Succeeded [  0.00s] model staging.stg_budgets (view)
19:01:27.883089 [debug]: Finished analyzing [  0.00s] model staging.stg_comptes [success]
19:01:27.883099 [info ]:  Succeeded [  0.00s] model staging.stg_comptes (view)
19:01:27.883117 [debug]: Finished analyzing [  0.00s] model staging_marts.dim_categories [success]
19:01:27.883131 [info ]:  Succeeded [  0.00s] model staging_marts.dim_categories (table)
19:01:27.883150 [debug]: Finished analyzing [  0.00s] model staging.stg_transactions [success]
19:01:27.883161 [info ]:  Succeeded [  0.00s] model staging.stg_transactions (view)
19:01:27.883616 [debug]: Compiled SQL for node model.fintrack_analytics.fct_transactions at target\.lsp\compiled\fintrack_analytics\models\marts\fct_transactions.sql
19:01:27.883697 [debug]: Finished rendering [  0.00s] model staging_marts.fct_transactions [success]
19:01:27.883722 [info ]: Finished rendering [  0.00s] (12 nodes, 0 skipped, 0 errors)
19:01:27.883745 [debug]: Started analyzing model staging_marts.fct_transactions
19:01:27.885327 [debug]: Finished analyzing [  0.00s] model staging.int_transactions_enrichies [success]
19:01:27.885354 [info ]:  Succeeded [  0.00s] model staging.int_transactions_enrichies (ephemeral)
19:01:27.885377 [debug]: Finished analyzing [  0.00s] model staging_marts.mart_solde_mensuel [success]
19:01:27.885387 [info ]:  Succeeded [  0.00s] model staging_marts.mart_solde_mensuel (table)
19:01:27.886014 [debug]: Finished analyzing [  0.00s] model staging_marts.fct_transactions [success]
19:01:27.886049 [info ]:  Succeeded [  0.00s] model staging_marts.fct_transactions (table)
19:01:27.886753 [debug]: Finished analyzing [  0.00s] model staging_marts.mart_budget_vs_reel [success]
19:01:27.886804 [info ]: Finished analyzing [  0.01s] (12 nodes, 0 skipped, 0 errors)
19:01:27.886814 [info ]:  Succeeded [  0.01s] model staging_marts.mart_budget_vs_reel (table)
19:01:27.890324 [info ]: Started scheduling
19:01:27.890383 [info ]: Finished scheduling [  0.00s]
19:01:27.890479 [info ]: 
==================== Execution Summary =====================
Finished 'compile' successfully for target 'dev' [126ms]
Processed: 11 models | 1 snapshot
Summary: 12 total | 12 success
19:01:27.890761 [info ]: Cached model count updated: 11 models (accurate)
==================== 2026-09-03T19:03:12.013012Z | 991c40d0-1fa5-424b-bdff-650279962926 ====================
19:03:12.013074 [info ]: Started loading project
19:03:12.013766 [info ]: Loading ~/.dbt/profiles.yml
19:03:12.028479 [info ]: Started parsing
19:03:12.121207 [info ]: Finished loading project [  0.11s]
19:03:12.126107 [debug]: Finished parsing models/marts/_marts_schema.yml [  0.00s]
19:03:12.129211 [debug]: Finished parsing snapshots\snapshot_comptes.sql [  0.00s]
19:03:12.130842 [debug]: Finished parsing models/marts/dim_categories.sql [  0.00s]
19:03:12.131811 [debug]: Finished parsing models/marts/dim_comptes.sql [  0.00s]
19:03:12.132445 [debug]: Finished parsing models/marts/fct_transactions.sql [  0.00s]
19:03:12.133043 [debug]: Finished parsing models/marts/mart_budget_vs_reel.sql [  0.00s]
19:03:12.133580 [debug]: Finished parsing models/marts/mart_solde_mensuel.sql [  0.00s]
19:03:12.134247 [debug]: Finished parsing models/marts/mart_top_depenses.sql [  0.00s]
19:03:12.329350 [info ]: Finished parsing [  0.30s]
19:03:12.335035 [info ]: 
==================== Execution Summary =====================
Finished 'compile' successfully for target 'dev' [322ms]
19:03:12.335177 [info ]: Cached model count updated: 11 models (accurate)
==================== 2026-09-03T19:03:12.400433Z | 43ec1b82-7186-4d0d-a874-1b9133b0ed9a ====================
19:03:12.400554 [info ]: Started loading project
19:03:12.401601 [info ]: Loading ~/.dbt/profiles.yml
19:03:12.423144 [info ]: Started parsing
19:03:12.515503 [info ]: Finished loading project [  0.11s]
19:03:12.522985 [debug]: Finished parsing models/marts/_marts_schema.yml [  0.00s]
19:03:12.526599 [debug]: Finished parsing snapshots\snapshot_comptes.sql [  0.00s]
19:03:12.528761 [debug]: Finished parsing models/marts/dim_categories.sql [  0.00s]
19:03:12.529947 [debug]: Finished parsing models/marts/dim_comptes.sql [  0.00s]
19:03:12.530577 [debug]: Finished parsing models/marts/fct_transactions.sql [  0.00s]
19:03:12.531398 [debug]: Finished parsing models/marts/mart_budget_vs_reel.sql [  0.00s]
19:03:12.532010 [debug]: Finished parsing models/marts/mart_solde_mensuel.sql [  0.00s]
19:03:12.532668 [debug]: Finished parsing models/marts/mart_top_depenses.sql [  0.00s]
19:03:12.741815 [info ]: Finished parsing [  0.32s]
19:03:12.744788 [info ]: Cached model count updated: 11 models (estimate)
19:03:12.744805 [info ]: Cached model count updated: 11 models (accurate)
19:03:12.744842 [info ]: Started scheduling
19:03:12.744972 [info ]: Finished scheduling [  0.00s]
19:03:12.744989 [debug]: Compilation - 5 nodes selected: {"model.fintrack_analytics.fct_transactions", "model.fintrack_analytics.int_transactions_enrichies", "model.fintrack_analytics.stg_categories", "model.fintrack_analytics.stg_comptes", "model.fintrack_analytics.stg_transactions"}
19:03:12.805937 [info ]: Started building task graph
19:03:12.806018 [info ]: Finished building task graph [  0.00s]
19:03:12.814892 [info ]: Started rendering (5 nodes)
19:03:12.814925 [info ]: Started model staging.int_transactions_enrichies
19:03:12.814936 [debug]: Started rendering model staging.int_transactions_enrichies
19:03:12.814962 [info ]: Started model staging.stg_transactions
19:03:12.814969 [debug]: Started rendering model staging.stg_transactions
19:03:12.814981 [info ]: Started model staging.stg_comptes
19:03:12.814987 [debug]: Started rendering model staging.stg_comptes
19:03:12.814996 [info ]: Started model staging.stg_categories
19:03:12.815002 [debug]: Started rendering model staging.stg_categories
19:03:12.815543 [debug]: Compiled SQL for node model.fintrack_analytics.stg_comptes at target\.lsp\compiled\fintrack_analytics\models\staging\stg_comptes.sql
19:03:12.815646 [debug]: Finished rendering [  0.00s] model staging.stg_comptes [success]
19:03:12.815688 [info ]: Started analyzing (5 nodes)
19:03:12.815704 [debug]: Started analyzing model staging.stg_comptes
19:03:12.815743 [debug]: Compiled SQL for node model.fintrack_analytics.stg_categories at target\.lsp\compiled\fintrack_analytics\models\staging\stg_categories.sql
19:03:12.815779 [debug]: Compiled SQL for node model.fintrack_analytics.int_transactions_enrichies at target\.lsp\compiled\fintrack_analytics\models\intermediate\int_transactions_enrichies.sql
19:03:12.815774 [debug]: Compiled SQL for node model.fintrack_analytics.stg_transactions at target\.lsp\compiled\fintrack_analytics\models\staging\stg_transactions.sql
19:03:12.815819 [debug]: Finished rendering [  0.00s] model staging.stg_categories [success]
19:03:12.815849 [debug]: Started analyzing model staging.stg_categories
19:03:12.815887 [debug]: Finished rendering [  0.00s] model staging.int_transactions_enrichies [success]
19:03:12.815915 [debug]: Started analyzing model staging.int_transactions_enrichies
19:03:12.815949 [info ]: Started model staging_marts.fct_transactions
19:03:12.815966 [debug]: Started rendering model staging_marts.fct_transactions
19:03:12.815993 [debug]: Finished rendering [  0.00s] model staging.stg_transactions [success]
19:03:12.816015 [debug]: Started analyzing model staging.stg_transactions
19:03:12.816127 [debug]: Finished analyzing [  0.00s] model staging.stg_comptes [success]
19:03:12.816147 [info ]:  Succeeded [-------] model staging.stg_comptes (view)
19:03:12.816167 [debug]: Finished analyzing [  0.00s] model staging.stg_categories [success]
19:03:12.816184 [info ]:  Succeeded [-------] model staging.stg_categories (view)
19:03:12.816511 [debug]: Finished analyzing [  0.00s] model staging.stg_transactions [success]
19:03:12.816537 [info ]:  Succeeded [  0.00s] model staging.stg_transactions (view)
19:03:12.817692 [debug]: Finished analyzing [  0.00s] model staging.int_transactions_enrichies [success]
19:03:12.817717 [info ]:  Succeeded [  0.00s] model staging.int_transactions_enrichies (ephemeral)
19:03:12.818978 [debug]: Compiled SQL for node model.fintrack_analytics.fct_transactions at target\.lsp\compiled\fintrack_analytics\models\marts\fct_transactions.sql
19:03:12.819165 [debug]: Finished rendering [  0.00s] model staging_marts.fct_transactions [success]
19:03:12.819196 [info ]: Finished rendering [  0.00s] (5 nodes, 0 skipped, 0 errors)
19:03:12.819224 [debug]: Started analyzing model staging_marts.fct_transactions
19:03:12.821972 [debug]: Finished analyzing [  0.00s] model staging_marts.fct_transactions [success]
19:03:12.821998 [info ]: Finished analyzing [  0.01s] (5 nodes, 0 skipped, 0 errors)
19:03:12.822009 [info ]:  Succeeded [  0.01s] model staging_marts.fct_transactions (table)
19:03:12.825595 [info ]: Started scheduling
19:03:12.825798 [info ]: Finished scheduling [  0.00s]
19:03:12.826572 [info ]: 
==================== Execution Summary =====================
Finished 'compile' successfully for target 'dev' [426ms]
Processed: 5 models
Summary: 5 total | 5 success
19:03:12.826720 [info ]: Cached model count updated: 11 models (accurate)
==================== 2026-09-03T19:03:12.874487Z | bb4592e3-a981-45f8-811a-0a1647b30779 ====================
19:03:12.874556 [info ]: Started loading project
19:03:12.875235 [info ]: Loading ~/.dbt/profiles.yml
19:03:12.914572 [info ]: Cached model count updated: 11 models (accurate)
19:03:12.914672 [info ]: Finished loading project [  0.04s]
19:03:12.914704 [info ]: 
==================== Execution Summary =====================
Finished 'compile' successfully for target 'dev' [40ms]
==================== 2026-09-03T19:03:14.554000Z | 23713105-d980-4d57-b933-3540849306a6 ====================
19:03:14.554072 [info ]: Started loading project
19:03:14.555125 [info ]: Loading ~/.dbt/profiles.yml
19:03:14.593923 [info ]: Cached model count updated: 11 models (estimate)
19:03:14.593944 [info ]: Cached model count updated: 11 models (accurate)
19:03:14.593979 [info ]: Started scheduling
19:03:14.594121 [info ]: Finished scheduling [  0.00s]
19:03:14.594142 [debug]: Compilation - 12 nodes selected: {"model.fintrack_analytics.dim_categories", "model.fintrack_analytics.dim_comptes", "model.fintrack_analytics.fct_transactions", "model.fintrack_analytics.int_transactions_enrichies", "model.fintrack_analytics.mart_budget_vs_reel", "model.fintrack_analytics.mart_solde_mensuel", "model.fintrack_analytics.mart_top_depenses", "model.fintrack_analytics.stg_budgets", "model.fintrack_analytics.stg_categories", "model.fintrack_analytics.stg_comptes", "model.fintrack_analytics.stg_transactions", "snapshot.fintrack_analytics.snapshot_comptes"}
19:03:14.651148 [info ]: Started building task graph
19:03:14.651368 [info ]: Finished building task graph [  0.00s]
19:03:14.661759 [info ]: Started rendering (12 nodes)
19:03:14.661805 [info ]: Started snapshot snapshots.snapshot_comptes
19:03:14.661815 [debug]: Started rendering snapshot snapshots.snapshot_comptes
19:03:14.661841 [info ]: Started model staging_marts.mart_top_depenses
19:03:14.661851 [debug]: Started rendering model staging_marts.mart_top_depenses
19:03:14.661861 [info ]: Started model staging_marts.mart_solde_mensuel
19:03:14.661867 [debug]: Started rendering model staging_marts.mart_solde_mensuel
19:03:14.661877 [info ]: Started model staging_marts.mart_budget_vs_reel
19:03:14.661878 [info ]: Finished loading project [  0.11s]
19:03:14.661888 [debug]: Started rendering model staging_marts.mart_budget_vs_reel
19:03:14.661911 [info ]: Started model staging.stg_budgets
19:03:14.661978 [debug]: Started rendering model staging.stg_budgets
19:03:14.662048 [info ]: Started model staging.int_transactions_enrichies
19:03:14.662070 [debug]: Started rendering model staging.int_transactions_enrichies
19:03:14.662100 [info ]: Started model staging.stg_transactions
19:03:14.662118 [debug]: Started rendering model staging.stg_transactions
19:03:14.662143 [info ]: Started model staging_marts.dim_comptes
19:03:14.662158 [debug]: Started rendering model staging_marts.dim_comptes
19:03:14.662184 [info ]: Started model staging.stg_comptes
19:03:14.662198 [debug]: Started rendering model staging.stg_comptes
19:03:14.662226 [info ]: Started model staging_marts.dim_categories
19:03:14.662242 [debug]: Started rendering model staging_marts.dim_categories
19:03:14.662264 [info ]: Started model staging.stg_categories
19:03:14.662279 [debug]: Started rendering model staging.stg_categories
19:03:14.662366 [debug]: Compiled SQL for node model.fintrack_analytics.mart_solde_mensuel at target\.lsp\compiled\fintrack_analytics\models\marts\mart_solde_mensuel.sql
19:03:14.662364 [debug]: Compiled SQL for node snapshot.fintrack_analytics.snapshot_comptes at target\.lsp\compiled\fintrack_analytics\snapshots\snapshot_comptes.sql\snapshot_comptes.sql
19:03:14.662377 [debug]: Compiled SQL for node model.fintrack_analytics.mart_top_depenses at target\.lsp\compiled\fintrack_analytics\models\marts\mart_top_depenses.sql
19:03:14.662379 [debug]: Compiled SQL for node model.fintrack_analytics.mart_budget_vs_reel at target\.lsp\compiled\fintrack_analytics\models\marts\mart_budget_vs_reel.sql
19:03:14.662514 [debug]: Finished rendering [  0.00s] model staging_marts.mart_top_depenses [success]
19:03:14.662547 [info ]: Started analyzing (12 nodes)
19:03:14.662558 [debug]: Started analyzing model staging_marts.mart_top_depenses
19:03:14.662585 [debug]: Finished rendering [  0.00s] model staging_marts.mart_solde_mensuel [success]
19:03:14.662605 [debug]: Started analyzing model staging_marts.mart_solde_mensuel
19:03:14.662627 [debug]: Finished rendering [  0.00s] snapshot snapshots.snapshot_comptes [success]
19:03:14.662657 [debug]: Started analyzing snapshot snapshots.snapshot_comptes
19:03:14.662681 [debug]: Finished rendering [  0.00s] model staging_marts.mart_budget_vs_reel [success]
19:03:14.662699 [debug]: Started analyzing model staging_marts.mart_budget_vs_reel
19:03:14.662758 [debug]: Compiled SQL for node model.fintrack_analytics.stg_budgets at target\.lsp\compiled\fintrack_analytics\models\staging\stg_budgets.sql
19:03:14.662788 [debug]: Compiled SQL for node model.fintrack_analytics.int_transactions_enrichies at target\.lsp\compiled\fintrack_analytics\models\intermediate\int_transactions_enrichies.sql
19:03:14.662847 [debug]: Compiled SQL for node model.fintrack_analytics.stg_transactions at target\.lsp\compiled\fintrack_analytics\models\staging\stg_transactions.sql
19:03:14.662868 [debug]: Compiled SQL for node model.fintrack_analytics.dim_comptes at target\.lsp\compiled\fintrack_analytics\models\marts\dim_comptes.sql
19:03:14.662898 [debug]: Finished analyzing [  0.00s] snapshot snapshots.snapshot_comptes [success]
19:03:14.662915 [info ]:  Succeeded [-------] snapshot snapshots.snapshot_comptes (snapshot)
19:03:14.663031 [debug]: Finished rendering [  0.00s] model staging.stg_budgets [success]
19:03:14.663060 [debug]: Started analyzing model staging.stg_budgets
19:03:14.663127 [debug]: Compiled SQL for node model.fintrack_analytics.dim_categories at target\.lsp\compiled\fintrack_analytics\models\marts\dim_categories.sql
19:03:14.663133 [debug]: Compiled SQL for node model.fintrack_analytics.stg_comptes at target\.lsp\compiled\fintrack_analytics\models\staging\stg_comptes.sql
19:03:14.663181 [debug]: Compiled SQL for node model.fintrack_analytics.stg_categories at target\.lsp\compiled\fintrack_analytics\models\staging\stg_categories.sql
19:03:14.663239 [debug]: Finished rendering [  0.00s] model staging.int_transactions_enrichies [success]
19:03:14.663271 [info ]: Started model staging_marts.fct_transactions
19:03:14.663285 [debug]: Started rendering model staging_marts.fct_transactions
19:03:14.663303 [debug]: Started analyzing model staging.int_transactions_enrichies
19:03:14.663322 [debug]: Finished rendering [  0.00s] model staging.stg_transactions [success]
19:03:14.663386 [debug]: Started analyzing model staging.stg_transactions
19:03:14.663427 [debug]: Finished rendering [  0.00s] model staging_marts.dim_comptes [success]
19:03:14.663449 [debug]: Started analyzing model staging_marts.dim_comptes
19:03:14.663472 [debug]: Finished analyzing [  0.00s] model staging.stg_budgets [success]
19:03:14.663487 [info ]:  Succeeded [  0.00s] model staging.stg_budgets (view)
19:03:14.663511 [debug]: Finished rendering [  0.00s] model staging_marts.dim_categories [success]
19:03:14.663527 [debug]: Started analyzing model staging_marts.dim_categories
19:03:14.663545 [debug]: Finished rendering [  0.00s] model staging.stg_comptes [success]
19:03:14.663558 [debug]: Started analyzing model staging.stg_comptes
19:03:14.663576 [debug]: Finished analyzing [  0.00s] model staging_marts.mart_top_depenses [success]
19:03:14.663589 [info ]:  Succeeded [  0.00s] model staging_marts.mart_top_depenses (table)
19:03:14.663608 [debug]: Finished rendering [  0.00s] model staging.stg_categories [success]
19:03:14.663624 [debug]: Started analyzing model staging.stg_categories
19:03:14.663754 [debug]: Finished analyzing [  0.00s] model staging_marts.dim_comptes [success]
19:03:14.663774 [info ]:  Succeeded [  0.00s] model staging_marts.dim_comptes (table)
19:03:14.663806 [debug]: Finished analyzing [  0.00s] model staging_marts.dim_categories [success]
19:03:14.663823 [info ]:  Succeeded [  0.00s] model staging_marts.dim_categories (table)
19:03:14.663843 [debug]: Compiled SQL for node model.fintrack_analytics.fct_transactions at target\.lsp\compiled\fintrack_analytics\models\marts\fct_transactions.sql
19:03:14.663919 [debug]: Finished analyzing [  0.00s] model staging.stg_transactions [success]
19:03:14.663938 [info ]:  Succeeded [  0.00s] model staging.stg_transactions (view)
19:03:14.663962 [debug]: Finished analyzing [  0.00s] model staging.stg_comptes [success]
19:03:14.663975 [info ]:  Succeeded [  0.00s] model staging.stg_comptes (view)
19:03:14.664011 [debug]: Finished rendering [  0.00s] model staging_marts.fct_transactions [success]
19:03:14.664026 [info ]: Finished rendering [  0.00s] (12 nodes, 0 skipped, 0 errors)
19:03:14.664042 [debug]: Started analyzing model staging_marts.fct_transactions
19:03:14.664071 [debug]: Finished analyzing [  0.00s] model staging.stg_categories [success]
19:03:14.664084 [info ]:  Succeeded [  0.00s] model staging.stg_categories (view)
19:03:14.664559 [debug]: Finished analyzing [  0.00s] model staging_marts.mart_solde_mensuel [success]
19:03:14.664589 [info ]:  Succeeded [  0.00s] model staging_marts.mart_solde_mensuel (table)
19:03:14.665127 [debug]: Finished analyzing [  0.00s] model staging.int_transactions_enrichies [success]
19:03:14.665150 [info ]:  Succeeded [  0.00s] model staging.int_transactions_enrichies (ephemeral)
19:03:14.665963 [debug]: Finished analyzing [  0.00s] model staging_marts.fct_transactions [success]
19:03:14.665984 [info ]:  Succeeded [  0.00s] model staging_marts.fct_transactions (table)
19:03:14.666861 [debug]: Finished analyzing [  0.00s] model staging_marts.mart_budget_vs_reel [success]
19:03:14.666890 [info ]: Finished analyzing [  0.00s] (12 nodes, 0 skipped, 0 errors)
19:03:14.666906 [info ]:  Succeeded [  0.00s] model staging_marts.mart_budget_vs_reel (table)
19:03:14.671122 [info ]: Started scheduling
19:03:14.671188 [info ]: Finished scheduling [  0.00s]
19:03:14.671302 [info ]: 
==================== Execution Summary =====================
Finished 'compile' successfully for target 'dev' [117ms]
Processed: 11 models | 1 snapshot
Summary: 12 total | 12 success
19:03:14.671564 [info ]: Cached model count updated: 11 models (accurate)
==================== 2026-09-03T19:04:35.527702Z | bb5e743f-7815-419b-b2e2-f7daaa322f5d ====================
19:04:35.527812 [info ]: Started loading project
19:04:35.528587 [info ]: Loading ~/.dbt/profiles.yml
19:04:35.590943 [info ]: Cached model count updated: 11 models (accurate)
19:04:35.591124 [info ]: Finished loading project [  0.06s]
19:04:35.591148 [info ]: 
==================== Execution Summary =====================
Finished 'compile' successfully for target 'dev' [63ms]
==================== 2026-09-03T19:04:36.803906Z | a4e06ebe-4108-4aee-887b-27a9a711929c ====================
19:04:36.803993 [info ]: Started loading project
19:04:36.805267 [info ]: Loading ~/.dbt/profiles.yml
19:04:36.854086 [info ]: Cached model count updated: 11 models (estimate)
19:04:36.854116 [info ]: Cached model count updated: 11 models (accurate)
19:04:36.854173 [info ]: Started scheduling
19:04:36.854351 [info ]: Finished scheduling [  0.00s]
19:04:36.854381 [debug]: Compilation - 12 nodes selected: {"model.fintrack_analytics.dim_categories", "model.fintrack_analytics.dim_comptes", "model.fintrack_analytics.fct_transactions", "model.fintrack_analytics.int_transactions_enrichies", "model.fintrack_analytics.mart_budget_vs_reel", "model.fintrack_analytics.mart_solde_mensuel", "model.fintrack_analytics.mart_top_depenses", "model.fintrack_analytics.stg_budgets", "model.fintrack_analytics.stg_categories", "model.fintrack_analytics.stg_comptes", "model.fintrack_analytics.stg_transactions", "snapshot.fintrack_analytics.snapshot_comptes"}
19:04:36.938126 [info ]: Started building task graph
19:04:36.938317 [info ]: Finished building task graph [  0.00s]
19:04:36.950382 [info ]: Started rendering (12 nodes)
19:04:36.950423 [info ]: Started snapshot snapshots.snapshot_comptes
19:04:36.950442 [debug]: Started rendering snapshot snapshots.snapshot_comptes
19:04:36.950493 [info ]: Started model staging_marts.mart_top_depenses
19:04:36.950509 [debug]: Started rendering model staging_marts.mart_top_depenses
19:04:36.950526 [info ]: Finished loading project [  0.15s]
19:04:36.950532 [info ]: Started model staging_marts.mart_solde_mensuel
19:04:36.950547 [debug]: Started rendering model staging_marts.mart_solde_mensuel
19:04:36.950593 [info ]: Started model staging_marts.mart_budget_vs_reel
19:04:36.950612 [debug]: Started rendering model staging_marts.mart_budget_vs_reel
19:04:36.950640 [info ]: Started model staging.stg_budgets
19:04:36.950654 [debug]: Started rendering model staging.stg_budgets
19:04:36.950677 [info ]: Started model staging.int_transactions_enrichies
19:04:36.950717 [debug]: Started rendering model staging.int_transactions_enrichies
19:04:36.950744 [info ]: Started model staging.stg_transactions
19:04:36.950760 [debug]: Started rendering model staging.stg_transactions
19:04:36.950784 [info ]: Started model staging_marts.dim_comptes
19:04:36.950799 [debug]: Started rendering model staging_marts.dim_comptes
19:04:36.950826 [info ]: Started model staging.stg_comptes
19:04:36.950841 [debug]: Started rendering model staging.stg_comptes
19:04:36.950862 [info ]: Started model staging_marts.dim_categories
19:04:36.950895 [debug]: Started rendering model staging_marts.dim_categories
19:04:36.950927 [info ]: Started model staging.stg_categories
19:04:36.950946 [debug]: Started rendering model staging.stg_categories
19:04:36.951024 [debug]: Compiled SQL for node snapshot.fintrack_analytics.snapshot_comptes at target\.lsp\compiled\fintrack_analytics\snapshots\snapshot_comptes.sql\snapshot_comptes.sql
19:04:36.951175 [debug]: Finished rendering [  0.00s] snapshot snapshots.snapshot_comptes [success]
19:04:36.951224 [info ]: Started analyzing (12 nodes)
19:04:36.951241 [debug]: Started analyzing snapshot snapshots.snapshot_comptes
19:04:36.951463 [debug]: Compiled SQL for node model.fintrack_analytics.mart_solde_mensuel at target\.lsp\compiled\fintrack_analytics\models\marts\mart_solde_mensuel.sql
19:04:36.951510 [debug]: Compiled SQL for node model.fintrack_analytics.mart_top_depenses at target\.lsp\compiled\fintrack_analytics\models\marts\mart_top_depenses.sql
19:04:36.951588 [debug]: Finished analyzing [  0.00s] snapshot snapshots.snapshot_comptes [success]
19:04:36.951612 [info ]:  Succeeded [-------] snapshot snapshots.snapshot_comptes (snapshot)
19:04:36.951767 [debug]: Finished rendering [  0.00s] model staging_marts.mart_solde_mensuel [success]
19:04:36.951794 [debug]: Started analyzing model staging_marts.mart_solde_mensuel
19:04:36.951893 [debug]: Compiled SQL for node model.fintrack_analytics.stg_budgets at target\.lsp\compiled\fintrack_analytics\models\staging\stg_budgets.sql
19:04:36.951868 [debug]: Compiled SQL for node model.fintrack_analytics.mart_budget_vs_reel at target\.lsp\compiled\fintrack_analytics\models\marts\mart_budget_vs_reel.sql
19:04:36.951921 [debug]: Compiled SQL for node model.fintrack_analytics.int_transactions_enrichies at target\.lsp\compiled\fintrack_analytics\models\intermediate\int_transactions_enrichies.sql
19:04:36.952051 [debug]: Started analyzing model staging_marts.mart_top_depenses
19:04:36.952088 [debug]: Started analyzing model staging_marts.mart_budget_vs_reel
19:04:36.952116 [debug]: Started analyzing model staging.stg_budgets
19:04:36.952146 [info ]: Started model staging_marts.fct_transactions
19:04:36.952159 [debug]: Started rendering model staging_marts.fct_transactions
19:04:36.952175 [debug]: Started analyzing model staging.int_transactions_enrichies
19:04:36.952394 [debug]: Compiled SQL for node model.fintrack_analytics.stg_comptes at target\.lsp\compiled\fintrack_analytics\models\staging\stg_comptes.sql
19:04:36.952410 [debug]: Compiled SQL for node model.fintrack_analytics.dim_comptes at target\.lsp\compiled\fintrack_analytics\models\marts\dim_comptes.sql
19:04:36.952480 [debug]: Finished analyzing [  0.00s] model staging_marts.mart_top_depenses [success]
19:04:36.952501 [info ]:  Succeeded [  0.00s] model staging_marts.mart_top_depenses (table)
19:04:36.952542 [debug]: Started analyzing model staging.stg_comptes
19:04:36.952647 [debug]: Started analyzing model staging_marts.dim_comptes
19:04:36.952735 [debug]: Finished analyzing [  0.00s] model staging.stg_comptes [success]
19:04:36.952750 [info ]:  Succeeded [  0.00s] model staging.stg_comptes (view)
19:04:36.952767 [debug]: Compiled SQL for node model.fintrack_analytics.dim_categories at target\.lsp\compiled\fintrack_analytics\models\marts\dim_categories.sql
19:04:36.952834 [debug]: Started analyzing model staging_marts.dim_categories
19:04:36.952838 [debug]: Compiled SQL for node model.fintrack_analytics.stg_categories at target\.lsp\compiled\fintrack_analytics\models\staging\stg_categories.sql
19:04:36.952920 [debug]: Finished analyzing [  0.00s] model staging_marts.dim_comptes [success]
19:04:36.952944 [info ]:  Succeeded [  0.00s] model staging_marts.dim_comptes (table)
19:04:36.952972 [debug]: Finished analyzing [  0.00s] model staging.stg_budgets [success]
19:04:36.952993 [info ]:  Succeeded [  0.00s] model staging.stg_budgets (view)
19:04:36.953020 [debug]: Started analyzing model staging.stg_categories
19:04:36.953053 [debug]: Finished analyzing [  0.00s] model staging_marts.dim_categories [success]
19:04:36.953072 [info ]:  Succeeded [  0.00s] model staging_marts.dim_categories (table)
19:04:36.953262 [debug]: Finished analyzing [  0.00s] model staging.stg_categories [success]
19:04:36.953284 [info ]:  Succeeded [  0.00s] model staging.stg_categories (view)
19:04:36.953415 [debug]: Compiled SQL for node model.fintrack_analytics.fct_transactions at target\.lsp\compiled\fintrack_analytics\models\marts\fct_transactions.sql
19:04:36.953481 [debug]: Started analyzing model staging_marts.fct_transactions
19:04:36.953765 [debug]: Finished rendering [  0.00s] model staging_marts.mart_top_depenses [success]
19:04:36.953802 [debug]: Finished rendering [  0.00s] model staging.stg_budgets [success]
19:04:36.953823 [debug]: Finished rendering [  0.00s] model staging_marts.mart_budget_vs_reel [success]
19:04:36.953871 [debug]: Finished rendering [  0.00s] model staging.int_transactions_enrichies [success]
19:04:36.953889 [debug]: Finished rendering [  0.00s] model staging.stg_comptes [success]
19:04:36.953887 [debug]: Finished analyzing [  0.00s] model staging_marts.mart_solde_mensuel [success]
19:04:36.953909 [debug]: Finished rendering [  0.00s] model staging_marts.dim_comptes [success]
19:04:36.953908 [info ]:  Succeeded [  0.00s] model staging_marts.mart_solde_mensuel (table)
19:04:36.953930 [debug]: Finished rendering [  0.00s] model staging_marts.dim_categories [success]
19:04:36.953957 [debug]: Finished rendering [  0.00s] model staging.stg_categories [success]
19:04:36.953978 [debug]: Finished rendering [  0.00s] model staging_marts.fct_transactions [success]
19:04:36.954429 [debug]: Compiled SQL for node model.fintrack_analytics.stg_transactions at target\.lsp\compiled\fintrack_analytics\models\staging\stg_transactions.sql
19:04:36.954576 [debug]: Finished rendering [  0.00s] model staging.stg_transactions [success]
19:04:36.954601 [info ]: Finished rendering [  0.00s] (12 nodes, 0 skipped, 0 errors)
19:04:36.954653 [debug]: Started analyzing model staging.stg_transactions
19:04:36.954902 [debug]: Finished analyzing [  0.00s] model staging.int_transactions_enrichies [success]
19:04:36.954925 [info ]:  Succeeded [  0.00s] model staging.int_transactions_enrichies (ephemeral)
19:04:36.955358 [debug]: Finished analyzing [  0.00s] model staging.stg_transactions [success]
19:04:36.955385 [info ]:  Succeeded [  0.00s] model staging.stg_transactions (view)
19:04:36.956135 [debug]: Finished analyzing [  0.00s] model staging_marts.fct_transactions [success]
19:04:36.956167 [info ]:  Succeeded [  0.00s] model staging_marts.fct_transactions (table)
19:04:36.957010 [debug]: Finished analyzing [  0.00s] model staging_marts.mart_budget_vs_reel [success]
19:04:36.957048 [info ]: Finished analyzing [  0.01s] (12 nodes, 0 skipped, 0 errors)
19:04:36.957068 [info ]:  Succeeded [  0.01s] model staging_marts.mart_budget_vs_reel (table)
19:04:36.963137 [info ]: Started scheduling
19:04:36.963241 [info ]: Finished scheduling [  0.00s]
19:04:36.963402 [info ]: 
==================== Execution Summary =====================
Finished 'compile' successfully for target 'dev' [159ms]
Processed: 11 models | 1 snapshot
Summary: 12 total | 12 success
19:04:36.963802 [info ]: Cached model count updated: 11 models (accurate)
==================== 2026-09-03T19:24:48.331481Z | d7f815fd-8ffc-4392-9c37-f963388877f2 ====================
19:24:48.331668 [info ]: Started loading project
19:24:48.333134 [info ]: Loading ~/.dbt/profiles.yml
19:24:48.392564 [info ]: Cached model count updated: 11 models (accurate)
19:24:48.392587 [info ]: Finished loading project [  0.06s]
19:24:48.392614 [info ]: 
==================== Execution Summary =====================
Finished 'compile' successfully for target 'dev' [61ms]
==================== 2026-09-03T19:24:50.069079Z | 2f8c9cc4-a783-4498-b58f-11ecde237f8b ====================
19:24:50.069134 [info ]: Started loading project
19:24:50.069810 [info ]: Loading ~/.dbt/profiles.yml
19:24:50.107029 [info ]: Cached model count updated: 11 models (estimate)
19:24:50.107054 [info ]: Cached model count updated: 11 models (accurate)
19:24:50.107100 [info ]: Started scheduling
19:24:50.107273 [info ]: Finished scheduling [  0.00s]
19:24:50.107298 [debug]: Compilation - 12 nodes selected: {"model.fintrack_analytics.dim_categories", "model.fintrack_analytics.dim_comptes", "model.fintrack_analytics.fct_transactions", "model.fintrack_analytics.int_transactions_enrichies", "model.fintrack_analytics.mart_budget_vs_reel", "model.fintrack_analytics.mart_solde_mensuel", "model.fintrack_analytics.mart_top_depenses", "model.fintrack_analytics.stg_budgets", "model.fintrack_analytics.stg_categories", "model.fintrack_analytics.stg_comptes", "model.fintrack_analytics.stg_transactions", "snapshot.fintrack_analytics.snapshot_comptes"}
19:24:50.167478 [info ]: Started building task graph
19:24:50.167628 [info ]: Finished building task graph [  0.00s]
19:24:50.176190 [info ]: Started rendering (12 nodes)
19:24:50.176222 [info ]: Started snapshot snapshots.snapshot_comptes
19:24:50.176232 [debug]: Started rendering snapshot snapshots.snapshot_comptes
19:24:50.176277 [info ]: Started model staging_marts.mart_top_depenses
19:24:50.176284 [debug]: Started rendering model staging_marts.mart_top_depenses
19:24:50.176295 [info ]: Started model staging_marts.mart_solde_mensuel
19:24:50.176301 [debug]: Started rendering model staging_marts.mart_solde_mensuel
19:24:50.176310 [info ]: Started model staging_marts.mart_budget_vs_reel
19:24:50.176316 [debug]: Started rendering model staging_marts.mart_budget_vs_reel
19:24:50.176316 [info ]: Finished loading project [  0.11s]
19:24:50.176326 [info ]: Started model staging.stg_budgets
19:24:50.176332 [debug]: Started rendering model staging.stg_budgets
19:24:50.176341 [info ]: Started model staging.int_transactions_enrichies
19:24:50.176352 [debug]: Started rendering model staging.int_transactions_enrichies
19:24:50.176362 [info ]: Started model staging.stg_transactions
19:24:50.176378 [debug]: Started rendering model staging.stg_transactions
19:24:50.176407 [info ]: Started model staging_marts.dim_comptes
19:24:50.176424 [debug]: Started rendering model staging_marts.dim_comptes
19:24:50.176443 [info ]: Started model staging.stg_comptes
19:24:50.176454 [debug]: Started rendering model staging.stg_comptes
19:24:50.176476 [info ]: Started model staging_marts.dim_categories
19:24:50.176488 [debug]: Started rendering model staging_marts.dim_categories
19:24:50.176504 [info ]: Started model staging.stg_categories
19:24:50.176517 [debug]: Started rendering model staging.stg_categories
19:24:50.177564 [debug]: Compiled SQL for node model.fintrack_analytics.stg_categories at target\.lsp\compiled\fintrack_analytics\models\staging\stg_categories.sql
19:24:50.177566 [debug]: Compiled SQL for node snapshot.fintrack_analytics.snapshot_comptes at target\.lsp\compiled\fintrack_analytics\snapshots\snapshot_comptes.sql\snapshot_comptes.sql
19:24:50.177564 [debug]: Compiled SQL for node model.fintrack_analytics.mart_budget_vs_reel at target\.lsp\compiled\fintrack_analytics\models\marts\mart_budget_vs_reel.sql
19:24:50.177584 [debug]: Compiled SQL for node model.fintrack_analytics.mart_top_depenses at target\.lsp\compiled\fintrack_analytics\models\marts\mart_top_depenses.sql
19:24:50.177587 [debug]: Compiled SQL for node model.fintrack_analytics.int_transactions_enrichies at target\.lsp\compiled\fintrack_analytics\models\intermediate\int_transactions_enrichies.sql
19:24:50.177612 [debug]: Compiled SQL for node model.fintrack_analytics.stg_comptes at target\.lsp\compiled\fintrack_analytics\models\staging\stg_comptes.sql
19:24:50.177675 [debug]: Compiled SQL for node model.fintrack_analytics.mart_solde_mensuel at target\.lsp\compiled\fintrack_analytics\models\marts\mart_solde_mensuel.sql
19:24:50.177759 [debug]: Finished rendering [  0.00s] model staging.int_transactions_enrichies [success]
19:24:50.177896 [debug]: Compiled SQL for node model.fintrack_analytics.dim_comptes at target\.lsp\compiled\fintrack_analytics\models\marts\dim_comptes.sql
19:24:50.177921 [info ]: Started model staging_marts.fct_transactions
19:24:50.177940 [debug]: Started rendering model staging_marts.fct_transactions
19:24:50.177970 [debug]: Compiled SQL for node model.fintrack_analytics.stg_budgets at target\.lsp\compiled\fintrack_analytics\models\staging\stg_budgets.sql
19:24:50.177977 [info ]: Started analyzing (12 nodes)
19:24:50.177987 [debug]: Started analyzing model staging.int_transactions_enrichies
19:24:50.177998 [debug]: Compiled SQL for node model.fintrack_analytics.dim_categories at target\.lsp\compiled\fintrack_analytics\models\marts\dim_categories.sql
19:24:50.178008 [debug]: Compiled SQL for node model.fintrack_analytics.stg_transactions at target\.lsp\compiled\fintrack_analytics\models\staging\stg_transactions.sql
19:24:50.178016 [debug]: Finished rendering [  0.00s] snapshot snapshots.snapshot_comptes [success]
19:24:50.178048 [debug]: Started analyzing snapshot snapshots.snapshot_comptes
19:24:50.178076 [debug]: Finished rendering [  0.00s] model staging_marts.mart_top_depenses [success]
19:24:50.178097 [debug]: Started analyzing model staging_marts.mart_top_depenses
19:24:50.178122 [debug]: Finished rendering [  0.00s] model staging.stg_categories [success]
19:24:50.178136 [debug]: Started analyzing model staging.stg_categories
19:24:50.178159 [debug]: Finished rendering [  0.00s] model staging_marts.mart_budget_vs_reel [success]
19:24:50.178172 [debug]: Started analyzing model staging_marts.mart_budget_vs_reel
19:24:50.178187 [debug]: Finished rendering [  0.00s] model staging.stg_comptes [success]
19:24:50.178198 [debug]: Started analyzing model staging.stg_comptes
19:24:50.178211 [debug]: Finished rendering [  0.00s] model staging_marts.dim_comptes [success]
19:24:50.178222 [debug]: Started analyzing model staging_marts.dim_comptes
19:24:50.178237 [debug]: Finished rendering [  0.00s] model staging_marts.mart_solde_mensuel [success]
19:24:50.178248 [debug]: Started analyzing model staging_marts.mart_solde_mensuel
19:24:50.178262 [debug]: Finished rendering [  0.00s] model staging.stg_budgets [success]
19:24:50.178273 [debug]: Started analyzing model staging.stg_budgets
19:24:50.178288 [debug]: Finished rendering [  0.00s] model staging_marts.dim_categories [success]
19:24:50.178301 [debug]: Started analyzing model staging_marts.dim_categories
19:24:50.178315 [debug]: Finished rendering [  0.00s] model staging.stg_transactions [success]
19:24:50.178327 [debug]: Started analyzing model staging.stg_transactions
19:24:50.178382 [debug]: Compiled SQL for node model.fintrack_analytics.fct_transactions at target\.lsp\compiled\fintrack_analytics\models\marts\fct_transactions.sql
19:24:50.178379 [debug]: Finished analyzing [  0.00s] snapshot snapshots.snapshot_comptes [success]
19:24:50.178417 [info ]:  Succeeded [  0.00s] snapshot snapshots.snapshot_comptes (snapshot)
19:24:50.178448 [debug]: Finished analyzing [  0.00s] model staging.stg_categories [success]
19:24:50.178459 [info ]:  Succeeded [  0.00s] model staging.stg_categories (view)
19:24:50.178480 [debug]: Finished rendering [  0.00s] model staging_marts.fct_transactions [success]
19:24:50.178490 [info ]: Finished rendering [  0.00s] (12 nodes, 0 skipped, 0 errors)
19:24:50.178506 [debug]: Started analyzing model staging_marts.fct_transactions
19:24:50.178551 [debug]: Finished analyzing [  0.00s] model staging_marts.mart_top_depenses [success]
19:24:50.178571 [info ]:  Succeeded [  0.00s] model staging_marts.mart_top_depenses (table)
19:24:50.178810 [debug]: Finished analyzing [  0.00s] model staging.stg_budgets [success]
19:24:50.178832 [info ]:  Succeeded [  0.00s] model staging.stg_budgets (view)
19:24:50.178992 [debug]: Finished analyzing [  0.00s] model staging_marts.dim_categories [success]
19:24:50.179009 [info ]:  Succeeded [  0.00s] model staging_marts.dim_categories (table)
19:24:50.179387 [debug]: Finished analyzing [  0.00s] model staging.stg_comptes [success]
19:24:50.179412 [info ]:  Succeeded [  0.00s] model staging.stg_comptes (view)
19:24:50.179464 [debug]: Finished analyzing [  0.00s] model staging.stg_transactions [success]
19:24:50.179481 [info ]:  Succeeded [  0.00s] model staging.stg_transactions (view)
19:24:50.179811 [debug]: Finished analyzing [  0.00s] model staging_marts.dim_comptes [success]
19:24:50.179836 [info ]:  Succeeded [  0.00s] model staging_marts.dim_comptes (table)
19:24:50.180449 [debug]: Finished analyzing [  0.00s] model staging_marts.mart_solde_mensuel [success]
19:24:50.180474 [info ]:  Succeeded [  0.00s] model staging_marts.mart_solde_mensuel (table)
19:24:50.180722 [debug]: Finished analyzing [  0.00s] model staging.int_transactions_enrichies [success]
19:24:50.180792 [info ]:  Succeeded [  0.00s] model staging.int_transactions_enrichies (ephemeral)
19:24:50.180868 [debug]: Finished analyzing [  0.00s] model staging_marts.fct_transactions [success]
19:24:50.180896 [info ]:  Succeeded [  0.00s] model staging_marts.fct_transactions (table)
19:24:50.182517 [debug]: Finished analyzing [  0.00s] model staging_marts.mart_budget_vs_reel [success]
19:24:50.182541 [info ]: Finished analyzing [  0.00s] (12 nodes, 0 skipped, 0 errors)
19:24:50.182550 [info ]:  Succeeded [  0.01s] model staging_marts.mart_budget_vs_reel (table)
19:24:50.185985 [info ]: Started scheduling
19:24:50.186066 [info ]: Finished scheduling [  0.00s]
19:24:50.186176 [info ]: 
==================== Execution Summary =====================
Finished 'compile' successfully for target 'dev' [117ms]
Processed: 11 models | 1 snapshot
Summary: 12 total | 12 success
19:24:50.186518 [info ]: Cached model count updated: 11 models (accurate)
==================== 2026-09-03T20:24:29.725881Z | a73b8cc9-416b-4dd2-aae0-19ae20c2507b ====================
20:24:29.726138 [info ]: Started loading project
20:24:29.727797 [info ]: Loading ~/.dbt/profiles.yml
20:24:29.882016 [info ]: Cached model count updated: 11 models (accurate)
20:24:29.882013 [info ]: Finished loading project [  0.16s]
20:24:29.882085 [info ]: 
==================== Execution Summary =====================
Finished 'compile' successfully for target 'dev' [156ms]
==================== 2026-09-03T20:24:31.535581Z | 257d8a54-5d6f-4dc8-ba00-62606e6262ab ====================
20:24:31.535843 [info ]: Started loading project
20:24:31.537079 [info ]: Loading ~/.dbt/profiles.yml
20:24:31.591118 [info ]: Cached model count updated: 11 models (estimate)
20:24:31.591142 [info ]: Cached model count updated: 11 models (accurate)
20:24:31.591182 [info ]: Started scheduling
20:24:31.591419 [info ]: Finished scheduling [  0.00s]
20:24:31.591443 [debug]: Compilation - 12 nodes selected: {"model.fintrack_analytics.dim_categories", "model.fintrack_analytics.dim_comptes", "model.fintrack_analytics.fct_transactions", "model.fintrack_analytics.int_transactions_enrichies", "model.fintrack_analytics.mart_budget_vs_reel", "model.fintrack_analytics.mart_solde_mensuel", "model.fintrack_analytics.mart_top_depenses", "model.fintrack_analytics.stg_budgets", "model.fintrack_analytics.stg_categories", "model.fintrack_analytics.stg_comptes", "model.fintrack_analytics.stg_transactions", "snapshot.fintrack_analytics.snapshot_comptes"}
20:24:32.044465 [info ]: Started building task graph
20:24:32.044611 [info ]: Finished building task graph [  0.00s]
20:24:32.057639 [info ]: Started rendering (12 nodes)
20:24:32.057685 [info ]: Started snapshot snapshots.snapshot_comptes
20:24:32.057734 [debug]: Started rendering snapshot snapshots.snapshot_comptes
20:24:32.057811 [info ]: Started model staging_marts.mart_top_depenses
20:24:32.057823 [debug]: Started rendering model staging_marts.mart_top_depenses
20:24:32.057860 [info ]: Started model staging_marts.mart_solde_mensuel
20:24:32.057865 [debug]: Started rendering model staging_marts.mart_solde_mensuel
20:24:32.057876 [info ]: Started model staging_marts.mart_budget_vs_reel
20:24:32.057882 [debug]: Started rendering model staging_marts.mart_budget_vs_reel
20:24:32.057891 [info ]: Started model staging.stg_budgets
20:24:32.057897 [debug]: Started rendering model staging.stg_budgets
20:24:32.057910 [info ]: Finished loading project [  0.52s]
20:24:32.057929 [info ]: Started model staging.int_transactions_enrichies
20:24:32.057936 [debug]: Started rendering model staging.int_transactions_enrichies
20:24:32.057954 [info ]: Started model staging.stg_transactions
20:24:32.057974 [debug]: Started rendering model staging.stg_transactions
20:24:32.058081 [info ]: Started model staging_marts.dim_comptes
20:24:32.058105 [debug]: Started rendering model staging_marts.dim_comptes
20:24:32.058152 [info ]: Started model staging.stg_comptes
20:24:32.058172 [debug]: Started rendering model staging.stg_comptes
20:24:32.058206 [info ]: Started model staging_marts.dim_categories
20:24:32.058220 [debug]: Started rendering model staging_marts.dim_categories
20:24:32.058310 [info ]: Started model staging.stg_categories
20:24:32.058401 [debug]: Started rendering model staging.stg_categories
20:24:32.073245 [debug]: Compiled SQL for node model.fintrack_analytics.mart_budget_vs_reel at target\.lsp\compiled\fintrack_analytics\models\marts\mart_budget_vs_reel.sql
20:24:32.074842 [debug]: Compiled SQL for node model.fintrack_analytics.mart_solde_mensuel at target\.lsp\compiled\fintrack_analytics\models\marts\mart_solde_mensuel.sql
20:24:32.079746 [debug]: Finished rendering [  0.02s] model staging_marts.mart_budget_vs_reel [success]
20:24:32.079838 [info ]: Started analyzing (12 nodes)
20:24:32.079883 [debug]: Started analyzing model staging_marts.mart_budget_vs_reel
20:24:32.079950 [debug]: Finished rendering [  0.02s] model staging_marts.mart_solde_mensuel [success]
20:24:32.080124 [debug]: Started analyzing model staging_marts.mart_solde_mensuel
20:24:32.085536 [debug]: Compiled SQL for node snapshot.fintrack_analytics.snapshot_comptes at target\.lsp\compiled\fintrack_analytics\snapshots\snapshot_comptes.sql\snapshot_comptes.sql
20:24:32.085570 [debug]: Compiled SQL for node model.fintrack_analytics.stg_budgets at target\.lsp\compiled\fintrack_analytics\models\staging\stg_budgets.sql
20:24:32.085990 [debug]: Finished rendering [  0.03s] snapshot snapshots.snapshot_comptes [success]
20:24:32.086069 [debug]: Started analyzing snapshot snapshots.snapshot_comptes
20:24:32.086480 [debug]: Finished analyzing [  0.00s] snapshot snapshots.snapshot_comptes [success]
20:24:32.086502 [info ]:  Succeeded [  0.03s] snapshot snapshots.snapshot_comptes (snapshot)
20:24:32.086648 [debug]: Finished rendering [  0.03s] model staging.stg_budgets [success]
20:24:32.086674 [debug]: Started analyzing model staging.stg_budgets
20:24:32.086931 [debug]: Compiled SQL for node model.fintrack_analytics.mart_top_depenses at target\.lsp\compiled\fintrack_analytics\models\marts\mart_top_depenses.sql
20:24:32.087173 [debug]: Finished analyzing [  0.00s] model staging.stg_budgets [success]
20:24:32.087199 [info ]:  Succeeded [  0.03s] model staging.stg_budgets (view)
20:24:32.087302 [debug]: Finished rendering [  0.03s] model staging_marts.mart_top_depenses [success]
20:24:32.087325 [debug]: Started analyzing model staging_marts.mart_top_depenses
20:24:32.087406 [debug]: Compiled SQL for node model.fintrack_analytics.stg_comptes at target\.lsp\compiled\fintrack_analytics\models\staging\stg_comptes.sql
20:24:32.087721 [debug]: Compiled SQL for node model.fintrack_analytics.stg_transactions at target\.lsp\compiled\fintrack_analytics\models\staging\stg_transactions.sql
20:24:32.087855 [debug]: Finished rendering [  0.03s] model staging.stg_comptes [success]
20:24:32.087882 [debug]: Started analyzing model staging.stg_comptes
20:24:32.088188 [debug]: Finished analyzing [  0.00s] model staging_marts.mart_top_depenses [success]
20:24:32.088208 [info ]:  Succeeded [  0.03s] model staging_marts.mart_top_depenses (table)
20:24:32.088237 [debug]: Finished analyzing [  0.00s] model staging.stg_comptes [success]
20:24:32.088251 [info ]:  Succeeded [  0.03s] model staging.stg_comptes (view)
20:24:32.088284 [debug]: Finished rendering [  0.03s] model staging.stg_transactions [success]
20:24:32.088303 [debug]: Started analyzing model staging.stg_transactions
20:24:32.089281 [debug]: Finished analyzing [  0.00s] model staging.stg_transactions [success]
20:24:32.089313 [info ]:  Succeeded [  0.03s] model staging.stg_transactions (view)
20:24:32.090653 [debug]: Compiled SQL for node model.fintrack_analytics.int_transactions_enrichies at target\.lsp\compiled\fintrack_analytics\models\intermediate\int_transactions_enrichies.sql
20:24:32.090786 [debug]: Finished rendering [  0.03s] model staging.int_transactions_enrichies [success]
20:24:32.090827 [debug]: Started analyzing model staging.int_transactions_enrichies
20:24:32.090868 [info ]: Started model staging_marts.fct_transactions
20:24:32.090903 [debug]: Started rendering model staging_marts.fct_transactions
20:24:32.091606 [debug]: Finished analyzing [  0.01s] model staging_marts.mart_solde_mensuel [success]
20:24:32.091657 [info ]:  Succeeded [  0.03s] model staging_marts.mart_solde_mensuel (table)
20:24:32.091880 [debug]: Compiled SQL for node model.fintrack_analytics.dim_comptes at target\.lsp\compiled\fintrack_analytics\models\marts\dim_comptes.sql
20:24:32.091987 [debug]: Finished rendering [  0.03s] model staging_marts.dim_comptes [success]
20:24:32.092034 [debug]: Started analyzing model staging_marts.dim_comptes
20:24:32.092613 [debug]: Finished analyzing [  0.00s] model staging_marts.dim_comptes [success]
20:24:32.092647 [info ]:  Succeeded [  0.03s] model staging_marts.dim_comptes (table)
20:24:32.092809 [debug]: Finished analyzing [  0.01s] model staging_marts.mart_budget_vs_reel [success]
20:24:32.092836 [info ]:  Succeeded [  0.03s] model staging_marts.mart_budget_vs_reel (table)
20:24:32.093646 [debug]: Compiled SQL for node model.fintrack_analytics.dim_categories at target\.lsp\compiled\fintrack_analytics\models\marts\dim_categories.sql
20:24:32.093710 [debug]: Finished analyzing [  0.00s] model staging.int_transactions_enrichies [success]
20:24:32.093742 [info ]:  Succeeded [  0.03s] model staging.int_transactions_enrichies (ephemeral)
20:24:32.093783 [debug]: Finished rendering [  0.04s] model staging_marts.dim_categories [success]
20:24:32.093813 [debug]: Started analyzing model staging_marts.dim_categories
20:24:32.094067 [debug]: Finished analyzing [  0.00s] model staging_marts.dim_categories [success]
20:24:32.094114 [info ]:  Succeeded [  0.04s] model staging_marts.dim_categories (table)
20:24:32.094999 [debug]: Compiled SQL for node model.fintrack_analytics.stg_categories at target\.lsp\compiled\fintrack_analytics\models\staging\stg_categories.sql
20:24:32.095129 [debug]: Finished rendering [  0.04s] model staging.stg_categories [success]
20:24:32.095222 [debug]: Started analyzing model staging.stg_categories
20:24:32.095690 [debug]: Finished analyzing [  0.00s] model staging.stg_categories [success]
20:24:32.095713 [info ]:  Succeeded [  0.04s] model staging.stg_categories (view)
20:24:32.107699 [debug]: Compiled SQL for node model.fintrack_analytics.fct_transactions at target\.lsp\compiled\fintrack_analytics\models\marts\fct_transactions.sql
20:24:32.107834 [debug]: Finished rendering [  0.02s] model staging_marts.fct_transactions [success]
20:24:32.107856 [info ]: Finished rendering [  0.05s] (12 nodes, 0 skipped, 0 errors)
20:24:32.107880 [debug]: Started analyzing model staging_marts.fct_transactions
20:24:32.109867 [debug]: Finished analyzing [  0.00s] model staging_marts.fct_transactions [success]
20:24:32.109901 [info ]: Finished analyzing [  0.03s] (12 nodes, 0 skipped, 0 errors)
20:24:32.109910 [info ]:  Succeeded [  0.02s] model staging_marts.fct_transactions (table)
20:24:32.116536 [info ]: Started scheduling
20:24:32.116668 [info ]: Finished scheduling [  0.00s]
20:24:32.117028 [info ]: 
==================== Execution Summary =====================
Finished 'compile' successfully for target 'dev' [581ms]
Processed: 11 models | 1 snapshot
Summary: 12 total | 12 success
20:24:32.118139 [info ]: Cached model count updated: 11 models (accurate)
==================== 2026-09-03T20:25:42.955783Z | 90a8e832-bd99-4560-b069-219ccc6cb4d6 ====================
20:25:42.955847 [info ]: Started loading project
20:25:42.956594 [info ]: Loading ~/.dbt/profiles.yml
20:25:42.982489 [info ]: Started parsing
20:25:43.075033 [info ]: Finished loading project [  0.12s]
20:25:43.080610 [debug]: Finished parsing models/marts/_marts_schema.yml [  0.00s]
20:25:43.087805 [debug]: Finished parsing snapshots\snapshot_comptes.sql [  0.01s]
20:25:43.096675 [debug]: Finished parsing models/marts/dim_categories.sql [  0.01s]
20:25:43.102432 [debug]: Finished parsing models/marts/dim_comptes.sql [  0.01s]
20:25:43.111257 [debug]: Finished parsing models/marts/fct_transactions.sql [  0.01s]
20:25:43.112076 [debug]: Finished parsing models/marts/mart_budget_vs_reel.sql [  0.00s]
20:25:43.118712 [debug]: Finished parsing models/marts/mart_solde_mensuel.sql [  0.01s]
20:25:43.127197 [debug]: Finished parsing models/marts/mart_top_depenses.sql [  0.01s]
20:25:43.323446 [info ]: Finished parsing [  0.34s]
20:25:43.328750 [info ]: Cached model count updated: 11 models (estimate)
20:25:43.328769 [info ]: Cached model count updated: 11 models (accurate)
20:25:43.328808 [info ]: Started scheduling
20:25:43.328978 [info ]: Finished scheduling [  0.00s]
20:25:43.328997 [debug]: Compilation - 9 nodes selected: {"model.fintrack_analytics.dim_categories", "model.fintrack_analytics.dim_comptes", "model.fintrack_analytics.fct_transactions", "model.fintrack_analytics.int_transactions_enrichies", "model.fintrack_analytics.mart_budget_vs_reel", "model.fintrack_analytics.stg_budgets", "model.fintrack_analytics.stg_categories", "model.fintrack_analytics.stg_comptes", "model.fintrack_analytics.stg_transactions"}
20:25:43.395947 [info ]: Started building task graph
20:25:43.396093 [info ]: Finished building task graph [  0.00s]
20:25:43.406141 [info ]: Started rendering (9 nodes)
20:25:43.406181 [info ]: Started model staging_marts.mart_budget_vs_reel
20:25:43.406201 [debug]: Started rendering model staging_marts.mart_budget_vs_reel
20:25:43.406241 [info ]: Started model staging.stg_budgets
20:25:43.406297 [debug]: Started rendering model staging.stg_budgets
20:25:43.406349 [info ]: Started model staging.int_transactions_enrichies
20:25:43.406378 [debug]: Started rendering model staging.int_transactions_enrichies
20:25:43.406447 [info ]: Started model staging.stg_transactions
20:25:43.406477 [debug]: Started rendering model staging.stg_transactions
20:25:43.406522 [info ]: Started model staging_marts.dim_comptes
20:25:43.406550 [debug]: Started rendering model staging_marts.dim_comptes
20:25:43.406694 [info ]: Started model staging.stg_comptes
20:25:43.406720 [debug]: Started rendering model staging.stg_comptes
20:25:43.406919 [info ]: Started model staging_marts.dim_categories
20:25:43.406979 [debug]: Started rendering model staging_marts.dim_categories
20:25:43.407075 [debug]: Compiled SQL for node model.fintrack_analytics.stg_budgets at target\.lsp\compiled\fintrack_analytics\models\staging\stg_budgets.sql
20:25:43.407088 [info ]: Started model staging.stg_categories
20:25:43.407238 [debug]: Compiled SQL for node model.fintrack_analytics.int_transactions_enrichies at target\.lsp\compiled\fintrack_analytics\models\intermediate\int_transactions_enrichies.sql
20:25:43.407611 [debug]: Compiled SQL for node model.fintrack_analytics.stg_transactions at target\.lsp\compiled\fintrack_analytics\models\staging\stg_transactions.sql
20:25:43.407780 [debug]: Compiled SQL for node model.fintrack_analytics.stg_comptes at target\.lsp\compiled\fintrack_analytics\models\staging\stg_comptes.sql
20:25:43.407801 [debug]: Compiled SQL for node model.fintrack_analytics.dim_comptes at target\.lsp\compiled\fintrack_analytics\models\marts\dim_comptes.sql
20:25:43.407928 [debug]: Started rendering model staging.stg_categories
20:25:43.408029 [debug]: Finished rendering [  0.00s] model staging.stg_budgets [success]
20:25:43.408109 [info ]: Started analyzing (9 nodes)
20:25:43.408121 [debug]: Started analyzing model staging.stg_budgets
20:25:43.408174 [debug]: Finished rendering [  0.00s] model staging.int_transactions_enrichies [success]
20:25:43.408206 [info ]: Started model staging_marts.fct_transactions
20:25:43.408222 [debug]: Started rendering model staging_marts.fct_transactions
20:25:43.408245 [debug]: Compiled SQL for node model.fintrack_analytics.dim_categories at target\.lsp\compiled\fintrack_analytics\models\marts\dim_categories.sql
20:25:43.408616 [debug]: Compiled SQL for node model.fintrack_analytics.stg_categories at target\.lsp\compiled\fintrack_analytics\models\staging\stg_categories.sql
20:25:43.408273 [debug]: Started analyzing model staging.int_transactions_enrichies
20:25:43.408819 [debug]: Compiled SQL for node model.fintrack_analytics.fct_transactions at target\.lsp\compiled\fintrack_analytics\models\marts\fct_transactions.sql
20:25:43.408906 [debug]: Compiled SQL for node model.fintrack_analytics.mart_budget_vs_reel at target\.lsp\compiled\fintrack_analytics\models\marts\mart_budget_vs_reel.sql
20:25:43.408960 [debug]: Finished rendering [  0.00s] model staging.stg_transactions [success]
20:25:43.409050 [debug]: Started analyzing model staging.stg_transactions
20:25:43.409149 [debug]: Finished rendering [  0.00s] model staging.stg_comptes [success]
20:25:43.409205 [debug]: Started analyzing model staging.stg_comptes
20:25:43.409279 [debug]: Finished rendering [  0.00s] model staging_marts.dim_comptes [success]
20:25:43.409315 [debug]: Started analyzing model staging_marts.dim_comptes
20:25:43.409371 [debug]: Finished rendering [  0.00s] model staging_marts.dim_categories [success]
20:25:43.409412 [debug]: Started analyzing model staging_marts.dim_categories
20:25:43.409455 [debug]: Finished analyzing [  0.00s] model staging.stg_budgets [success]
20:25:43.409474 [info ]:  Succeeded [  0.00s] model staging.stg_budgets (view)
20:25:43.409502 [debug]: Finished rendering [  0.00s] model staging.stg_categories [success]
20:25:43.409535 [debug]: Started analyzing model staging.stg_categories
20:25:43.409560 [debug]: Finished rendering [  0.00s] model staging_marts.fct_transactions [success]
20:25:43.409601 [debug]: Started analyzing model staging_marts.fct_transactions
20:25:43.409637 [debug]: Finished rendering [  0.00s] model staging_marts.mart_budget_vs_reel [success]
20:25:43.409653 [info ]: Finished rendering [  0.00s] (9 nodes, 0 skipped, 0 errors)
20:25:43.409686 [debug]: Started analyzing model staging_marts.mart_budget_vs_reel
20:25:43.409715 [debug]: Finished analyzing [  0.00s] model staging.stg_comptes [success]
20:25:43.409733 [info ]:  Succeeded [  0.00s] model staging.stg_comptes (view)
20:25:43.409758 [debug]: Finished analyzing [  0.00s] model staging_marts.dim_comptes [success]
20:25:43.409771 [info ]:  Succeeded [  0.00s] model staging_marts.dim_comptes (table)
20:25:43.409792 [debug]: Finished analyzing [  0.00s] model staging_marts.dim_categories [success]
20:25:43.409805 [info ]:  Succeeded [  0.00s] model staging_marts.dim_categories (table)
20:25:43.409824 [debug]: Finished analyzing [  0.00s] model staging.stg_transactions [success]
20:25:43.409835 [info ]:  Succeeded [  0.00s] model staging.stg_transactions (view)
20:25:43.409854 [debug]: Finished analyzing [  0.00s] model staging.stg_categories [success]
20:25:43.409865 [info ]:  Succeeded [  0.00s] model staging.stg_categories (view)
20:25:43.412245 [debug]: Finished analyzing [  0.00s] model staging.int_transactions_enrichies [success]
20:25:43.412288 [info ]:  Succeeded [  0.00s] model staging.int_transactions_enrichies (ephemeral)
20:25:43.412815 [debug]: Finished analyzing [  0.00s] model staging_marts.fct_transactions [success]
20:25:43.412844 [info ]:  Succeeded [  0.00s] model staging_marts.fct_transactions (table)
20:25:43.415602 [debug]: Finished analyzing [  0.01s] model staging_marts.mart_budget_vs_reel [success]
20:25:43.415637 [info ]: Finished analyzing [  0.01s] (9 nodes, 0 skipped, 0 errors)
20:25:43.415653 [info ]:  Succeeded [  0.01s] model staging_marts.mart_budget_vs_reel (table)
20:25:43.420316 [info ]: Started scheduling
20:25:43.420458 [info ]: Finished scheduling [  0.00s]
20:25:43.421538 [info ]: 
==================== Execution Summary =====================
Finished 'compile' successfully for target 'dev' [465ms]
Processed: 9 models
Summary: 9 total | 9 success
20:25:43.421653 [info ]: Cached model count updated: 11 models (accurate)
==================== 2026-09-03T20:25:43.483928Z | 4745c821-e628-4692-a5d5-bb31bee3e5ba ====================
20:25:43.484014 [info ]: Started loading project
20:25:43.484904 [info ]: Loading ~/.dbt/profiles.yml
20:25:43.533843 [info ]: Cached model count updated: 11 models (accurate)
20:25:43.533973 [info ]: Finished loading project [  0.05s]
20:25:43.534000 [info ]: 
==================== Execution Summary =====================
Finished 'compile' successfully for target 'dev' [50ms]
==================== 2026-09-03T20:25:45.157339Z | 2e613d86-a1c7-4274-9da0-6d9c4f4ae50f ====================
20:25:45.157488 [info ]: Started loading project
20:25:45.158694 [info ]: Loading ~/.dbt/profiles.yml
20:25:45.203226 [info ]: Cached model count updated: 11 models (estimate)
20:25:45.203249 [info ]: Cached model count updated: 11 models (accurate)
20:25:45.203320 [info ]: Started scheduling
20:25:45.203509 [info ]: Finished scheduling [  0.00s]
20:25:45.203549 [debug]: Compilation - 12 nodes selected: {"model.fintrack_analytics.dim_categories", "model.fintrack_analytics.dim_comptes", "model.fintrack_analytics.fct_transactions", "model.fintrack_analytics.int_transactions_enrichies", "model.fintrack_analytics.mart_budget_vs_reel", "model.fintrack_analytics.mart_solde_mensuel", "model.fintrack_analytics.mart_top_depenses", "model.fintrack_analytics.stg_budgets", "model.fintrack_analytics.stg_categories", "model.fintrack_analytics.stg_comptes", "model.fintrack_analytics.stg_transactions", "snapshot.fintrack_analytics.snapshot_comptes"}
20:25:45.265987 [info ]: Started building task graph
20:25:45.266135 [info ]: Finished building task graph [  0.00s]
20:25:45.275844 [info ]: Started rendering (12 nodes)
20:25:45.275873 [info ]: Started snapshot snapshots.snapshot_comptes
20:25:45.275884 [debug]: Started rendering snapshot snapshots.snapshot_comptes
20:25:45.275917 [info ]: Started model staging_marts.mart_top_depenses
20:25:45.275930 [debug]: Started rendering model staging_marts.mart_top_depenses
20:25:45.275949 [info ]: Finished loading project [  0.12s]
20:25:45.275955 [info ]: Started model staging_marts.mart_solde_mensuel
20:25:45.275984 [debug]: Started rendering model staging_marts.mart_solde_mensuel
20:25:45.276010 [info ]: Started model staging_marts.mart_budget_vs_reel
20:25:45.276033 [debug]: Started rendering model staging_marts.mart_budget_vs_reel
20:25:45.276054 [info ]: Started model staging.stg_budgets
20:25:45.276074 [debug]: Started rendering model staging.stg_budgets
20:25:45.276096 [info ]: Started model staging.int_transactions_enrichies
20:25:45.276116 [debug]: Started rendering model staging.int_transactions_enrichies
20:25:45.276138 [info ]: Started model staging.stg_transactions
20:25:45.276416 [debug]: Compiled SQL for node snapshot.fintrack_analytics.snapshot_comptes at target\.lsp\compiled\fintrack_analytics\snapshots\snapshot_comptes.sql\snapshot_comptes.sql
20:25:45.276491 [debug]: Compiled SQL for node model.fintrack_analytics.mart_top_depenses at target\.lsp\compiled\fintrack_analytics\models\marts\mart_top_depenses.sql
20:25:45.276500 [debug]: Compiled SQL for node model.fintrack_analytics.mart_solde_mensuel at target\.lsp\compiled\fintrack_analytics\models\marts\mart_solde_mensuel.sql
20:25:45.276581 [debug]: Compiled SQL for node model.fintrack_analytics.mart_budget_vs_reel at target\.lsp\compiled\fintrack_analytics\models\marts\mart_budget_vs_reel.sql
20:25:45.276159 [debug]: Started rendering model staging.stg_transactions
20:25:45.276631 [debug]: Compiled SQL for node model.fintrack_analytics.stg_budgets at target\.lsp\compiled\fintrack_analytics\models\staging\stg_budgets.sql
20:25:45.276655 [info ]: Started model staging_marts.dim_comptes
20:25:45.276747 [debug]: Started rendering model staging_marts.dim_comptes
20:25:45.276782 [info ]: Started model staging.stg_comptes
20:25:45.276825 [debug]: Started rendering model staging.stg_comptes
20:25:45.276863 [debug]: Compiled SQL for node model.fintrack_analytics.int_transactions_enrichies at target\.lsp\compiled\fintrack_analytics\models\intermediate\int_transactions_enrichies.sql
20:25:45.276882 [info ]: Started model staging_marts.dim_categories
20:25:45.276916 [debug]: Started rendering model staging_marts.dim_categories
20:25:45.277087 [info ]: Started model staging.stg_categories
20:25:45.277107 [debug]: Started rendering model staging.stg_categories
20:25:45.277136 [debug]: Compiled SQL for node model.fintrack_analytics.stg_transactions at target\.lsp\compiled\fintrack_analytics\models\staging\stg_transactions.sql
20:25:45.277293 [debug]: Compiled SQL for node model.fintrack_analytics.dim_comptes at target\.lsp\compiled\fintrack_analytics\models\marts\dim_comptes.sql
20:25:45.277322 [debug]: Compiled SQL for node model.fintrack_analytics.stg_comptes at target\.lsp\compiled\fintrack_analytics\models\staging\stg_comptes.sql
20:25:45.277420 [debug]: Finished rendering [  0.00s] snapshot snapshots.snapshot_comptes [success]
20:25:45.277473 [info ]: Started analyzing (12 nodes)
20:25:45.277491 [debug]: Started analyzing snapshot snapshots.snapshot_comptes
20:25:45.277535 [debug]: Compiled SQL for node model.fintrack_analytics.dim_categories at target\.lsp\compiled\fintrack_analytics\models\marts\dim_categories.sql
20:25:45.277550 [debug]: Finished rendering [  0.00s] model staging_marts.mart_top_depenses [success]
20:25:45.277590 [debug]: Started analyzing model staging_marts.mart_top_depenses
20:25:45.277620 [debug]: Finished rendering [  0.00s] model staging_marts.mart_solde_mensuel [success]
20:25:45.277627 [debug]: Compiled SQL for node model.fintrack_analytics.stg_categories at target\.lsp\compiled\fintrack_analytics\models\staging\stg_categories.sql
20:25:45.277639 [debug]: Started analyzing model staging_marts.mart_solde_mensuel
20:25:45.277662 [debug]: Finished rendering [  0.00s] model staging_marts.mart_budget_vs_reel [success]
20:25:45.277691 [debug]: Started analyzing model staging_marts.mart_budget_vs_reel
20:25:45.277711 [debug]: Finished rendering [  0.00s] model staging.stg_budgets [success]
20:25:45.277802 [debug]: Started analyzing model staging.stg_budgets
20:25:45.277851 [debug]: Finished rendering [  0.00s] model staging.int_transactions_enrichies [success]
20:25:45.277881 [info ]: Started model staging_marts.fct_transactions
20:25:45.277896 [debug]: Started rendering model staging_marts.fct_transactions
20:25:45.277917 [debug]: Started analyzing model staging.int_transactions_enrichies
20:25:45.277943 [debug]: Finished rendering [  0.00s] model staging.stg_transactions [success]
20:25:45.277960 [debug]: Started analyzing model staging.stg_transactions
20:25:45.277982 [debug]: Finished rendering [  0.00s] model staging_marts.dim_comptes [success]
20:25:45.277996 [debug]: Started analyzing model staging_marts.dim_comptes
20:25:45.278013 [debug]: Finished rendering [  0.00s] model staging.stg_comptes [success]
20:25:45.278026 [debug]: Started analyzing model staging.stg_comptes
20:25:45.278042 [debug]: Finished rendering [  0.00s] model staging_marts.dim_categories [success]
20:25:45.278055 [debug]: Started analyzing model staging_marts.dim_categories
20:25:45.278071 [debug]: Finished rendering [  0.00s] model staging.stg_categories [success]
20:25:45.278082 [debug]: Started analyzing model staging.stg_categories
20:25:45.278100 [debug]: Finished analyzing [  0.00s] snapshot snapshots.snapshot_comptes [success]
20:25:45.278113 [info ]:  Succeeded [  0.00s] snapshot snapshots.snapshot_comptes (snapshot)
20:25:45.278136 [debug]: Finished analyzing [  0.00s] model staging_marts.mart_top_depenses [success]
20:25:45.278148 [info ]:  Succeeded [  0.00s] model staging_marts.mart_top_depenses (table)
20:25:45.278460 [debug]: Finished analyzing [  0.00s] model staging_marts.dim_categories [success]
20:25:45.278486 [info ]:  Succeeded [  0.00s] model staging_marts.dim_categories (table)
20:25:45.278517 [debug]: Finished analyzing [  0.00s] model staging.stg_comptes [success]
20:25:45.278533 [info ]:  Succeeded [  0.00s] model staging.stg_comptes (view)
20:25:45.278556 [debug]: Finished analyzing [  0.00s] model staging.stg_transactions [success]
20:25:45.278570 [info ]:  Succeeded [  0.00s] model staging.stg_transactions (view)
20:25:45.278716 [debug]: Finished analyzing [  0.00s] model staging_marts.dim_comptes [success]
20:25:45.278735 [info ]:  Succeeded [  0.00s] model staging_marts.dim_comptes (table)
20:25:45.278762 [debug]: Finished analyzing [  0.00s] model staging.stg_categories [success]
20:25:45.278774 [info ]:  Succeeded [-------] model staging.stg_categories (view)
20:25:45.279055 [debug]: Finished analyzing [  0.00s] model staging.stg_budgets [success]
20:25:45.279099 [info ]:  Succeeded [  0.00s] model staging.stg_budgets (view)
20:25:45.279333 [debug]: Compiled SQL for node model.fintrack_analytics.fct_transactions at target\.lsp\compiled\fintrack_analytics\models\marts\fct_transactions.sql
20:25:45.279471 [debug]: Finished rendering [  0.00s] model staging_marts.fct_transactions [success]
20:25:45.279495 [info ]: Finished rendering [  0.00s] (12 nodes, 0 skipped, 0 errors)
20:25:45.279538 [debug]: Started analyzing model staging_marts.fct_transactions
20:25:45.279898 [debug]: Finished analyzing [  0.00s] model staging_marts.mart_solde_mensuel [success]
20:25:45.279927 [info ]:  Succeeded [  0.00s] model staging_marts.mart_solde_mensuel (table)
20:25:45.280650 [debug]: Finished analyzing [  0.00s] model staging.int_transactions_enrichies [success]
20:25:45.280694 [info ]:  Succeeded [  0.00s] model staging.int_transactions_enrichies (ephemeral)
20:25:45.282000 [debug]: Finished analyzing [  0.00s] model staging_marts.fct_transactions [success]
20:25:45.282061 [info ]:  Succeeded [  0.00s] model staging_marts.fct_transactions (table)
20:25:45.283820 [debug]: Finished analyzing [  0.01s] model staging_marts.mart_budget_vs_reel [success]
20:25:45.283865 [info ]: Finished analyzing [  0.01s] (12 nodes, 0 skipped, 0 errors)
20:25:45.283876 [info ]:  Succeeded [  0.01s] model staging_marts.mart_budget_vs_reel (table)
20:25:45.288675 [info ]: Started scheduling
20:25:45.288831 [info ]: Finished scheduling [  0.00s]
20:25:45.289018 [info ]: 
==================== Execution Summary =====================
Finished 'compile' successfully for target 'dev' [131ms]
Processed: 11 models | 1 snapshot
Summary: 12 total | 12 success
20:25:45.289355 [info ]: Cached model count updated: 11 models (accurate)
==================== 2026-09-03T20:25:52.721220Z | 2cd780ec-9aa4-4915-9be5-eb98a499ed7c ====================
20:25:52.721313 [info ]: Started loading project
20:25:52.722670 [info ]: Loading ~/.dbt/profiles.yml
20:25:52.797163 [info ]: Cached model count updated: 11 models (accurate)
20:25:52.797174 [info ]: Finished loading project [  0.08s]
20:25:52.797202 [info ]: 
==================== Execution Summary =====================
Finished 'compile' successfully for target 'dev' [75ms]
==================== 2026-09-03T20:25:54.523697Z | d111f34a-6374-4b18-b99d-f4ba6d77105e ====================
20:25:54.523782 [info ]: Started loading project
20:25:54.524675 [info ]: Loading ~/.dbt/profiles.yml
20:25:54.576896 [info ]: Cached model count updated: 11 models (accurate)
20:25:54.576908 [info ]: Finished loading project [  0.05s]
20:25:54.576933 [info ]: 
==================== Execution Summary =====================
Finished 'compile' successfully for target 'dev' [53ms]
==================== 2026-09-03T20:25:56.267258Z | 1944696c-c760-4af1-b513-a1152f095099 ====================
20:25:56.267313 [info ]: Started loading project
20:25:56.268032 [info ]: Loading ~/.dbt/profiles.yml
20:25:56.302911 [info ]: Cached model count updated: 11 models (estimate)
20:25:56.302934 [info ]: Cached model count updated: 11 models (accurate)
20:25:56.302969 [info ]: Started scheduling
20:25:56.303103 [info ]: Finished scheduling [  0.00s]
20:25:56.303122 [debug]: Compilation - 12 nodes selected: {"model.fintrack_analytics.dim_categories", "model.fintrack_analytics.dim_comptes", "model.fintrack_analytics.fct_transactions", "model.fintrack_analytics.int_transactions_enrichies", "model.fintrack_analytics.mart_budget_vs_reel", "model.fintrack_analytics.mart_solde_mensuel", "model.fintrack_analytics.mart_top_depenses", "model.fintrack_analytics.stg_budgets", "model.fintrack_analytics.stg_categories", "model.fintrack_analytics.stg_comptes", "model.fintrack_analytics.stg_transactions", "snapshot.fintrack_analytics.snapshot_comptes"}
20:25:56.358928 [info ]: Started building task graph
20:25:56.359034 [info ]: Finished building task graph [  0.00s]
20:25:56.367203 [info ]: Started rendering (12 nodes)
20:25:56.367227 [info ]: Started snapshot snapshots.snapshot_comptes
20:25:56.367238 [debug]: Started rendering snapshot snapshots.snapshot_comptes
20:25:56.367261 [info ]: Started model staging_marts.mart_top_depenses
20:25:56.367291 [debug]: Started rendering model staging_marts.mart_top_depenses
20:25:56.367301 [info ]: Started model staging_marts.mart_solde_mensuel
20:25:56.367307 [debug]: Started rendering model staging_marts.mart_solde_mensuel
20:25:56.367317 [info ]: Started model staging_marts.mart_budget_vs_reel
20:25:56.367323 [debug]: Started rendering model staging_marts.mart_budget_vs_reel
20:25:56.367333 [info ]: Started model staging.stg_budgets
20:25:56.367339 [debug]: Started rendering model staging.stg_budgets
20:25:56.367350 [info ]: Started model staging.int_transactions_enrichies
20:25:56.367355 [debug]: Started rendering model staging.int_transactions_enrichies
20:25:56.367351 [info ]: Finished loading project [  0.10s]
20:25:56.367367 [info ]: Started model staging.stg_transactions
20:25:56.367374 [debug]: Started rendering model staging.stg_transactions
20:25:56.367384 [info ]: Started model staging_marts.dim_comptes
20:25:56.367390 [debug]: Started rendering model staging_marts.dim_comptes
20:25:56.367400 [info ]: Started model staging.stg_comptes
20:25:56.367406 [debug]: Started rendering model staging.stg_comptes
20:25:56.367584 [info ]: Started model staging_marts.dim_categories
20:25:56.367627 [debug]: Started rendering model staging_marts.dim_categories
20:25:56.367677 [info ]: Started model staging.stg_categories
20:25:56.367699 [debug]: Started rendering model staging.stg_categories
20:25:56.367804 [debug]: Compiled SQL for node snapshot.fintrack_analytics.snapshot_comptes at target\.lsp\compiled\fintrack_analytics\snapshots\snapshot_comptes.sql\snapshot_comptes.sql
20:25:56.367901 [debug]: Compiled SQL for node model.fintrack_analytics.mart_budget_vs_reel at target\.lsp\compiled\fintrack_analytics\models\marts\mart_budget_vs_reel.sql
20:25:56.367927 [debug]: Compiled SQL for node model.fintrack_analytics.mart_top_depenses at target\.lsp\compiled\fintrack_analytics\models\marts\mart_top_depenses.sql
20:25:56.367913 [debug]: Finished rendering [  0.00s] snapshot snapshots.snapshot_comptes [success]
20:25:56.367976 [debug]: Compiled SQL for node model.fintrack_analytics.int_transactions_enrichies at target\.lsp\compiled\fintrack_analytics\models\intermediate\int_transactions_enrichies.sql
20:25:56.368105 [info ]: Started analyzing (12 nodes)
20:25:56.368164 [debug]: Started analyzing snapshot snapshots.snapshot_comptes
20:25:56.368179 [debug]: Compiled SQL for node model.fintrack_analytics.mart_solde_mensuel at target\.lsp\compiled\fintrack_analytics\models\marts\mart_solde_mensuel.sql
20:25:56.368335 [debug]: Finished rendering [  0.00s] model staging_marts.mart_budget_vs_reel [success]
20:25:56.368355 [debug]: Compiled SQL for node model.fintrack_analytics.stg_comptes at target\.lsp\compiled\fintrack_analytics\models\staging\stg_comptes.sql
20:25:56.368377 [debug]: Compiled SQL for node model.fintrack_analytics.stg_transactions at target\.lsp\compiled\fintrack_analytics\models\staging\stg_transactions.sql
20:25:56.368483 [debug]: Started analyzing model staging_marts.mart_budget_vs_reel
20:25:56.368498 [debug]: Compiled SQL for node model.fintrack_analytics.stg_categories at target\.lsp\compiled\fintrack_analytics\models\staging\stg_categories.sql
20:25:56.368517 [debug]: Finished rendering [  0.00s] model staging_marts.mart_top_depenses [success]
20:25:56.368540 [debug]: Started analyzing model staging_marts.mart_top_depenses
20:25:56.368553 [debug]: Compiled SQL for node model.fintrack_analytics.stg_budgets at target\.lsp\compiled\fintrack_analytics\models\staging\stg_budgets.sql
20:25:56.368566 [debug]: Finished rendering [  0.00s] model staging.int_transactions_enrichies [success]
20:25:56.368623 [info ]: Started model staging_marts.fct_transactions
20:25:56.368638 [debug]: Compiled SQL for node model.fintrack_analytics.dim_comptes at target\.lsp\compiled\fintrack_analytics\models\marts\dim_comptes.sql
20:25:56.368690 [debug]: Started rendering model staging_marts.fct_transactions
20:25:56.368762 [debug]: Started analyzing model staging.int_transactions_enrichies
20:25:56.368796 [debug]: Compiled SQL for node model.fintrack_analytics.dim_categories at target\.lsp\compiled\fintrack_analytics\models\marts\dim_categories.sql
20:25:56.368905 [debug]: Finished rendering [  0.00s] model staging_marts.mart_solde_mensuel [success]
20:25:56.368934 [debug]: Started analyzing model staging_marts.mart_solde_mensuel
20:25:56.369000 [debug]: Finished rendering [  0.00s] model staging.stg_comptes [success]
20:25:56.369038 [debug]: Started analyzing model staging.stg_comptes
20:25:56.369070 [debug]: Finished rendering [  0.00s] model staging.stg_transactions [success]
20:25:56.369136 [debug]: Started analyzing model staging.stg_transactions
20:25:56.369173 [debug]: Finished analyzing [  0.00s] snapshot snapshots.snapshot_comptes [success]
20:25:56.369207 [info ]:  Succeeded [  0.00s] snapshot snapshots.snapshot_comptes (snapshot)
20:25:56.369249 [debug]: Compiled SQL for node model.fintrack_analytics.fct_transactions at target\.lsp\compiled\fintrack_analytics\models\marts\fct_transactions.sql
20:25:56.369299 [debug]: Finished rendering [  0.00s] model staging.stg_categories [success]
20:25:56.369328 [debug]: Started analyzing model staging.stg_categories
20:25:56.369359 [debug]: Finished rendering [  0.00s] model staging.stg_budgets [success]
20:25:56.369441 [debug]: Started analyzing model staging.stg_budgets
20:25:56.369487 [debug]: Finished rendering [  0.00s] model staging_marts.dim_comptes [success]
20:25:56.369509 [debug]: Started analyzing model staging_marts.dim_comptes
20:25:56.369526 [debug]: Finished rendering [  0.00s] model staging_marts.dim_categories [success]
20:25:56.369546 [debug]: Started analyzing model staging_marts.dim_categories
20:25:56.369565 [debug]: Finished analyzing [  0.00s] model staging_marts.mart_top_depenses [success]
20:25:56.369611 [info ]:  Succeeded [  0.00s] model staging_marts.mart_top_depenses (table)
20:25:56.369681 [debug]: Finished rendering [  0.00s] model staging_marts.fct_transactions [success]
20:25:56.369750 [info ]: Finished rendering [  0.00s] (12 nodes, 0 skipped, 0 errors)
20:25:56.369895 [debug]: Started analyzing model staging_marts.fct_transactions
20:25:56.369949 [debug]: Finished analyzing [  0.00s] model staging.stg_comptes [success]
20:25:56.369978 [info ]:  Succeeded [  0.00s] model staging.stg_comptes (view)
20:25:56.370021 [debug]: Finished analyzing [  0.00s] model staging.stg_categories [success]
20:25:56.370069 [info ]:  Succeeded [  0.00s] model staging.stg_categories (view)
20:25:56.370121 [debug]: Finished analyzing [  0.00s] model staging.stg_budgets [success]
20:25:56.370141 [info ]:  Succeeded [  0.00s] model staging.stg_budgets (view)
20:25:56.370162 [debug]: Finished analyzing [  0.00s] model staging.stg_transactions [success]
20:25:56.370175 [info ]:  Succeeded [  0.00s] model staging.stg_transactions (view)
20:25:56.370236 [debug]: Finished analyzing [  0.00s] model staging_marts.dim_comptes [success]
20:25:56.370262 [info ]:  Succeeded [  0.00s] model staging_marts.dim_comptes (table)
20:25:56.370293 [debug]: Finished analyzing [  0.00s] model staging_marts.dim_categories [success]
20:25:56.370306 [info ]:  Succeeded [  0.00s] model staging_marts.dim_categories (table)
20:25:56.371088 [debug]: Finished analyzing [  0.00s] model staging.int_transactions_enrichies [success]
20:25:56.371123 [info ]:  Succeeded [  0.00s] model staging.int_transactions_enrichies (ephemeral)
20:25:56.371157 [debug]: Finished analyzing [  0.00s] model staging_marts.mart_solde_mensuel [success]
20:25:56.371176 [info ]:  Succeeded [  0.00s] model staging_marts.mart_solde_mensuel (table)
20:25:56.371976 [debug]: Finished analyzing [  0.00s] model staging_marts.fct_transactions [success]
20:25:56.371996 [info ]:  Succeeded [  0.00s] model staging_marts.fct_transactions (table)
20:25:56.372718 [debug]: Finished analyzing [  0.00s] model staging_marts.mart_budget_vs_reel [success]
20:25:56.372736 [info ]: Finished analyzing [  0.00s] (12 nodes, 0 skipped, 0 errors)
20:25:56.372744 [info ]:  Succeeded [  0.01s] model staging_marts.mart_budget_vs_reel (table)
20:25:56.375933 [info ]: Started scheduling
20:25:56.375986 [info ]: Finished scheduling [  0.00s]
20:25:56.376076 [info ]: 
==================== Execution Summary =====================
Finished 'compile' successfully for target 'dev' [108ms]
Processed: 11 models | 1 snapshot
Summary: 12 total | 12 success
20:25:56.376344 [info ]: Cached model count updated: 11 models (accurate)
==================== 2026-09-03T20:26:03.002814Z | 82be0d17-8d86-4013-b0ee-7b7425c0a9b2 ====================
20:26:03.002964 [info ]: Started loading project
20:26:03.004075 [info ]: Loading ~/.dbt/profiles.yml
20:26:03.063334 [info ]: Cached model count updated: 11 models (accurate)
20:26:03.063348 [info ]: Finished loading project [  0.06s]
20:26:03.063377 [info ]: 
==================== Execution Summary =====================
Finished 'compile' successfully for target 'dev' [60ms]
==================== 2026-09-03T20:26:04.064360Z | f1ca1bc5-d5b9-451d-8256-43de432562c2 ====================
20:26:04.064598 [info ]: Started loading project
20:26:04.065946 [info ]: Loading ~/.dbt/profiles.yml
20:26:04.122220 [info ]: Cached model count updated: 11 models (accurate)
20:26:04.122286 [info ]: Finished loading project [  0.06s]
20:26:04.122309 [info ]: 
==================== Execution Summary =====================
Finished 'compile' successfully for target 'dev' [57ms]
==================== 2026-09-03T20:26:05.780112Z | 9f1c4c4f-23b4-4f36-8152-d8246d57aabe ====================
20:26:05.780180 [info ]: Started loading project
20:26:05.780987 [info ]: Loading ~/.dbt/profiles.yml
20:26:05.816316 [info ]: Cached model count updated: 11 models (estimate)
20:26:05.816338 [info ]: Cached model count updated: 11 models (accurate)
20:26:05.816372 [info ]: Started scheduling
20:26:05.816501 [info ]: Finished scheduling [  0.00s]
20:26:05.816519 [debug]: Compilation - 12 nodes selected: {"model.fintrack_analytics.dim_categories", "model.fintrack_analytics.dim_comptes", "model.fintrack_analytics.fct_transactions", "model.fintrack_analytics.int_transactions_enrichies", "model.fintrack_analytics.mart_budget_vs_reel", "model.fintrack_analytics.mart_solde_mensuel", "model.fintrack_analytics.mart_top_depenses", "model.fintrack_analytics.stg_budgets", "model.fintrack_analytics.stg_categories", "model.fintrack_analytics.stg_comptes", "model.fintrack_analytics.stg_transactions", "snapshot.fintrack_analytics.snapshot_comptes"}
20:26:05.868839 [info ]: Started building task graph
20:26:05.868956 [info ]: Finished building task graph [  0.00s]
20:26:05.876994 [info ]: Started rendering (12 nodes)
20:26:05.877017 [info ]: Started snapshot snapshots.snapshot_comptes
20:26:05.877026 [debug]: Started rendering snapshot snapshots.snapshot_comptes
20:26:05.877050 [info ]: Started model staging_marts.mart_top_depenses
20:26:05.877079 [debug]: Started rendering model staging_marts.mart_top_depenses
20:26:05.877089 [info ]: Started model staging_marts.mart_solde_mensuel
20:26:05.877095 [debug]: Started rendering model staging_marts.mart_solde_mensuel
20:26:05.877105 [info ]: Started model staging_marts.mart_budget_vs_reel
20:26:05.877110 [debug]: Started rendering model staging_marts.mart_budget_vs_reel
20:26:05.877120 [info ]: Started model staging.stg_budgets
20:26:05.877125 [debug]: Started rendering model staging.stg_budgets
20:26:05.877135 [info ]: Started model staging.int_transactions_enrichies
20:26:05.877144 [debug]: Started rendering model staging.int_transactions_enrichies
20:26:05.877146 [info ]: Finished loading project [  0.10s]
20:26:05.877155 [info ]: Started model staging.stg_transactions
20:26:05.877161 [debug]: Started rendering model staging.stg_transactions
20:26:05.877171 [info ]: Started model staging_marts.dim_comptes
20:26:05.877179 [debug]: Started rendering model staging_marts.dim_comptes
20:26:05.877198 [info ]: Started model staging.stg_comptes
20:26:05.877499 [debug]: Started rendering model staging.stg_comptes
20:26:05.877582 [debug]: Compiled SQL for node snapshot.fintrack_analytics.snapshot_comptes at target\.lsp\compiled\fintrack_analytics\snapshots\snapshot_comptes.sql\snapshot_comptes.sql
20:26:05.877639 [info ]: Started model staging_marts.dim_categories
20:26:05.877653 [debug]: Started rendering model staging_marts.dim_categories
20:26:05.877664 [debug]: Compiled SQL for node model.fintrack_analytics.mart_solde_mensuel at target\.lsp\compiled\fintrack_analytics\models\marts\mart_solde_mensuel.sql
20:26:05.877667 [debug]: Compiled SQL for node model.fintrack_analytics.stg_transactions at target\.lsp\compiled\fintrack_analytics\models\staging\stg_transactions.sql
20:26:05.877667 [debug]: Compiled SQL for node model.fintrack_analytics.int_transactions_enrichies at target\.lsp\compiled\fintrack_analytics\models\intermediate\int_transactions_enrichies.sql
20:26:05.877678 [debug]: Compiled SQL for node model.fintrack_analytics.mart_top_depenses at target\.lsp\compiled\fintrack_analytics\models\marts\mart_top_depenses.sql
20:26:05.877673 [info ]: Started model staging.stg_categories
20:26:05.877704 [debug]: Started rendering model staging.stg_categories
20:26:05.877884 [debug]: Compiled SQL for node model.fintrack_analytics.dim_comptes at target\.lsp\compiled\fintrack_analytics\models\marts\dim_comptes.sql
20:26:05.877928 [debug]: Compiled SQL for node model.fintrack_analytics.mart_budget_vs_reel at target\.lsp\compiled\fintrack_analytics\models\marts\mart_budget_vs_reel.sql
20:26:05.878043 [debug]: Compiled SQL for node model.fintrack_analytics.stg_budgets at target\.lsp\compiled\fintrack_analytics\models\staging\stg_budgets.sql
20:26:05.878137 [debug]: Compiled SQL for node model.fintrack_analytics.dim_categories at target\.lsp\compiled\fintrack_analytics\models\marts\dim_categories.sql
20:26:05.878180 [debug]: Compiled SQL for node model.fintrack_analytics.stg_comptes at target\.lsp\compiled\fintrack_analytics\models\staging\stg_comptes.sql
20:26:05.878262 [debug]: Finished rendering [  0.00s] model staging_marts.mart_solde_mensuel [success]
20:26:05.878297 [info ]: Started analyzing (12 nodes)
20:26:05.878311 [debug]: Started analyzing model staging_marts.mart_solde_mensuel
20:26:05.878335 [debug]: Finished rendering [  0.00s] model staging.stg_transactions [success]
20:26:05.878356 [debug]: Started analyzing model staging.stg_transactions
20:26:05.878386 [debug]: Finished rendering [  0.00s] model staging_marts.mart_top_depenses [success]
20:26:05.878384 [debug]: Compiled SQL for node model.fintrack_analytics.stg_categories at target\.lsp\compiled\fintrack_analytics\models\staging\stg_categories.sql
20:26:05.878408 [debug]: Started analyzing model staging_marts.mart_top_depenses
20:26:05.878436 [debug]: Finished rendering [  0.00s] model staging.int_transactions_enrichies [success]
20:26:05.878466 [info ]: Started model staging_marts.fct_transactions
20:26:05.878487 [debug]: Started rendering model staging_marts.fct_transactions
20:26:05.878511 [debug]: Started analyzing model staging.int_transactions_enrichies
20:26:05.878537 [debug]: Finished rendering [  0.00s] snapshot snapshots.snapshot_comptes [success]
20:26:05.878570 [debug]: Started analyzing snapshot snapshots.snapshot_comptes
20:26:05.878592 [debug]: Finished rendering [  0.00s] model staging_marts.dim_comptes [success]
20:26:05.878610 [debug]: Started analyzing model staging_marts.dim_comptes
20:26:05.878637 [debug]: Finished rendering [  0.00s] model staging_marts.mart_budget_vs_reel [success]
20:26:05.878829 [debug]: Started analyzing model staging_marts.mart_budget_vs_reel
20:26:05.878905 [debug]: Finished rendering [  0.00s] model staging.stg_budgets [success]
20:26:05.878931 [debug]: Started analyzing model staging.stg_budgets
20:26:05.879007 [debug]: Finished rendering [  0.00s] model staging_marts.dim_categories [success]
20:26:05.879029 [debug]: Started analyzing model staging_marts.dim_categories
20:26:05.879047 [debug]: Compiled SQL for node model.fintrack_analytics.fct_transactions at target\.lsp\compiled\fintrack_analytics\models\marts\fct_transactions.sql
20:26:05.879050 [debug]: Finished rendering [  0.00s] model staging.stg_comptes [success]
20:26:05.879067 [debug]: Started analyzing model staging.stg_comptes
20:26:05.879086 [debug]: Finished rendering [  0.00s] model staging.stg_categories [success]
20:26:05.879174 [debug]: Started analyzing model staging.stg_categories
20:26:05.879237 [debug]: Finished analyzing [  0.00s] model staging_marts.mart_top_depenses [success]
20:26:05.879256 [info ]:  Succeeded [  0.00s] model staging_marts.mart_top_depenses (table)
20:26:05.879292 [debug]: Finished analyzing [  0.00s] snapshot snapshots.snapshot_comptes [success]
20:26:05.879311 [info ]:  Succeeded [  0.00s] snapshot snapshots.snapshot_comptes (snapshot)
20:26:05.879334 [debug]: Finished analyzing [  0.00s] model staging_marts.dim_comptes [success]
20:26:05.879348 [info ]:  Succeeded [  0.00s] model staging_marts.dim_comptes (table)
20:26:05.879361 [debug]: Finished analyzing [  0.00s] model staging.stg_transactions [success]
20:26:05.879367 [info ]:  Succeeded [  0.00s] model staging.stg_transactions (view)
20:26:05.879382 [debug]: Finished rendering [  0.00s] model staging_marts.fct_transactions [success]
20:26:05.879392 [info ]: Finished rendering [  0.00s] (12 nodes, 0 skipped, 0 errors)
20:26:05.879407 [debug]: Started analyzing model staging_marts.fct_transactions
20:26:05.879424 [debug]: Finished analyzing [  0.00s] model staging.stg_budgets [success]
20:26:05.879434 [info ]:  Succeeded [  0.00s] model staging.stg_budgets (view)
20:26:05.879457 [debug]: Finished analyzing [  0.00s] model staging_marts.dim_categories [success]
20:26:05.879470 [info ]:  Succeeded [  0.00s] model staging_marts.dim_categories (table)
20:26:05.879499 [debug]: Finished analyzing [  0.00s] model staging.stg_comptes [success]
20:26:05.879514 [info ]:  Succeeded [  0.00s] model staging.stg_comptes (view)
20:26:05.879541 [debug]: Finished analyzing [  0.00s] model staging.stg_categories [success]
20:26:05.879549 [info ]:  Succeeded [  0.00s] model staging.stg_categories (view)
20:26:05.880191 [debug]: Finished analyzing [  0.00s] model staging_marts.mart_solde_mensuel [success]
20:26:05.880219 [info ]:  Succeeded [  0.00s] model staging_marts.mart_solde_mensuel (table)
20:26:05.881147 [debug]: Finished analyzing [  0.00s] model staging.int_transactions_enrichies [success]
20:26:05.881168 [info ]:  Succeeded [  0.00s] model staging.int_transactions_enrichies (ephemeral)
20:26:05.881766 [debug]: Finished analyzing [  0.00s] model staging_marts.fct_transactions [success]
20:26:05.881790 [info ]:  Succeeded [  0.00s] model staging_marts.fct_transactions (table)
20:26:05.882744 [debug]: Finished analyzing [  0.00s] model staging_marts.mart_budget_vs_reel [success]
20:26:05.882760 [info ]: Finished analyzing [  0.00s] (12 nodes, 0 skipped, 0 errors)
20:26:05.882768 [info ]:  Succeeded [  0.00s] model staging_marts.mart_budget_vs_reel (table)
20:26:05.886186 [info ]: Started scheduling
20:26:05.886243 [info ]: Finished scheduling [  0.00s]
20:26:05.886336 [info ]: 
==================== Execution Summary =====================
Finished 'compile' successfully for target 'dev' [106ms]
Processed: 11 models | 1 snapshot
Summary: 12 total | 12 success
20:26:05.886626 [info ]: Cached model count updated: 11 models (accurate)
==================== 2026-09-03T20:26:08.224613Z | bc359005-ea66-4b17-9cc6-74eb4d461984 ====================
20:26:08.224727 [info ]: Started loading project
20:26:08.225736 [info ]: Loading ~/.dbt/profiles.yml
20:26:08.276021 [info ]: Cached model count updated: 11 models (accurate)
20:26:08.276071 [info ]: Finished loading project [  0.05s]
20:26:08.276087 [info ]: 
==================== Execution Summary =====================
Finished 'compile' successfully for target 'dev' [51ms]
==================== 2026-09-03T20:26:09.919964Z | dab10365-e629-4695-8fbe-7951802c25a5 ====================
20:26:09.920016 [info ]: Started loading project
20:26:09.920657 [info ]: Loading ~/.dbt/profiles.yml
20:26:09.954138 [info ]: Cached model count updated: 11 models (estimate)
20:26:09.954160 [info ]: Cached model count updated: 11 models (accurate)
20:26:09.954195 [info ]: Started scheduling
20:26:09.954333 [info ]: Finished scheduling [  0.00s]
20:26:09.954353 [debug]: Compilation - 12 nodes selected: {"model.fintrack_analytics.dim_categories", "model.fintrack_analytics.dim_comptes", "model.fintrack_analytics.fct_transactions", "model.fintrack_analytics.int_transactions_enrichies", "model.fintrack_analytics.mart_budget_vs_reel", "model.fintrack_analytics.mart_solde_mensuel", "model.fintrack_analytics.mart_top_depenses", "model.fintrack_analytics.stg_budgets", "model.fintrack_analytics.stg_categories", "model.fintrack_analytics.stg_comptes", "model.fintrack_analytics.stg_transactions", "snapshot.fintrack_analytics.snapshot_comptes"}
20:26:10.008080 [info ]: Started building task graph
20:26:10.008228 [info ]: Finished building task graph [  0.00s]
20:26:10.016614 [info ]: Started rendering (12 nodes)
20:26:10.016660 [info ]: Started snapshot snapshots.snapshot_comptes
20:26:10.016670 [debug]: Started rendering snapshot snapshots.snapshot_comptes
20:26:10.016696 [info ]: Started model staging_marts.mart_top_depenses
20:26:10.016705 [debug]: Started rendering model staging_marts.mart_top_depenses
20:26:10.016716 [info ]: Started model staging_marts.mart_solde_mensuel
20:26:10.016722 [debug]: Started rendering model staging_marts.mart_solde_mensuel
20:26:10.016731 [info ]: Started model staging_marts.mart_budget_vs_reel
20:26:10.016730 [info ]: Finished loading project [  0.10s]
20:26:10.016738 [debug]: Started rendering model staging_marts.mart_budget_vs_reel
20:26:10.016749 [info ]: Started model staging.stg_budgets
20:26:10.016754 [debug]: Started rendering model staging.stg_budgets
20:26:10.016773 [info ]: Started model staging.int_transactions_enrichies
20:26:10.016787 [debug]: Started rendering model staging.int_transactions_enrichies
20:26:10.016866 [info ]: Started model staging.stg_transactions
20:26:10.016921 [debug]: Started rendering model staging.stg_transactions
20:26:10.016977 [info ]: Started model staging_marts.dim_comptes
20:26:10.017023 [debug]: Started rendering model staging_marts.dim_comptes
20:26:10.017083 [info ]: Started model staging.stg_comptes
20:26:10.017135 [debug]: Started rendering model staging.stg_comptes
20:26:10.017198 [info ]: Started model staging_marts.dim_categories
20:26:10.017224 [debug]: Compiled SQL for node model.fintrack_analytics.mart_budget_vs_reel at target\.lsp\compiled\fintrack_analytics\models\marts\mart_budget_vs_reel.sql
20:26:10.017224 [debug]: Compiled SQL for node model.fintrack_analytics.mart_solde_mensuel at target\.lsp\compiled\fintrack_analytics\models\marts\mart_solde_mensuel.sql
20:26:10.017231 [debug]: Compiled SQL for node model.fintrack_analytics.stg_budgets at target\.lsp\compiled\fintrack_analytics\models\staging\stg_budgets.sql
20:26:10.017240 [debug]: Compiled SQL for node snapshot.fintrack_analytics.snapshot_comptes at target\.lsp\compiled\fintrack_analytics\snapshots\snapshot_comptes.sql\snapshot_comptes.sql
20:26:10.017275 [debug]: Compiled SQL for node model.fintrack_analytics.mart_top_depenses at target\.lsp\compiled\fintrack_analytics\models\marts\mart_top_depenses.sql
20:26:10.017275 [debug]: Started rendering model staging_marts.dim_categories
20:26:10.017413 [info ]: Started model staging.stg_categories
20:26:10.017438 [debug]: Started rendering model staging.stg_categories
20:26:10.017469 [debug]: Finished rendering [  0.00s] model staging_marts.mart_budget_vs_reel [success]
20:26:10.017480 [debug]: Compiled SQL for node model.fintrack_analytics.stg_transactions at target\.lsp\compiled\fintrack_analytics\models\staging\stg_transactions.sql
20:26:10.017503 [info ]: Started analyzing (12 nodes)
20:26:10.017527 [debug]: Started analyzing model staging_marts.mart_budget_vs_reel
20:26:10.017581 [debug]: Compiled SQL for node model.fintrack_analytics.int_transactions_enrichies at target\.lsp\compiled\fintrack_analytics\models\intermediate\int_transactions_enrichies.sql
20:26:10.017633 [debug]: Compiled SQL for node model.fintrack_analytics.dim_comptes at target\.lsp\compiled\fintrack_analytics\models\marts\dim_comptes.sql
20:26:10.017641 [debug]: Finished rendering [  0.00s] snapshot snapshots.snapshot_comptes [success]
20:26:10.017695 [debug]: Compiled SQL for node model.fintrack_analytics.stg_comptes at target\.lsp\compiled\fintrack_analytics\models\staging\stg_comptes.sql
20:26:10.017898 [debug]: Compiled SQL for node model.fintrack_analytics.dim_categories at target\.lsp\compiled\fintrack_analytics\models\marts\dim_categories.sql
20:26:10.017904 [debug]: Started analyzing snapshot snapshots.snapshot_comptes
20:26:10.017958 [debug]: Finished rendering [  0.00s] model staging.stg_budgets [success]
20:26:10.017986 [debug]: Compiled SQL for node model.fintrack_analytics.stg_categories at target\.lsp\compiled\fintrack_analytics\models\staging\stg_categories.sql
20:26:10.018042 [debug]: Started analyzing model staging.stg_budgets
20:26:10.018083 [debug]: Finished rendering [  0.00s] model staging_marts.mart_top_depenses [success]
20:26:10.018104 [debug]: Started analyzing model staging_marts.mart_top_depenses
20:26:10.018132 [debug]: Finished rendering [  0.00s] model staging_marts.mart_solde_mensuel [success]
20:26:10.018152 [debug]: Started analyzing model staging_marts.mart_solde_mensuel
20:26:10.018175 [debug]: Finished rendering [  0.00s] model staging.stg_transactions [success]
20:26:10.018193 [debug]: Started analyzing model staging.stg_transactions
20:26:10.018213 [debug]: Finished rendering [  0.00s] model staging.int_transactions_enrichies [success]
20:26:10.018239 [info ]: Started model staging_marts.fct_transactions
20:26:10.018251 [debug]: Started rendering model staging_marts.fct_transactions
20:26:10.018267 [debug]: Started analyzing model staging.int_transactions_enrichies
20:26:10.018286 [debug]: Finished rendering [  0.00s] model staging_marts.dim_comptes [success]
20:26:10.018300 [debug]: Started analyzing model staging_marts.dim_comptes
20:26:10.018317 [debug]: Finished rendering [  0.00s] model staging.stg_comptes [success]
20:26:10.018329 [debug]: Started analyzing model staging.stg_comptes
20:26:10.018344 [debug]: Finished rendering [  0.00s] model staging_marts.dim_categories [success]
20:26:10.018357 [debug]: Started analyzing model staging_marts.dim_categories
20:26:10.018372 [debug]: Finished rendering [  0.00s] model staging.stg_categories [success]
20:26:10.018385 [debug]: Started analyzing model staging.stg_categories
20:26:10.018404 [debug]: Finished analyzing [  0.00s] snapshot snapshots.snapshot_comptes [success]
20:26:10.018417 [info ]:  Succeeded [-------] snapshot snapshots.snapshot_comptes (snapshot)
20:26:10.018441 [debug]: Finished analyzing [  0.00s] model staging.stg_budgets [success]
20:26:10.018452 [info ]:  Succeeded [  0.00s] model staging.stg_budgets (view)
20:26:10.018470 [debug]: Finished analyzing [  0.00s] model staging_marts.mart_top_depenses [success]
20:26:10.018481 [info ]:  Succeeded [  0.00s] model staging_marts.mart_top_depenses (table)
20:26:10.018649 [debug]: Finished analyzing [  0.00s] model staging.stg_comptes [success]
20:26:10.018668 [info ]:  Succeeded [  0.00s] model staging.stg_comptes (view)
20:26:10.018699 [debug]: Finished analyzing [  0.00s] model staging_marts.dim_categories [success]
20:26:10.018716 [info ]:  Succeeded [  0.00s] model staging_marts.dim_categories (table)
20:26:10.018723 [debug]: Compiled SQL for node model.fintrack_analytics.fct_transactions at target\.lsp\compiled\fintrack_analytics\models\marts\fct_transactions.sql
20:26:10.018742 [debug]: Finished analyzing [  0.00s] model staging_marts.dim_comptes [success]
20:26:10.018759 [info ]:  Succeeded [  0.00s] model staging_marts.dim_comptes (table)
20:26:10.018786 [debug]: Finished analyzing [  0.00s] model staging.stg_transactions [success]
20:26:10.018802 [info ]:  Succeeded [  0.00s] model staging.stg_transactions (view)
20:26:10.018825 [debug]: Finished analyzing [  0.00s] model staging.stg_categories [success]
20:26:10.018841 [info ]:  Succeeded [-------] model staging.stg_categories (view)
20:26:10.018869 [debug]: Finished rendering [  0.00s] model staging_marts.fct_transactions [success]
20:26:10.018885 [info ]: Finished rendering [  0.00s] (12 nodes, 0 skipped, 0 errors)
20:26:10.018904 [debug]: Started analyzing model staging_marts.fct_transactions
20:26:10.020002 [debug]: Finished analyzing [  0.00s] model staging_marts.mart_solde_mensuel [success]
20:26:10.020038 [info ]:  Succeeded [  0.00s] model staging_marts.mart_solde_mensuel (table)
20:26:10.020405 [debug]: Finished analyzing [  0.00s] model staging.int_transactions_enrichies [success]
20:26:10.020431 [info ]:  Succeeded [  0.00s] model staging.int_transactions_enrichies (ephemeral)
20:26:10.020804 [debug]: Finished analyzing [  0.00s] model staging_marts.fct_transactions [success]
20:26:10.020827 [info ]:  Succeeded [  0.00s] model staging_marts.fct_transactions (table)
20:26:10.021547 [debug]: Finished analyzing [  0.00s] model staging_marts.mart_budget_vs_reel [success]
20:26:10.021586 [info ]: Finished analyzing [  0.00s] (12 nodes, 0 skipped, 0 errors)
20:26:10.021595 [info ]:  Succeeded [  0.00s] model staging_marts.mart_budget_vs_reel (table)
20:26:10.024995 [info ]: Started scheduling
20:26:10.025061 [info ]: Finished scheduling [  0.00s]
20:26:10.025163 [info ]: 
==================== Execution Summary =====================
Finished 'compile' successfully for target 'dev' [105ms]
Processed: 11 models | 1 snapshot
Summary: 12 total | 12 success
20:26:10.025445 [info ]: Cached model count updated: 11 models (accurate)
==================== 2026-09-03T20:26:10.206760Z | 6674ed2c-14d7-45df-9e8e-d164af8da8ed ====================
20:26:10.206838 [info ]: Started loading project
20:26:10.207750 [info ]: Loading ~/.dbt/profiles.yml
20:26:10.258643 [info ]: Cached model count updated: 11 models (accurate)
20:26:10.258678 [info ]: Finished loading project [  0.05s]
20:26:10.258702 [info ]: 
==================== Execution Summary =====================
Finished 'compile' successfully for target 'dev' [51ms]
==================== 2026-09-03T20:26:11.872258Z | b87a881e-12a4-4c9a-8d3f-e372ac3cc8d9 ====================
20:26:11.872351 [info ]: Started loading project
20:26:11.873161 [info ]: Loading ~/.dbt/profiles.yml
20:26:11.912930 [info ]: Cached model count updated: 11 models (estimate)
20:26:11.912953 [info ]: Cached model count updated: 11 models (accurate)
20:26:11.912995 [info ]: Started scheduling
20:26:11.913134 [info ]: Finished scheduling [  0.00s]
20:26:11.913155 [debug]: Compilation - 12 nodes selected: {"model.fintrack_analytics.dim_categories", "model.fintrack_analytics.dim_comptes", "model.fintrack_analytics.fct_transactions", "model.fintrack_analytics.int_transactions_enrichies", "model.fintrack_analytics.mart_budget_vs_reel", "model.fintrack_analytics.mart_solde_mensuel", "model.fintrack_analytics.mart_top_depenses", "model.fintrack_analytics.stg_budgets", "model.fintrack_analytics.stg_categories", "model.fintrack_analytics.stg_comptes", "model.fintrack_analytics.stg_transactions", "snapshot.fintrack_analytics.snapshot_comptes"}
20:26:11.977294 [info ]: Started building task graph
20:26:11.977436 [info ]: Finished building task graph [  0.00s]
20:26:11.985860 [info ]: Started rendering (12 nodes)
20:26:11.985904 [info ]: Started snapshot snapshots.snapshot_comptes
20:26:11.985914 [debug]: Started rendering snapshot snapshots.snapshot_comptes
20:26:11.985939 [info ]: Started model staging_marts.mart_top_depenses
20:26:11.985946 [debug]: Started rendering model staging_marts.mart_top_depenses
20:26:11.985957 [info ]: Started model staging_marts.mart_solde_mensuel
20:26:11.985965 [debug]: Started rendering model staging_marts.mart_solde_mensuel
20:26:11.985971 [info ]: Finished loading project [  0.11s]
20:26:11.985978 [info ]: Started model staging_marts.mart_budget_vs_reel
20:26:11.985990 [debug]: Started rendering model staging_marts.mart_budget_vs_reel
20:26:11.986010 [info ]: Started model staging.stg_budgets
20:26:11.986026 [debug]: Started rendering model staging.stg_budgets
20:26:11.986041 [info ]: Started model staging.int_transactions_enrichies
20:26:11.986053 [debug]: Started rendering model staging.int_transactions_enrichies
20:26:11.986257 [info ]: Started model staging.stg_transactions
20:26:11.986283 [debug]: Started rendering model staging.stg_transactions
20:26:11.986309 [info ]: Started model staging_marts.dim_comptes
20:26:11.986330 [debug]: Started rendering model staging_marts.dim_comptes
20:26:11.986353 [info ]: Started model staging.stg_comptes
20:26:11.986478 [debug]: Compiled SQL for node snapshot.fintrack_analytics.snapshot_comptes at target\.lsp\compiled\fintrack_analytics\snapshots\snapshot_comptes.sql\snapshot_comptes.sql
20:26:11.986510 [debug]: Compiled SQL for node model.fintrack_analytics.stg_budgets at target\.lsp\compiled\fintrack_analytics\models\staging\stg_budgets.sql
20:26:11.986515 [debug]: Compiled SQL for node model.fintrack_analytics.mart_solde_mensuel at target\.lsp\compiled\fintrack_analytics\models\marts\mart_solde_mensuel.sql
20:26:11.986525 [debug]: Compiled SQL for node model.fintrack_analytics.mart_top_depenses at target\.lsp\compiled\fintrack_analytics\models\marts\mart_top_depenses.sql
20:26:11.986527 [debug]: Compiled SQL for node model.fintrack_analytics.mart_budget_vs_reel at target\.lsp\compiled\fintrack_analytics\models\marts\mart_budget_vs_reel.sql
20:26:11.986408 [debug]: Started rendering model staging.stg_comptes
20:26:11.986664 [info ]: Started model staging_marts.dim_categories
20:26:11.986787 [debug]: Compiled SQL for node model.fintrack_analytics.int_transactions_enrichies at target\.lsp\compiled\fintrack_analytics\models\intermediate\int_transactions_enrichies.sql
20:26:11.986919 [debug]: Started rendering model staging_marts.dim_categories
20:26:11.987023 [info ]: Started model staging.stg_categories
20:26:11.987030 [debug]: Compiled SQL for node model.fintrack_analytics.dim_comptes at target\.lsp\compiled\fintrack_analytics\models\marts\dim_comptes.sql
20:26:11.987045 [debug]: Started rendering model staging.stg_categories
20:26:11.987121 [debug]: Compiled SQL for node model.fintrack_analytics.stg_transactions at target\.lsp\compiled\fintrack_analytics\models\staging\stg_transactions.sql
20:26:11.987155 [debug]: Compiled SQL for node model.fintrack_analytics.stg_comptes at target\.lsp\compiled\fintrack_analytics\models\staging\stg_comptes.sql
20:26:11.987213 [debug]: Finished rendering [  0.00s] snapshot snapshots.snapshot_comptes [success]
20:26:11.987360 [info ]: Started analyzing (12 nodes)
20:26:11.987381 [debug]: Started analyzing snapshot snapshots.snapshot_comptes
20:26:11.987386 [debug]: Compiled SQL for node model.fintrack_analytics.dim_categories at target\.lsp\compiled\fintrack_analytics\models\marts\dim_categories.sql
20:26:11.987416 [debug]: Finished rendering [  0.00s] model staging_marts.mart_solde_mensuel [success]
20:26:11.987442 [debug]: Started analyzing model staging_marts.mart_solde_mensuel
20:26:11.987467 [debug]: Finished rendering [  0.00s] model staging.stg_budgets [success]
20:26:11.987490 [debug]: Started analyzing model staging.stg_budgets
20:26:11.987514 [debug]: Compiled SQL for node model.fintrack_analytics.stg_categories at target\.lsp\compiled\fintrack_analytics\models\staging\stg_categories.sql
20:26:11.987519 [debug]: Finished rendering [  0.00s] model staging_marts.mart_top_depenses [success]
20:26:11.987543 [debug]: Started analyzing model staging_marts.mart_top_depenses
20:26:11.987564 [debug]: Finished rendering [  0.00s] model staging_marts.mart_budget_vs_reel [success]
20:26:11.987610 [debug]: Started analyzing model staging_marts.mart_budget_vs_reel
20:26:11.987640 [debug]: Finished rendering [  0.00s] model staging.int_transactions_enrichies [success]
20:26:11.987678 [debug]: Started analyzing model staging.int_transactions_enrichies
20:26:11.987712 [info ]: Started model staging_marts.fct_transactions
20:26:11.987748 [debug]: Started rendering model staging_marts.fct_transactions
20:26:11.987780 [debug]: Finished rendering [  0.00s] model staging_marts.dim_comptes [success]
20:26:11.987832 [debug]: Started analyzing model staging_marts.dim_comptes
20:26:11.987883 [debug]: Finished rendering [  0.00s] model staging.stg_transactions [success]
20:26:11.987903 [debug]: Started analyzing model staging.stg_transactions
20:26:11.987926 [debug]: Finished rendering [  0.00s] model staging.stg_comptes [success]
20:26:11.987944 [debug]: Started analyzing model staging.stg_comptes
20:26:11.987966 [debug]: Finished rendering [  0.00s] model staging_marts.dim_categories [success]
20:26:11.987983 [debug]: Started analyzing model staging_marts.dim_categories
20:26:11.988308 [debug]: Compiled SQL for node model.fintrack_analytics.fct_transactions at target\.lsp\compiled\fintrack_analytics\models\marts\fct_transactions.sql
20:26:11.988703 [debug]: Finished rendering [  0.00s] model staging.stg_categories [success]
20:26:11.988765 [debug]: Started analyzing model staging.stg_categories
20:26:11.988825 [debug]: Finished analyzing [  0.00s] snapshot snapshots.snapshot_comptes [success]
20:26:11.988850 [info ]:  Succeeded [  0.00s] snapshot snapshots.snapshot_comptes (snapshot)
20:26:11.988930 [debug]: Finished analyzing [  0.00s] model staging.stg_budgets [success]
20:26:11.988949 [info ]:  Succeeded [  0.00s] model staging.stg_budgets (view)
20:26:11.988974 [debug]: Finished analyzing [  0.00s] model staging_marts.mart_top_depenses [success]
20:26:11.988987 [info ]:  Succeeded [  0.00s] model staging_marts.mart_top_depenses (table)
20:26:11.989007 [debug]: Finished analyzing [  0.00s] model staging_marts.dim_comptes [success]
20:26:11.989022 [info ]:  Succeeded [  0.00s] model staging_marts.dim_comptes (table)
20:26:11.989041 [debug]: Finished analyzing [  0.00s] model staging.stg_transactions [success]
20:26:11.989052 [info ]:  Succeeded [  0.00s] model staging.stg_transactions (view)
20:26:11.989072 [debug]: Finished rendering [  0.00s] model staging_marts.fct_transactions [success]
20:26:11.989083 [info ]: Finished rendering [  0.00s] (12 nodes, 0 skipped, 0 errors)
20:26:11.989098 [debug]: Started analyzing model staging_marts.fct_transactions
20:26:11.989123 [debug]: Finished analyzing [  0.00s] model staging.stg_comptes [success]
20:26:11.989137 [info ]:  Succeeded [  0.00s] model staging.stg_comptes (view)
20:26:11.989157 [debug]: Finished analyzing [  0.00s] model staging_marts.dim_categories [success]
20:26:11.989169 [info ]:  Succeeded [  0.00s] model staging_marts.dim_categories (table)
20:26:11.989189 [debug]: Finished analyzing [  0.00s] model staging.stg_categories [success]
20:26:11.989199 [info ]:  Succeeded [  0.00s] model staging.stg_categories (view)
20:26:11.989394 [debug]: Finished analyzing [  0.00s] model staging_marts.mart_solde_mensuel [success]
20:26:11.989422 [info ]:  Succeeded [  0.00s] model staging_marts.mart_solde_mensuel (table)
20:26:11.989967 [debug]: Finished analyzing [  0.00s] model staging.int_transactions_enrichies [success]
20:26:11.990001 [info ]:  Succeeded [  0.00s] model staging.int_transactions_enrichies (ephemeral)
20:26:11.991375 [debug]: Finished analyzing [  0.00s] model staging_marts.fct_transactions [success]
20:26:11.991410 [info ]:  Succeeded [  0.00s] model staging_marts.fct_transactions (table)
20:26:11.991702 [debug]: Finished analyzing [  0.00s] model staging_marts.mart_budget_vs_reel [success]
20:26:11.991721 [info ]: Finished analyzing [  0.00s] (12 nodes, 0 skipped, 0 errors)
20:26:11.991732 [info ]:  Succeeded [  0.01s] model staging_marts.mart_budget_vs_reel (table)
20:26:11.995156 [info ]: Started scheduling
20:26:11.995235 [info ]: Finished scheduling [  0.00s]
20:26:11.995353 [info ]: 
==================== Execution Summary =====================
Finished 'compile' successfully for target 'dev' [123ms]
Processed: 11 models | 1 snapshot
Summary: 12 total | 12 success
20:26:11.995639 [info ]: Cached model count updated: 11 models (accurate)
==================== 2026-09-03T20:26:12.383434Z | c86fafcd-f037-49e2-828d-fd37ee94a805 ====================
20:26:12.383486 [info ]: Started loading project
20:26:12.384183 [info ]: Loading ~/.dbt/profiles.yml
20:26:12.434268 [info ]: Cached model count updated: 11 models (accurate)
20:26:12.434363 [info ]: Finished loading project [  0.05s]
20:26:12.434395 [info ]: 
==================== Execution Summary =====================
Finished 'compile' successfully for target 'dev' [50ms]
==================== 2026-09-03T20:26:14.126385Z | 436d8d27-f20c-45f0-adfd-c695c1b1919a ====================
20:26:14.126441 [info ]: Started loading project
20:26:14.127247 [info ]: Loading ~/.dbt/profiles.yml
20:26:14.165290 [info ]: Cached model count updated: 11 models (estimate)
20:26:14.165314 [info ]: Cached model count updated: 11 models (accurate)
20:26:14.165353 [info ]: Started scheduling
20:26:14.165496 [info ]: Finished scheduling [  0.00s]
20:26:14.165519 [debug]: Compilation - 12 nodes selected: {"model.fintrack_analytics.dim_categories", "model.fintrack_analytics.dim_comptes", "model.fintrack_analytics.fct_transactions", "model.fintrack_analytics.int_transactions_enrichies", "model.fintrack_analytics.mart_budget_vs_reel", "model.fintrack_analytics.mart_solde_mensuel", "model.fintrack_analytics.mart_top_depenses", "model.fintrack_analytics.stg_budgets", "model.fintrack_analytics.stg_categories", "model.fintrack_analytics.stg_comptes", "model.fintrack_analytics.stg_transactions", "snapshot.fintrack_analytics.snapshot_comptes"}
20:26:14.226075 [info ]: Started building task graph
20:26:14.226212 [info ]: Finished building task graph [  0.00s]
20:26:14.235105 [info ]: Started rendering (12 nodes)
20:26:14.235133 [info ]: Started snapshot snapshots.snapshot_comptes
20:26:14.235143 [debug]: Started rendering snapshot snapshots.snapshot_comptes
20:26:14.235169 [info ]: Started model staging_marts.mart_top_depenses
20:26:14.235177 [debug]: Started rendering model staging_marts.mart_top_depenses
20:26:14.235188 [info ]: Started model staging_marts.mart_solde_mensuel
20:26:14.235194 [debug]: Started rendering model staging_marts.mart_solde_mensuel
20:26:14.235204 [info ]: Started model staging_marts.mart_budget_vs_reel
20:26:14.235210 [debug]: Started rendering model staging_marts.mart_budget_vs_reel
20:26:14.235223 [info ]: Started model staging.stg_budgets
20:26:14.235242 [info ]: Finished loading project [  0.11s]
20:26:14.235330 [debug]: Started rendering model staging.stg_budgets
20:26:14.235385 [info ]: Started model staging.int_transactions_enrichies
20:26:14.235402 [debug]: Started rendering model staging.int_transactions_enrichies
20:26:14.235424 [info ]: Started model staging.stg_transactions
20:26:14.235438 [debug]: Started rendering model staging.stg_transactions
20:26:14.235659 [debug]: Compiled SQL for node model.fintrack_analytics.mart_top_depenses at target\.lsp\compiled\fintrack_analytics\models\marts\mart_top_depenses.sql
20:26:14.235659 [debug]: Compiled SQL for node model.fintrack_analytics.mart_solde_mensuel at target\.lsp\compiled\fintrack_analytics\models\marts\mart_solde_mensuel.sql
20:26:14.235672 [debug]: Compiled SQL for node model.fintrack_analytics.mart_budget_vs_reel at target\.lsp\compiled\fintrack_analytics\models\marts\mart_budget_vs_reel.sql
20:26:14.235704 [info ]: Started model staging_marts.dim_comptes
20:26:14.235739 [debug]: Started rendering model staging_marts.dim_comptes
20:26:14.235754 [debug]: Compiled SQL for node snapshot.fintrack_analytics.snapshot_comptes at target\.lsp\compiled\fintrack_analytics\snapshots\snapshot_comptes.sql\snapshot_comptes.sql
20:26:14.235770 [info ]: Started model staging.stg_comptes
20:26:14.235784 [debug]: Started rendering model staging.stg_comptes
20:26:14.235803 [info ]: Started model staging_marts.dim_categories
20:26:14.235815 [debug]: Started rendering model staging_marts.dim_categories
20:26:14.235859 [debug]: Compiled SQL for node model.fintrack_analytics.stg_budgets at target\.lsp\compiled\fintrack_analytics\models\staging\stg_budgets.sql
20:26:14.235884 [debug]: Compiled SQL for node model.fintrack_analytics.int_transactions_enrichies at target\.lsp\compiled\fintrack_analytics\models\intermediate\int_transactions_enrichies.sql
20:26:14.235934 [info ]: Started model staging.stg_categories
20:26:14.235951 [debug]: Started rendering model staging.stg_categories
20:26:14.236013 [debug]: Compiled SQL for node model.fintrack_analytics.stg_transactions at target\.lsp\compiled\fintrack_analytics\models\staging\stg_transactions.sql
20:26:14.235983 [debug]: Finished rendering [  0.00s] model staging_marts.mart_top_depenses [success]
20:26:14.236091 [info ]: Started analyzing (12 nodes)
20:26:14.236124 [debug]: Started analyzing model staging_marts.mart_top_depenses
20:26:14.236169 [debug]: Finished rendering [  0.00s] model staging_marts.mart_solde_mensuel [success]
20:26:14.236191 [debug]: Started analyzing model staging_marts.mart_solde_mensuel
20:26:14.236214 [debug]: Finished rendering [  0.00s] snapshot snapshots.snapshot_comptes [success]
20:26:14.236244 [debug]: Started analyzing snapshot snapshots.snapshot_comptes
20:26:14.236265 [debug]: Finished rendering [  0.00s] model staging_marts.mart_budget_vs_reel [success]
20:26:14.236280 [debug]: Started analyzing model staging_marts.mart_budget_vs_reel
20:26:14.236298 [debug]: Finished rendering [  0.00s] model staging.stg_budgets [success]
20:26:14.236314 [debug]: Started analyzing model staging.stg_budgets
20:26:14.236329 [debug]: Compiled SQL for node model.fintrack_analytics.stg_comptes at target\.lsp\compiled\fintrack_analytics\models\staging\stg_comptes.sql
20:26:14.236334 [debug]: Compiled SQL for node model.fintrack_analytics.dim_comptes at target\.lsp\compiled\fintrack_analytics\models\marts\dim_comptes.sql
20:26:14.236346 [debug]: Finished rendering [  0.00s] model staging.int_transactions_enrichies [success]
20:26:14.236346 [debug]: Compiled SQL for node model.fintrack_analytics.dim_categories at target\.lsp\compiled\fintrack_analytics\models\marts\dim_categories.sql
20:26:14.236367 [info ]: Started model staging_marts.fct_transactions
20:26:14.236379 [debug]: Started rendering model staging_marts.fct_transactions
20:26:14.236394 [debug]: Started analyzing model staging.int_transactions_enrichies
20:26:14.236411 [debug]: Finished rendering [  0.00s] model staging.stg_transactions [success]
20:26:14.236425 [debug]: Started analyzing model staging.stg_transactions
20:26:14.236442 [debug]: Finished rendering [  0.00s] model staging.stg_comptes [success]
20:26:14.236480 [debug]: Compiled SQL for node model.fintrack_analytics.stg_categories at target\.lsp\compiled\fintrack_analytics\models\staging\stg_categories.sql
20:26:14.237610 [debug]: Compiled SQL for node model.fintrack_analytics.fct_transactions at target\.lsp\compiled\fintrack_analytics\models\marts\fct_transactions.sql
20:26:14.237671 [debug]: Started analyzing model staging.stg_comptes
20:26:14.237732 [debug]: Finished rendering [  0.00s] model staging_marts.dim_comptes [success]
20:26:14.237755 [debug]: Started analyzing model staging_marts.dim_comptes
20:26:14.237792 [debug]: Finished rendering [  0.00s] model staging_marts.dim_categories [success]
20:26:14.237809 [debug]: Started analyzing model staging_marts.dim_categories
20:26:14.237833 [debug]: Finished analyzing [  0.00s] snapshot snapshots.snapshot_comptes [success]
20:26:14.237847 [info ]:  Succeeded [  0.00s] snapshot snapshots.snapshot_comptes (snapshot)
20:26:14.237874 [debug]: Finished analyzing [  0.00s] model staging_marts.mart_top_depenses [success]
20:26:14.237905 [info ]:  Succeeded [  0.00s] model staging_marts.mart_top_depenses (table)
20:26:14.237931 [debug]: Finished analyzing [  0.00s] model staging.stg_budgets [success]
20:26:14.237943 [info ]:  Succeeded [  0.00s] model staging.stg_budgets (view)
20:26:14.237964 [debug]: Finished analyzing [  0.00s] model staging.stg_transactions [success]
20:26:14.237975 [info ]:  Succeeded [  0.00s] model staging.stg_transactions (view)
20:26:14.237994 [debug]: Finished analyzing [  0.00s] model staging.stg_comptes [success]
20:26:14.238004 [info ]:  Succeeded [-------] model staging.stg_comptes (view)
20:26:14.238186 [debug]: Finished analyzing [  0.00s] model staging_marts.dim_comptes [success]
20:26:14.238202 [info ]:  Succeeded [  0.00s] model staging_marts.dim_comptes (table)
20:26:14.238225 [debug]: Finished analyzing [  0.00s] model staging_marts.dim_categories [success]
20:26:14.238239 [info ]:  Succeeded [  0.00s] model staging_marts.dim_categories (table)
20:26:14.238371 [debug]: Finished analyzing [  0.00s] model staging_marts.mart_solde_mensuel [success]
20:26:14.238391 [info ]:  Succeeded [  0.00s] model staging_marts.mart_solde_mensuel (table)
20:26:14.238418 [debug]: Finished rendering [  0.00s] model staging_marts.fct_transactions [success]
20:26:14.238443 [debug]: Started analyzing model staging_marts.fct_transactions
20:26:14.238478 [debug]: Finished rendering [  0.00s] model staging.stg_categories [success]
20:26:14.238494 [info ]: Finished rendering [  0.00s] (12 nodes, 0 skipped, 0 errors)
20:26:14.238507 [debug]: Started analyzing model staging.stg_categories
20:26:14.238713 [debug]: Finished analyzing [  0.00s] model staging.stg_categories [success]
20:26:14.238732 [info ]:  Succeeded [  0.00s] model staging.stg_categories (view)
20:26:14.238961 [debug]: Finished analyzing [  0.00s] model staging.int_transactions_enrichies [success]
20:26:14.238988 [info ]:  Succeeded [  0.00s] model staging.int_transactions_enrichies (ephemeral)
20:26:14.240533 [debug]: Finished analyzing [  0.00s] model staging_marts.fct_transactions [success]
20:26:14.240558 [info ]:  Succeeded [  0.00s] model staging_marts.fct_transactions (table)
20:26:14.240838 [debug]: Finished analyzing [  0.00s] model staging_marts.mart_budget_vs_reel [success]
20:26:14.240874 [info ]: Finished analyzing [  0.00s] (12 nodes, 0 skipped, 0 errors)
20:26:14.240882 [info ]:  Succeeded [  0.01s] model staging_marts.mart_budget_vs_reel (table)
20:26:14.244634 [info ]: Started scheduling
20:26:14.244699 [info ]: Finished scheduling [  0.00s]
20:26:14.244803 [info ]: 
==================== Execution Summary =====================
Finished 'compile' successfully for target 'dev' [118ms]
Processed: 11 models | 1 snapshot
Summary: 12 total | 12 success
20:26:14.245171 [info ]: Cached model count updated: 11 models (accurate)
==================== 2026-09-03T20:26:15.246994Z | c3965503-bd61-4eea-882b-e1458f6642c3 ====================
20:26:15.247071 [info ]: Started loading project
20:26:15.248176 [info ]: Loading ~/.dbt/profiles.yml
20:26:15.295865 [info ]: Cached model count updated: 11 models (accurate)
20:26:15.295950 [info ]: Finished loading project [  0.05s]
20:26:15.295982 [info ]: 
==================== Execution Summary =====================
Finished 'compile' successfully for target 'dev' [48ms]
==================== 2026-09-03T20:26:16.962419Z | 4d56b8dd-fc1d-4bef-9b92-6ee69ee88e9d ====================
20:26:16.962702 [info ]: Started loading project
20:26:16.964581 [info ]: Loading ~/.dbt/profiles.yml
20:26:17.007999 [info ]: Cached model count updated: 11 models (estimate)
20:26:17.008021 [info ]: Cached model count updated: 11 models (accurate)
20:26:17.008055 [info ]: Started scheduling
20:26:17.008182 [info ]: Finished scheduling [  0.00s]
20:26:17.008201 [debug]: Compilation - 12 nodes selected: {"model.fintrack_analytics.dim_categories", "model.fintrack_analytics.dim_comptes", "model.fintrack_analytics.fct_transactions", "model.fintrack_analytics.int_transactions_enrichies", "model.fintrack_analytics.mart_budget_vs_reel", "model.fintrack_analytics.mart_solde_mensuel", "model.fintrack_analytics.mart_top_depenses", "model.fintrack_analytics.stg_budgets", "model.fintrack_analytics.stg_categories", "model.fintrack_analytics.stg_comptes", "model.fintrack_analytics.stg_transactions", "snapshot.fintrack_analytics.snapshot_comptes"}
20:26:17.061836 [info ]: Started building task graph
20:26:17.061954 [info ]: Finished building task graph [  0.00s]
20:26:17.070159 [info ]: Started rendering (12 nodes)
20:26:17.070180 [info ]: Started snapshot snapshots.snapshot_comptes
20:26:17.070189 [debug]: Started rendering snapshot snapshots.snapshot_comptes
20:26:17.070213 [info ]: Started model staging_marts.mart_top_depenses
20:26:17.070243 [debug]: Started rendering model staging_marts.mart_top_depenses
20:26:17.070254 [info ]: Started model staging_marts.mart_solde_mensuel
20:26:17.070279 [debug]: Started rendering model staging_marts.mart_solde_mensuel
20:26:17.070296 [info ]: Started model staging_marts.mart_budget_vs_reel
20:26:17.070302 [debug]: Started rendering model staging_marts.mart_budget_vs_reel
20:26:17.070304 [info ]: Finished loading project [  0.11s]
20:26:17.070314 [info ]: Started model staging.stg_budgets
20:26:17.070324 [debug]: Started rendering model staging.stg_budgets
20:26:17.070373 [info ]: Started model staging.int_transactions_enrichies
20:26:17.070445 [debug]: Started rendering model staging.int_transactions_enrichies
20:26:17.070509 [info ]: Started model staging.stg_transactions
20:26:17.070569 [debug]: Started rendering model staging.stg_transactions
20:26:17.070625 [info ]: Started model staging_marts.dim_comptes
20:26:17.070672 [debug]: Started rendering model staging_marts.dim_comptes
20:26:17.070718 [info ]: Started model staging.stg_comptes
20:26:17.070732 [debug]: Compiled SQL for node snapshot.fintrack_analytics.snapshot_comptes at target\.lsp\compiled\fintrack_analytics\snapshots\snapshot_comptes.sql\snapshot_comptes.sql
20:26:17.070742 [debug]: Started rendering model staging.stg_comptes
20:26:17.070752 [debug]: Compiled SQL for node model.fintrack_analytics.mart_top_depenses at target\.lsp\compiled\fintrack_analytics\models\marts\mart_top_depenses.sql
20:26:17.070763 [debug]: Compiled SQL for node model.fintrack_analytics.stg_budgets at target\.lsp\compiled\fintrack_analytics\models\staging\stg_budgets.sql
20:26:17.070766 [info ]: Started model staging_marts.dim_categories
20:26:17.070792 [debug]: Compiled SQL for node model.fintrack_analytics.mart_solde_mensuel at target\.lsp\compiled\fintrack_analytics\models\marts\mart_solde_mensuel.sql
20:26:17.070886 [debug]: Started rendering model staging_marts.dim_categories
20:26:17.070954 [debug]: Compiled SQL for node model.fintrack_analytics.mart_budget_vs_reel at target\.lsp\compiled\fintrack_analytics\models\marts\mart_budget_vs_reel.sql
20:26:17.070957 [debug]: Compiled SQL for node model.fintrack_analytics.int_transactions_enrichies at target\.lsp\compiled\fintrack_analytics\models\intermediate\int_transactions_enrichies.sql
20:26:17.071115 [info ]: Started model staging.stg_categories
20:26:17.071208 [debug]: Compiled SQL for node model.fintrack_analytics.stg_transactions at target\.lsp\compiled\fintrack_analytics\models\staging\stg_transactions.sql
20:26:17.071209 [debug]: Started rendering model staging.stg_categories
20:26:17.071231 [debug]: Compiled SQL for node model.fintrack_analytics.dim_comptes at target\.lsp\compiled\fintrack_analytics\models\marts\dim_comptes.sql
20:26:17.071249 [debug]: Compiled SQL for node model.fintrack_analytics.stg_comptes at target\.lsp\compiled\fintrack_analytics\models\staging\stg_comptes.sql
20:26:17.071315 [debug]: Finished rendering [  0.00s] snapshot snapshots.snapshot_comptes [success]
20:26:17.071389 [info ]: Started analyzing (12 nodes)
20:26:17.071407 [debug]: Started analyzing snapshot snapshots.snapshot_comptes
20:26:17.071416 [debug]: Compiled SQL for node model.fintrack_analytics.dim_categories at target\.lsp\compiled\fintrack_analytics\models\marts\dim_categories.sql
20:26:17.071447 [debug]: Finished rendering [  0.00s] model staging_marts.mart_top_depenses [success]
20:26:17.071476 [debug]: Started analyzing model staging_marts.mart_top_depenses
20:26:17.071526 [debug]: Finished rendering [  0.00s] model staging.stg_budgets [success]
20:26:17.071544 [debug]: Started analyzing model staging.stg_budgets
20:26:17.071566 [debug]: Finished rendering [  0.00s] model staging_marts.mart_solde_mensuel [success]
20:26:17.071608 [debug]: Started analyzing model staging_marts.mart_solde_mensuel
20:26:17.071669 [debug]: Finished rendering [  0.00s] model staging.int_transactions_enrichies [success]
20:26:17.071682 [debug]: Compiled SQL for node model.fintrack_analytics.stg_categories at target\.lsp\compiled\fintrack_analytics\models\staging\stg_categories.sql
20:26:17.071700 [debug]: Started analyzing model staging.int_transactions_enrichies
20:26:17.071823 [info ]: Started model staging_marts.fct_transactions
20:26:17.071839 [debug]: Started rendering model staging_marts.fct_transactions
20:26:17.071857 [debug]: Finished rendering [  0.00s] model staging_marts.mart_budget_vs_reel [success]
20:26:17.071872 [debug]: Started analyzing model staging_marts.mart_budget_vs_reel
20:26:17.071915 [debug]: Finished rendering [  0.00s] model staging.stg_transactions [success]
20:26:17.071970 [debug]: Started analyzing model staging.stg_transactions
20:26:17.072102 [debug]: Finished rendering [  0.00s] model staging_marts.dim_comptes [success]
20:26:17.072152 [debug]: Started analyzing model staging_marts.dim_comptes
20:26:17.072202 [debug]: Finished rendering [  0.00s] model staging.stg_comptes [success]
20:26:17.072273 [debug]: Started analyzing model staging.stg_comptes
20:26:17.072291 [debug]: Compiled SQL for node model.fintrack_analytics.fct_transactions at target\.lsp\compiled\fintrack_analytics\models\marts\fct_transactions.sql
20:26:17.072500 [debug]: Finished rendering [  0.00s] model staging_marts.dim_categories [success]
20:26:17.072523 [debug]: Started analyzing model staging_marts.dim_categories
20:26:17.072674 [debug]: Finished analyzing [  0.00s] snapshot snapshots.snapshot_comptes [success]
20:26:17.072696 [info ]:  Succeeded [  0.00s] snapshot snapshots.snapshot_comptes (snapshot)
20:26:17.072725 [debug]: Finished rendering [  0.00s] model staging.stg_categories [success]
20:26:17.072742 [debug]: Started analyzing model staging.stg_categories
20:26:17.072774 [debug]: Finished analyzing [  0.00s] model staging.stg_budgets [success]
20:26:17.072790 [info ]:  Succeeded [  0.00s] model staging.stg_budgets (view)
20:26:17.072816 [debug]: Finished analyzing [  0.00s] model staging_marts.mart_top_depenses [success]
20:26:17.072828 [info ]:  Succeeded [  0.00s] model staging_marts.mart_top_depenses (table)
20:26:17.072853 [debug]: Finished analyzing [  0.00s] model staging_marts.dim_comptes [success]
20:26:17.072865 [info ]:  Succeeded [  0.00s] model staging_marts.dim_comptes (table)
20:26:17.072890 [debug]: Finished rendering [  0.00s] model staging_marts.fct_transactions [success]
20:26:17.072902 [info ]: Finished rendering [  0.00s] (12 nodes, 0 skipped, 0 errors)
20:26:17.072920 [debug]: Started analyzing model staging_marts.fct_transactions
20:26:17.072943 [debug]: Finished analyzing [  0.00s] model staging.stg_comptes [success]
20:26:17.072960 [info ]:  Succeeded [  0.00s] model staging.stg_comptes (view)
20:26:17.072980 [debug]: Finished analyzing [  0.00s] model staging.stg_transactions [success]
20:26:17.072996 [info ]:  Succeeded [  0.00s] model staging.stg_transactions (view)
20:26:17.073015 [debug]: Finished analyzing [  0.00s] model staging_marts.dim_categories [success]
20:26:17.073030 [info ]:  Succeeded [  0.00s] model staging_marts.dim_categories (table)
20:26:17.073048 [debug]: Finished analyzing [  0.00s] model staging.stg_categories [success]
20:26:17.073059 [info ]:  Succeeded [  0.00s] model staging.stg_categories (view)
20:26:17.073593 [debug]: Finished analyzing [  0.00s] model staging_marts.mart_solde_mensuel [success]
20:26:17.073617 [info ]:  Succeeded [  0.00s] model staging_marts.mart_solde_mensuel (table)
20:26:17.073789 [debug]: Finished analyzing [  0.00s] model staging.int_transactions_enrichies [success]
20:26:17.073811 [info ]:  Succeeded [  0.00s] model staging.int_transactions_enrichies (ephemeral)
20:26:17.074771 [debug]: Finished analyzing [  0.00s] model staging_marts.fct_transactions [success]
20:26:17.074802 [info ]:  Succeeded [  0.00s] model staging_marts.fct_transactions (table)
20:26:17.075712 [debug]: Finished analyzing [  0.00s] model staging_marts.mart_budget_vs_reel [success]
20:26:17.075728 [info ]: Finished analyzing [  0.00s] (12 nodes, 0 skipped, 0 errors)
20:26:17.075736 [info ]:  Succeeded [  0.00s] model staging_marts.mart_budget_vs_reel (table)
20:26:17.079162 [info ]: Started scheduling
20:26:17.079220 [info ]: Finished scheduling [  0.00s]
20:26:17.079312 [info ]: 
==================== Execution Summary =====================
Finished 'compile' successfully for target 'dev' [116ms]
Processed: 11 models | 1 snapshot
Summary: 12 total | 12 success
20:26:17.079568 [info ]: Cached model count updated: 11 models (accurate)
==================== 2026-09-03T20:26:19.381561Z | 76807aa5-7a5e-423a-91b1-d49cd5cae711 ====================
20:26:19.381646 [info ]: Started loading project
20:26:19.382361 [info ]: Loading ~/.dbt/profiles.yml
20:26:19.439108 [info ]: Cached model count updated: 11 models (accurate)
20:26:19.439152 [info ]: Finished loading project [  0.06s]
20:26:19.439168 [info ]: 
==================== Execution Summary =====================
Finished 'compile' successfully for target 'dev' [57ms]
==================== 2026-09-03T20:26:21.158565Z | 873c57b7-009d-4f34-a500-38d1b42a4753 ====================
20:26:21.159098 [info ]: Started loading project
20:26:21.164375 [info ]: Loading ~/.dbt/profiles.yml
20:26:21.230552 [info ]: Cached model count updated: 11 models (estimate)
20:26:21.230576 [info ]: Cached model count updated: 11 models (accurate)
20:26:21.230616 [info ]: Started scheduling
20:26:21.230761 [info ]: Finished scheduling [  0.00s]
20:26:21.230783 [debug]: Compilation - 12 nodes selected: {"model.fintrack_analytics.dim_categories", "model.fintrack_analytics.dim_comptes", "model.fintrack_analytics.fct_transactions", "model.fintrack_analytics.int_transactions_enrichies", "model.fintrack_analytics.mart_budget_vs_reel", "model.fintrack_analytics.mart_solde_mensuel", "model.fintrack_analytics.mart_top_depenses", "model.fintrack_analytics.stg_budgets", "model.fintrack_analytics.stg_categories", "model.fintrack_analytics.stg_comptes", "model.fintrack_analytics.stg_transactions", "snapshot.fintrack_analytics.snapshot_comptes"}
20:26:21.305531 [info ]: Started building task graph
20:26:21.305650 [info ]: Finished building task graph [  0.00s]
20:26:21.316452 [info ]: Started rendering (12 nodes)
20:26:21.316496 [info ]: Started snapshot snapshots.snapshot_comptes
20:26:21.316506 [debug]: Started rendering snapshot snapshots.snapshot_comptes
20:26:21.316535 [info ]: Started model staging_marts.mart_top_depenses
20:26:21.316545 [debug]: Started rendering model staging_marts.mart_top_depenses
20:26:21.316556 [info ]: Started model staging_marts.mart_solde_mensuel
20:26:21.316562 [debug]: Started rendering model staging_marts.mart_solde_mensuel
20:26:21.316567 [info ]: Finished loading project [  0.16s]
20:26:21.316579 [info ]: Started model staging_marts.mart_budget_vs_reel
20:26:21.316661 [debug]: Started rendering model staging_marts.mart_budget_vs_reel
20:26:21.316694 [info ]: Started model staging.stg_budgets
20:26:21.316709 [debug]: Started rendering model staging.stg_budgets
20:26:21.316732 [info ]: Started model staging.int_transactions_enrichies
20:26:21.316745 [debug]: Started rendering model staging.int_transactions_enrichies
20:26:21.316764 [info ]: Started model staging.stg_transactions
20:26:21.316778 [debug]: Started rendering model staging.stg_transactions
20:26:21.317002 [debug]: Compiled SQL for node snapshot.fintrack_analytics.snapshot_comptes at target\.lsp\compiled\fintrack_analytics\snapshots\snapshot_comptes.sql\snapshot_comptes.sql
20:26:21.317032 [debug]: Compiled SQL for node model.fintrack_analytics.mart_top_depenses at target\.lsp\compiled\fintrack_analytics\models\marts\mart_top_depenses.sql
20:26:21.317038 [debug]: Compiled SQL for node model.fintrack_analytics.mart_solde_mensuel at target\.lsp\compiled\fintrack_analytics\models\marts\mart_solde_mensuel.sql
20:26:21.317187 [debug]: Compiled SQL for node model.fintrack_analytics.stg_budgets at target\.lsp\compiled\fintrack_analytics\models\staging\stg_budgets.sql
20:26:21.317481 [debug]: Compiled SQL for node model.fintrack_analytics.int_transactions_enrichies at target\.lsp\compiled\fintrack_analytics\models\intermediate\int_transactions_enrichies.sql
20:26:21.317495 [debug]: Compiled SQL for node model.fintrack_analytics.mart_budget_vs_reel at target\.lsp\compiled\fintrack_analytics\models\marts\mart_budget_vs_reel.sql
20:26:21.317560 [debug]: Compiled SQL for node model.fintrack_analytics.stg_transactions at target\.lsp\compiled\fintrack_analytics\models\staging\stg_transactions.sql
20:26:21.316798 [info ]: Started model staging_marts.dim_comptes
20:26:21.317646 [debug]: Started rendering model staging_marts.dim_comptes
20:26:21.317690 [info ]: Started model staging.stg_comptes
20:26:21.317788 [debug]: Started rendering model staging.stg_comptes
20:26:21.317844 [info ]: Started model staging_marts.dim_categories
20:26:21.318163 [debug]: Compiled SQL for node model.fintrack_analytics.dim_comptes at target\.lsp\compiled\fintrack_analytics\models\marts\dim_comptes.sql
20:26:21.318083 [debug]: Started rendering model staging_marts.dim_categories
20:26:21.318320 [info ]: Started model staging.stg_categories
20:26:21.318344 [debug]: Started rendering model staging.stg_categories
20:26:21.318452 [debug]: Finished rendering [  0.00s] snapshot snapshots.snapshot_comptes [success]
20:26:21.318491 [debug]: Compiled SQL for node model.fintrack_analytics.stg_comptes at target\.lsp\compiled\fintrack_analytics\models\staging\stg_comptes.sql
20:26:21.318515 [info ]: Started analyzing (12 nodes)
20:26:21.318527 [debug]: Started analyzing snapshot snapshots.snapshot_comptes
20:26:21.318559 [debug]: Finished rendering [  0.00s] model staging_marts.mart_top_depenses [success]
20:26:21.318605 [debug]: Started analyzing model staging_marts.mart_top_depenses
20:26:21.318951 [debug]: Finished rendering [  0.00s] model staging_marts.mart_solde_mensuel [success]
20:26:21.318981 [debug]: Compiled SQL for node model.fintrack_analytics.dim_categories at target\.lsp\compiled\fintrack_analytics\models\marts\dim_categories.sql
20:26:21.319059 [debug]: Compiled SQL for node model.fintrack_analytics.stg_categories at target\.lsp\compiled\fintrack_analytics\models\staging\stg_categories.sql
20:26:21.319171 [debug]: Started analyzing model staging_marts.mart_solde_mensuel
20:26:21.319282 [debug]: Finished rendering [  0.00s] model staging.stg_budgets [success]
20:26:21.319326 [debug]: Started analyzing model staging.stg_budgets
20:26:21.319370 [debug]: Finished rendering [  0.00s] model staging_marts.mart_budget_vs_reel [success]
20:26:21.319438 [debug]: Started analyzing model staging_marts.mart_budget_vs_reel
20:26:21.319493 [debug]: Finished rendering [  0.00s] model staging.int_transactions_enrichies [success]
20:26:21.319545 [debug]: Started analyzing model staging.int_transactions_enrichies
20:26:21.319649 [info ]: Started model staging_marts.fct_transactions
20:26:21.319707 [debug]: Started rendering model staging_marts.fct_transactions
20:26:21.319837 [debug]: Finished rendering [  0.00s] model staging.stg_transactions [success]
20:26:21.320117 [debug]: Started analyzing model staging.stg_transactions
20:26:21.320483 [debug]: Finished rendering [  0.00s] model staging_marts.dim_comptes [success]
20:26:21.320544 [debug]: Started analyzing model staging_marts.dim_comptes
20:26:21.320580 [debug]: Finished rendering [  0.00s] model staging.stg_comptes [success]
20:26:21.320604 [debug]: Started analyzing model staging.stg_comptes
20:26:21.320630 [debug]: Finished analyzing [  0.00s] snapshot snapshots.snapshot_comptes [success]
20:26:21.320646 [info ]:  Succeeded [  0.00s] snapshot snapshots.snapshot_comptes (snapshot)
20:26:21.320666 [debug]: Compiled SQL for node model.fintrack_analytics.fct_transactions at target\.lsp\compiled\fintrack_analytics\models\marts\fct_transactions.sql
20:26:21.320675 [debug]: Finished rendering [  0.00s] model staging_marts.dim_categories [success]
20:26:21.320691 [debug]: Started analyzing model staging_marts.dim_categories
20:26:21.320738 [debug]: Finished rendering [  0.00s] model staging.stg_categories [success]
20:26:21.320761 [debug]: Started analyzing model staging.stg_categories
20:26:21.320812 [debug]: Finished analyzing [  0.00s] model staging_marts.mart_top_depenses [success]
20:26:21.320829 [info ]:  Succeeded [  0.00s] model staging_marts.mart_top_depenses (table)
20:26:21.320870 [debug]: Finished analyzing [  0.00s] model staging.stg_budgets [success]
20:26:21.320884 [info ]:  Succeeded [  0.00s] model staging.stg_budgets (view)
20:26:21.320932 [debug]: Finished rendering [  0.00s] model staging_marts.fct_transactions [success]
20:26:21.320945 [info ]: Finished rendering [  0.00s] (12 nodes, 0 skipped, 0 errors)
20:26:21.320960 [debug]: Started analyzing model staging_marts.fct_transactions
20:26:21.321163 [debug]: Finished analyzing [  0.00s] model staging_marts.dim_categories [success]
20:26:21.321180 [info ]:  Succeeded [  0.00s] model staging_marts.dim_categories (table)
20:26:21.321206 [debug]: Finished analyzing [  0.00s] model staging.stg_comptes [success]
20:26:21.321220 [info ]:  Succeeded [  0.00s] model staging.stg_comptes (view)
20:26:21.321426 [debug]: Finished analyzing [  0.00s] model staging.stg_categories [success]
20:26:21.321441 [info ]:  Succeeded [  0.00s] model staging.stg_categories (view)
20:26:21.321542 [debug]: Finished analyzing [  0.00s] model staging_marts.mart_solde_mensuel [success]
20:26:21.321561 [info ]:  Succeeded [  0.00s] model staging_marts.mart_solde_mensuel (table)
20:26:21.321587 [debug]: Finished analyzing [  0.00s] model staging.stg_transactions [success]
20:26:21.321600 [info ]:  Succeeded [  0.00s] model staging.stg_transactions (view)
20:26:21.321767 [debug]: Finished analyzing [  0.00s] model staging_marts.dim_comptes [success]
20:26:21.321785 [info ]:  Succeeded [  0.00s] model staging_marts.dim_comptes (table)
20:26:21.322018 [debug]: Finished analyzing [  0.00s] model staging.int_transactions_enrichies [success]
20:26:21.322047 [info ]:  Succeeded [  0.00s] model staging.int_transactions_enrichies (ephemeral)
20:26:21.323462 [debug]: Finished analyzing [  0.00s] model staging_marts.mart_budget_vs_reel [success]
20:26:21.323486 [info ]:  Succeeded [  0.01s] model staging_marts.mart_budget_vs_reel (table)
20:26:21.323837 [debug]: Finished analyzing [  0.00s] model staging_marts.fct_transactions [success]
20:26:21.323856 [info ]: Finished analyzing [  0.01s] (12 nodes, 0 skipped, 0 errors)
20:26:21.323864 [info ]:  Succeeded [  0.00s] model staging_marts.fct_transactions (table)
20:26:21.329637 [info ]: Started scheduling
20:26:21.329742 [info ]: Finished scheduling [  0.00s]
20:26:21.329888 [info ]: 
==================== Execution Summary =====================
Finished 'compile' successfully for target 'dev' [171ms]
Processed: 11 models | 1 snapshot
Summary: 12 total | 12 success
20:26:21.330365 [info ]: Cached model count updated: 11 models (accurate)
==================== 2026-09-03T20:27:10.687550Z | 370a3f2f-1a4a-4521-bb4e-b54866cdcebe ====================
20:27:10.687610 [info ]: Started loading project
20:27:10.688323 [info ]: Loading ~/.dbt/profiles.yml
20:27:10.728979 [info ]: Cached model count updated: 11 models (accurate)
20:27:10.729116 [info ]: Finished loading project [  0.04s]
20:27:10.729161 [info ]: 
==================== Execution Summary =====================
Finished 'compile' successfully for target 'dev' [41ms]
==================== 2026-09-03T20:27:12.414491Z | bf5da826-fca7-4ea9-a1d0-f3eab31a724e ====================
20:27:12.414711 [info ]: Started loading project
20:27:12.417834 [info ]: Loading ~/.dbt/profiles.yml
20:27:12.476763 [info ]: Cached model count updated: 11 models (estimate)
20:27:12.476803 [info ]: Cached model count updated: 11 models (accurate)
20:27:12.476847 [info ]: Started scheduling
20:27:12.477006 [info ]: Finished scheduling [  0.00s]
20:27:12.477044 [debug]: Compilation - 12 nodes selected: {"model.fintrack_analytics.dim_categories", "model.fintrack_analytics.dim_comptes", "model.fintrack_analytics.fct_transactions", "model.fintrack_analytics.int_transactions_enrichies", "model.fintrack_analytics.mart_budget_vs_reel", "model.fintrack_analytics.mart_solde_mensuel", "model.fintrack_analytics.mart_top_depenses", "model.fintrack_analytics.stg_budgets", "model.fintrack_analytics.stg_categories", "model.fintrack_analytics.stg_comptes", "model.fintrack_analytics.stg_transactions", "snapshot.fintrack_analytics.snapshot_comptes"}
20:27:12.561380 [info ]: Started building task graph
20:27:12.561507 [info ]: Finished building task graph [  0.00s]
20:27:12.570575 [info ]: Started rendering (12 nodes)
20:27:12.570619 [info ]: Started snapshot snapshots.snapshot_comptes
20:27:12.570636 [debug]: Started rendering snapshot snapshots.snapshot_comptes
20:27:12.570679 [info ]: Started model staging_marts.mart_top_depenses
20:27:12.570694 [debug]: Started rendering model staging_marts.mart_top_depenses
20:27:12.570715 [info ]: Finished loading project [  0.16s]
20:27:12.570721 [info ]: Started model staging_marts.mart_solde_mensuel
20:27:12.570734 [debug]: Started rendering model staging_marts.mart_solde_mensuel
20:27:12.570796 [info ]: Started model staging_marts.mart_budget_vs_reel
20:27:12.570818 [debug]: Started rendering model staging_marts.mart_budget_vs_reel
20:27:12.570846 [info ]: Started model staging.stg_budgets
20:27:12.570862 [debug]: Started rendering model staging.stg_budgets
20:27:12.570906 [info ]: Started model staging.int_transactions_enrichies
20:27:12.570924 [debug]: Started rendering model staging.int_transactions_enrichies
20:27:12.570965 [info ]: Started model staging.stg_transactions
20:27:12.571001 [debug]: Started rendering model staging.stg_transactions
20:27:12.571202 [debug]: Compiled SQL for node snapshot.fintrack_analytics.snapshot_comptes at target\.lsp\compiled\fintrack_analytics\snapshots\snapshot_comptes.sql\snapshot_comptes.sql
20:27:12.571207 [info ]: Started model staging_marts.dim_comptes
20:27:12.571225 [debug]: Started rendering model staging_marts.dim_comptes
20:27:12.571241 [debug]: Compiled SQL for node model.fintrack_analytics.mart_top_depenses at target\.lsp\compiled\fintrack_analytics\models\marts\mart_top_depenses.sql
20:27:12.571249 [info ]: Started model staging.stg_comptes
20:27:12.571261 [debug]: Started rendering model staging.stg_comptes
20:27:12.571322 [info ]: Started model staging_marts.dim_categories
20:27:12.571342 [debug]: Started rendering model staging_marts.dim_categories
20:27:12.571367 [info ]: Started model staging.stg_categories
20:27:12.571381 [debug]: Started rendering model staging.stg_categories
20:27:12.571413 [debug]: Finished rendering [  0.00s] snapshot snapshots.snapshot_comptes [success]
20:27:12.571455 [info ]: Started analyzing (12 nodes)
20:27:12.571466 [debug]: Started analyzing snapshot snapshots.snapshot_comptes
20:27:12.571493 [debug]: Finished rendering [  0.00s] model staging_marts.mart_top_depenses [success]
20:27:12.571515 [debug]: Started analyzing model staging_marts.mart_top_depenses
20:27:12.571687 [debug]: Compiled SQL for node model.fintrack_analytics.mart_solde_mensuel at target\.lsp\compiled\fintrack_analytics\models\marts\mart_solde_mensuel.sql
20:27:12.571868 [debug]: Finished analyzing [  0.00s] snapshot snapshots.snapshot_comptes [success]
20:27:12.571890 [info ]:  Succeeded [-------] snapshot snapshots.snapshot_comptes (snapshot)
20:27:12.571939 [debug]: Finished rendering [  0.00s] model staging_marts.mart_solde_mensuel [success]
20:27:12.571970 [debug]: Started analyzing model staging_marts.mart_solde_mensuel
20:27:12.572079 [debug]: Compiled SQL for node model.fintrack_analytics.stg_budgets at target\.lsp\compiled\fintrack_analytics\models\staging\stg_budgets.sql
20:27:12.572108 [debug]: Finished analyzing [  0.00s] model staging_marts.mart_top_depenses [success]
20:27:12.572127 [info ]:  Succeeded [-------] model staging_marts.mart_top_depenses (table)
20:27:12.572275 [debug]: Compiled SQL for node model.fintrack_analytics.mart_budget_vs_reel at target\.lsp\compiled\fintrack_analytics\models\marts\mart_budget_vs_reel.sql
20:27:12.572281 [debug]: Finished rendering [  0.00s] model staging.stg_budgets [success]
20:27:12.572305 [debug]: Started analyzing model staging.stg_budgets
20:27:12.572460 [debug]: Finished rendering [  0.00s] model staging_marts.mart_budget_vs_reel [success]
20:27:12.572491 [debug]: Started analyzing model staging_marts.mart_budget_vs_reel
20:27:12.572561 [debug]: Compiled SQL for node model.fintrack_analytics.int_transactions_enrichies at target\.lsp\compiled\fintrack_analytics\models\intermediate\int_transactions_enrichies.sql
20:27:12.572613 [debug]: Finished analyzing [  0.00s] model staging.stg_budgets [success]
20:27:12.572632 [info ]:  Succeeded [  0.00s] model staging.stg_budgets (view)
20:27:12.572661 [debug]: Compiled SQL for node model.fintrack_analytics.stg_transactions at target\.lsp\compiled\fintrack_analytics\models\staging\stg_transactions.sql
20:27:12.572751 [debug]: Finished rendering [  0.00s] model staging.int_transactions_enrichies [success]
20:27:12.572772 [debug]: Started analyzing model staging.int_transactions_enrichies
20:27:12.572798 [info ]: Started model staging_marts.fct_transactions
20:27:12.572810 [debug]: Started rendering model staging_marts.fct_transactions
20:27:12.572925 [debug]: Finished rendering [  0.00s] model staging.stg_transactions [success]
20:27:12.572950 [debug]: Started analyzing model staging.stg_transactions
20:27:12.573342 [debug]: Compiled SQL for node model.fintrack_analytics.dim_comptes at target\.lsp\compiled\fintrack_analytics\models\marts\dim_comptes.sql
20:27:12.573497 [debug]: Finished analyzing [  0.00s] model staging.stg_transactions [success]
20:27:12.573517 [info ]:  Succeeded [  0.00s] model staging.stg_transactions (view)
20:27:12.573561 [debug]: Finished rendering [  0.00s] model staging_marts.dim_comptes [success]
20:27:12.573582 [debug]: Started analyzing model staging_marts.dim_comptes
20:27:12.573762 [debug]: Compiled SQL for node model.fintrack_analytics.dim_categories at target\.lsp\compiled\fintrack_analytics\models\marts\dim_categories.sql
20:27:12.573830 [debug]: Compiled SQL for node model.fintrack_analytics.stg_comptes at target\.lsp\compiled\fintrack_analytics\models\staging\stg_comptes.sql
20:27:12.573833 [debug]: Finished analyzing [  0.00s] model staging_marts.dim_comptes [success]
20:27:12.573851 [info ]:  Succeeded [  0.00s] model staging_marts.dim_comptes (table)
20:27:12.573951 [debug]: Finished rendering [  0.00s] model staging_marts.dim_categories [success]
20:27:12.573976 [debug]: Started analyzing model staging_marts.dim_categories
20:27:12.574051 [debug]: Finished analyzing [  0.00s] model staging_marts.mart_solde_mensuel [success]
20:27:12.574100 [info ]:  Succeeded [  0.00s] model staging_marts.mart_solde_mensuel (table)
20:27:12.574139 [debug]: Finished rendering [  0.00s] model staging.stg_comptes [success]
20:27:12.574161 [debug]: Started analyzing model staging.stg_comptes
20:27:12.574301 [debug]: Compiled SQL for node model.fintrack_analytics.fct_transactions at target\.lsp\compiled\fintrack_analytics\models\marts\fct_transactions.sql
20:27:12.574258 [debug]: Finished analyzing [  0.00s] model staging_marts.dim_categories [success]
20:27:12.574467 [info ]:  Succeeded [  0.00s] model staging_marts.dim_categories (table)
20:27:12.574504 [debug]: Finished rendering [  0.00s] model staging_marts.fct_transactions [success]
20:27:12.574526 [debug]: Started analyzing model staging_marts.fct_transactions
20:27:12.574562 [debug]: Finished analyzing [  0.00s] model staging.stg_comptes [success]
20:27:12.574576 [info ]:  Succeeded [  0.00s] model staging.stg_comptes (view)
20:27:12.575109 [debug]: Compiled SQL for node model.fintrack_analytics.stg_categories at target\.lsp\compiled\fintrack_analytics\models\staging\stg_categories.sql
20:27:12.575258 [debug]: Finished analyzing [  0.00s] model staging.int_transactions_enrichies [success]
20:27:12.575287 [info ]:  Succeeded [  0.00s] model staging.int_transactions_enrichies (ephemeral)
20:27:12.575419 [debug]: Finished rendering [  0.00s] model staging.stg_categories [success]
20:27:12.575436 [info ]: Finished rendering [  0.00s] (12 nodes, 0 skipped, 0 errors)
20:27:12.575457 [debug]: Started analyzing model staging.stg_categories
20:27:12.575795 [debug]: Finished analyzing [  0.00s] model staging.stg_categories [success]
20:27:12.575819 [info ]:  Succeeded [  0.00s] model staging.stg_categories (view)
20:27:12.577021 [debug]: Finished analyzing [  0.00s] model staging_marts.fct_transactions [success]
20:27:12.577051 [info ]:  Succeeded [  0.00s] model staging_marts.fct_transactions (table)
20:27:12.578310 [debug]: Finished analyzing [  0.01s] model staging_marts.mart_budget_vs_reel [success]
20:27:12.578335 [info ]: Finished analyzing [  0.01s] (12 nodes, 0 skipped, 0 errors)
20:27:12.578345 [info ]:  Succeeded [  0.01s] model staging_marts.mart_budget_vs_reel (table)
20:27:12.581734 [info ]: Started scheduling
20:27:12.581816 [info ]: Finished scheduling [  0.00s]
20:27:12.581934 [info ]: 
==================== Execution Summary =====================
Finished 'compile' successfully for target 'dev' [167ms]
Processed: 11 models | 1 snapshot
Summary: 12 total | 12 success
20:27:12.582289 [info ]: Cached model count updated: 11 models (accurate)
==================== 2026-09-03T20:28:59.602964Z | 612b8b0f-c84a-40c5-a3fc-7b2afbc4e06a ====================
20:28:59.603106 [info ]: Started loading project
20:28:59.603915 [info ]: Loading ~/.dbt/profiles.yml
==================== 2026-09-03T20:28:59.618542Z | 0c217714-cf28-47a0-aae5-fe09ca462c68 ====================
20:28:59.618608 [info ]: Started loading project
20:28:59.619406 [info ]: Loading ~/.dbt/profiles.yml
20:28:59.619492 [info ]: Finished loading project [  0.02s]
20:28:59.628974 [info ]: Loading packages.yml
20:28:59.629151 [debug]:    Started loading packages
20:28:59.652483 [debug]:     Loaded [  0.02s] packages
20:28:59.654118 [info ]: Finished loading project [  0.04s]
20:28:59.654763 [info ]: Started parsing
20:28:59.720326 [debug]: Finished parsing models/marts/_marts_schema.yml [  0.00s]
20:28:59.720967 [debug]: Finished parsing models/staging/_stg_schema.yml [  0.00s]
20:28:59.721437 [debug]: Finished parsing models/staging/_stg_sources.yml [  0.00s]
20:28:59.725978 [debug]: Finished parsing snapshots\snapshot_comptes.sql [  0.00s]
20:28:59.727797 [debug]: Finished parsing models/intermediate/int_transactions_enrichies.sql [  0.00s]
20:28:59.728334 [debug]: Finished parsing models/marts/dim_categories.sql [  0.00s]
20:28:59.729167 [debug]: Finished parsing models/marts/dim_comptes.sql [  0.00s]
20:28:59.729701 [debug]: Finished parsing models/marts/fct_transactions.sql [  0.00s]
20:28:59.730301 [debug]: Finished parsing models/marts/mart_budget_vs_reel.sql [  0.00s]
20:28:59.730857 [debug]: Finished parsing models/marts/mart_solde_mensuel.sql [  0.00s]
20:28:59.731399 [debug]: Finished parsing models/marts/mart_top_depenses.sql [  0.00s]
20:28:59.731933 [debug]: Finished parsing models/staging/stg_budgets.sql [  0.00s]
20:28:59.732569 [debug]: Finished parsing models/staging/stg_categories.sql [  0.00s]
20:28:59.733154 [debug]: Finished parsing models/staging/stg_comptes.sql [  0.00s]
20:28:59.733710 [debug]: Finished parsing models/staging/stg_transactions.sql [  0.00s]
20:28:59.744658 [debug]: Finished parsing tests/assert_solde_mensuel_positif.sql [  0.00s]
20:29:00.045008 [info ]: Finished parsing [  0.39s]
20:29:00.046333 [info ]: Cached model count updated: 11 models (estimate)
20:29:00.046350 [info ]: Cached model count updated: 11 models (accurate)
20:29:00.046386 [info ]: Started scheduling
20:29:00.046526 [info ]: Finished scheduling [  0.00s]
20:29:00.046543 [debug]: Compilation - 7 nodes selected: {"model.fintrack_analytics.dim_comptes", "model.fintrack_analytics.fct_transactions", "model.fintrack_analytics.int_transactions_enrichies", "model.fintrack_analytics.mart_solde_mensuel", "model.fintrack_analytics.stg_categories", "model.fintrack_analytics.stg_comptes", "model.fintrack_analytics.stg_transactions"}
20:29:00.046564 [info ]: Started scheduling
20:29:00.046671 [info ]: Finished scheduling [  0.00s]
20:29:00.046935 [debug]: Initializing schema store with entry: Frontier(CanonicalFqn { catalog: "FINTRACK_DB", schema: "RAW", table: "RAW_TRANSACTIONS" }) and interval: None
20:29:00.046950 [debug]: Initializing schema store with entry: Frontier(CanonicalFqn { catalog: "FINTRACK_DB", schema: "RAW", table: "RAW_CATEGORIES" }) and interval: None
20:29:00.046955 [debug]: Initializing schema store with entry: Frontier(CanonicalFqn { catalog: "FINTRACK_DB", schema: "RAW", table: "RAW_BUDGETS" }) and interval: None
20:29:00.046958 [debug]: Initializing schema store with entry: Frontier(CanonicalFqn { catalog: "FINTRACK_DB", schema: "RAW", table: "RAW_COMPTES" }) and interval: None
20:29:00.120470 [info ]: Started building task graph
20:29:00.120550 [info ]: Finished building task graph [  0.00s]
20:29:00.129965 [info ]: Started rendering (7 nodes)
20:29:00.129996 [info ]: Started model staging_marts.mart_solde_mensuel
20:29:00.130006 [debug]: Started rendering model staging_marts.mart_solde_mensuel
20:29:00.130032 [info ]: Started model staging.int_transactions_enrichies
20:29:00.130043 [debug]: Started rendering model staging.int_transactions_enrichies
20:29:00.130058 [info ]: Started model staging.stg_transactions
20:29:00.130072 [debug]: Started rendering model staging.stg_transactions
20:29:00.130102 [info ]: Started model staging.stg_categories
20:29:00.130123 [debug]: Started rendering model staging.stg_categories
20:29:00.130146 [info ]: Started model staging_marts.dim_comptes
20:29:00.130164 [debug]: Started rendering model staging_marts.dim_comptes
20:29:00.130190 [info ]: Started model staging.stg_comptes
20:29:00.130231 [debug]: Started rendering model staging.stg_comptes
20:29:00.132537 [debug]: Compiled SQL for node model.fintrack_analytics.mart_solde_mensuel at target\.lsp\compiled\fintrack_analytics\models\marts\mart_solde_mensuel.sql
20:29:00.133066 [debug]: Finished rendering [  0.00s] model staging_marts.mart_solde_mensuel [success]
20:29:00.133112 [info ]: Started analyzing (7 nodes)
20:29:00.133124 [debug]: Started analyzing model staging_marts.mart_solde_mensuel
20:29:00.133175 [debug]: Compiled SQL for node model.fintrack_analytics.int_transactions_enrichies at target\.lsp\compiled\fintrack_analytics\models\intermediate\int_transactions_enrichies.sql
20:29:00.133630 [debug]: Finished rendering [  0.00s] model staging.int_transactions_enrichies [success]
20:29:00.133669 [debug]: Started analyzing model staging.int_transactions_enrichies
20:29:00.133703 [info ]: Started model staging_marts.fct_transactions
20:29:00.133722 [debug]: Started rendering model staging_marts.fct_transactions
20:29:00.133883 [debug]: Compiled SQL for node model.fintrack_analytics.stg_categories at target\.lsp\compiled\fintrack_analytics\models\staging\stg_categories.sql
20:29:00.134010 [debug]: Finished rendering [  0.00s] model staging.stg_categories [success]
20:29:00.134040 [debug]: Started analyzing model staging.stg_categories
20:29:00.134287 [debug]: Finished analyzing [  0.00s] model staging.stg_categories [success]
20:29:00.134306 [info ]:  Succeeded [  0.00s] model staging.stg_categories (view)
20:29:00.134696 [debug]: Compiled SQL for node model.fintrack_analytics.stg_transactions at target\.lsp\compiled\fintrack_analytics\models\staging\stg_transactions.sql
20:29:00.135161 [debug]: Compiled SQL for node model.fintrack_analytics.stg_comptes at target\.lsp\compiled\fintrack_analytics\models\staging\stg_comptes.sql
20:29:00.135390 [debug]: Finished rendering [  0.01s] model staging.stg_transactions [success]
20:29:00.135427 [debug]: Started analyzing model staging.stg_transactions
20:29:00.135456 [debug]: Finished analyzing [  0.00s] model staging_marts.mart_solde_mensuel [success]
20:29:00.135472 [info ]:  Succeeded [  0.01s] model staging_marts.mart_solde_mensuel (table)
20:29:00.135500 [debug]: Finished rendering [  0.01s] model staging.stg_comptes [success]
20:29:00.135516 [debug]: Started analyzing model staging.stg_comptes
20:29:00.135756 [debug]: Finished analyzing [  0.00s] model staging.stg_comptes [success]
20:29:00.135772 [info ]:  Succeeded [  0.01s] model staging.stg_comptes (view)
20:29:00.136002 [debug]: Finished analyzing [  0.00s] model staging.stg_transactions [success]
20:29:00.136023 [info ]:  Succeeded [  0.01s] model staging.stg_transactions (view)
20:29:00.136203 [debug]: Finished analyzing [  0.00s] model staging.int_transactions_enrichies [success]
20:29:00.136231 [info ]:  Succeeded [  0.01s] model staging.int_transactions_enrichies (ephemeral)
20:29:00.147217 [debug]: Compiled SQL for node model.fintrack_analytics.fct_transactions at target\.lsp\compiled\fintrack_analytics\models\marts\fct_transactions.sql
20:29:00.147231 [debug]: Compiled SQL for node model.fintrack_analytics.dim_comptes at target\.lsp\compiled\fintrack_analytics\models\marts\dim_comptes.sql
20:29:00.147406 [debug]: Finished rendering [  0.01s] model staging_marts.fct_transactions [success]
20:29:00.147449 [debug]: Started analyzing model staging_marts.fct_transactions
20:29:00.147489 [debug]: Finished rendering [  0.02s] model staging_marts.dim_comptes [success]
20:29:00.147507 [info ]: Finished rendering [  0.02s] (7 nodes, 0 skipped, 0 errors)
20:29:00.147538 [debug]: Started analyzing model staging_marts.dim_comptes
20:29:00.148109 [debug]: Finished analyzing [  0.00s] model staging_marts.dim_comptes [success]
20:29:00.148131 [info ]:  Succeeded [  0.02s] model staging_marts.dim_comptes (table)
20:29:00.150239 [debug]: Finished analyzing [  0.00s] model staging_marts.fct_transactions [success]
20:29:00.150278 [info ]: Finished analyzing [  0.02s] (7 nodes, 0 skipped, 0 errors)
20:29:00.150296 [info ]:  Succeeded [  0.01s] model staging_marts.fct_transactions (table)
20:29:00.157414 [info ]: Started scheduling
20:29:00.157510 [info ]: Finished scheduling [  0.00s]
20:29:00.157765 [info ]: 
==================== Execution Summary =====================
Finished 'compile' successfully for target 'dev' [539ms]
Processed: 7 models
Summary: 7 total | 7 success
20:29:00.157853 [info ]: 
==================== Execution Summary =====================
Finished 'compile' successfully for target 'dev' [554ms]
20:29:00.157942 [info ]: Cached model count updated: 11 models (accurate)
==================== 2026-09-03T20:29:01.818356Z | fbd60036-3c71-4307-aea9-2e0bbd23908f ====================
20:29:01.818497 [info ]: Started loading project
20:29:01.820535 [info ]: Loading ~/.dbt/profiles.yml
20:29:01.862255 [info ]: Cached model count updated: 11 models (estimate)
20:29:01.862277 [info ]: Cached model count updated: 11 models (accurate)
20:29:01.862311 [info ]: Started scheduling
20:29:01.862437 [info ]: Finished scheduling [  0.00s]
20:29:01.862457 [debug]: Compilation - 12 nodes selected: {"model.fintrack_analytics.dim_categories", "model.fintrack_analytics.dim_comptes", "model.fintrack_analytics.fct_transactions", "model.fintrack_analytics.int_transactions_enrichies", "model.fintrack_analytics.mart_budget_vs_reel", "model.fintrack_analytics.mart_solde_mensuel", "model.fintrack_analytics.mart_top_depenses", "model.fintrack_analytics.stg_budgets", "model.fintrack_analytics.stg_categories", "model.fintrack_analytics.stg_comptes", "model.fintrack_analytics.stg_transactions", "snapshot.fintrack_analytics.snapshot_comptes"}
20:29:01.918103 [info ]: Started building task graph
20:29:01.918254 [info ]: Finished building task graph [  0.00s]
20:29:01.928372 [info ]: Started rendering (12 nodes)
20:29:01.928405 [info ]: Started snapshot snapshots.snapshot_comptes
20:29:01.928415 [debug]: Started rendering snapshot snapshots.snapshot_comptes
20:29:01.928440 [info ]: Started model staging_marts.mart_top_depenses
20:29:01.928448 [debug]: Started rendering model staging_marts.mart_top_depenses
20:29:01.928459 [info ]: Started model staging_marts.mart_solde_mensuel
20:29:01.928465 [debug]: Started rendering model staging_marts.mart_solde_mensuel
20:29:01.928475 [info ]: Started model staging_marts.mart_budget_vs_reel
20:29:01.928481 [debug]: Started rendering model staging_marts.mart_budget_vs_reel
20:29:01.928491 [info ]: Started model staging.stg_budgets
20:29:01.928501 [debug]: Started rendering model staging.stg_budgets
20:29:01.928513 [info ]: Started model staging.int_transactions_enrichies
20:29:01.928526 [debug]: Started rendering model staging.int_transactions_enrichies
20:29:01.928562 [info ]: Finished loading project [  0.11s]
20:29:01.929002 [debug]: Compiled SQL for node model.fintrack_analytics.mart_solde_mensuel at target\.lsp\compiled\fintrack_analytics\models\marts\mart_solde_mensuel.sql
20:29:01.929034 [debug]: Compiled SQL for node model.fintrack_analytics.int_transactions_enrichies at target\.lsp\compiled\fintrack_analytics\models\intermediate\int_transactions_enrichies.sql
20:29:01.928548 [info ]: Started model staging.stg_transactions
20:29:01.929204 [debug]: Started rendering model staging.stg_transactions
20:29:01.929277 [info ]: Started model staging_marts.dim_comptes
20:29:01.929301 [debug]: Started rendering model staging_marts.dim_comptes
20:29:01.929353 [info ]: Started model staging.stg_comptes
20:29:01.929366 [debug]: Started rendering model staging.stg_comptes
20:29:01.929403 [info ]: Started model staging_marts.dim_categories
20:29:01.929420 [debug]: Started rendering model staging_marts.dim_categories
20:29:01.929448 [info ]: Started model staging.stg_categories
20:29:01.929484 [debug]: Started rendering model staging.stg_categories
20:29:01.929518 [debug]: Finished rendering [  0.00s] model staging_marts.mart_solde_mensuel [success]
20:29:01.929561 [info ]: Started analyzing (12 nodes)
20:29:01.929575 [debug]: Started analyzing model staging_marts.mart_solde_mensuel
20:29:01.929601 [debug]: Finished rendering [  0.00s] model staging.int_transactions_enrichies [success]
20:29:01.929624 [info ]: Started model staging_marts.fct_transactions
20:29:01.929640 [debug]: Started rendering model staging_marts.fct_transactions
20:29:01.929658 [debug]: Started analyzing model staging.int_transactions_enrichies
20:29:01.929714 [debug]: Compiled SQL for node model.fintrack_analytics.stg_transactions at target\.lsp\compiled\fintrack_analytics\models\staging\stg_transactions.sql
20:29:01.929768 [debug]: Compiled SQL for node model.fintrack_analytics.dim_comptes at target\.lsp\compiled\fintrack_analytics\models\marts\dim_comptes.sql
20:29:01.929781 [debug]: Finished rendering [  0.00s] model staging.stg_transactions [success]
20:29:01.929809 [debug]: Started analyzing model staging.stg_transactions
20:29:01.929856 [debug]: Finished rendering [  0.00s] model staging_marts.dim_comptes [success]
20:29:01.929879 [debug]: Started analyzing model staging_marts.dim_comptes
20:29:01.930157 [debug]: Finished analyzing [  0.00s] model staging_marts.dim_comptes [success]
20:29:01.930179 [info ]:  Succeeded [-------] model staging_marts.dim_comptes (table)
20:29:01.930470 [debug]: Finished analyzing [  0.00s] model staging.stg_transactions [success]
20:29:01.930492 [info ]:  Succeeded [-------] model staging.stg_transactions (view)
20:29:01.930790 [debug]: Compiled SQL for node snapshot.fintrack_analytics.snapshot_comptes at target\.lsp\compiled\fintrack_analytics\snapshots\snapshot_comptes.sql\snapshot_comptes.sql
20:29:01.930942 [debug]: Finished rendering [  0.00s] snapshot snapshots.snapshot_comptes [success]
20:29:01.930980 [debug]: Started analyzing snapshot snapshots.snapshot_comptes
20:29:01.931122 [debug]: Compiled SQL for node model.fintrack_analytics.stg_budgets at target\.lsp\compiled\fintrack_analytics\models\staging\stg_budgets.sql
20:29:01.931146 [debug]: Finished analyzing [  0.00s] snapshot snapshots.snapshot_comptes [success]
20:29:01.931163 [info ]:  Succeeded [  0.00s] snapshot snapshots.snapshot_comptes (snapshot)
20:29:01.931283 [debug]: Finished rendering [  0.00s] model staging.stg_budgets [success]
20:29:01.931313 [debug]: Started analyzing model staging.stg_budgets
20:29:01.931584 [debug]: Finished analyzing [  0.00s] model staging.stg_budgets [success]
20:29:01.931605 [info ]:  Succeeded [  0.00s] model staging.stg_budgets (view)
20:29:01.931617 [debug]: Compiled SQL for node model.fintrack_analytics.mart_top_depenses at target\.lsp\compiled\fintrack_analytics\models\marts\mart_top_depenses.sql
20:29:01.931629 [debug]: Compiled SQL for node model.fintrack_analytics.mart_budget_vs_reel at target\.lsp\compiled\fintrack_analytics\models\marts\mart_budget_vs_reel.sql
20:29:01.931738 [debug]: Finished rendering [  0.00s] model staging_marts.mart_top_depenses [success]
20:29:01.931765 [debug]: Started analyzing model staging_marts.mart_top_depenses
20:29:01.931792 [debug]: Finished rendering [  0.00s] model staging_marts.mart_budget_vs_reel [success]
20:29:01.931809 [debug]: Started analyzing model staging_marts.mart_budget_vs_reel
20:29:01.932132 [debug]: Finished analyzing [  0.00s] model staging.int_transactions_enrichies [success]
20:29:01.932153 [info ]:  Succeeded [  0.00s] model staging.int_transactions_enrichies (ephemeral)
20:29:01.932228 [debug]: Finished analyzing [  0.00s] model staging_marts.mart_top_depenses [success]
20:29:01.932250 [info ]:  Succeeded [  0.00s] model staging_marts.mart_top_depenses (table)
20:29:01.932658 [debug]: Compiled SQL for node model.fintrack_analytics.stg_comptes at target\.lsp\compiled\fintrack_analytics\models\staging\stg_comptes.sql
20:29:01.932996 [debug]: Finished rendering [  0.00s] model staging.stg_comptes [success]
20:29:01.933034 [debug]: Started analyzing model staging.stg_comptes
20:29:01.933174 [debug]: Compiled SQL for node model.fintrack_analytics.dim_categories at target\.lsp\compiled\fintrack_analytics\models\marts\dim_categories.sql
20:29:01.933343 [debug]: Finished analyzing [  0.00s] model staging.stg_comptes [success]
20:29:01.933367 [info ]:  Succeeded [  0.00s] model staging.stg_comptes (view)
20:29:01.933476 [debug]: Finished rendering [  0.00s] model staging_marts.dim_categories [success]
20:29:01.933512 [debug]: Started analyzing model staging_marts.dim_categories
20:29:01.933710 [debug]: Finished analyzing [  0.00s] model staging_marts.dim_categories [success]
20:29:01.933748 [info ]:  Succeeded [  0.00s] model staging_marts.dim_categories (table)
20:29:01.934044 [debug]: Compiled SQL for node model.fintrack_analytics.stg_categories at target\.lsp\compiled\fintrack_analytics\models\staging\stg_categories.sql
20:29:01.934182 [debug]: Finished rendering [  0.00s] model staging.stg_categories [success]
20:29:01.934218 [debug]: Started analyzing model staging.stg_categories
20:29:01.934507 [debug]: Finished analyzing [  0.00s] model staging.stg_categories [success]
20:29:01.934533 [info ]:  Succeeded [  0.00s] model staging.stg_categories (view)
20:29:01.935435 [debug]: Finished analyzing [  0.01s] model staging_marts.mart_solde_mensuel [success]
20:29:01.935480 [info ]:  Succeeded [  0.01s] model staging_marts.mart_solde_mensuel (table)
20:29:01.937524 [debug]: Finished analyzing [  0.01s] model staging_marts.mart_budget_vs_reel [success]
20:29:01.937569 [info ]:  Succeeded [  0.01s] model staging_marts.mart_budget_vs_reel (table)
20:29:01.937717 [debug]: Compiled SQL for node model.fintrack_analytics.fct_transactions at target\.lsp\compiled\fintrack_analytics\models\marts\fct_transactions.sql
20:29:01.942308 [debug]: Finished rendering [  0.01s] model staging_marts.fct_transactions [success]
20:29:01.942355 [info ]: Finished rendering [  0.01s] (12 nodes, 0 skipped, 0 errors)
20:29:01.942390 [debug]: Started analyzing model staging_marts.fct_transactions
20:29:01.945217 [debug]: Finished analyzing [  0.00s] model staging_marts.fct_transactions [success]
20:29:01.945259 [info ]: Finished analyzing [  0.02s] (12 nodes, 0 skipped, 0 errors)
20:29:01.945280 [info ]:  Succeeded [  0.01s] model staging_marts.fct_transactions (table)
20:29:01.952579 [info ]: Started scheduling
20:29:01.952678 [info ]: Finished scheduling [  0.00s]
20:29:01.952837 [info ]: 
==================== Execution Summary =====================
Finished 'compile' successfully for target 'dev' [134ms]
Processed: 11 models | 1 snapshot
Summary: 12 total | 12 success
20:29:01.953310 [info ]: Cached model count updated: 11 models (accurate)
==================== 2026-09-03T20:32:36.359166Z | c31a1f6a-c007-4e96-a11a-aeaa095e0de9 ====================
20:32:36.359247 [info ]: Started loading project
20:32:36.360082 [info ]: Loading ~/.dbt/profiles.yml
==================== 2026-09-03T20:32:36.370110Z | 96a75b29-4d24-498f-9ef1-35518bbec24a ====================
20:32:36.370189 [info ]: Started loading project
20:32:36.370870 [info ]: Loading ~/.dbt/profiles.yml
20:32:36.371001 [info ]: Finished loading project [  0.01s]
20:32:36.376932 [info ]: Loading packages.yml
20:32:36.377128 [debug]:    Started loading packages
20:32:36.392571 [debug]:     Loaded [  0.02s] packages
20:32:36.393433 [info ]: Finished loading project [  0.02s]
20:32:36.393719 [info ]: Started parsing
20:32:36.447627 [debug]: Finished parsing models/marts/_marts_schema.yml [  0.00s]
20:32:36.448058 [debug]: Finished parsing models/staging/_stg_schema.yml [  0.00s]
20:32:36.448395 [debug]: Finished parsing models/staging/_stg_sources.yml [  0.00s]
20:32:36.451855 [debug]: Finished parsing snapshots\snapshot_comptes.sql [  0.00s]
20:32:36.453828 [debug]: Finished parsing models/intermediate/int_transactions_enrichies.sql [  0.00s]
20:32:36.454472 [debug]: Finished parsing models/marts/dim_categories.sql [  0.00s]
20:32:36.455323 [debug]: Finished parsing models/marts/dim_comptes.sql [  0.00s]
20:32:36.455921 [debug]: Finished parsing models/marts/fct_transactions.sql [  0.00s]
20:32:36.456539 [debug]: Finished parsing models/marts/mart_budget_vs_reel.sql [  0.00s]
20:32:36.457157 [debug]: Finished parsing models/marts/mart_solde_mensuel.sql [  0.00s]
20:32:36.457729 [debug]: Finished parsing models/marts/mart_top_depenses.sql [  0.00s]
20:32:36.458293 [debug]: Finished parsing models/staging/stg_budgets.sql [  0.00s]
20:32:36.458961 [debug]: Finished parsing models/staging/stg_categories.sql [  0.00s]
20:32:36.459589 [debug]: Finished parsing models/staging/stg_comptes.sql [  0.00s]
20:32:36.460196 [debug]: Finished parsing models/staging/stg_transactions.sql [  0.00s]
20:32:36.468758 [debug]: Finished parsing tests/assert_solde_mensuel_positif.sql [  0.00s]
20:32:36.645582 [info ]: Finished parsing [  0.25s]
20:32:36.646888 [info ]: Cached model count updated: 11 models (estimate)
20:32:36.646904 [info ]: Cached model count updated: 11 models (accurate)
20:32:36.646962 [info ]: Started scheduling
20:32:36.647131 [info ]: Finished scheduling [  0.00s]
20:32:36.647168 [debug]: Compilation - 7 nodes selected: {"model.fintrack_analytics.dim_comptes", "model.fintrack_analytics.fct_transactions", "model.fintrack_analytics.int_transactions_enrichies", "model.fintrack_analytics.mart_solde_mensuel", "model.fintrack_analytics.stg_categories", "model.fintrack_analytics.stg_comptes", "model.fintrack_analytics.stg_transactions"}
20:32:36.647199 [info ]: Started scheduling
20:32:36.647386 [info ]: Finished scheduling [  0.00s]
20:32:36.647642 [debug]: Initializing schema store with entry: Frontier(CanonicalFqn { catalog: "FINTRACK_DB", schema: "RAW", table: "RAW_TRANSACTIONS" }) and interval: None
20:32:36.647666 [debug]: Initializing schema store with entry: Frontier(CanonicalFqn { catalog: "FINTRACK_DB", schema: "RAW", table: "RAW_CATEGORIES" }) and interval: None
20:32:36.647676 [debug]: Initializing schema store with entry: Frontier(CanonicalFqn { catalog: "FINTRACK_DB", schema: "RAW", table: "RAW_BUDGETS" }) and interval: None
20:32:36.647685 [debug]: Initializing schema store with entry: Frontier(CanonicalFqn { catalog: "FINTRACK_DB", schema: "RAW", table: "RAW_COMPTES" }) and interval: None
20:32:36.712772 [info ]: Started building task graph
20:32:36.712877 [info ]: Finished building task graph [  0.00s]
20:32:36.723592 [info ]: Started rendering (7 nodes)
20:32:36.723627 [info ]: Started model staging_marts.mart_solde_mensuel
20:32:36.723638 [debug]: Started rendering model staging_marts.mart_solde_mensuel
20:32:36.723663 [info ]: Started model staging.int_transactions_enrichies
20:32:36.723677 [debug]: Started rendering model staging.int_transactions_enrichies
20:32:36.723706 [info ]: Started model staging.stg_transactions
20:32:36.723780 [debug]: Started rendering model staging.stg_transactions
20:32:36.723832 [info ]: Started model staging.stg_categories
20:32:36.723859 [debug]: Started rendering model staging.stg_categories
20:32:36.723904 [info ]: Started model staging_marts.dim_comptes
20:32:36.723935 [debug]: Started rendering model staging_marts.dim_comptes
20:32:36.723963 [info ]: Started model staging.stg_comptes
20:32:36.723997 [debug]: Started rendering model staging.stg_comptes
20:32:36.726722 [debug]: Compiled SQL for node model.fintrack_analytics.mart_solde_mensuel at target\.lsp\compiled\fintrack_analytics\models\marts\mart_solde_mensuel.sql
20:32:36.726758 [debug]: Compiled SQL for node model.fintrack_analytics.int_transactions_enrichies at target\.lsp\compiled\fintrack_analytics\models\intermediate\int_transactions_enrichies.sql
20:32:36.726958 [debug]: Finished rendering [  0.00s] model staging_marts.mart_solde_mensuel [success]
20:32:36.727017 [info ]: Started analyzing (7 nodes)
20:32:36.727032 [debug]: Started analyzing model staging_marts.mart_solde_mensuel
20:32:36.727067 [debug]: Finished rendering [  0.00s] model staging.int_transactions_enrichies [success]
20:32:36.727085 [debug]: Started analyzing model staging.int_transactions_enrichies
20:32:36.727109 [info ]: Started model staging_marts.fct_transactions
20:32:36.727120 [debug]: Started rendering model staging_marts.fct_transactions
20:32:36.728293 [debug]: Compiled SQL for node model.fintrack_analytics.stg_categories at target\.lsp\compiled\fintrack_analytics\models\staging\stg_categories.sql
20:32:36.728505 [debug]: Finished rendering [  0.00s] model staging.stg_categories [success]
20:32:36.728547 [debug]: Started analyzing model staging.stg_categories
20:32:36.728747 [debug]: Compiled SQL for node model.fintrack_analytics.stg_comptes at target\.lsp\compiled\fintrack_analytics\models\staging\stg_comptes.sql
20:32:36.728901 [debug]: Finished analyzing [  0.00s] model staging.stg_categories [success]
20:32:36.728924 [info ]:  Succeeded [  0.00s] model staging.stg_categories (view)
20:32:36.729056 [debug]: Finished rendering [  0.01s] model staging.stg_comptes [success]
20:32:36.729085 [debug]: Started analyzing model staging.stg_comptes
20:32:36.729176 [debug]: Compiled SQL for node model.fintrack_analytics.stg_transactions at target\.lsp\compiled\fintrack_analytics\models\staging\stg_transactions.sql
20:32:36.729339 [debug]: Finished analyzing [  0.00s] model staging_marts.mart_solde_mensuel [success]
20:32:36.729362 [info ]:  Succeeded [  0.01s] model staging_marts.mart_solde_mensuel (table)
20:32:36.729394 [debug]: Finished analyzing [  0.00s] model staging.stg_comptes [success]
20:32:36.729409 [info ]:  Succeeded [  0.01s] model staging.stg_comptes (view)
20:32:36.729441 [debug]: Finished rendering [  0.01s] model staging.stg_transactions [success]
20:32:36.729462 [debug]: Started analyzing model staging.stg_transactions
20:32:36.729817 [debug]: Finished analyzing [  0.00s] model staging.int_transactions_enrichies [success]
20:32:36.729841 [info ]:  Succeeded [  0.01s] model staging.int_transactions_enrichies (ephemeral)
20:32:36.730076 [debug]: Finished analyzing [  0.00s] model staging.stg_transactions [success]
20:32:36.730100 [info ]:  Succeeded [  0.01s] model staging.stg_transactions (view)
20:32:36.730301 [debug]: Compiled SQL for node model.fintrack_analytics.fct_transactions at target\.lsp\compiled\fintrack_analytics\models\marts\fct_transactions.sql
20:32:36.730887 [debug]: Finished rendering [  0.00s] model staging_marts.fct_transactions [success]
20:32:36.730935 [debug]: Started analyzing model staging_marts.fct_transactions
20:32:36.734132 [debug]: Finished analyzing [  0.00s] model staging_marts.fct_transactions [success]
20:32:36.734174 [info ]:  Succeeded [  0.01s] model staging_marts.fct_transactions (table)
20:32:36.735243 [debug]: Compiled SQL for node model.fintrack_analytics.dim_comptes at target\.lsp\compiled\fintrack_analytics\models\marts\dim_comptes.sql
20:32:36.735439 [debug]: Finished rendering [  0.01s] model staging_marts.dim_comptes [success]
20:32:36.735466 [info ]: Finished rendering [  0.01s] (7 nodes, 0 skipped, 0 errors)
20:32:36.735494 [debug]: Started analyzing model staging_marts.dim_comptes
20:32:36.735903 [debug]: Finished analyzing [  0.00s] model staging_marts.dim_comptes [success]
20:32:36.735939 [info ]: Finished analyzing [  0.01s] (7 nodes, 0 skipped, 0 errors)
20:32:36.735953 [info ]:  Succeeded [  0.01s] model staging_marts.dim_comptes (table)
20:32:36.742773 [info ]: Started scheduling
20:32:36.742880 [info ]: Finished scheduling [  0.00s]
20:32:36.743177 [info ]: 
==================== Execution Summary =====================
Finished 'compile' successfully for target 'dev' [373ms]
Processed: 7 models
Summary: 7 total | 7 success
20:32:36.743297 [info ]: 
==================== Execution Summary =====================
Finished 'compile' successfully for target 'dev' [384ms]
20:32:36.743381 [info ]: Cached model count updated: 11 models (accurate)
==================== 2026-09-03T20:32:38.369067Z | 950bbb98-e250-43ef-b7a7-61f0a63cfbb8 ====================
20:32:38.369122 [info ]: Started loading project
20:32:38.369768 [info ]: Loading ~/.dbt/profiles.yml
20:32:38.403514 [info ]: Cached model count updated: 11 models (estimate)
20:32:38.403535 [info ]: Cached model count updated: 11 models (accurate)
20:32:38.403568 [info ]: Started scheduling
20:32:38.403696 [info ]: Finished scheduling [  0.00s]
20:32:38.403716 [debug]: Compilation - 12 nodes selected: {"model.fintrack_analytics.dim_categories", "model.fintrack_analytics.dim_comptes", "model.fintrack_analytics.fct_transactions", "model.fintrack_analytics.int_transactions_enrichies", "model.fintrack_analytics.mart_budget_vs_reel", "model.fintrack_analytics.mart_solde_mensuel", "model.fintrack_analytics.mart_top_depenses", "model.fintrack_analytics.stg_budgets", "model.fintrack_analytics.stg_categories", "model.fintrack_analytics.stg_comptes", "model.fintrack_analytics.stg_transactions", "snapshot.fintrack_analytics.snapshot_comptes"}
20:32:38.458042 [info ]: Started building task graph
20:32:38.458180 [info ]: Finished building task graph [  0.00s]
20:32:38.466645 [info ]: Started rendering (12 nodes)
20:32:38.466674 [info ]: Started snapshot snapshots.snapshot_comptes
20:32:38.466683 [debug]: Started rendering snapshot snapshots.snapshot_comptes
20:32:38.466727 [info ]: Started model staging_marts.mart_top_depenses
20:32:38.466733 [debug]: Started rendering model staging_marts.mart_top_depenses
20:32:38.466745 [info ]: Started model staging_marts.mart_solde_mensuel
20:32:38.466752 [debug]: Started rendering model staging_marts.mart_solde_mensuel
20:32:38.466761 [info ]: Started model staging_marts.mart_budget_vs_reel
20:32:38.466768 [debug]: Started rendering model staging_marts.mart_budget_vs_reel
20:32:38.466766 [info ]: Finished loading project [  0.10s]
20:32:38.466777 [info ]: Started model staging.stg_budgets
20:32:38.466783 [debug]: Started rendering model staging.stg_budgets
20:32:38.466794 [info ]: Started model staging.int_transactions_enrichies
20:32:38.466803 [debug]: Started rendering model staging.int_transactions_enrichies
20:32:38.466812 [info ]: Started model staging.stg_transactions
20:32:38.466818 [debug]: Started rendering model staging.stg_transactions
20:32:38.466832 [info ]: Started model staging_marts.dim_comptes
20:32:38.466904 [debug]: Started rendering model staging_marts.dim_comptes
20:32:38.466962 [info ]: Started model staging.stg_comptes
20:32:38.467009 [debug]: Started rendering model staging.stg_comptes
20:32:38.467113 [info ]: Started model staging_marts.dim_categories
20:32:38.467167 [debug]: Started rendering model staging_marts.dim_categories
20:32:38.467218 [info ]: Started model staging.stg_categories
20:32:38.467265 [debug]: Compiled SQL for node model.fintrack_analytics.mart_solde_mensuel at target\.lsp\compiled\fintrack_analytics\models\marts\mart_solde_mensuel.sql
20:32:38.467269 [debug]: Started rendering model staging.stg_categories
20:32:38.467386 [debug]: Finished rendering [  0.00s] model staging_marts.mart_solde_mensuel [success]
20:32:38.467459 [info ]: Started analyzing (12 nodes)
20:32:38.467478 [debug]: Started analyzing model staging_marts.mart_solde_mensuel
20:32:38.467679 [debug]: Compiled SQL for node model.fintrack_analytics.int_transactions_enrichies at target\.lsp\compiled\fintrack_analytics\models\intermediate\int_transactions_enrichies.sql
20:32:38.467752 [debug]: Finished rendering [  0.00s] model staging.int_transactions_enrichies [success]
20:32:38.467787 [debug]: Started analyzing model staging.int_transactions_enrichies
20:32:38.467820 [info ]: Started model staging_marts.fct_transactions
20:32:38.467844 [debug]: Started rendering model staging_marts.fct_transactions
20:32:38.468072 [debug]: Compiled SQL for node model.fintrack_analytics.stg_transactions at target\.lsp\compiled\fintrack_analytics\models\staging\stg_transactions.sql
20:32:38.468112 [debug]: Compiled SQL for node model.fintrack_analytics.stg_comptes at target\.lsp\compiled\fintrack_analytics\models\staging\stg_comptes.sql
20:32:38.468176 [debug]: Compiled SQL for node model.fintrack_analytics.dim_comptes at target\.lsp\compiled\fintrack_analytics\models\marts\dim_comptes.sql
20:32:38.468367 [debug]: Finished rendering [  0.00s] model staging.stg_comptes [success]
20:32:38.468401 [debug]: Started analyzing model staging.stg_comptes
20:32:38.468509 [debug]: Compiled SQL for node model.fintrack_analytics.fct_transactions at target\.lsp\compiled\fintrack_analytics\models\marts\fct_transactions.sql
20:32:38.468619 [debug]: Finished rendering [  0.00s] model staging.stg_transactions [success]
20:32:38.468653 [debug]: Started analyzing model staging.stg_transactions
20:32:38.468678 [debug]: Finished analyzing [  0.00s] model staging.stg_comptes [success]
20:32:38.468695 [info ]:  Succeeded [  0.00s] model staging.stg_comptes (view)
20:32:38.468725 [debug]: Finished rendering [  0.00s] model staging_marts.dim_comptes [success]
20:32:38.468742 [debug]: Started analyzing model staging_marts.dim_comptes
20:32:38.468760 [debug]: Finished rendering [  0.00s] model staging_marts.fct_transactions [success]
20:32:38.468777 [debug]: Started analyzing model staging_marts.fct_transactions
20:32:38.468826 [debug]: Compiled SQL for node snapshot.fintrack_analytics.snapshot_comptes at target\.lsp\compiled\fintrack_analytics\snapshots\snapshot_comptes.sql\snapshot_comptes.sql
20:32:38.469063 [debug]: Finished rendering [  0.00s] snapshot snapshots.snapshot_comptes [success]
20:32:38.469104 [debug]: Started analyzing snapshot snapshots.snapshot_comptes
20:32:38.469202 [debug]: Finished analyzing [  0.00s] model staging_marts.dim_comptes [success]
20:32:38.469220 [info ]:  Succeeded [  0.00s] model staging_marts.dim_comptes (table)
20:32:38.469249 [debug]: Finished analyzing [  0.00s] model staging.stg_transactions [success]
20:32:38.469263 [info ]:  Succeeded [  0.00s] model staging.stg_transactions (view)
20:32:38.469337 [debug]: Finished analyzing [  0.00s] snapshot snapshots.snapshot_comptes [success]
20:32:38.469362 [info ]:  Succeeded [  0.00s] snapshot snapshots.snapshot_comptes (snapshot)
20:32:38.469670 [debug]: Finished analyzing [  0.00s] model staging_marts.mart_solde_mensuel [success]
20:32:38.469699 [info ]:  Succeeded [  0.00s] model staging_marts.mart_solde_mensuel (table)
20:32:38.470105 [debug]: Compiled SQL for node model.fintrack_analytics.stg_categories at target\.lsp\compiled\fintrack_analytics\models\staging\stg_categories.sql
20:32:38.470397 [debug]: Finished rendering [  0.00s] model staging.stg_categories [success]
20:32:38.470635 [debug]: Started analyzing model staging.stg_categories
20:32:38.471096 [debug]: Finished analyzing [  0.00s] model staging.int_transactions_enrichies [success]
20:32:38.471131 [debug]: Compiled SQL for node model.fintrack_analytics.stg_budgets at target\.lsp\compiled\fintrack_analytics\models\staging\stg_budgets.sql
20:32:38.471161 [debug]: Compiled SQL for node model.fintrack_analytics.mart_top_depenses at target\.lsp\compiled\fintrack_analytics\models\marts\mart_top_depenses.sql
20:32:38.471348 [info ]:  Succeeded [  0.00s] model staging.int_transactions_enrichies (ephemeral)
20:32:38.471944 [debug]: Compiled SQL for node model.fintrack_analytics.mart_budget_vs_reel at target\.lsp\compiled\fintrack_analytics\models\marts\mart_budget_vs_reel.sql
20:32:38.472099 [debug]: Compiled SQL for node model.fintrack_analytics.dim_categories at target\.lsp\compiled\fintrack_analytics\models\marts\dim_categories.sql
20:32:38.472232 [debug]: Finished rendering [  0.01s] model staging_marts.mart_top_depenses [success]
20:32:38.472292 [debug]: Started analyzing model staging_marts.mart_top_depenses
20:32:38.472873 [debug]: Finished rendering [  0.01s] model staging.stg_budgets [success]
20:32:38.472919 [debug]: Started analyzing model staging.stg_budgets
20:32:38.472986 [debug]: Finished analyzing [  0.00s] model staging_marts.fct_transactions [success]
20:32:38.473017 [info ]:  Succeeded [  0.00s] model staging_marts.fct_transactions (table)
20:32:38.473052 [debug]: Finished rendering [  0.01s] model staging_marts.dim_categories [success]
20:32:38.473074 [debug]: Started analyzing model staging_marts.dim_categories
20:32:38.473105 [debug]: Finished rendering [  0.01s] model staging_marts.mart_budget_vs_reel [success]
20:32:38.473119 [info ]: Finished rendering [  0.01s] (12 nodes, 0 skipped, 0 errors)
20:32:38.473137 [debug]: Started analyzing model staging_marts.mart_budget_vs_reel
20:32:38.473181 [debug]: Finished analyzing [  0.00s] model staging.stg_categories [success]
20:32:38.473196 [info ]:  Succeeded [  0.01s] model staging.stg_categories (view)
20:32:38.473219 [debug]: Finished analyzing [  0.00s] model staging_marts.mart_top_depenses [success]
20:32:38.473231 [info ]:  Succeeded [  0.01s] model staging_marts.mart_top_depenses (table)
20:32:38.473282 [debug]: Finished analyzing [  0.00s] model staging_marts.dim_categories [success]
20:32:38.473299 [info ]:  Succeeded [  0.01s] model staging_marts.dim_categories (table)
20:32:38.473353 [debug]: Finished analyzing [  0.00s] model staging.stg_budgets [success]
20:32:38.473377 [info ]:  Succeeded [  0.01s] model staging.stg_budgets (view)
20:32:38.476118 [debug]: Finished analyzing [  0.00s] model staging_marts.mart_budget_vs_reel [success]
20:32:38.476147 [info ]: Finished analyzing [  0.01s] (12 nodes, 0 skipped, 0 errors)
20:32:38.476156 [info ]:  Succeeded [  0.01s] model staging_marts.mart_budget_vs_reel (table)
20:32:38.479832 [info ]: Started scheduling
20:32:38.479891 [info ]: Finished scheduling [  0.00s]
20:32:38.479997 [info ]: 
==================== Execution Summary =====================
Finished 'compile' successfully for target 'dev' [110ms]
Processed: 11 models | 1 snapshot
Summary: 12 total | 12 success
20:32:38.480292 [info ]: Cached model count updated: 11 models (accurate)
==================== 2026-09-03T21:08:00.910108Z | 36abdd69-32db-4fe6-97ca-776fd024b1d8 ====================
21:08:00.910348 [info ]: Started loading project
21:08:00.911923 [info ]: Loading ~/.dbt/profiles.yml
==================== 2026-09-03T21:08:00.929170Z | 3064f3e8-b4a6-465b-9cf1-db310b739a3a ====================
21:08:00.929299 [info ]: Started loading project
21:08:00.930833 [info ]: Loading ~/.dbt/profiles.yml
21:08:00.930972 [info ]: Finished loading project [  0.02s]
21:08:00.941508 [info ]: Loading packages.yml
21:08:00.941754 [debug]:    Started loading packages
21:08:00.968618 [debug]:     Loaded [  0.03s] packages
21:08:00.969864 [info ]: Finished loading project [  0.04s]
21:08:00.970302 [info ]: Started parsing
21:08:01.058192 [debug]: Finished parsing models/marts/_marts_schema.yml [  0.00s]
21:08:01.058730 [debug]: Finished parsing models/staging/_stg_schema.yml [  0.00s]
21:08:01.059070 [debug]: Finished parsing models/staging/_stg_sources.yml [  0.00s]
21:08:01.063757 [debug]: Finished parsing snapshots\snapshot_comptes.sql [  0.00s]
21:08:01.066837 [debug]: Finished parsing models/intermediate/int_transactions_enrichies.sql [  0.00s]
21:08:01.067776 [debug]: Finished parsing models/marts/dim_categories.sql [  0.00s]
21:08:01.068878 [debug]: Finished parsing models/marts/dim_comptes.sql [  0.00s]
21:08:01.069645 [debug]: Finished parsing models/marts/fct_transactions.sql [  0.00s]
21:08:01.070473 [debug]: Finished parsing models/marts/mart_budget_vs_reel.sql [  0.00s]
21:08:01.071271 [debug]: Finished parsing models/marts/mart_solde_mensuel.sql [  0.00s]
21:08:01.071959 [debug]: Finished parsing models/marts/mart_top_depenses.sql [  0.00s]
21:08:01.072658 [debug]: Finished parsing models/staging/stg_budgets.sql [  0.00s]
21:08:01.073550 [debug]: Finished parsing models/staging/stg_categories.sql [  0.00s]
21:08:01.074331 [debug]: Finished parsing models/staging/stg_comptes.sql [  0.00s]
21:08:01.075226 [debug]: Finished parsing models/staging/stg_transactions.sql [  0.00s]
21:08:01.092494 [debug]: Finished parsing tests/assert_solde_mensuel_positif.sql [  0.00s]
21:08:01.389163 [info ]: Finished parsing [  0.42s]
21:08:01.390979 [info ]: Cached model count updated: 11 models (estimate)
21:08:01.391012 [info ]: Cached model count updated: 11 models (accurate)
21:08:01.391060 [info ]: Started scheduling
21:08:01.391140 [info ]: Finished scheduling [  0.00s]
21:08:01.391162 [debug]: Compilation - 0 nodes selected: {}
21:08:01.391187 [warn ]: [NoNodesForSelectionCriteria (dbt1092)]: The selection criterion '' does not match any enabled nodes
21:08:01.391204 [warn ]: [NoNodesSelected (dbt1601)]: Nothing to do. Try checking your model configs and model specification args
21:08:01.391216 [info ]: Started scheduling
21:08:01.391392 [info ]: Finished scheduling [  0.00s]
21:08:01.391675 [debug]: Initializing schema store with entry: Frontier(CanonicalFqn { catalog: "FINTRACK_DB", schema: "RAW", table: "RAW_CATEGORIES" }) and interval: None
21:08:01.391693 [debug]: Initializing schema store with entry: Frontier(CanonicalFqn { catalog: "FINTRACK_DB", schema: "RAW", table: "RAW_TRANSACTIONS" }) and interval: None
21:08:01.391699 [debug]: Initializing schema store with entry: Frontier(CanonicalFqn { catalog: "FINTRACK_DB", schema: "RAW", table: "RAW_COMPTES" }) and interval: None
21:08:01.391704 [debug]: Initializing schema store with entry: Frontier(CanonicalFqn { catalog: "FINTRACK_DB", schema: "RAW", table: "RAW_BUDGETS" }) and interval: None
21:08:01.485613 [info ]: Started building task graph
21:08:01.485656 [info ]: Finished building task graph [  0.00s]
21:08:01.505199 [info ]: Started scheduling
21:08:01.505280 [info ]: Finished scheduling [  0.00s]
21:08:01.505493 [info ]: 
==================== Execution Summary =====================
Finished 'compile' with 2 warnings for target 'dev' [576ms]
21:08:01.505558 [info ]: 
==================== Execution Summary =====================
Finished 'compile' successfully for target 'dev' [595ms]
21:08:01.510756 [info ]: Cached model count updated: 11 models (accurate)
==================== 2026-09-03T21:08:03.197170Z | c24d0b77-0ade-4127-8e2e-20a823f6f82c ====================
21:08:03.197289 [info ]: Started loading project
21:08:03.198035 [info ]: Loading ~/.dbt/profiles.yml
21:08:03.238340 [info ]: Cached model count updated: 11 models (estimate)
21:08:03.238366 [info ]: Cached model count updated: 11 models (accurate)
21:08:03.238406 [info ]: Started scheduling
21:08:03.238576 [info ]: Finished scheduling [  0.00s]
21:08:03.238598 [debug]: Compilation - 12 nodes selected: {"model.fintrack_analytics.dim_categories", "model.fintrack_analytics.dim_comptes", "model.fintrack_analytics.fct_transactions", "model.fintrack_analytics.int_transactions_enrichies", "model.fintrack_analytics.mart_budget_vs_reel", "model.fintrack_analytics.mart_solde_mensuel", "model.fintrack_analytics.mart_top_depenses", "model.fintrack_analytics.stg_budgets", "model.fintrack_analytics.stg_categories", "model.fintrack_analytics.stg_comptes", "model.fintrack_analytics.stg_transactions", "snapshot.fintrack_analytics.snapshot_comptes"}
21:08:03.315933 [info ]: Started building task graph
21:08:03.316072 [info ]: Finished building task graph [  0.00s]
21:08:03.325997 [info ]: Started rendering (12 nodes)
21:08:03.326037 [info ]: Started snapshot snapshots.snapshot_comptes
21:08:03.326061 [debug]: Started rendering snapshot snapshots.snapshot_comptes
21:08:03.326154 [info ]: Started model staging_marts.mart_top_depenses
21:08:03.326173 [debug]: Started rendering model staging_marts.mart_top_depenses
21:08:03.326185 [info ]: Finished loading project [  0.13s]
21:08:03.326194 [info ]: Started model staging_marts.mart_solde_mensuel
21:08:03.326247 [debug]: Started rendering model staging_marts.mart_solde_mensuel
21:08:03.326348 [info ]: Started model staging_marts.mart_budget_vs_reel
21:08:03.326370 [debug]: Started rendering model staging_marts.mart_budget_vs_reel
21:08:03.326442 [info ]: Started model staging.stg_budgets
21:08:03.326466 [debug]: Started rendering model staging.stg_budgets
21:08:03.326549 [info ]: Started model staging.int_transactions_enrichies
21:08:03.326569 [debug]: Started rendering model staging.int_transactions_enrichies
21:08:03.326758 [info ]: Started model staging.stg_transactions
21:08:03.326785 [debug]: Started rendering model staging.stg_transactions
21:08:03.326838 [info ]: Started model staging_marts.dim_comptes
21:08:03.326856 [debug]: Started rendering model staging_marts.dim_comptes
21:08:03.326907 [info ]: Started model staging.stg_comptes
21:08:03.326926 [debug]: Started rendering model staging.stg_comptes
21:08:03.326951 [info ]: Started model staging_marts.dim_categories
21:08:03.327008 [debug]: Started rendering model staging_marts.dim_categories
21:08:03.327071 [info ]: Started model staging.stg_categories
21:08:03.327088 [debug]: Started rendering model staging.stg_categories
21:08:03.328642 [debug]: Compiled SQL for node snapshot.fintrack_analytics.snapshot_comptes at target\.lsp\compiled\fintrack_analytics\snapshots\snapshot_comptes.sql\snapshot_comptes.sql
21:08:03.328830 [debug]: Finished rendering [  0.00s] snapshot snapshots.snapshot_comptes [success]
21:08:03.328906 [info ]: Started analyzing (12 nodes)
21:08:03.328929 [debug]: Started analyzing snapshot snapshots.snapshot_comptes
21:08:03.329736 [debug]: Finished analyzing [  0.00s] snapshot snapshots.snapshot_comptes [success]
21:08:03.329774 [info ]:  Succeeded [  0.00s] snapshot snapshots.snapshot_comptes (snapshot)
21:08:03.331374 [debug]: Compiled SQL for node model.fintrack_analytics.mart_top_depenses at target\.lsp\compiled\fintrack_analytics\models\marts\mart_top_depenses.sql
21:08:03.331404 [debug]: Compiled SQL for node model.fintrack_analytics.stg_transactions at target\.lsp\compiled\fintrack_analytics\models\staging\stg_transactions.sql
21:08:03.331550 [debug]: Compiled SQL for node model.fintrack_analytics.mart_solde_mensuel at target\.lsp\compiled\fintrack_analytics\models\marts\mart_solde_mensuel.sql
21:08:03.331939 [debug]: Finished rendering [  0.01s] model staging.stg_transactions [success]
21:08:03.331991 [debug]: Started analyzing model staging.stg_transactions
21:08:03.332020 [debug]: Finished rendering [  0.01s] model staging_marts.mart_top_depenses [success]
21:08:03.332048 [debug]: Started analyzing model staging_marts.mart_top_depenses
21:08:03.332118 [debug]: Compiled SQL for node model.fintrack_analytics.int_transactions_enrichies at target\.lsp\compiled\fintrack_analytics\models\intermediate\int_transactions_enrichies.sql
21:08:03.332151 [debug]: Finished rendering [  0.01s] model staging_marts.mart_solde_mensuel [success]
21:08:03.332180 [debug]: Started analyzing model staging_marts.mart_solde_mensuel
21:08:03.332285 [debug]: Finished rendering [  0.01s] model staging.int_transactions_enrichies [success]
21:08:03.332314 [debug]: Started analyzing model staging.int_transactions_enrichies
21:08:03.332348 [info ]: Started model staging_marts.fct_transactions
21:08:03.332368 [debug]: Started rendering model staging_marts.fct_transactions
21:08:03.332994 [debug]: Compiled SQL for node model.fintrack_analytics.stg_comptes at target\.lsp\compiled\fintrack_analytics\models\staging\stg_comptes.sql
21:08:03.333137 [debug]: Finished rendering [  0.01s] model staging.stg_comptes [success]
21:08:03.333174 [debug]: Started analyzing model staging.stg_comptes
21:08:03.333206 [debug]: Finished analyzing [  0.00s] model staging.stg_transactions [success]
21:08:03.333223 [info ]:  Succeeded [  0.01s] model staging.stg_transactions (view)
21:08:03.333507 [debug]: Finished analyzing [  0.00s] model staging.stg_comptes [success]
21:08:03.333535 [info ]:  Succeeded [  0.01s] model staging.stg_comptes (view)
21:08:03.333576 [debug]: Finished analyzing [  0.00s] model staging_marts.mart_top_depenses [success]
21:08:03.333598 [info ]:  Succeeded [  0.01s] model staging_marts.mart_top_depenses (table)
21:08:03.334985 [debug]: Finished analyzing [  0.00s] model staging_marts.mart_solde_mensuel [success]
21:08:03.335021 [info ]:  Succeeded [  0.01s] model staging_marts.mart_solde_mensuel (table)
21:08:03.335049 [debug]: Compiled SQL for node model.fintrack_analytics.dim_categories at target\.lsp\compiled\fintrack_analytics\models\marts\dim_categories.sql
21:08:03.335113 [debug]: Compiled SQL for node model.fintrack_analytics.stg_categories at target\.lsp\compiled\fintrack_analytics\models\staging\stg_categories.sql
21:08:03.335213 [debug]: Finished rendering [  0.01s] model staging_marts.dim_categories [success]
21:08:03.335246 [debug]: Started analyzing model staging_marts.dim_categories
21:08:03.335512 [debug]: Finished analyzing [  0.00s] model staging_marts.dim_categories [success]
21:08:03.335538 [info ]:  Succeeded [  0.01s] model staging_marts.dim_categories (table)
21:08:03.335589 [debug]: Finished rendering [  0.01s] model staging.stg_categories [success]
21:08:03.335614 [debug]: Started analyzing model staging.stg_categories
21:08:03.335643 [debug]: Finished analyzing [  0.00s] model staging.int_transactions_enrichies [success]
21:08:03.335661 [info ]:  Succeeded [  0.01s] model staging.int_transactions_enrichies (ephemeral)
21:08:03.335964 [debug]: Finished analyzing [  0.00s] model staging.stg_categories [success]
21:08:03.335991 [info ]:  Succeeded [  0.01s] model staging.stg_categories (view)
21:08:03.336495 [debug]: Compiled SQL for node model.fintrack_analytics.stg_budgets at target\.lsp\compiled\fintrack_analytics\models\staging\stg_budgets.sql
21:08:03.336955 [debug]: Finished rendering [  0.01s] model staging.stg_budgets [success]
21:08:03.336998 [debug]: Started analyzing model staging.stg_budgets
21:08:03.337391 [debug]: Finished analyzing [  0.00s] model staging.stg_budgets [success]
21:08:03.337425 [info ]:  Succeeded [  0.01s] model staging.stg_budgets (view)
21:08:03.338834 [debug]: Compiled SQL for node model.fintrack_analytics.mart_budget_vs_reel at target\.lsp\compiled\fintrack_analytics\models\marts\mart_budget_vs_reel.sql
21:08:03.339034 [debug]: Finished rendering [  0.01s] model staging_marts.mart_budget_vs_reel [success]
21:08:03.339080 [debug]: Started analyzing model staging_marts.mart_budget_vs_reel
21:08:03.339341 [debug]: Compiled SQL for node model.fintrack_analytics.dim_comptes at target\.lsp\compiled\fintrack_analytics\models\marts\dim_comptes.sql
21:08:03.339505 [debug]: Finished rendering [  0.01s] model staging_marts.dim_comptes [success]
21:08:03.339541 [debug]: Started analyzing model staging_marts.dim_comptes
21:08:03.340018 [debug]: Finished analyzing [  0.00s] model staging_marts.dim_comptes [success]
21:08:03.340052 [info ]:  Succeeded [  0.01s] model staging_marts.dim_comptes (table)
21:08:03.345512 [debug]: Finished analyzing [  0.01s] model staging_marts.mart_budget_vs_reel [success]
21:08:03.345559 [info ]:  Succeeded [  0.02s] model staging_marts.mart_budget_vs_reel (table)
21:08:03.346571 [debug]: Compiled SQL for node model.fintrack_analytics.fct_transactions at target\.lsp\compiled\fintrack_analytics\models\marts\fct_transactions.sql
21:08:03.346746 [debug]: Finished rendering [  0.01s] model staging_marts.fct_transactions [success]
21:08:03.346776 [info ]: Finished rendering [  0.02s] (12 nodes, 0 skipped, 0 errors)
21:08:03.346806 [debug]: Started analyzing model staging_marts.fct_transactions
21:08:03.348869 [debug]: Finished analyzing [  0.00s] model staging_marts.fct_transactions [success]
21:08:03.348898 [info ]: Finished analyzing [  0.02s] (12 nodes, 0 skipped, 0 errors)
21:08:03.348910 [info ]:  Succeeded [  0.02s] model staging_marts.fct_transactions (table)
21:08:03.352953 [info ]: Started scheduling
21:08:03.353030 [info ]: Finished scheduling [  0.00s]
21:08:03.353147 [info ]: 
==================== Execution Summary =====================
Finished 'compile' successfully for target 'dev' [155ms]
Processed: 11 models | 1 snapshot
Summary: 12 total | 12 success
21:08:03.353452 [info ]: Cached model count updated: 11 models (accurate)
==================== 2026-09-03T21:08:25.831851Z | 49792563-5d7e-4095-8185-ae5f09ae182a ====================
21:08:25.831937 [info ]: Started loading project
21:08:25.833262 [info ]: Loading ~/.dbt/profiles.yml
==================== 2026-09-03T21:08:25.850051Z | 539a116f-6b59-4900-baf3-c0a6a8fd7b69 ====================
21:08:25.850120 [info ]: Started loading project
21:08:25.851143 [info ]: Loading ~/.dbt/profiles.yml
21:08:25.851264 [info ]: Finished loading project [  0.02s]
21:08:25.863924 [info ]: Loading packages.yml
21:08:25.864144 [debug]:    Started loading packages
21:08:25.894076 [debug]:     Loaded [  0.03s] packages
21:08:25.895310 [info ]: Finished loading project [  0.05s]
21:08:25.895754 [info ]: Started parsing
21:08:26.000764 [debug]: Finished parsing models/marts/_marts_schema.yml [  0.00s]
21:08:26.001665 [debug]: Finished parsing models/staging/_stg_schema.yml [  0.00s]
21:08:26.002229 [debug]: Finished parsing models/staging/_stg_sources.yml [  0.00s]
21:08:26.008985 [debug]: Finished parsing snapshots\snapshot_comptes.sql [  0.00s]
21:08:26.011497 [debug]: Finished parsing models/intermediate/int_transactions_enrichies.sql [  0.00s]
21:08:26.012522 [debug]: Finished parsing models/marts/dim_categories.sql [  0.00s]
21:08:26.013828 [debug]: Finished parsing models/marts/dim_comptes.sql [  0.00s]
21:08:26.014582 [debug]: Finished parsing models/marts/fct_transactions.sql [  0.00s]
21:08:26.015477 [debug]: Finished parsing models/marts/mart_budget_vs_reel.sql [  0.00s]
21:08:26.016209 [debug]: Finished parsing models/marts/mart_solde_mensuel.sql [  0.00s]
21:08:26.016984 [debug]: Finished parsing models/marts/mart_top_depenses.sql [  0.00s]
21:08:26.017677 [debug]: Finished parsing models/staging/stg_budgets.sql [  0.00s]
21:08:26.018761 [debug]: Finished parsing models/staging/stg_categories.sql [  0.00s]
21:08:26.019695 [debug]: Finished parsing models/staging/stg_comptes.sql [  0.00s]
21:08:26.020813 [debug]: Finished parsing models/staging/stg_transactions.sql [  0.00s]
21:08:26.034535 [debug]: Finished parsing tests/assert_solde_mensuel_positif.sql [  0.00s]
21:08:26.349407 [info ]: Finished parsing [  0.45s]
21:08:26.351302 [info ]: Cached model count updated: 11 models (estimate)
21:08:26.351324 [info ]: Cached model count updated: 11 models (accurate)
21:08:26.351386 [info ]: Started scheduling
21:08:26.351445 [info ]: Finished scheduling [  0.00s]
21:08:26.351465 [debug]: Compilation - 0 nodes selected: {}
21:08:26.351485 [warn ]: [NoNodesForSelectionCriteria (dbt1092)]: The selection criterion '' does not match any enabled nodes
21:08:26.351500 [warn ]: [NoNodesSelected (dbt1601)]: Nothing to do. Try checking your model configs and model specification args
21:08:26.351510 [info ]: Started scheduling
21:08:26.351678 [info ]: Finished scheduling [  0.00s]
21:08:26.351883 [debug]: Initializing schema store with entry: Frontier(CanonicalFqn { catalog: "FINTRACK_DB", schema: "RAW", table: "RAW_BUDGETS" }) and interval: None
21:08:26.351902 [debug]: Initializing schema store with entry: Frontier(CanonicalFqn { catalog: "FINTRACK_DB", schema: "RAW", table: "RAW_TRANSACTIONS" }) and interval: None
21:08:26.351909 [debug]: Initializing schema store with entry: Frontier(CanonicalFqn { catalog: "FINTRACK_DB", schema: "RAW", table: "RAW_CATEGORIES" }) and interval: None
21:08:26.351915 [debug]: Initializing schema store with entry: Frontier(CanonicalFqn { catalog: "FINTRACK_DB", schema: "RAW", table: "RAW_COMPTES" }) and interval: None
21:08:26.495050 [info ]: Started building task graph
21:08:26.495089 [info ]: Finished building task graph [  0.00s]
21:08:26.513654 [info ]: Started scheduling
21:08:26.513738 [info ]: Finished scheduling [  0.00s]
21:08:26.513928 [info ]: 
==================== Execution Summary =====================
Finished 'compile' with 2 warnings for target 'dev' [663ms]
21:08:26.513989 [info ]: 
==================== Execution Summary =====================
Finished 'compile' successfully for target 'dev' [682ms]
21:08:26.516383 [info ]: Cached model count updated: 11 models (accurate)
==================== 2026-09-03T21:08:28.188137Z | ba877de1-6ded-46fe-a253-717db5974a58 ====================
21:08:28.188212 [info ]: Started loading project
21:08:28.188972 [info ]: Loading ~/.dbt/profiles.yml
21:08:28.229009 [info ]: Cached model count updated: 11 models (estimate)
21:08:28.229032 [info ]: Cached model count updated: 11 models (accurate)
21:08:28.229096 [info ]: Started scheduling
21:08:28.229273 [info ]: Finished scheduling [  0.00s]
21:08:28.229300 [debug]: Compilation - 12 nodes selected: {"model.fintrack_analytics.dim_categories", "model.fintrack_analytics.dim_comptes", "model.fintrack_analytics.fct_transactions", "model.fintrack_analytics.int_transactions_enrichies", "model.fintrack_analytics.mart_budget_vs_reel", "model.fintrack_analytics.mart_solde_mensuel", "model.fintrack_analytics.mart_top_depenses", "model.fintrack_analytics.stg_budgets", "model.fintrack_analytics.stg_categories", "model.fintrack_analytics.stg_comptes", "model.fintrack_analytics.stg_transactions", "snapshot.fintrack_analytics.snapshot_comptes"}
21:08:28.293966 [info ]: Started building task graph
21:08:28.294101 [info ]: Finished building task graph [  0.00s]
21:08:28.304606 [info ]: Started rendering (12 nodes)
21:08:28.304646 [info ]: Started snapshot snapshots.snapshot_comptes
21:08:28.304658 [debug]: Started rendering snapshot snapshots.snapshot_comptes
21:08:28.304688 [info ]: Started model staging_marts.mart_top_depenses
21:08:28.304701 [debug]: Started rendering model staging_marts.mart_top_depenses
21:08:28.304714 [info ]: Started model staging_marts.mart_solde_mensuel
21:08:28.304712 [info ]: Finished loading project [  0.12s]
21:08:28.304721 [debug]: Started rendering model staging_marts.mart_solde_mensuel
21:08:28.304733 [info ]: Started model staging_marts.mart_budget_vs_reel
21:08:28.304739 [debug]: Started rendering model staging_marts.mart_budget_vs_reel
21:08:28.304751 [info ]: Started model staging.stg_budgets
21:08:28.304758 [debug]: Started rendering model staging.stg_budgets
21:08:28.304775 [info ]: Started model staging.int_transactions_enrichies
21:08:28.304798 [debug]: Started rendering model staging.int_transactions_enrichies
21:08:28.304821 [info ]: Started model staging.stg_transactions
21:08:28.304844 [debug]: Started rendering model staging.stg_transactions
21:08:28.304874 [info ]: Started model staging_marts.dim_comptes
21:08:28.304898 [debug]: Started rendering model staging_marts.dim_comptes
21:08:28.304924 [info ]: Started model staging.stg_comptes
21:08:28.304952 [debug]: Started rendering model staging.stg_comptes
21:08:28.304982 [info ]: Started model staging_marts.dim_categories
21:08:28.305005 [debug]: Started rendering model staging_marts.dim_categories
21:08:28.305069 [info ]: Started model staging.stg_categories
21:08:28.305086 [debug]: Started rendering model staging.stg_categories
21:08:28.307194 [debug]: Compiled SQL for node model.fintrack_analytics.mart_top_depenses at target\.lsp\compiled\fintrack_analytics\models\marts\mart_top_depenses.sql
21:08:28.307398 [debug]: Finished rendering [  0.00s] model staging_marts.mart_top_depenses [success]
21:08:28.307444 [info ]: Started analyzing (12 nodes)
21:08:28.307458 [debug]: Started analyzing model staging_marts.mart_top_depenses
21:08:28.308064 [debug]: Finished analyzing [  0.00s] model staging_marts.mart_top_depenses [success]
21:08:28.308106 [info ]:  Succeeded [  0.00s] model staging_marts.mart_top_depenses (table)
21:08:28.309390 [debug]: Compiled SQL for node snapshot.fintrack_analytics.snapshot_comptes at target\.lsp\compiled\fintrack_analytics\snapshots\snapshot_comptes.sql\snapshot_comptes.sql
21:08:28.309774 [debug]: Finished rendering [  0.01s] snapshot snapshots.snapshot_comptes [success]
21:08:28.310062 [debug]: Compiled SQL for node model.fintrack_analytics.int_transactions_enrichies at target\.lsp\compiled\fintrack_analytics\models\intermediate\int_transactions_enrichies.sql
21:08:28.310195 [debug]: Started analyzing snapshot snapshots.snapshot_comptes
21:08:28.310237 [debug]: Finished rendering [  0.01s] model staging.int_transactions_enrichies [success]
21:08:28.310277 [info ]: Started model staging_marts.fct_transactions
21:08:28.310294 [debug]: Started rendering model staging_marts.fct_transactions
21:08:28.310317 [debug]: Started analyzing model staging.int_transactions_enrichies
21:08:28.310573 [debug]: Finished analyzing [  0.00s] snapshot snapshots.snapshot_comptes [success]
21:08:28.310592 [info ]:  Succeeded [  0.01s] snapshot snapshots.snapshot_comptes (snapshot)
21:08:28.311237 [debug]: Compiled SQL for node model.fintrack_analytics.mart_solde_mensuel at target\.lsp\compiled\fintrack_analytics\models\marts\mart_solde_mensuel.sql
21:08:28.311543 [debug]: Finished rendering [  0.01s] model staging_marts.mart_solde_mensuel [success]
21:08:28.311588 [debug]: Started analyzing model staging_marts.mart_solde_mensuel
21:08:28.313584 [debug]: Finished analyzing [  0.00s] model staging.int_transactions_enrichies [success]
21:08:28.313586 [debug]: Compiled SQL for node model.fintrack_analytics.stg_comptes at target\.lsp\compiled\fintrack_analytics\models\staging\stg_comptes.sql
21:08:28.313628 [info ]:  Succeeded [  0.01s] model staging.int_transactions_enrichies (ephemeral)
21:08:28.313740 [debug]: Compiled SQL for node model.fintrack_analytics.stg_categories at target\.lsp\compiled\fintrack_analytics\models\staging\stg_categories.sql
21:08:28.313782 [debug]: Compiled SQL for node model.fintrack_analytics.dim_comptes at target\.lsp\compiled\fintrack_analytics\models\marts\dim_comptes.sql
21:08:28.313828 [debug]: Finished rendering [  0.01s] model staging.stg_comptes [success]
21:08:28.313858 [debug]: Started analyzing model staging.stg_comptes
21:08:28.314175 [debug]: Finished analyzing [  0.00s] model staging.stg_comptes [success]
21:08:28.314196 [info ]:  Succeeded [  0.01s] model staging.stg_comptes (view)
21:08:28.314339 [debug]: Finished rendering [  0.01s] model staging.stg_categories [success]
21:08:28.314373 [debug]: Started analyzing model staging.stg_categories
21:08:28.314406 [debug]: Finished rendering [  0.01s] model staging_marts.dim_comptes [success]
21:08:28.314432 [debug]: Started analyzing model staging_marts.dim_comptes
21:08:28.314463 [debug]: Finished analyzing [  0.00s] model staging_marts.mart_solde_mensuel [success]
21:08:28.314506 [info ]:  Succeeded [  0.01s] model staging_marts.mart_solde_mensuel (table)
21:08:28.314807 [debug]: Finished analyzing [  0.00s] model staging.stg_categories [success]
21:08:28.314830 [info ]:  Succeeded [  0.01s] model staging.stg_categories (view)
21:08:28.314960 [debug]: Compiled SQL for node model.fintrack_analytics.stg_transactions at target\.lsp\compiled\fintrack_analytics\models\staging\stg_transactions.sql
21:08:28.315171 [debug]: Finished analyzing [  0.00s] model staging_marts.dim_comptes [success]
21:08:28.315200 [info ]:  Succeeded [  0.01s] model staging_marts.dim_comptes (table)
21:08:28.315380 [debug]: Finished rendering [  0.01s] model staging.stg_transactions [success]
21:08:28.315415 [debug]: Started analyzing model staging.stg_transactions
21:08:28.315634 [debug]: Compiled SQL for node model.fintrack_analytics.dim_categories at target\.lsp\compiled\fintrack_analytics\models\marts\dim_categories.sql
21:08:28.315985 [debug]: Finished rendering [  0.01s] model staging_marts.dim_categories [success]
21:08:28.315994 [debug]: Compiled SQL for node model.fintrack_analytics.stg_budgets at target\.lsp\compiled\fintrack_analytics\models\staging\stg_budgets.sql
21:08:28.316025 [debug]: Started analyzing model staging_marts.dim_categories
21:08:28.316212 [debug]: Compiled SQL for node model.fintrack_analytics.fct_transactions at target\.lsp\compiled\fintrack_analytics\models\marts\fct_transactions.sql
21:08:28.316246 [debug]: Finished analyzing [  0.00s] model staging.stg_transactions [success]
21:08:28.316272 [info ]:  Succeeded [  0.01s] model staging.stg_transactions (view)
21:08:28.316315 [debug]: Finished analyzing [  0.00s] model staging_marts.dim_categories [success]
21:08:28.316333 [info ]:  Succeeded [  0.01s] model staging_marts.dim_categories (table)
21:08:28.316365 [debug]: Finished rendering [  0.01s] model staging.stg_budgets [success]
21:08:28.316386 [debug]: Started analyzing model staging.stg_budgets
21:08:28.316415 [debug]: Finished rendering [  0.01s] model staging_marts.fct_transactions [success]
21:08:28.316490 [debug]: Started analyzing model staging_marts.fct_transactions
21:08:28.316797 [debug]: Finished analyzing [  0.00s] model staging.stg_budgets [success]
21:08:28.316819 [info ]:  Succeeded [  0.01s] model staging.stg_budgets (view)
21:08:28.316973 [debug]: Compiled SQL for node model.fintrack_analytics.mart_budget_vs_reel at target\.lsp\compiled\fintrack_analytics\models\marts\mart_budget_vs_reel.sql
21:08:28.317362 [debug]: Finished rendering [  0.01s] model staging_marts.mart_budget_vs_reel [success]
21:08:28.317424 [info ]: Finished rendering [  0.01s] (12 nodes, 0 skipped, 0 errors)
21:08:28.317454 [debug]: Started analyzing model staging_marts.mart_budget_vs_reel
21:08:28.320349 [debug]: Finished analyzing [  0.00s] model staging_marts.fct_transactions [success]
21:08:28.320399 [info ]:  Succeeded [  0.01s] model staging_marts.fct_transactions (table)
21:08:28.322629 [debug]: Finished analyzing [  0.01s] model staging_marts.mart_budget_vs_reel [success]
21:08:28.322655 [info ]: Finished analyzing [  0.02s] (12 nodes, 0 skipped, 0 errors)
21:08:28.322666 [info ]:  Succeeded [  0.02s] model staging_marts.mart_budget_vs_reel (table)
21:08:28.326624 [info ]: Started scheduling
21:08:28.326693 [info ]: Finished scheduling [  0.00s]
21:08:28.326833 [info ]: 
==================== Execution Summary =====================
Finished 'compile' successfully for target 'dev' [138ms]
Processed: 11 models | 1 snapshot
Summary: 12 total | 12 success
21:08:28.327135 [info ]: Cached model count updated: 11 models (accurate)
==================== 2026-09-04T07:59:54.008904Z | dc155a9b-804c-45ca-ae35-a2f9d0512f25 ====================
07:59:54.014682 [info ]: Started loading project
07:59:54.050687 [info ]: Loading ~/.dbt/profiles.yml
07:59:54.439511 [info ]: Cached model count updated: 11 models (accurate)
07:59:54.440115 [info ]: Finished loading project [  0.43s]
07:59:54.440179 [info ]: 
==================== Execution Summary =====================
Finished 'compile' successfully for target 'dev' [431ms]
==================== 2026-09-04T07:59:56.106600Z | 0276ef80-c168-41ed-abc9-7d6add7b4a22 ====================
07:59:56.107382 [info ]: Started loading project
07:59:56.109128 [info ]: Loading ~/.dbt/profiles.yml
07:59:56.215577 [info ]: Cached model count updated: 11 models (estimate)
07:59:56.215666 [info ]: Cached model count updated: 11 models (accurate)
07:59:56.217539 [info ]: Started scheduling
07:59:56.219008 [info ]: Finished scheduling [  0.00s]
07:59:56.219701 [debug]: Compilation - 12 nodes selected: {"model.fintrack_analytics.dim_categories", "model.fintrack_analytics.dim_comptes", "model.fintrack_analytics.fct_transactions", "model.fintrack_analytics.int_transactions_enrichies", "model.fintrack_analytics.mart_budget_vs_reel", "model.fintrack_analytics.mart_solde_mensuel", "model.fintrack_analytics.mart_top_depenses", "model.fintrack_analytics.stg_budgets", "model.fintrack_analytics.stg_categories", "model.fintrack_analytics.stg_comptes", "model.fintrack_analytics.stg_transactions", "snapshot.fintrack_analytics.snapshot_comptes"}
07:59:56.464509 [info ]: Started building task graph
07:59:56.464841 [info ]: Finished building task graph [  0.00s]
07:59:56.491692 [info ]: Started rendering (12 nodes)
07:59:56.492104 [info ]: Started snapshot snapshots.snapshot_comptes
07:59:56.492137 [debug]: Started rendering snapshot snapshots.snapshot_comptes
07:59:56.492193 [info ]: Started model staging_marts.mart_top_depenses
07:59:56.492207 [debug]: Started rendering model staging_marts.mart_top_depenses
07:59:56.492220 [info ]: Finished loading project [  0.38s]
07:59:56.492236 [info ]: Started model staging_marts.mart_solde_mensuel
07:59:56.492255 [debug]: Started rendering model staging_marts.mart_solde_mensuel
07:59:56.492287 [info ]: Started model staging_marts.mart_budget_vs_reel
07:59:56.492305 [debug]: Started rendering model staging_marts.mart_budget_vs_reel
07:59:56.492340 [info ]: Started model staging.stg_budgets
07:59:56.492363 [debug]: Started rendering model staging.stg_budgets
07:59:56.492392 [info ]: Started model staging.int_transactions_enrichies
07:59:56.492415 [debug]: Started rendering model staging.int_transactions_enrichies
07:59:56.492439 [info ]: Started model staging.stg_transactions
07:59:56.492463 [debug]: Started rendering model staging.stg_transactions
07:59:56.492490 [info ]: Started model staging_marts.dim_comptes
07:59:56.492511 [debug]: Started rendering model staging_marts.dim_comptes
07:59:56.492539 [info ]: Started model staging.stg_comptes
07:59:56.492563 [debug]: Started rendering model staging.stg_comptes
07:59:56.492591 [info ]: Started model staging_marts.dim_categories
07:59:56.492619 [debug]: Started rendering model staging_marts.dim_categories
07:59:56.492647 [info ]: Started model staging.stg_categories
07:59:56.492693 [debug]: Started rendering model staging.stg_categories
07:59:56.495136 [debug]: Compiled SQL for node model.fintrack_analytics.mart_top_depenses at target\.lsp\compiled\fintrack_analytics\models\marts\mart_top_depenses.sql
07:59:56.495137 [debug]: Compiled SQL for node snapshot.fintrack_analytics.snapshot_comptes at target\.lsp\compiled\fintrack_analytics\snapshots\snapshot_comptes.sql\snapshot_comptes.sql
07:59:56.495318 [debug]: Compiled SQL for node model.fintrack_analytics.stg_comptes at target\.lsp\compiled\fintrack_analytics\models\staging\stg_comptes.sql
07:59:56.495517 [debug]: Compiled SQL for node model.fintrack_analytics.mart_budget_vs_reel at target\.lsp\compiled\fintrack_analytics\models\marts\mart_budget_vs_reel.sql
07:59:56.495527 [debug]: Compiled SQL for node model.fintrack_analytics.mart_solde_mensuel at target\.lsp\compiled\fintrack_analytics\models\marts\mart_solde_mensuel.sql
07:59:56.495967 [debug]: Compiled SQL for node model.fintrack_analytics.dim_comptes at target\.lsp\compiled\fintrack_analytics\models\marts\dim_comptes.sql
07:59:56.496002 [debug]: Compiled SQL for node model.fintrack_analytics.dim_categories at target\.lsp\compiled\fintrack_analytics\models\marts\dim_categories.sql
07:59:56.496078 [debug]: Compiled SQL for node model.fintrack_analytics.stg_categories at target\.lsp\compiled\fintrack_analytics\models\staging\stg_categories.sql
07:59:56.496219 [debug]: Compiled SQL for node model.fintrack_analytics.stg_budgets at target\.lsp\compiled\fintrack_analytics\models\staging\stg_budgets.sql
07:59:56.496351 [debug]: Compiled SQL for node model.fintrack_analytics.int_transactions_enrichies at target\.lsp\compiled\fintrack_analytics\models\intermediate\int_transactions_enrichies.sql
07:59:56.496445 [debug]: Compiled SQL for node model.fintrack_analytics.stg_transactions at target\.lsp\compiled\fintrack_analytics\models\staging\stg_transactions.sql
07:59:56.496726 [debug]: Finished rendering [  0.00s] model staging_marts.mart_top_depenses [success]
07:59:56.498242 [info ]: Started analyzing (12 nodes)
07:59:56.498309 [debug]: Started analyzing model staging_marts.mart_top_depenses
07:59:56.498409 [debug]: Finished rendering [  0.01s] model staging.stg_comptes [success]
07:59:56.498456 [debug]: Started analyzing model staging.stg_comptes
07:59:56.498498 [debug]: Finished rendering [  0.01s] model staging_marts.mart_budget_vs_reel [success]
07:59:56.498524 [debug]: Started analyzing model staging_marts.mart_budget_vs_reel
07:59:56.498555 [debug]: Finished rendering [  0.01s] model staging_marts.mart_solde_mensuel [success]
07:59:56.498598 [debug]: Started analyzing model staging_marts.mart_solde_mensuel
07:59:56.498658 [debug]: Finished rendering [  0.01s] snapshot snapshots.snapshot_comptes [success]
07:59:56.498704 [debug]: Started analyzing snapshot snapshots.snapshot_comptes
07:59:56.498818 [debug]: Finished rendering [  0.01s] model staging_marts.dim_comptes [success]
07:59:56.498858 [debug]: Started analyzing model staging_marts.dim_comptes
07:59:56.498908 [debug]: Finished rendering [  0.01s] model staging.stg_categories [success]
07:59:56.498934 [debug]: Started analyzing model staging.stg_categories
07:59:56.499007 [debug]: Finished rendering [  0.01s] model staging_marts.dim_categories [success]
07:59:56.499033 [debug]: Started analyzing model staging_marts.dim_categories
07:59:56.499062 [debug]: Finished rendering [  0.01s] model staging.int_transactions_enrichies [success]
07:59:56.499101 [info ]: Started model staging_marts.fct_transactions
07:59:56.499126 [debug]: Started rendering model staging_marts.fct_transactions
07:59:56.499966 [debug]: Started analyzing model staging.int_transactions_enrichies
07:59:56.499997 [debug]: Finished rendering [  0.01s] model staging.stg_budgets [success]
07:59:56.500020 [debug]: Started analyzing model staging.stg_budgets
07:59:56.500034 [debug]: Finished rendering [  0.01s] model staging.stg_transactions [success]
07:59:56.500045 [debug]: Started analyzing model staging.stg_transactions
07:59:56.506122 [debug]: Finished analyzing [  0.01s] model staging_marts.dim_categories [success]
07:59:56.506166 [info ]:  Succeeded [  0.01s] model staging_marts.dim_categories (table)
07:59:56.506226 [debug]: Finished analyzing [  0.01s] snapshot snapshots.snapshot_comptes [success]
07:59:56.506252 [info ]:  Succeeded [  0.01s] snapshot snapshots.snapshot_comptes (snapshot)
07:59:56.506287 [debug]: Finished analyzing [  0.01s] model staging_marts.dim_comptes [success]
07:59:56.506303 [info ]:  Succeeded [  0.01s] model staging_marts.dim_comptes (table)
07:59:56.506617 [debug]: Finished analyzing [  0.01s] model staging.stg_budgets [success]
07:59:56.506668 [info ]:  Succeeded [  0.01s] model staging.stg_budgets (view)
07:59:56.506716 [debug]: Finished analyzing [  0.01s] model staging.stg_categories [success]
07:59:56.506751 [info ]:  Succeeded [  0.01s] model staging.stg_categories (view)
07:59:56.506786 [debug]: Finished analyzing [  0.01s] model staging_marts.mart_top_depenses [success]
07:59:56.506808 [info ]:  Succeeded [  0.01s] model staging_marts.mart_top_depenses (table)
07:59:56.506842 [debug]: Finished analyzing [  0.01s] model staging.stg_comptes [success]
07:59:56.506865 [info ]:  Succeeded [  0.01s] model staging.stg_comptes (view)
07:59:56.507597 [debug]: Finished analyzing [  0.01s] model staging.stg_transactions [success]
07:59:56.507635 [info ]:  Succeeded [  0.01s] model staging.stg_transactions (view)
07:59:56.507901 [debug]: Compiled SQL for node model.fintrack_analytics.fct_transactions at target\.lsp\compiled\fintrack_analytics\models\marts\fct_transactions.sql
07:59:56.508038 [debug]: Finished rendering [  0.01s] model staging_marts.fct_transactions [success]
07:59:56.508120 [info ]: Finished rendering [  0.02s] (12 nodes, 0 skipped, 0 errors)
07:59:56.508214 [debug]: Started analyzing model staging_marts.fct_transactions
07:59:56.509845 [debug]: Finished analyzing [  0.01s] model staging_marts.mart_solde_mensuel [success]
07:59:56.509896 [info ]:  Succeeded [  0.02s] model staging_marts.mart_solde_mensuel (table)
07:59:56.510084 [debug]: Finished analyzing [  0.01s] model staging.int_transactions_enrichies [success]
07:59:56.510119 [info ]:  Succeeded [  0.02s] model staging.int_transactions_enrichies (ephemeral)
07:59:56.511131 [debug]: Finished analyzing [  0.00s] model staging_marts.fct_transactions [success]
07:59:56.511172 [info ]:  Succeeded [  0.01s] model staging_marts.fct_transactions (table)
07:59:56.515233 [debug]: Finished analyzing [  0.02s] model staging_marts.mart_budget_vs_reel [success]
07:59:56.515277 [info ]: Finished analyzing [  0.02s] (12 nodes, 0 skipped, 0 errors)
07:59:56.515296 [info ]:  Succeeded [  0.02s] model staging_marts.mart_budget_vs_reel (table)
07:59:56.526833 [info ]: Started scheduling
07:59:56.527400 [info ]: Finished scheduling [  0.00s]
07:59:56.528249 [info ]: 
==================== Execution Summary =====================
Finished 'compile' successfully for target 'dev' [421ms]
Processed: 11 models | 1 snapshot
Summary: 12 total | 12 success
07:59:56.529204 [info ]: Cached model count updated: 11 models (accurate)
==================== 2026-09-04T08:15:42.892851Z | 533f1fcc-414c-4d29-b2ac-34f7c313ef29 ====================
08:15:42.893005 [info ]: Started loading project
08:15:42.894309 [info ]: Loading ~/.dbt/profiles.yml
08:15:42.982863 [info ]: Cached model count updated: 11 models (accurate)
08:15:42.982879 [info ]: Finished loading project [  0.09s]
08:15:42.982916 [info ]: 
==================== Execution Summary =====================
Finished 'compile' successfully for target 'dev' [90ms]
==================== 2026-09-04T08:15:44.751163Z | 7ae8d073-347e-4ec8-810c-ea4b30774b27 ====================
08:15:44.752671 [info ]: Started loading project
08:15:44.756848 [info ]: Loading ~/.dbt/profiles.yml
08:15:44.966070 [info ]: Cached model count updated: 11 models (estimate)
08:15:44.966104 [info ]: Cached model count updated: 11 models (accurate)
08:15:44.966167 [info ]: Started scheduling
08:15:44.966928 [info ]: Finished scheduling [  0.00s]
08:15:44.966971 [debug]: Compilation - 12 nodes selected: {"model.fintrack_analytics.dim_categories", "model.fintrack_analytics.dim_comptes", "model.fintrack_analytics.fct_transactions", "model.fintrack_analytics.int_transactions_enrichies", "model.fintrack_analytics.mart_budget_vs_reel", "model.fintrack_analytics.mart_solde_mensuel", "model.fintrack_analytics.mart_top_depenses", "model.fintrack_analytics.stg_budgets", "model.fintrack_analytics.stg_categories", "model.fintrack_analytics.stg_comptes", "model.fintrack_analytics.stg_transactions", "snapshot.fintrack_analytics.snapshot_comptes"}
08:15:45.055183 [info ]: Started building task graph
08:15:45.055323 [info ]: Finished building task graph [  0.00s]
08:15:45.065658 [info ]: Started rendering (12 nodes)
08:15:45.065701 [info ]: Started snapshot snapshots.snapshot_comptes
08:15:45.065729 [debug]: Started rendering snapshot snapshots.snapshot_comptes
08:15:45.065772 [info ]: Started model staging_marts.mart_top_depenses
08:15:45.065791 [debug]: Started rendering model staging_marts.mart_top_depenses
08:15:45.065797 [info ]: Finished loading project [  0.31s]
08:15:45.065812 [info ]: Started model staging_marts.mart_solde_mensuel
08:15:45.065826 [debug]: Started rendering model staging_marts.mart_solde_mensuel
08:15:45.066237 [info ]: Started model staging_marts.mart_budget_vs_reel
08:15:45.066426 [debug]: Started rendering model staging_marts.mart_budget_vs_reel
08:15:45.066507 [info ]: Started model staging.stg_budgets
08:15:45.066529 [debug]: Started rendering model staging.stg_budgets
08:15:45.066658 [info ]: Started model staging.int_transactions_enrichies
08:15:45.066712 [debug]: Started rendering model staging.int_transactions_enrichies
08:15:45.066769 [info ]: Started model staging.stg_transactions
08:15:45.066821 [debug]: Started rendering model staging.stg_transactions
08:15:45.066874 [info ]: Started model staging_marts.dim_comptes
08:15:45.066898 [debug]: Started rendering model staging_marts.dim_comptes
08:15:45.066950 [info ]: Started model staging.stg_comptes
08:15:45.067141 [debug]: Started rendering model staging.stg_comptes
08:15:45.067180 [info ]: Started model staging_marts.dim_categories
08:15:45.067201 [debug]: Started rendering model staging_marts.dim_categories
08:15:45.067239 [info ]: Started model staging.stg_categories
08:15:45.067264 [debug]: Started rendering model staging.stg_categories
08:15:45.068257 [debug]: Compiled SQL for node model.fintrack_analytics.mart_top_depenses at target\.lsp\compiled\fintrack_analytics\models\marts\mart_top_depenses.sql
08:15:45.068374 [debug]: Finished rendering [  0.00s] model staging_marts.mart_top_depenses [success]
08:15:45.068421 [info ]: Started analyzing (12 nodes)
08:15:45.068435 [debug]: Started analyzing model staging_marts.mart_top_depenses
08:15:45.068473 [debug]: Compiled SQL for node model.fintrack_analytics.mart_solde_mensuel at target\.lsp\compiled\fintrack_analytics\models\marts\mart_solde_mensuel.sql
08:15:45.068715 [debug]: Compiled SQL for node model.fintrack_analytics.stg_transactions at target\.lsp\compiled\fintrack_analytics\models\staging\stg_transactions.sql
08:15:45.068898 [debug]: Compiled SQL for node model.fintrack_analytics.stg_comptes at target\.lsp\compiled\fintrack_analytics\models\staging\stg_comptes.sql
08:15:45.069162 [debug]: Finished rendering [  0.00s] model staging_marts.mart_solde_mensuel [success]
08:15:45.069182 [debug]: Compiled SQL for node model.fintrack_analytics.dim_comptes at target\.lsp\compiled\fintrack_analytics\models\marts\dim_comptes.sql
08:15:45.069197 [debug]: Started analyzing model staging_marts.mart_solde_mensuel
08:15:45.069296 [debug]: Finished rendering [  0.00s] model staging.stg_transactions [success]
08:15:45.069330 [debug]: Started analyzing model staging.stg_transactions
08:15:45.069459 [debug]: Finished rendering [  0.00s] model staging.stg_comptes [success]
08:15:45.069481 [debug]: Started analyzing model staging.stg_comptes
08:15:45.069500 [debug]: Compiled SQL for node model.fintrack_analytics.mart_budget_vs_reel at target\.lsp\compiled\fintrack_analytics\models\marts\mart_budget_vs_reel.sql
08:15:45.069596 [debug]: Compiled SQL for node model.fintrack_analytics.stg_budgets at target\.lsp\compiled\fintrack_analytics\models\staging\stg_budgets.sql
08:15:45.069869 [debug]: Compiled SQL for node model.fintrack_analytics.int_transactions_enrichies at target\.lsp\compiled\fintrack_analytics\models\intermediate\int_transactions_enrichies.sql
08:15:45.069919 [debug]: Compiled SQL for node model.fintrack_analytics.dim_categories at target\.lsp\compiled\fintrack_analytics\models\marts\dim_categories.sql
08:15:45.070004 [debug]: Compiled SQL for node model.fintrack_analytics.stg_categories at target\.lsp\compiled\fintrack_analytics\models\staging\stg_categories.sql
08:15:45.070187 [debug]: Finished rendering [  0.00s] model staging_marts.dim_comptes [success]
08:15:45.070198 [debug]: Compiled SQL for node snapshot.fintrack_analytics.snapshot_comptes at target\.lsp\compiled\fintrack_analytics\snapshots\snapshot_comptes.sql\snapshot_comptes.sql
08:15:45.070219 [debug]: Started analyzing model staging_marts.dim_comptes
08:15:45.070260 [debug]: Finished analyzing [  0.00s] model staging.stg_transactions [success]
08:15:45.070276 [info ]:  Succeeded [  0.00s] model staging.stg_transactions (view)
08:15:45.070305 [debug]: Finished rendering [  0.00s] model staging_marts.mart_budget_vs_reel [success]
08:15:45.070324 [debug]: Started analyzing model staging_marts.mart_budget_vs_reel
08:15:45.070387 [debug]: Finished rendering [  0.00s] model staging.stg_budgets [success]
08:15:45.070420 [debug]: Started analyzing model staging.stg_budgets
08:15:45.070450 [debug]: Finished rendering [  0.00s] model staging.int_transactions_enrichies [success]
08:15:45.070467 [debug]: Started analyzing model staging.int_transactions_enrichies
08:15:45.070495 [info ]: Started model staging_marts.fct_transactions
08:15:45.070513 [debug]: Started rendering model staging_marts.fct_transactions
08:15:45.070533 [debug]: Finished rendering [  0.00s] model staging_marts.dim_categories [success]
08:15:45.070550 [debug]: Started analyzing model staging_marts.dim_categories
08:15:45.070569 [debug]: Finished rendering [  0.00s] model staging.stg_categories [success]
08:15:45.070583 [debug]: Started analyzing model staging.stg_categories
08:15:45.070603 [debug]: Finished analyzing [  0.00s] model staging.stg_comptes [success]
08:15:45.070614 [info ]:  Succeeded [  0.00s] model staging.stg_comptes (view)
08:15:45.070637 [debug]: Finished rendering [  0.00s] snapshot snapshots.snapshot_comptes [success]
08:15:45.070669 [debug]: Started analyzing snapshot snapshots.snapshot_comptes
08:15:45.070695 [debug]: Finished analyzing [  0.00s] model staging_marts.dim_comptes [success]
08:15:45.070707 [info ]:  Succeeded [  0.00s] model staging_marts.dim_comptes (table)
08:15:45.070791 [debug]: Finished analyzing [  0.00s] model staging.stg_budgets [success]
08:15:45.070819 [info ]:  Succeeded [  0.00s] model staging.stg_budgets (view)
08:15:45.070966 [debug]: Finished analyzing [  0.00s] snapshot snapshots.snapshot_comptes [success]
08:15:45.070983 [info ]:  Succeeded [  0.00s] snapshot snapshots.snapshot_comptes (snapshot)
08:15:45.071017 [debug]: Finished analyzing [  0.00s] model staging_marts.dim_categories [success]
08:15:45.071031 [info ]:  Succeeded [  0.00s] model staging_marts.dim_categories (table)
08:15:45.071051 [debug]: Finished analyzing [  0.00s] model staging.stg_categories [success]
08:15:45.071062 [info ]:  Succeeded [  0.00s] model staging.stg_categories (view)
08:15:45.071865 [debug]: Finished analyzing [  0.00s] model staging_marts.mart_top_depenses [success]
08:15:45.071901 [info ]:  Succeeded [  0.01s] model staging_marts.mart_top_depenses (table)
08:15:45.072075 [debug]: Compiled SQL for node model.fintrack_analytics.fct_transactions at target\.lsp\compiled\fintrack_analytics\models\marts\fct_transactions.sql
08:15:45.072593 [debug]: Finished rendering [  0.00s] model staging_marts.fct_transactions [success]
08:15:45.072621 [info ]: Finished rendering [  0.01s] (12 nodes, 0 skipped, 0 errors)
08:15:45.072662 [debug]: Started analyzing model staging_marts.fct_transactions
08:15:45.072702 [debug]: Finished analyzing [  0.00s] model staging_marts.mart_solde_mensuel [success]
08:15:45.072720 [info ]:  Succeeded [  0.01s] model staging_marts.mart_solde_mensuel (table)
08:15:45.074382 [debug]: Finished analyzing [  0.00s] model staging.int_transactions_enrichies [success]
08:15:45.074421 [info ]:  Succeeded [  0.01s] model staging.int_transactions_enrichies (ephemeral)
08:15:45.076166 [debug]: Finished analyzing [  0.00s] model staging_marts.fct_transactions [success]
08:15:45.076228 [info ]:  Succeeded [  0.01s] model staging_marts.fct_transactions (table)
08:15:45.077235 [debug]: Finished analyzing [  0.01s] model staging_marts.mart_budget_vs_reel [success]
08:15:45.077276 [info ]: Finished analyzing [  0.01s] (12 nodes, 0 skipped, 0 errors)
08:15:45.077302 [info ]:  Succeeded [  0.01s] model staging_marts.mart_budget_vs_reel (table)
08:15:45.085192 [info ]: Started scheduling
08:15:45.085278 [info ]: Finished scheduling [  0.00s]
08:15:45.085425 [info ]: 
==================== Execution Summary =====================
Finished 'compile' successfully for target 'dev' [334ms]
Processed: 11 models | 1 snapshot
Summary: 12 total | 12 success
08:15:45.086627 [info ]: Cached model count updated: 11 models (accurate)
==================== 2026-09-04T08:16:08.313922Z | b667ae25-5093-46ab-8320-1280152152e6 ====================
08:16:08.314068 [info ]: Started loading project
08:16:08.315818 [info ]: Loading ~/.dbt/profiles.yml
08:16:08.400203 [info ]: Finished loading project [  0.09s]
08:16:08.400244 [info ]: 
==================== Execution Summary =====================
Finished 'compile' successfully for target 'dev' [86ms]
08:16:08.400453 [info ]: Cached model count updated: 11 models (accurate)
==================== 2026-09-04T08:16:10.212453Z | 6a34f43e-5ee1-487e-ae1e-0b7be4b12047 ====================
08:16:10.212650 [info ]: Started loading project
08:16:10.214083 [info ]: Loading ~/.dbt/profiles.yml
08:16:10.307360 [info ]: Cached model count updated: 11 models (accurate)
08:16:10.307382 [info ]: Finished loading project [  0.09s]
08:16:10.307409 [info ]: 
==================== Execution Summary =====================
Finished 'compile' successfully for target 'dev' [94ms]
==================== 2026-09-04T08:16:12.010982Z | 842ebff4-72db-443e-9fea-bfa787ffd1c5 ====================
08:16:12.011180 [info ]: Started loading project
08:16:12.015127 [info ]: Loading ~/.dbt/profiles.yml
08:16:12.165996 [info ]: Cached model count updated: 11 models (estimate)
08:16:12.166044 [info ]: Cached model count updated: 11 models (accurate)
08:16:12.166143 [info ]: Started scheduling
08:16:12.166530 [info ]: Finished scheduling [  0.00s]
08:16:12.166581 [debug]: Compilation - 12 nodes selected: {"model.fintrack_analytics.dim_categories", "model.fintrack_analytics.dim_comptes", "model.fintrack_analytics.fct_transactions", "model.fintrack_analytics.int_transactions_enrichies", "model.fintrack_analytics.mart_budget_vs_reel", "model.fintrack_analytics.mart_solde_mensuel", "model.fintrack_analytics.mart_top_depenses", "model.fintrack_analytics.stg_budgets", "model.fintrack_analytics.stg_categories", "model.fintrack_analytics.stg_comptes", "model.fintrack_analytics.stg_transactions", "snapshot.fintrack_analytics.snapshot_comptes"}
08:16:12.243755 [info ]: Started building task graph
08:16:12.243879 [info ]: Finished building task graph [  0.00s]
08:16:12.254511 [info ]: Started rendering (12 nodes)
08:16:12.254541 [info ]: Started snapshot snapshots.snapshot_comptes
08:16:12.254553 [debug]: Started rendering snapshot snapshots.snapshot_comptes
08:16:12.254580 [info ]: Started model staging_marts.mart_top_depenses
08:16:12.254594 [debug]: Started rendering model staging_marts.mart_top_depenses
08:16:12.254600 [info ]: Finished loading project [  0.24s]
08:16:12.254622 [info ]: Started model staging_marts.mart_solde_mensuel
08:16:12.254637 [debug]: Started rendering model staging_marts.mart_solde_mensuel
08:16:12.254663 [info ]: Started model staging_marts.mart_budget_vs_reel
08:16:12.254681 [debug]: Started rendering model staging_marts.mart_budget_vs_reel
08:16:12.254711 [info ]: Started model staging.stg_budgets
08:16:12.254730 [debug]: Started rendering model staging.stg_budgets
08:16:12.254757 [info ]: Started model staging.int_transactions_enrichies
08:16:12.254777 [debug]: Started rendering model staging.int_transactions_enrichies
08:16:12.254816 [info ]: Started model staging.stg_transactions
08:16:12.254837 [debug]: Started rendering model staging.stg_transactions
08:16:12.254866 [info ]: Started model staging_marts.dim_comptes
08:16:12.254885 [debug]: Started rendering model staging_marts.dim_comptes
08:16:12.254928 [info ]: Started model staging.stg_comptes
08:16:12.254948 [debug]: Started rendering model staging.stg_comptes
08:16:12.254984 [info ]: Started model staging_marts.dim_categories
08:16:12.255004 [debug]: Started rendering model staging_marts.dim_categories
08:16:12.255036 [info ]: Started model staging.stg_categories
08:16:12.255055 [debug]: Started rendering model staging.stg_categories
08:16:12.255237 [debug]: Compiled SQL for node snapshot.fintrack_analytics.snapshot_comptes at target\.lsp\compiled\fintrack_analytics\snapshots\snapshot_comptes.sql\snapshot_comptes.sql
08:16:12.255326 [debug]: Finished rendering [  0.00s] snapshot snapshots.snapshot_comptes [success]
08:16:12.255382 [info ]: Started analyzing (12 nodes)
08:16:12.255403 [debug]: Started analyzing snapshot snapshots.snapshot_comptes
08:16:12.255712 [debug]: Finished analyzing [  0.00s] snapshot snapshots.snapshot_comptes [success]
08:16:12.255740 [info ]:  Succeeded [-------] snapshot snapshots.snapshot_comptes (snapshot)
08:16:12.255808 [debug]: Compiled SQL for node model.fintrack_analytics.mart_budget_vs_reel at target\.lsp\compiled\fintrack_analytics\models\marts\mart_budget_vs_reel.sql
08:16:12.255928 [debug]: Finished rendering [  0.00s] model staging_marts.mart_budget_vs_reel [success]
08:16:12.255951 [debug]: Compiled SQL for node model.fintrack_analytics.stg_budgets at target\.lsp\compiled\fintrack_analytics\models\staging\stg_budgets.sql
08:16:12.255966 [debug]: Started analyzing model staging_marts.mart_budget_vs_reel
08:16:12.256055 [debug]: Compiled SQL for node model.fintrack_analytics.int_transactions_enrichies at target\.lsp\compiled\fintrack_analytics\models\intermediate\int_transactions_enrichies.sql
08:16:12.256113 [debug]: Compiled SQL for node model.fintrack_analytics.stg_transactions at target\.lsp\compiled\fintrack_analytics\models\staging\stg_transactions.sql
08:16:12.256263 [debug]: Compiled SQL for node model.fintrack_analytics.stg_comptes at target\.lsp\compiled\fintrack_analytics\models\staging\stg_comptes.sql
08:16:12.256468 [debug]: Compiled SQL for node model.fintrack_analytics.dim_comptes at target\.lsp\compiled\fintrack_analytics\models\marts\dim_comptes.sql
08:16:12.256506 [debug]: Compiled SQL for node model.fintrack_analytics.stg_categories at target\.lsp\compiled\fintrack_analytics\models\staging\stg_categories.sql
08:16:12.256477 [debug]: Finished rendering [  0.00s] model staging.int_transactions_enrichies [success]
08:16:12.256603 [debug]: Started analyzing model staging.int_transactions_enrichies
08:16:12.256658 [info ]: Started model staging_marts.fct_transactions
08:16:12.256675 [debug]: Started rendering model staging_marts.fct_transactions
08:16:12.256716 [debug]: Finished rendering [  0.00s] model staging.stg_budgets [success]
08:16:12.256738 [debug]: Started analyzing model staging.stg_budgets
08:16:12.256761 [debug]: Finished rendering [  0.00s] model staging.stg_comptes [success]
08:16:12.256779 [debug]: Started analyzing model staging.stg_comptes
08:16:12.256800 [debug]: Finished rendering [  0.00s] model staging_marts.dim_comptes [success]
08:16:12.256820 [debug]: Started analyzing model staging_marts.dim_comptes
08:16:12.256844 [debug]: Finished rendering [  0.00s] model staging.stg_transactions [success]
08:16:12.256864 [debug]: Started analyzing model staging.stg_transactions
08:16:12.256887 [debug]: Finished rendering [  0.00s] model staging.stg_categories [success]
08:16:12.256903 [debug]: Started analyzing model staging.stg_categories
08:16:12.257056 [debug]: Finished analyzing [  0.00s] model staging.stg_budgets [success]
08:16:12.257069 [debug]: Compiled SQL for node model.fintrack_analytics.dim_categories at target\.lsp\compiled\fintrack_analytics\models\marts\dim_categories.sql
08:16:12.257077 [info ]:  Succeeded [  0.00s] model staging.stg_budgets (view)
08:16:12.257144 [debug]: Finished rendering [  0.00s] model staging_marts.dim_categories [success]
08:16:12.257146 [debug]: Compiled SQL for node model.fintrack_analytics.fct_transactions at target\.lsp\compiled\fintrack_analytics\models\marts\fct_transactions.sql
08:16:12.257168 [debug]: Started analyzing model staging_marts.dim_categories
08:16:12.257719 [debug]: Finished analyzing [  0.00s] model staging.stg_comptes [success]
08:16:12.257751 [info ]:  Succeeded [  0.00s] model staging.stg_comptes (view)
08:16:12.257791 [debug]: Finished rendering [  0.00s] model staging_marts.fct_transactions [success]
08:16:12.257812 [debug]: Started analyzing model staging_marts.fct_transactions
08:16:12.257840 [debug]: Finished analyzing [  0.00s] model staging_marts.dim_comptes [success]
08:16:12.257854 [info ]:  Succeeded [  0.00s] model staging_marts.dim_comptes (table)
08:16:12.257876 [debug]: Finished analyzing [  0.00s] model staging.stg_categories [success]
08:16:12.257887 [info ]:  Succeeded [  0.00s] model staging.stg_categories (view)
08:16:12.257910 [debug]: Finished analyzing [  0.00s] model staging_marts.dim_categories [success]
08:16:12.257923 [info ]:  Succeeded [  0.00s] model staging_marts.dim_categories (table)
08:16:12.258154 [debug]: Finished analyzing [  0.00s] model staging.stg_transactions [success]
08:16:12.258184 [info ]:  Succeeded [  0.00s] model staging.stg_transactions (view)
08:16:12.258646 [debug]: Compiled SQL for node model.fintrack_analytics.mart_top_depenses at target\.lsp\compiled\fintrack_analytics\models\marts\mart_top_depenses.sql
08:16:12.258858 [debug]: Finished rendering [  0.00s] model staging_marts.mart_top_depenses [success]
08:16:12.258929 [debug]: Started analyzing model staging_marts.mart_top_depenses
08:16:12.259344 [debug]: Finished analyzing [  0.00s] model staging_marts.mart_top_depenses [success]
08:16:12.259374 [info ]:  Succeeded [  0.00s] model staging_marts.mart_top_depenses (table)
08:16:12.259423 [debug]: Compiled SQL for node model.fintrack_analytics.mart_solde_mensuel at target\.lsp\compiled\fintrack_analytics\models\marts\mart_solde_mensuel.sql
08:16:12.259513 [debug]: Finished rendering [  0.00s] model staging_marts.mart_solde_mensuel [success]
08:16:12.259537 [info ]: Finished rendering [  0.01s] (12 nodes, 0 skipped, 0 errors)
08:16:12.259558 [debug]: Started analyzing model staging_marts.mart_solde_mensuel
08:16:12.259773 [debug]: Finished analyzing [  0.00s] model staging.int_transactions_enrichies [success]
08:16:12.259804 [info ]:  Succeeded [  0.00s] model staging.int_transactions_enrichies (ephemeral)
08:16:12.260819 [debug]: Finished analyzing [  0.00s] model staging_marts.fct_transactions [success]
08:16:12.260854 [info ]:  Succeeded [  0.00s] model staging_marts.fct_transactions (table)
08:16:12.261824 [debug]: Finished analyzing [  0.00s] model staging_marts.mart_solde_mensuel [success]
08:16:12.261863 [info ]:  Succeeded [  0.01s] model staging_marts.mart_solde_mensuel (table)
08:16:12.261904 [debug]: Finished analyzing [  0.01s] model staging_marts.mart_budget_vs_reel [success]
08:16:12.261927 [info ]: Finished analyzing [  0.01s] (12 nodes, 0 skipped, 0 errors)
08:16:12.261941 [info ]:  Succeeded [  0.01s] model staging_marts.mart_budget_vs_reel (table)
08:16:12.268071 [info ]: Started scheduling
08:16:12.268188 [info ]: Finished scheduling [  0.00s]
08:16:12.268314 [info ]: 
==================== Execution Summary =====================
Finished 'compile' successfully for target 'dev' [257ms]
Processed: 11 models | 1 snapshot
Summary: 12 total | 12 success
08:16:12.268643 [info ]: Cached model count updated: 11 models (accurate)
==================== 2026-09-04T08:16:12.329227Z | 9e1b009e-2c90-4309-b191-05932258265f ====================
08:16:12.329312 [info ]: Started loading project
08:16:12.330417 [info ]: Loading ~/.dbt/profiles.yml
08:16:12.396491 [info ]: Cached model count updated: 11 models (accurate)
08:16:12.396544 [info ]: Finished loading project [  0.07s]
08:16:12.396577 [info ]: 
==================== Execution Summary =====================
Finished 'compile' successfully for target 'dev' [67ms]
==================== 2026-09-04T08:16:14.120974Z | afeb85c1-99c4-418f-86a8-475c1e19510f ====================
08:16:14.121367 [info ]: Started loading project
08:16:14.123722 [info ]: Loading ~/.dbt/profiles.yml
08:16:14.225254 [info ]: Cached model count updated: 11 models (estimate)
08:16:14.225319 [info ]: Cached model count updated: 11 models (accurate)
08:16:14.225413 [info ]: Started scheduling
08:16:14.225824 [info ]: Finished scheduling [  0.00s]
08:16:14.225879 [debug]: Compilation - 12 nodes selected: {"model.fintrack_analytics.dim_categories", "model.fintrack_analytics.dim_comptes", "model.fintrack_analytics.fct_transactions", "model.fintrack_analytics.int_transactions_enrichies", "model.fintrack_analytics.mart_budget_vs_reel", "model.fintrack_analytics.mart_solde_mensuel", "model.fintrack_analytics.mart_top_depenses", "model.fintrack_analytics.stg_budgets", "model.fintrack_analytics.stg_categories", "model.fintrack_analytics.stg_comptes", "model.fintrack_analytics.stg_transactions", "snapshot.fintrack_analytics.snapshot_comptes"}
08:16:14.321638 [info ]: Started building task graph
08:16:14.321759 [info ]: Finished building task graph [  0.00s]
08:16:14.331983 [info ]: Started rendering (12 nodes)
08:16:14.332027 [info ]: Started snapshot snapshots.snapshot_comptes
08:16:14.332045 [debug]: Started rendering snapshot snapshots.snapshot_comptes
08:16:14.332090 [info ]: Started model staging_marts.mart_top_depenses
08:16:14.332109 [debug]: Started rendering model staging_marts.mart_top_depenses
08:16:14.332125 [info ]: Finished loading project [  0.21s]
08:16:14.332131 [info ]: Started model staging_marts.mart_solde_mensuel
08:16:14.332228 [debug]: Started rendering model staging_marts.mart_solde_mensuel
08:16:14.332260 [info ]: Started model staging_marts.mart_budget_vs_reel
08:16:14.332276 [debug]: Started rendering model staging_marts.mart_budget_vs_reel
08:16:14.332300 [info ]: Started model staging.stg_budgets
08:16:14.332316 [debug]: Started rendering model staging.stg_budgets
08:16:14.332339 [info ]: Started model staging.int_transactions_enrichies
08:16:14.332827 [debug]: Compiled SQL for node model.fintrack_analytics.mart_top_depenses at target\.lsp\compiled\fintrack_analytics\models\marts\mart_top_depenses.sql
08:16:14.332922 [debug]: Compiled SQL for node snapshot.fintrack_analytics.snapshot_comptes at target\.lsp\compiled\fintrack_analytics\snapshots\snapshot_comptes.sql\snapshot_comptes.sql
08:16:14.332413 [debug]: Started rendering model staging.int_transactions_enrichies
08:16:14.333001 [info ]: Started model staging.stg_transactions
08:16:14.333017 [debug]: Started rendering model staging.stg_transactions
08:16:14.333043 [info ]: Started model staging_marts.dim_comptes
08:16:14.333397 [debug]: Compiled SQL for node model.fintrack_analytics.mart_solde_mensuel at target\.lsp\compiled\fintrack_analytics\models\marts\mart_solde_mensuel.sql
08:16:14.333061 [debug]: Started rendering model staging_marts.dim_comptes
08:16:14.333638 [info ]: Started model staging.stg_comptes
08:16:14.333674 [debug]: Started rendering model staging.stg_comptes
08:16:14.333704 [info ]: Started model staging_marts.dim_categories
08:16:14.333720 [debug]: Started rendering model staging_marts.dim_categories
08:16:14.333742 [debug]: Compiled SQL for node model.fintrack_analytics.mart_budget_vs_reel at target\.lsp\compiled\fintrack_analytics\models\marts\mart_budget_vs_reel.sql
08:16:14.333745 [info ]: Started model staging.stg_categories
08:16:14.333756 [debug]: Compiled SQL for node model.fintrack_analytics.int_transactions_enrichies at target\.lsp\compiled\fintrack_analytics\models\intermediate\int_transactions_enrichies.sql
08:16:14.333756 [debug]: Compiled SQL for node model.fintrack_analytics.stg_transactions at target\.lsp\compiled\fintrack_analytics\models\staging\stg_transactions.sql
08:16:14.333761 [debug]: Started rendering model staging.stg_categories
08:16:14.333842 [debug]: Finished rendering [  0.00s] model staging_marts.mart_top_depenses [success]
08:16:14.333876 [info ]: Started analyzing (12 nodes)
08:16:14.333908 [debug]: Started analyzing model staging_marts.mart_top_depenses
08:16:14.333935 [debug]: Compiled SQL for node model.fintrack_analytics.stg_budgets at target\.lsp\compiled\fintrack_analytics\models\staging\stg_budgets.sql
08:16:14.333957 [debug]: Finished rendering [  0.00s] snapshot snapshots.snapshot_comptes [success]
08:16:14.333995 [debug]: Started analyzing snapshot snapshots.snapshot_comptes
08:16:14.334022 [debug]: Finished rendering [  0.00s] model staging_marts.mart_budget_vs_reel [success]
08:16:14.334045 [debug]: Started analyzing model staging_marts.mart_budget_vs_reel
08:16:14.334071 [debug]: Finished rendering [  0.00s] model staging_marts.mart_solde_mensuel [success]
08:16:14.334091 [debug]: Started analyzing model staging_marts.mart_solde_mensuel
08:16:14.334116 [debug]: Finished rendering [  0.00s] model staging.int_transactions_enrichies [success]
08:16:14.334142 [info ]: Started model staging_marts.fct_transactions
08:16:14.334159 [debug]: Started rendering model staging_marts.fct_transactions
08:16:14.334258 [debug]: Started analyzing model staging.int_transactions_enrichies
08:16:14.334293 [debug]: Finished rendering [  0.00s] model staging.stg_transactions [success]
08:16:14.334316 [debug]: Started analyzing model staging.stg_transactions
08:16:14.334337 [debug]: Finished rendering [  0.00s] model staging.stg_budgets [success]
08:16:14.334353 [debug]: Started analyzing model staging.stg_budgets
08:16:14.334405 [debug]: Finished analyzing [  0.00s] model staging_marts.mart_top_depenses [success]
08:16:14.334420 [debug]: Compiled SQL for node model.fintrack_analytics.stg_comptes at target\.lsp\compiled\fintrack_analytics\models\staging\stg_comptes.sql
08:16:14.334436 [info ]:  Succeeded [  0.00s] model staging_marts.mart_top_depenses (table)
08:16:14.334502 [debug]: Finished analyzing [  0.00s] snapshot snapshots.snapshot_comptes [success]
08:16:14.334521 [info ]:  Succeeded [  0.00s] snapshot snapshots.snapshot_comptes (snapshot)
08:16:14.334555 [debug]: Finished rendering [  0.00s] model staging.stg_comptes [success]
08:16:14.334578 [debug]: Started analyzing model staging.stg_comptes
08:16:14.334987 [debug]: Finished analyzing [  0.00s] model staging.stg_budgets [success]
08:16:14.335021 [info ]:  Succeeded [  0.00s] model staging.stg_budgets (view)
08:16:14.335054 [debug]: Compiled SQL for node model.fintrack_analytics.dim_categories at target\.lsp\compiled\fintrack_analytics\models\marts\dim_categories.sql
08:16:14.335054 [debug]: Compiled SQL for node model.fintrack_analytics.stg_categories at target\.lsp\compiled\fintrack_analytics\models\staging\stg_categories.sql
08:16:14.335079 [debug]: Finished analyzing [  0.00s] model staging.stg_transactions [success]
08:16:14.335102 [info ]:  Succeeded [  0.00s] model staging.stg_transactions (view)
08:16:14.335151 [debug]: Finished rendering [  0.00s] model staging_marts.dim_categories [success]
08:16:14.335176 [debug]: Started analyzing model staging_marts.dim_categories
08:16:14.335212 [debug]: Finished rendering [  0.00s] model staging.stg_categories [success]
08:16:14.335231 [debug]: Started analyzing model staging.stg_categories
08:16:14.335274 [debug]: Finished analyzing [  0.00s] model staging.stg_comptes [success]
08:16:14.335292 [info ]:  Succeeded [-------] model staging.stg_comptes (view)
08:16:14.335415 [debug]: Finished analyzing [  0.00s] model staging_marts.dim_categories [success]
08:16:14.335438 [info ]:  Succeeded [  0.00s] model staging_marts.dim_categories (table)
08:16:14.335463 [debug]: Finished analyzing [  0.00s] model staging.stg_categories [success]
08:16:14.335485 [info ]:  Succeeded [  0.00s] model staging.stg_categories (view)
08:16:14.337277 [debug]: Compiled SQL for node model.fintrack_analytics.fct_transactions at target\.lsp\compiled\fintrack_analytics\models\marts\fct_transactions.sql
08:16:14.337365 [debug]: Compiled SQL for node model.fintrack_analytics.dim_comptes at target\.lsp\compiled\fintrack_analytics\models\marts\dim_comptes.sql
08:16:14.337394 [debug]: Finished rendering [  0.00s] model staging_marts.fct_transactions [success]
08:16:14.337433 [debug]: Started analyzing model staging_marts.fct_transactions
08:16:14.337476 [debug]: Finished rendering [  0.00s] model staging_marts.dim_comptes [success]
08:16:14.337501 [info ]: Finished rendering [  0.01s] (12 nodes, 0 skipped, 0 errors)
08:16:14.337523 [debug]: Started analyzing model staging_marts.dim_comptes
08:16:14.337830 [debug]: Finished analyzing [  0.00s] model staging_marts.dim_comptes [success]
08:16:14.337859 [info ]:  Succeeded [  0.00s] model staging_marts.dim_comptes (table)
08:16:14.338256 [debug]: Finished analyzing [  0.00s] model staging_marts.mart_solde_mensuel [success]
08:16:14.338281 [info ]:  Succeeded [  0.01s] model staging_marts.mart_solde_mensuel (table)
08:16:14.338357 [debug]: Finished analyzing [  0.00s] model staging.int_transactions_enrichies [success]
08:16:14.338388 [info ]:  Succeeded [  0.01s] model staging.int_transactions_enrichies (ephemeral)
08:16:14.339301 [debug]: Finished analyzing [  0.00s] model staging_marts.fct_transactions [success]
08:16:14.339322 [info ]:  Succeeded [  0.00s] model staging_marts.fct_transactions (table)
08:16:14.339944 [debug]: Finished analyzing [  0.01s] model staging_marts.mart_budget_vs_reel [success]
08:16:14.339964 [info ]: Finished analyzing [  0.01s] (12 nodes, 0 skipped, 0 errors)
08:16:14.339973 [info ]:  Succeeded [  0.01s] model staging_marts.mart_budget_vs_reel (table)
08:16:14.343784 [info ]: Started scheduling
08:16:14.343846 [info ]: Finished scheduling [  0.00s]
08:16:14.343955 [info ]: 
==================== Execution Summary =====================
Finished 'compile' successfully for target 'dev' [222ms]
Processed: 11 models | 1 snapshot
Summary: 12 total | 12 success
08:16:14.344263 [info ]: Cached model count updated: 11 models (accurate)
