==================== 2026-09-03T11:10:40.623404Z | 01a066f6-b9e5-7433-a1e7-9a87440380b2 ====================
11:10:40.624378 [info ]: dbt-fusion 2.0.0-preview.218
11:10:40.627216 [info ]: Started loading project
11:10:40.636670 [info ]: Loading ~/.dbt/profiles.yml
11:10:40.668047 [info ]: Loading packages.yml
11:10:40.668661 [debug]:    Started loading packages
11:10:40.711980 [debug]:     Loaded [  0.04s] packages
11:10:40.713755 [info ]: Finished loading project [  0.09s]
11:10:40.724141 [info ]: Started parsing
11:10:41.343064 [debug]: Finished parsing models/marts/_marts_schema.yml [  0.00s]
11:10:41.343740 [debug]: Finished parsing models/staging/_stg_schema.yml [  0.00s]
11:10:41.344119 [debug]: Finished parsing models/staging/_stg_sources.yml [  0.00s]
11:10:41.349031 [debug]: Finished parsing snapshots\snapshot_comptes.sql [  0.00s]
11:10:41.353752 [debug]: Finished parsing models/intermediate/int_transactions_enrichies.sql [  0.00s]
11:10:41.355174 [debug]: Finished parsing models/marts/dim_categories.sql [  0.00s]
11:10:41.356797 [debug]: Finished parsing models/marts/dim_comptes.sql [  0.00s]
11:10:41.358387 [debug]: Finished parsing models/marts/fct_transactions.sql [  0.00s]
11:10:41.361360 [debug]: Finished parsing models/marts/mart_budget_vs_reel.sql [  0.00s]
11:10:41.370705 [debug]: Finished parsing models/marts/mart_solde_mensuel.sql [  0.01s]
11:10:41.372502 [debug]: Finished parsing models/marts/mart_top_depenses.sql [  0.00s]
11:10:41.373024 [debug]: Finished parsing models/staging/stg_budgets.sql [  0.00s]
11:10:41.373493 [debug]: Finished parsing models/staging/stg_categories.sql [  0.00s]
11:10:41.374042 [debug]: Finished parsing models/staging/stg_comptes.sql [  0.00s]
11:10:41.374598 [debug]: Finished parsing models/staging/stg_transactions.sql [  0.00s]
11:10:41.413349 [error]: [DbtYamlValidationError (dbt1159)]: Deprecated test arguments: ["values"] at top-level detected. Please migrate to the new format under the 'arguments' field: https://docs.getdbt.com/reference/deprecations#missingargumentspropertyingenerictestdeprecation.
  --> models\staging\_stg_schema.yml:21:23
11:10:41.417051 [error]: [DbtYamlValidationError (dbt1159)]: Deprecated test arguments: ["values"] at top-level detected. Please migrate to the new format under the 'arguments' field: https://docs.getdbt.com/reference/deprecations#missingargumentspropertyingenerictestdeprecation.
  --> models\staging\_stg_schema.yml:16:23
11:10:41.420244 [error]: [DbtYamlValidationError (dbt1159)]: Deprecated test arguments: ["field", "to"] at top-level detected. Please migrate to the new format under the 'arguments' field: https://docs.getdbt.com/reference/deprecations#missingargumentspropertyingenerictestdeprecation.
  --> models\staging\_stg_schema.yml:36:22
11:10:41.429548 [debug]: Finished parsing tests/assert_solde_mensuel_positif.sql [  0.00s]
11:10:41.431377 [debug]: Finished parsing target\generic_tests\unique_dim_categories_categorie_id.sql [  0.00s]
11:10:41.432689 [debug]: Finished parsing target\generic_tests\not_null_dim_categories_categorie_id.sql [  0.00s]
11:10:41.433657 [debug]: Finished parsing target\generic_tests\unique_dim_comptes_compte_id.sql [  0.00s]
11:10:41.434414 [debug]: Finished parsing target\generic_tests\not_null_dim_comptes_compte_id.sql [  0.00s]
11:10:41.435079 [debug]: Finished parsing target\generic_tests\unique_fct_transactions_transaction_id.sql [  0.00s]
11:10:41.435750 [debug]: Finished parsing target\generic_tests\not_null_fct_transactions_transaction_id.sql [  0.00s]
11:10:41.436318 [debug]: Finished parsing target\generic_tests\unique_stg_budgets_budget_id.sql [  0.00s]
11:10:41.436921 [debug]: Finished parsing target\generic_tests\not_null_stg_budgets_budget_id.sql [  0.00s]
11:10:41.437474 [debug]: Finished parsing target\generic_tests\unique_stg_categories_categorie_id.sql [  0.00s]
11:10:41.438065 [debug]: Finished parsing target\generic_tests\not_null_stg_categories_categorie_id.sql [  0.00s]
11:10:41.438722 [debug]: Finished parsing target\generic_tests\unique_stg_comptes_compte_id.sql [  0.00s]
11:10:41.439339 [debug]: Finished parsing target\generic_tests\not_null_stg_comptes_compte_id.sql [  0.00s]
11:10:41.439919 [debug]: Finished parsing target\generic_tests\accepted_values_stg_comptes_statut__actif__inactif__cloture.sql [  0.00s]
11:10:41.440634 [debug]: Finished parsing target\generic_tests\accepted_values_stg_comptes_f1faed08d9c87f7483d3a3bcc8a81daa.sql [  0.00s]
11:10:41.441263 [debug]: Finished parsing target\generic_tests\relationships_stg_transactions_985ebbdbfd283785f0e58047e4f6b5ed.sql [  0.00s]
11:10:41.441890 [debug]: Finished parsing target\generic_tests\unique_stg_transactions_transaction_id.sql [  0.00s]
11:10:41.443077 [debug]: Finished parsing target\generic_tests\not_null_stg_transactions_transaction_id.sql [  0.00s]
11:10:41.769852 [info ]: Finished parsing [  1.05s]
11:10:42.699768 [info ]: suggestion: Run 'dbt deps' to see the latest fusion compatible packages. For compatibility errors, try the autofix script: https://github.com/dbt-labs/dbt-autofix
11:10:42.699768 [info ]: 
==================== Execution Summary =====================
Finished 'run' with 3 errors for target 'dev' [2.1s]
==================== 2026-09-03T11:23:14.025985Z | 01a06702-38e4-7112-9358-2ee3a5868078 ====================
11:23:14.026229 [info ]: dbt-fusion 2.0.0-preview.218
11:23:14.026721 [info ]: Started loading project
11:23:14.031341 [info ]: Loading ~/.dbt/profiles.yml
11:23:14.043361 [info ]: Loading packages.yml
11:23:14.043811 [debug]:    Started loading packages
11:23:14.062273 [debug]:     Loaded [  0.02s] packages
11:23:14.063473 [info ]: Finished loading project [  0.04s]
11:23:14.064556 [info ]: Started parsing
11:23:14.139008 [debug]: Finished parsing models/marts/_marts_schema.yml [  0.00s]
11:23:14.139767 [debug]: Finished parsing models/staging/_stg_schema.yml [  0.00s]
11:23:14.140357 [debug]: Finished parsing models/staging/_stg_sources.yml [  0.00s]
11:23:14.143728 [debug]: Finished parsing snapshots\snapshot_comptes.sql [  0.00s]
11:23:14.146633 [debug]: Finished parsing models/intermediate/int_transactions_enrichies.sql [  0.00s]
11:23:14.147169 [debug]: Finished parsing models/marts/dim_categories.sql [  0.00s]
11:23:14.148004 [debug]: Finished parsing models/marts/dim_comptes.sql [  0.00s]
11:23:14.148530 [debug]: Finished parsing models/marts/fct_transactions.sql [  0.00s]
11:23:14.149101 [debug]: Finished parsing models/marts/mart_budget_vs_reel.sql [  0.00s]
11:23:14.149582 [debug]: Finished parsing models/marts/mart_solde_mensuel.sql [  0.00s]
11:23:14.150097 [debug]: Finished parsing models/marts/mart_top_depenses.sql [  0.00s]
11:23:14.150626 [debug]: Finished parsing models/staging/stg_budgets.sql [  0.00s]
11:23:14.151116 [debug]: Finished parsing models/staging/stg_categories.sql [  0.00s]
11:23:14.151682 [debug]: Finished parsing models/staging/stg_comptes.sql [  0.00s]
11:23:14.152222 [debug]: Finished parsing models/staging/stg_transactions.sql [  0.00s]
11:23:14.169506 [error]: [DbtYamlValidationError (dbt1159)]: Deprecated test arguments: ["values"] at top-level detected. Please migrate to the new format under the 'arguments' field: https://docs.getdbt.com/reference/deprecations#missingargumentspropertyingenerictestdeprecation.
  --> models\staging\_stg_schema.yml:21:23
11:23:14.170724 [error]: [DbtYamlValidationError (dbt1159)]: Deprecated test arguments: ["values"] at top-level detected. Please migrate to the new format under the 'arguments' field: https://docs.getdbt.com/reference/deprecations#missingargumentspropertyingenerictestdeprecation.
  --> models\staging\_stg_schema.yml:16:23
11:23:14.174079 [error]: [DbtYamlValidationError (dbt1159)]: Deprecated test arguments: ["field", "to"] at top-level detected. Please migrate to the new format under the 'arguments' field: https://docs.getdbt.com/reference/deprecations#missingargumentspropertyingenerictestdeprecation.
  --> models\staging\_stg_schema.yml:36:22
11:23:14.178537 [debug]: Finished parsing tests/assert_solde_mensuel_positif.sql [  0.00s]
11:23:14.179352 [debug]: Finished parsing target\generic_tests\unique_dim_categories_categorie_id.sql [  0.00s]
11:23:14.180422 [debug]: Finished parsing target\generic_tests\not_null_dim_categories_categorie_id.sql [  0.00s]
11:23:14.181181 [debug]: Finished parsing target\generic_tests\unique_dim_comptes_compte_id.sql [  0.00s]
11:23:14.182014 [debug]: Finished parsing target\generic_tests\not_null_dim_comptes_compte_id.sql [  0.00s]
11:23:14.182729 [debug]: Finished parsing target\generic_tests\unique_fct_transactions_transaction_id.sql [  0.00s]
11:23:14.183494 [debug]: Finished parsing target\generic_tests\not_null_fct_transactions_transaction_id.sql [  0.00s]
11:23:14.184086 [debug]: Finished parsing target\generic_tests\unique_stg_budgets_budget_id.sql [  0.00s]
11:23:14.184671 [debug]: Finished parsing target\generic_tests\not_null_stg_budgets_budget_id.sql [  0.00s]
11:23:14.185220 [debug]: Finished parsing target\generic_tests\unique_stg_categories_categorie_id.sql [  0.00s]
11:23:14.185805 [debug]: Finished parsing target\generic_tests\not_null_stg_categories_categorie_id.sql [  0.00s]
11:23:14.186344 [debug]: Finished parsing target\generic_tests\unique_stg_comptes_compte_id.sql [  0.00s]
11:23:14.186910 [debug]: Finished parsing target\generic_tests\not_null_stg_comptes_compte_id.sql [  0.00s]
11:23:14.187498 [debug]: Finished parsing target\generic_tests\accepted_values_stg_comptes_statut__actif__inactif__cloture.sql [  0.00s]
11:23:14.188071 [debug]: Finished parsing target\generic_tests\accepted_values_stg_comptes_f1faed08d9c87f7483d3a3bcc8a81daa.sql [  0.00s]
11:23:14.188811 [debug]: Finished parsing target\generic_tests\relationships_stg_transactions_985ebbdbfd283785f0e58047e4f6b5ed.sql [  0.00s]
11:23:14.190007 [debug]: Finished parsing target\generic_tests\unique_stg_transactions_transaction_id.sql [  0.00s]
11:23:14.190875 [debug]: Finished parsing target\generic_tests\not_null_stg_transactions_transaction_id.sql [  0.00s]
11:23:14.474003 [info ]: Finished parsing [  0.41s]
11:23:15.429334 [info ]: suggestion: Run 'dbt deps' to see the latest fusion compatible packages. For compatibility errors, try the autofix script: https://github.com/dbt-labs/dbt-autofix
11:23:15.429334 [info ]: 
==================== Execution Summary =====================
Finished 'run' with 3 errors for target 'dev' [1.4s]
==================== 2026-09-03T11:23:27.612958Z | 01a06702-6df9-7851-9e9c-23dc951be35e ====================
11:23:27.613164 [info ]: dbt-fusion 2.0.0-preview.218
11:23:27.630030 [info ]: Loading packages.yml
11:23:27.630279 [info ]: Installing packages
11:23:27.712288 [info ]: Installing dbt-labs/dbt_utils
11:23:29.512522 [info ]:  Installed dbt-labs/dbt_utils: 1.4.1
11:23:29.514995 [info ]:  Installed 1 package
11:23:29.664343 [info ]: 
==================== Execution Summary =====================
Finished 'deps' successfully [2.1s]
==================== 2026-09-03T11:27:34.849123Z | 01a06706-33bb-7801-946d-a4d23fb43231 ====================
11:27:34.849434 [info ]: dbt-fusion 2.0.0-preview.218
11:27:34.850030 [info ]: Started loading project
11:27:34.856540 [info ]: Loading ~/.dbt/profiles.yml
11:27:34.872551 [info ]: Loading packages.yml
11:27:34.873353 [debug]:    Started loading packages
11:27:34.897387 [debug]:     Loaded [  0.02s] packages
11:27:34.898542 [info ]: Finished loading project [  0.05s]
11:27:34.899452 [info ]: Started parsing
11:27:34.966573 [debug]: Finished parsing models/marts/_marts_schema.yml [  0.00s]
11:27:34.967033 [debug]: Finished parsing models/staging/_stg_schema.yml [  0.00s]
11:27:34.967437 [debug]: Finished parsing models/staging/_stg_sources.yml [  0.00s]
11:27:34.971385 [debug]: Finished parsing snapshots\snapshot_comptes.sql [  0.00s]
11:27:34.974003 [debug]: Finished parsing models/intermediate/int_transactions_enrichies.sql [  0.00s]
11:27:34.975316 [debug]: Finished parsing models/marts/dim_categories.sql [  0.00s]
11:27:34.976441 [debug]: Finished parsing models/marts/dim_comptes.sql [  0.00s]
11:27:34.977111 [debug]: Finished parsing models/marts/fct_transactions.sql [  0.00s]
11:27:34.977851 [debug]: Finished parsing models/marts/mart_budget_vs_reel.sql [  0.00s]
11:27:34.978679 [debug]: Finished parsing models/marts/mart_solde_mensuel.sql [  0.00s]
11:27:34.979162 [debug]: Finished parsing models/marts/mart_top_depenses.sql [  0.00s]
11:27:34.979659 [debug]: Finished parsing models/staging/stg_budgets.sql [  0.00s]
11:27:34.980135 [debug]: Finished parsing models/staging/stg_categories.sql [  0.00s]
11:27:34.980659 [debug]: Finished parsing models/staging/stg_comptes.sql [  0.00s]
11:27:34.981151 [debug]: Finished parsing models/staging/stg_transactions.sql [  0.00s]
11:27:35.006438 [debug]: Finished parsing tests/assert_solde_mensuel_positif.sql [  0.00s]
11:27:35.007058 [debug]: Finished parsing target\generic_tests\unique_dim_categories_categorie_id.sql [  0.00s]
11:27:35.007692 [debug]: Finished parsing target\generic_tests\not_null_dim_categories_categorie_id.sql [  0.00s]
11:27:35.008241 [debug]: Finished parsing target\generic_tests\unique_dim_comptes_compte_id.sql [  0.00s]
11:27:35.008794 [debug]: Finished parsing target\generic_tests\not_null_dim_comptes_compte_id.sql [  0.00s]
11:27:35.009310 [debug]: Finished parsing target\generic_tests\unique_fct_transactions_transaction_id.sql [  0.00s]
11:27:35.009902 [debug]: Finished parsing target\generic_tests\not_null_fct_transactions_transaction_id.sql [  0.00s]
11:27:35.010414 [debug]: Finished parsing target\generic_tests\unique_stg_budgets_budget_id.sql [  0.00s]
11:27:35.010960 [debug]: Finished parsing target\generic_tests\not_null_stg_budgets_budget_id.sql [  0.00s]
11:27:35.011485 [debug]: Finished parsing target\generic_tests\unique_stg_categories_categorie_id.sql [  0.00s]
11:27:35.012055 [debug]: Finished parsing target\generic_tests\not_null_stg_categories_categorie_id.sql [  0.00s]
11:27:35.012587 [debug]: Finished parsing target\generic_tests\unique_stg_comptes_compte_id.sql [  0.00s]
11:27:35.013138 [debug]: Finished parsing target\generic_tests\not_null_stg_comptes_compte_id.sql [  0.00s]
11:27:35.013700 [debug]: Finished parsing target\generic_tests\accepted_values_stg_comptes_statut__actif__inactif__cloture.sql [  0.00s]
11:27:35.014242 [debug]: Finished parsing target\generic_tests\accepted_values_stg_comptes_f1faed08d9c87f7483d3a3bcc8a81daa.sql [  0.00s]
11:27:35.014794 [debug]: Finished parsing target\generic_tests\relationships_stg_transactions_985ebbdbfd283785f0e58047e4f6b5ed.sql [  0.00s]
11:27:35.015299 [debug]: Finished parsing target\generic_tests\unique_stg_transactions_transaction_id.sql [  0.00s]
11:27:35.016036 [debug]: Finished parsing target\generic_tests\not_null_stg_transactions_transaction_id.sql [  0.00s]
11:27:35.211245 [info ]: Finished parsing [  0.31s]
11:27:35.270406 [info ]: Started scheduling
11:27:35.271226 [info ]: Finished scheduling [  0.00s]
11:27:35.275456 [debug]: Initializing schema store with entry: Frontier(CanonicalFqn { catalog: "FINTRACK_DB", schema: "RAW", table: "RAW_CATEGORIES" }) and interval: None
11:27:35.275481 [debug]: Initializing schema store with entry: Frontier(CanonicalFqn { catalog: "FINTRACK_DB", schema: "RAW", table: "RAW_BUDGETS" }) and interval: None
11:27:35.275485 [debug]: Initializing schema store with entry: Frontier(CanonicalFqn { catalog: "FINTRACK_DB", schema: "RAW", table: "RAW_TRANSACTIONS" }) and interval: None
11:27:35.275490 [debug]: Initializing schema store with entry: Frontier(CanonicalFqn { catalog: "FINTRACK_DB", schema: "RAW", table: "RAW_COMPTES" }) and interval: None
11:27:35.329311 [info ]: Started building task graph
11:27:35.335057 [info ]: Finished building task graph [  0.01s]
11:27:35.369381 [debug]: Snowflake driver resolved: snowflake 0.21.0.dev+dbt0.21.17
11:27:39.476286 [debug]: create_debug_span(...).entered() took 1.9841ms
11:27:40.060779 [debug]: stmt.execute() (submit+wait_for_completion, returns reader) took 581.1191ms
11:27:40.061576 [debug]: reader.schema() took 689.1µs
11:27:40.065979 [debug]: batch-consume loop (for res in reader) took 4.3078ms
11:27:40.068873 [debug]: do_execute(conn) (closure: stmt.execute + schema + batch loop) took 592.524ms
11:27:40.071304 [debug]: concat_batches + normalize_result_column_names took 2.3723ms
11:27:40.071843 [debug]: record_current_span_status_from_attrs took 469.5µs
11:27:40.072545 [debug]: Query executed on node unknown:
show terse schemas in database fintrack_db
    limit 10000
/* {"app": "dbt", "connection_name": "", "dbt_version": "2.0.0", "profile_name": "fintrack_analytics", "target_name": "dev"} */
11:27:40.072643 [debug]: drop(query_span_guard) (span exit/export) took 751µs
11:27:40.090792 [debug]: create_debug_span(...).entered() took 20.1µs
11:27:40.623533 [debug]: stmt.execute() (submit+wait_for_completion, returns reader) took 532.6125ms
11:27:40.623572 [debug]: reader.schema() took 500ns
11:27:40.626757 [debug]: do_execute(conn) (closure: stmt.execute + schema + batch loop) took 535.9191ms
11:27:40.626818 [debug]: concat_batches + normalize_result_column_names took 22.4µs
11:27:40.626839 [debug]: record_current_span_status_from_attrs took 4.7µs
11:27:40.626856 [debug]: Query executed on node unknown:
create schema if not exists fintrack_db.staging_marts
/* {"app": "dbt", "connection_name": "", "dbt_version": "2.0.0", "profile_name": "fintrack_analytics", "target_name": "dev"} */
11:27:40.626911 [debug]: drop(query_span_guard) (span exit/export) took 58.5µs
11:27:40.627188 [info ]: Started rendering (11 nodes)
11:27:40.627552 [info ]: Started model staging.stg_budgets
11:27:40.627585 [debug]: Started rendering model staging.stg_budgets
11:27:40.627675 [info ]: Started model staging.stg_transactions
11:27:40.627708 [debug]: Started rendering model staging.stg_transactions
11:27:40.627746 [info ]: Started model staging.stg_comptes
11:27:40.627813 [debug]: Started rendering model staging.stg_comptes
11:27:40.627894 [info ]: Started model staging.stg_categories
11:27:40.627942 [debug]: Started rendering model staging.stg_categories
11:27:40.635770 [debug]: Compiled SQL for node model.fintrack_analytics.stg_transactions at target\compiled\fintrack_analytics\models\staging\stg_transactions.sql
11:27:40.635964 [debug]: Finished rendering [  0.01s] model staging.stg_transactions [success]
11:27:40.636549 [info ]: Started analyzing (11 nodes)
11:27:40.636945 [debug]: Started analyzing model staging.stg_transactions
11:27:40.638598 [debug]: Compiled SQL for node model.fintrack_analytics.stg_budgets at target\compiled\fintrack_analytics\models\staging\stg_budgets.sql
11:27:40.639327 [debug]: Compiled SQL for node model.fintrack_analytics.stg_categories at target\compiled\fintrack_analytics\models\staging\stg_categories.sql
11:27:40.639485 [debug]: Compiled SQL for node model.fintrack_analytics.stg_comptes at target\compiled\fintrack_analytics\models\staging\stg_comptes.sql
11:27:40.639102 [debug]: Finished rendering [  0.01s] model staging.stg_budgets [success]
11:27:40.639903 [debug]: Started analyzing model staging.stg_budgets
11:27:40.639960 [debug]: Finished rendering [  0.01s] model staging.stg_categories [success]
11:27:40.640292 [debug]: Started analyzing model staging.stg_categories
11:27:40.640386 [debug]: Finished rendering [  0.01s] model staging.stg_comptes [success]
11:27:40.640688 [debug]: Started analyzing model staging.stg_comptes
11:27:40.656302 [debug]: Finished analyzing [  0.02s] model staging.stg_budgets [success]
11:27:40.656757 [info ]: Started running (11 nodes)
11:27:40.657297 [info ]: Started running model staging.stg_budgets
11:27:40.657351 [debug]: Finished analyzing [  0.02s] model staging.stg_categories [success]
11:27:40.659799 [info ]: Started running model staging.stg_categories
11:27:40.660006 [debug]: Finished analyzing [  0.02s] model staging.stg_comptes [success]
11:27:40.660411 [info ]: Started running model staging.stg_comptes
11:27:40.664034 [debug]: Started connection limit wait
11:27:40.669258 [debug]: Finished analyzing [  0.03s] model staging.stg_transactions [success]
11:27:40.669916 [info ]: Started running model staging.stg_transactions
11:27:40.669979 [debug]: Started connection limit wait
11:27:40.684282 [debug]: create_debug_span(...).entered() took 70.5µs
11:27:41.707085 [debug]: stmt.execute() (submit+wait_for_completion, returns reader) took 1.0226402s
11:27:41.707126 [debug]: reader.schema() took 300ns
11:27:41.707878 [debug]: batch-consume loop (for res in reader) took 740.8µs
11:27:41.708889 [debug]: do_execute(conn) (closure: stmt.execute + schema + batch loop) took 1.0245754s
11:27:41.708934 [debug]: concat_batches + normalize_result_column_names took 27.7µs
11:27:41.708943 [debug]: record_current_span_status_from_attrs took 2.9µs
11:27:41.708951 [debug]: Query executed on node model.fintrack_analytics.stg_categories:
SHOW OBJECTS IN SCHEMA "FINTRACK_DB"."STAGING" LIMIT 10000
11:27:41.708975 [debug]: drop(query_span_guard) (span exit/export) took 25.8µs
11:27:41.718730 [debug]: Writing runtime sql for node "model.fintrack_analytics.stg_categories"
11:27:41.721759 [debug]: create_debug_span(...).entered() took 16.7µs
11:27:42.299428 [debug]: create_debug_span(...).entered() took 33.3µs
11:27:42.372475 [debug]: Query executed on node model.fintrack_analytics.stg_categories:
create or replace   view fintrack_db.staging.stg_categories
  
  
  
  
  as (
    with source as (

    select * from fintrack_db.raw.raw_categories

),

renamed as (

    select
        id      as categorie_id,
        nom     as nom_categorie,
        type    as type_categorie,
        groupe

    from source

)

select * from renamed
  )
/* {"app": "dbt", "dbt_version": "2.0.0", "node_id": "model.fintrack_analytics.stg_categories", "profile_name": "fintrack_analytics", "target_name": "dev"} */
11:27:42.824162 [debug]: stmt.execute() (submit+wait_for_completion, returns reader) took 524.627ms
11:27:42.824220 [debug]: reader.schema() took 800ns
11:27:42.826675 [debug]: batch-consume loop (for res in reader) took 2.4305ms
11:27:42.828800 [debug]: do_execute(conn) (closure: stmt.execute + schema + batch loop) took 529.3242ms
11:27:42.828911 [debug]: concat_batches + normalize_result_column_names took 68.5µs
11:27:42.828934 [debug]: record_current_span_status_from_attrs took 5.6µs
11:27:42.828953 [debug]: Query executed on node model.fintrack_analytics.stg_budgets:
SHOW OBJECTS IN SCHEMA "FINTRACK_DB"."STAGING" LIMIT 10000
11:27:42.829006 [debug]: drop(query_span_guard) (span exit/export) took 58.6µs
11:27:42.833775 [debug]: Writing runtime sql for node "model.fintrack_analytics.stg_budgets"
11:27:42.837609 [debug]: create_debug_span(...).entered() took 33.3µs
11:27:43.240280 [debug]: Query executed on node model.fintrack_analytics.stg_budgets:
create or replace   view fintrack_db.staging.stg_budgets
  
  
  
  
  as (
    with source as (

    select * from fintrack_db.raw.raw_budgets

),

renamed as (

    select
        id             as budget_id,
        compte_id,
        categorie_id,
        cast(mois as date) as mois,
        montant_prevu

    from source

)

select * from renamed
  )
/* {"app": "dbt", "dbt_version": "2.0.0", "node_id": "model.fintrack_analytics.stg_budgets", "profile_name": "fintrack_analytics", "target_name": "dev"} */
11:27:43.386980 [error]: [DbSyntaxInvalid (dbt1302)]: Database Error in model stg_categories (target\run\fintrack_analytics\models\staging\stg_categories.sql)
  [Snowflake] 002003 (42S02): SQL compilation error:
  Object 'FINTRACK_DB.RAW.RAW_CATEGORIES' does not exist or not authorized. (SQLSTATE: 42S02, Vendor code: 2003)
  (in run\fintrack_analytics\models/staging\stg_categories.sql)
11:27:43.389339 [info ]: Finished running [  2.73s] model staging.stg_categories [error]
11:27:43.389434 [debug]: Finished connection limit wait [  2.73s]
11:27:43.389829 [info ]:     Failed [  2.76s] model staging.stg_categories (view)
11:27:43.396365 [info ]: Started model staging_marts.dim_categories
11:27:43.396511 [debug]: Started rendering model staging_marts.dim_categories
11:27:43.398278 [debug]: Finished rendering [  0.00s] model staging_marts.dim_categories [skipped]
11:27:43.400521 [debug]: Started analyzing model staging_marts.dim_categories
11:27:43.400675 [debug]: Finished analyzing [  0.00s] model staging_marts.dim_categories [skipped]
11:27:43.401269 [info ]: Started running model staging_marts.dim_categories
11:27:43.401350 [info ]: Finished running [  0.00s] model staging_marts.dim_categories [skipped]
11:27:43.401799 [info ]:    Skipped [-------] model staging_marts.dim_categories (table)
11:27:43.407965 [debug]: Writing runtime sql for node "model.fintrack_analytics.stg_comptes"
11:27:43.417120 [debug]: create_debug_span(...).entered() took 195.8µs
11:27:43.984885 [debug]: Query executed on node model.fintrack_analytics.stg_comptes:
create or replace   view fintrack_db.staging.stg_comptes
  
  
  
  
  as (
    with source as (

    select * from fintrack_db.raw.raw_comptes

),

renamed as (

    select
        id                 as compte_id,
        nom_client,
        email,
        type_compte,
        date_ouverture,
        solde_initial,
        lower(statut)      as statut

    from source

)

select * from renamed
  )
/* {"app": "dbt", "dbt_version": "2.0.0", "node_id": "model.fintrack_analytics.stg_comptes", "profile_name": "fintrack_analytics", "target_name": "dev"} */
11:27:44.240843 [error]: [DbSyntaxInvalid (dbt1302)]: Database Error in model stg_budgets (target\run\fintrack_analytics\models\staging\stg_budgets.sql)
  [Snowflake] 002003 (42S02): SQL compilation error:
  Object 'FINTRACK_DB.RAW.RAW_BUDGETS' does not exist or not authorized. (SQLSTATE: 42S02, Vendor code: 2003)
  (in run\fintrack_analytics\models/staging\stg_budgets.sql)
11:27:44.240967 [debug]: Finished connection limit wait [  3.57s]
11:27:44.240968 [info ]: Finished running [  3.58s] model staging.stg_budgets [error]
11:27:44.241564 [info ]:     Failed [  3.61s] model staging.stg_budgets (view)
11:27:44.244852 [debug]: Writing runtime sql for node "model.fintrack_analytics.stg_transactions"
11:27:44.247644 [debug]: create_debug_span(...).entered() took 26.4µs
11:27:44.747137 [debug]: Query executed on node model.fintrack_analytics.stg_transactions:
create or replace   view fintrack_db.staging.stg_transactions
  
  
  
  
  as (
    with source as (

    select * from fintrack_db.raw.raw_transactions

),

renamed as (

    select
        id                                      as transaction_id,
        compte_id,
        cast(date_transaction as timestamp_ntz) as date_transaction,
        montant,
        type_operation,
        categorie_id,
        description,
        lower(statut)                            as statut,
        case
            when type_operation = 'credit' then montant
            when type_operation = 'debit'  then -montant
        end                                       as montant_signe

    from source

)

select * from renamed
  )
/* {"app": "dbt", "dbt_version": "2.0.0", "node_id": "model.fintrack_analytics.stg_transactions", "profile_name": "fintrack_analytics", "target_name": "dev"} */
11:27:44.985770 [error]: [DbSyntaxInvalid (dbt1302)]: Database Error in model stg_comptes (target\run\fintrack_analytics\models\staging\stg_comptes.sql)
  [Snowflake] 002003 (42S02): SQL compilation error:
  Object 'FINTRACK_DB.RAW.RAW_COMPTES' does not exist or not authorized. (SQLSTATE: 42S02, Vendor code: 2003)
  (in run\fintrack_analytics\models/staging\stg_comptes.sql)
11:27:44.985984 [info ]: Finished running [  1.60s] model staging.stg_comptes [error]
11:27:44.987464 [info ]:     Failed [  1.63s] model staging.stg_comptes (view)
11:27:44.989769 [info ]: Started model staging_marts.dim_comptes
11:27:44.989822 [debug]: Started rendering model staging_marts.dim_comptes
11:27:44.989869 [debug]: Finished rendering [  0.00s] model staging_marts.dim_comptes [skipped]
11:27:44.990156 [debug]: Started analyzing model staging_marts.dim_comptes
11:27:44.990199 [debug]: Finished analyzing [  0.00s] model staging_marts.dim_comptes [skipped]
11:27:44.990519 [info ]: Started running model staging_marts.dim_comptes
11:27:44.990572 [info ]: Finished running [  0.00s] model staging_marts.dim_comptes [skipped]
11:27:44.990819 [info ]:    Skipped [-------] model staging_marts.dim_comptes (table)
11:27:45.748363 [error]: [DbSyntaxInvalid (dbt1302)]: Database Error in model stg_transactions (target\run\fintrack_analytics\models\staging\stg_transactions.sql)
  [Snowflake] 002003 (42S02): SQL compilation error:
  Object 'FINTRACK_DB.RAW.RAW_TRANSACTIONS' does not exist or not authorized. (SQLSTATE: 42S02, Vendor code: 2003)
  (in run\fintrack_analytics\models/staging\stg_transactions.sql)
11:27:45.748506 [info ]: Finished running [  1.51s] model staging.stg_transactions [error]
11:27:45.749250 [info ]:     Failed [  1.55s] model staging.stg_transactions (view)
11:27:45.750463 [info ]: Started model staging.int_transactions_enrichies
11:27:45.750495 [debug]: Started rendering model staging.int_transactions_enrichies
11:27:45.750526 [debug]: Finished rendering [  0.00s] model staging.int_transactions_enrichies [skipped]
11:27:45.750712 [debug]: Started analyzing model staging.int_transactions_enrichies
11:27:45.750742 [debug]: Finished analyzing [  0.00s] model staging.int_transactions_enrichies [skipped]
11:27:45.750895 [info ]: Started running model staging.int_transactions_enrichies
11:27:45.750927 [info ]: Finished running [  0.00s] model staging.int_transactions_enrichies [skipped]
11:27:45.751074 [info ]:    Skipped [-------] model staging.int_transactions_enrichies (ephemeral)
11:27:45.752218 [info ]: Started model staging_marts.fct_transactions
11:27:45.752240 [debug]: Started rendering model staging_marts.fct_transactions
11:27:45.752268 [debug]: Finished rendering [  0.00s] model staging_marts.fct_transactions [skipped]
11:27:45.752441 [debug]: Started analyzing model staging_marts.fct_transactions
11:27:45.752472 [debug]: Finished analyzing [  0.00s] model staging_marts.fct_transactions [skipped]
11:27:45.752619 [info ]: Started running model staging_marts.fct_transactions
11:27:45.752651 [info ]: Finished running [  0.00s] model staging_marts.fct_transactions [skipped]
11:27:45.752787 [info ]:    Skipped [-------] model staging_marts.fct_transactions (table)
11:27:45.753831 [info ]: Started model staging_marts.mart_solde_mensuel
11:27:45.753858 [debug]: Started rendering model staging_marts.mart_solde_mensuel
11:27:45.753885 [debug]: Finished rendering [  0.00s] model staging_marts.mart_solde_mensuel [skipped]
11:27:45.754064 [debug]: Started analyzing model staging_marts.mart_solde_mensuel
11:27:45.754094 [debug]: Finished analyzing [  0.00s] model staging_marts.mart_solde_mensuel [skipped]
11:27:45.754256 [info ]: Started running model staging_marts.mart_solde_mensuel
11:27:45.754285 [info ]: Finished running [  0.00s] model staging_marts.mart_solde_mensuel [skipped]
11:27:45.754443 [info ]:    Skipped [-------] model staging_marts.mart_solde_mensuel (table)
11:27:45.755340 [info ]: Started model staging_marts.mart_top_depenses
11:27:45.755350 [debug]: Started rendering model staging_marts.mart_top_depenses
11:27:45.755368 [debug]: Finished rendering [  0.00s] model staging_marts.mart_top_depenses [skipped]
11:27:45.755492 [debug]: Started analyzing model staging_marts.mart_top_depenses
11:27:45.755508 [debug]: Finished analyzing [  0.00s] model staging_marts.mart_top_depenses [skipped]
11:27:45.755613 [info ]: Started running model staging_marts.mart_top_depenses
11:27:45.755637 [info ]: Finished running [  0.00s] model staging_marts.mart_top_depenses [skipped]
11:27:45.755720 [info ]:    Skipped [-------] model staging_marts.mart_top_depenses (table)
11:27:45.756280 [info ]: Started model staging_marts.mart_budget_vs_reel
11:27:45.756297 [debug]: Started rendering model staging_marts.mart_budget_vs_reel
11:27:45.756328 [debug]: Finished rendering [  0.00s] model staging_marts.mart_budget_vs_reel [skipped]
11:27:45.756427 [info ]: Finished rendering [  5.13s] (11 nodes, 7 skipped, 0 errors)
11:27:45.756986 [debug]: Started analyzing model staging_marts.mart_budget_vs_reel
11:27:45.757006 [debug]: Finished analyzing [  0.00s] model staging_marts.mart_budget_vs_reel [skipped]
11:27:45.757090 [info ]: Finished analyzing [  5.12s] (11 nodes, 7 skipped, 0 errors)
11:27:45.757684 [info ]: Started running model staging_marts.mart_budget_vs_reel
11:27:45.757721 [info ]: Finished running [  0.00s] model staging_marts.mart_budget_vs_reel [skipped]
11:27:45.757826 [info ]: Finished running [  5.10s] (11 nodes, 7 skipped, 4 errors)
11:27:45.758307 [info ]:    Skipped [-------] model staging_marts.mart_budget_vs_reel (table)
11:27:46.135650 [info ]: 
==================== Execution Summary =====================
Finished 'run' with 4 errors for target 'dev' [11.3s]
Processed: 11 models
Summary: 11 total | 4 error | 7 skipped
==================== 2026-09-03T11:38:03.581752Z | 01a0670f-cbb8-7f90-8fce-f54d228b0ce5 ====================
11:38:03.581964 [info ]: dbt-fusion 2.0.0-preview.218
11:38:03.582527 [info ]: Started loading project
11:38:03.586944 [info ]: Loading ~/.dbt/profiles.yml
11:38:03.601206 [info ]: Loading packages.yml
11:38:03.601772 [debug]:    Started loading packages
11:38:03.626846 [debug]:     Loaded [  0.03s] packages
11:38:03.628244 [info ]: Finished loading project [  0.05s]
11:38:03.630516 [info ]: Started parsing
11:38:03.707779 [debug]: Finished parsing models/marts/_marts_schema.yml [  0.00s]
11:38:03.708283 [debug]: Finished parsing models/staging/_stg_schema.yml [  0.00s]
11:38:03.708579 [debug]: Finished parsing models/staging/_stg_sources.yml [  0.00s]
11:38:03.712143 [debug]: Finished parsing snapshots\snapshot_comptes.sql [  0.00s]
11:38:03.716780 [debug]: Finished parsing models/intermediate/int_transactions_enrichies.sql [  0.00s]
11:38:03.717337 [debug]: Finished parsing models/marts/dim_categories.sql [  0.00s]
11:38:03.718136 [debug]: Finished parsing models/marts/dim_comptes.sql [  0.00s]
11:38:03.718654 [debug]: Finished parsing models/marts/fct_transactions.sql [  0.00s]
11:38:03.719175 [debug]: Finished parsing models/marts/mart_budget_vs_reel.sql [  0.00s]
11:38:03.719652 [debug]: Finished parsing models/marts/mart_solde_mensuel.sql [  0.00s]
11:38:03.720141 [debug]: Finished parsing models/marts/mart_top_depenses.sql [  0.00s]
11:38:03.720604 [debug]: Finished parsing models/staging/stg_budgets.sql [  0.00s]
11:38:03.721108 [debug]: Finished parsing models/staging/stg_categories.sql [  0.00s]
11:38:03.721696 [debug]: Finished parsing models/staging/stg_comptes.sql [  0.00s]
11:38:03.722193 [debug]: Finished parsing models/staging/stg_transactions.sql [  0.00s]
11:38:03.752525 [debug]: Finished parsing tests/assert_solde_mensuel_positif.sql [  0.00s]
11:38:03.753641 [debug]: Finished parsing target\generic_tests\unique_dim_categories_categorie_id.sql [  0.00s]
11:38:03.754760 [debug]: Finished parsing target\generic_tests\not_null_dim_categories_categorie_id.sql [  0.00s]
11:38:03.755727 [debug]: Finished parsing target\generic_tests\unique_dim_comptes_compte_id.sql [  0.00s]
11:38:03.756620 [debug]: Finished parsing target\generic_tests\not_null_dim_comptes_compte_id.sql [  0.00s]
11:38:03.757437 [debug]: Finished parsing target\generic_tests\unique_fct_transactions_transaction_id.sql [  0.00s]
11:38:03.758280 [debug]: Finished parsing target\generic_tests\not_null_fct_transactions_transaction_id.sql [  0.00s]
11:38:03.759195 [debug]: Finished parsing target\generic_tests\unique_stg_budgets_budget_id.sql [  0.00s]
11:38:03.760191 [debug]: Finished parsing target\generic_tests\not_null_stg_budgets_budget_id.sql [  0.00s]
11:38:03.761148 [debug]: Finished parsing target\generic_tests\unique_stg_categories_categorie_id.sql [  0.00s]
11:38:03.762349 [debug]: Finished parsing target\generic_tests\not_null_stg_categories_categorie_id.sql [  0.00s]
11:38:03.763496 [debug]: Finished parsing target\generic_tests\unique_stg_comptes_compte_id.sql [  0.00s]
11:38:03.764859 [debug]: Finished parsing target\generic_tests\not_null_stg_comptes_compte_id.sql [  0.00s]
11:38:03.766101 [debug]: Finished parsing target\generic_tests\accepted_values_stg_comptes_statut__actif__inactif__cloture.sql [  0.00s]
11:38:03.767334 [debug]: Finished parsing target\generic_tests\accepted_values_stg_comptes_f1faed08d9c87f7483d3a3bcc8a81daa.sql [  0.00s]
11:38:03.768387 [debug]: Finished parsing target\generic_tests\relationships_stg_transactions_985ebbdbfd283785f0e58047e4f6b5ed.sql [  0.00s]
11:38:03.769052 [debug]: Finished parsing target\generic_tests\unique_stg_transactions_transaction_id.sql [  0.00s]
11:38:03.769997 [debug]: Finished parsing target\generic_tests\not_null_stg_transactions_transaction_id.sql [  0.00s]
11:38:03.973115 [info ]: Finished parsing [  0.34s]
11:38:04.028823 [info ]: Started scheduling
11:38:04.029177 [info ]: Finished scheduling [  0.00s]
11:38:04.033200 [debug]: Initializing schema store with entry: Frontier(CanonicalFqn { catalog: "FINTRACK_DB", schema: "RAW", table: "RAW_TRANSACTIONS" }) and interval: None
11:38:04.033224 [debug]: Initializing schema store with entry: Frontier(CanonicalFqn { catalog: "FINTRACK_DB", schema: "RAW", table: "RAW_CATEGORIES" }) and interval: None
11:38:04.033228 [debug]: Initializing schema store with entry: Frontier(CanonicalFqn { catalog: "FINTRACK_DB", schema: "RAW", table: "RAW_BUDGETS" }) and interval: None
11:38:04.033232 [debug]: Initializing schema store with entry: Frontier(CanonicalFqn { catalog: "FINTRACK_DB", schema: "RAW", table: "RAW_COMPTES" }) and interval: None
11:38:04.083626 [info ]: Started building task graph
11:38:04.084275 [info ]: Finished building task graph [  0.00s]
11:38:04.092984 [debug]: Snowflake driver resolved: snowflake 0.21.0.dev+dbt0.21.17
11:38:05.913519 [debug]: create_debug_span(...).entered() took 22.8µs
11:38:06.339915 [debug]: stmt.execute() (submit+wait_for_completion, returns reader) took 426.2765ms
11:38:06.339947 [debug]: reader.schema() took 3.3µs
11:38:06.340855 [debug]: batch-consume loop (for res in reader) took 898.6µs
11:38:06.341679 [debug]: do_execute(conn) (closure: stmt.execute + schema + batch loop) took 428.1359ms
11:38:06.341747 [debug]: concat_batches + normalize_result_column_names took 52µs
11:38:06.341808 [debug]: record_current_span_status_from_attrs took 6.9µs
11:38:06.341818 [debug]: Query executed on node unknown:
show terse schemas in database fintrack_db
    limit 10000
/* {"app": "dbt", "connection_name": "", "dbt_version": "2.0.0", "profile_name": "fintrack_analytics", "target_name": "dev"} */
11:38:06.341837 [debug]: drop(query_span_guard) (span exit/export) took 24µs
11:38:06.342181 [info ]: Started rendering (11 nodes)
11:38:06.342308 [info ]: Started model staging.stg_budgets
11:38:06.342320 [debug]: Started rendering model staging.stg_budgets
11:38:06.342349 [info ]: Started model staging.stg_transactions
11:38:06.342358 [debug]: Started rendering model staging.stg_transactions
11:38:06.342383 [info ]: Started model staging.stg_comptes
11:38:06.342397 [debug]: Started rendering model staging.stg_comptes
11:38:06.342409 [info ]: Started model staging.stg_categories
11:38:06.342416 [debug]: Started rendering model staging.stg_categories
11:38:06.344947 [debug]: Compiled SQL for node model.fintrack_analytics.stg_budgets at target\compiled\fintrack_analytics\models\staging\stg_budgets.sql
11:38:06.345110 [debug]: Finished rendering [  0.00s] model staging.stg_budgets [success]
11:38:06.345710 [info ]: Started analyzing (11 nodes)
11:38:06.346034 [debug]: Started analyzing model staging.stg_budgets
11:38:06.346348 [debug]: Compiled SQL for node model.fintrack_analytics.stg_transactions at target\compiled\fintrack_analytics\models\staging\stg_transactions.sql
11:38:06.347162 [debug]: Compiled SQL for node model.fintrack_analytics.stg_comptes at target\compiled\fintrack_analytics\models\staging\stg_comptes.sql
11:38:06.347755 [debug]: Compiled SQL for node model.fintrack_analytics.stg_categories at target\compiled\fintrack_analytics\models\staging\stg_categories.sql
11:38:06.346844 [debug]: Finished rendering [  0.00s] model staging.stg_transactions [success]
11:38:06.347999 [debug]: Started analyzing model staging.stg_transactions
11:38:06.348250 [debug]: Finished rendering [  0.01s] model staging.stg_comptes [success]
11:38:06.348512 [debug]: Started analyzing model staging.stg_comptes
11:38:06.348553 [debug]: Finished rendering [  0.01s] model staging.stg_categories [success]
11:38:06.348885 [debug]: Started analyzing model staging.stg_categories
11:38:06.361591 [debug]: Finished analyzing [  0.01s] model staging.stg_categories [success]
11:38:06.362209 [info ]: Started running (11 nodes)
11:38:06.362732 [info ]: Started running model staging.stg_categories
11:38:06.363541 [debug]: Finished analyzing [  0.02s] model staging.stg_budgets [success]
11:38:06.363997 [info ]: Started running model staging.stg_budgets
11:38:06.364607 [debug]: Finished analyzing [  0.02s] model staging.stg_comptes [success]
11:38:06.364984 [info ]: Started running model staging.stg_comptes
11:38:06.365056 [debug]: Started connection limit wait
11:38:06.365602 [debug]: create_debug_span(...).entered() took 16.3µs
11:38:06.371075 [debug]: Finished analyzing [  0.02s] model staging.stg_transactions [success]
11:38:06.371739 [info ]: Started running model staging.stg_transactions
11:38:06.371806 [debug]: Started connection limit wait
11:38:07.041319 [debug]: stmt.execute() (submit+wait_for_completion, returns reader) took 675.5792ms
11:38:07.041411 [debug]: reader.schema() took 1.2µs
11:38:07.045387 [debug]: batch-consume loop (for res in reader) took 3.904ms
11:38:07.049750 [debug]: do_execute(conn) (closure: stmt.execute + schema + batch loop) took 684.1003ms
11:38:07.050090 [debug]: concat_batches + normalize_result_column_names took 165.1µs
11:38:07.050205 [debug]: record_current_span_status_from_attrs took 11.4µs
11:38:07.050262 [debug]: Query executed on node model.fintrack_analytics.stg_categories:
SHOW OBJECTS IN SCHEMA "FINTRACK_DB"."STAGING" LIMIT 10000
11:38:07.050386 [debug]: drop(query_span_guard) (span exit/export) took 138.2µs
11:38:07.059001 [debug]: Writing runtime sql for node "model.fintrack_analytics.stg_categories"
11:38:07.069266 [debug]: create_debug_span(...).entered() took 79.4µs
11:38:07.918804 [debug]: stmt.execute() (submit+wait_for_completion, returns reader) took 848.935ms
11:38:07.918836 [debug]: reader.schema() took 400ns
11:38:07.920482 [debug]: do_execute(conn) (closure: stmt.execute + schema + batch loop) took 851.0903ms
11:38:07.920544 [debug]: concat_batches + normalize_result_column_names took 30.8µs
11:38:07.920552 [debug]: record_current_span_status_from_attrs took 2.8µs
11:38:07.920559 [debug]: Query executed on node model.fintrack_analytics.stg_categories:
create or replace   view fintrack_db.staging.stg_categories
  
  
  
  
  as (
    with source as (

    select * from fintrack_db.raw.raw_categories

),

renamed as (

    select
        id      as categorie_id,
        nom     as nom_categorie,
        type    as type_categorie,
        groupe

    from source

)

select * from renamed
  )
/* {"app": "dbt", "dbt_version": "2.0.0", "node_id": "model.fintrack_analytics.stg_categories", "profile_name": "fintrack_analytics", "target_name": "dev"} */
11:38:07.920583 [debug]: drop(query_span_guard) (span exit/export) took 26.4µs
11:38:07.930431 [debug]: Finished connection limit wait [  1.57s]
11:38:07.930413 [info ]: Finished running [  1.57s] model staging.stg_categories [success]
11:38:07.930867 [info ]:  Succeeded [  1.58s] model staging.stg_categories (view)
11:38:07.931507 [info ]: Started model staging_marts.dim_categories
11:38:07.931529 [debug]: Started rendering model staging_marts.dim_categories
11:38:07.933599 [debug]: Compiled SQL for node model.fintrack_analytics.dim_categories at target\compiled\fintrack_analytics\models\marts\dim_categories.sql
11:38:07.933739 [debug]: Writing runtime sql for node "model.fintrack_analytics.stg_comptes"
11:38:07.933744 [debug]: Finished rendering [  0.00s] model staging_marts.dim_categories [success]
11:38:07.933897 [debug]: Started analyzing model staging_marts.dim_categories
11:38:07.934188 [debug]: Finished analyzing [  0.00s] model staging_marts.dim_categories [success]
11:38:07.934322 [info ]: Started running model staging_marts.dim_categories
11:38:07.934362 [debug]: Started connection limit wait
11:38:07.935505 [debug]: create_debug_span(...).entered() took 18.8µs
11:38:07.979465 [debug]: create_debug_span(...).entered() took 66.6µs
11:38:08.416681 [debug]: stmt.execute() (submit+wait_for_completion, returns reader) took 437.1204ms
11:38:08.416706 [debug]: reader.schema() took 400ns
11:38:08.417674 [debug]: batch-consume loop (for res in reader) took 954.4µs
11:38:08.418548 [debug]: do_execute(conn) (closure: stmt.execute + schema + batch loop) took 439.0381ms
11:38:08.418605 [debug]: concat_batches + normalize_result_column_names took 37.7µs
11:38:08.418617 [debug]: record_current_span_status_from_attrs took 3.5µs
11:38:08.418624 [debug]: Query executed on node model.fintrack_analytics.stg_budgets:
SHOW OBJECTS IN SCHEMA "FINTRACK_DB"."STAGING" LIMIT 10000
11:38:08.418642 [debug]: drop(query_span_guard) (span exit/export) took 21.9µs
11:38:08.421531 [debug]: Writing runtime sql for node "model.fintrack_analytics.stg_budgets"
11:38:08.422797 [debug]: create_debug_span(...).entered() took 15.5µs
11:38:08.624166 [debug]: stmt.execute() (submit+wait_for_completion, returns reader) took 688.4834ms
11:38:08.624266 [debug]: reader.schema() took 1.2µs
11:38:08.634368 [debug]: do_execute(conn) (closure: stmt.execute + schema + batch loop) took 698.804ms
11:38:08.634518 [debug]: concat_batches + normalize_result_column_names took 57.4µs
11:38:08.634553 [debug]: record_current_span_status_from_attrs took 10.8µs
11:38:08.634583 [debug]: Query executed on node model.fintrack_analytics.stg_comptes:
create or replace   view fintrack_db.staging.stg_comptes
  
  
  
  
  as (
    with source as (

    select * from fintrack_db.raw.raw_comptes

),

renamed as (

    select
        id                 as compte_id,
        nom_client,
        email,
        type_compte,
        date_ouverture,
        solde_initial,
        lower(statut)      as statut

    from source

)

select * from renamed
  )
/* {"app": "dbt", "dbt_version": "2.0.0", "node_id": "model.fintrack_analytics.stg_comptes", "profile_name": "fintrack_analytics", "target_name": "dev"} */
11:38:08.634686 [debug]: drop(query_span_guard) (span exit/export) took 112.9µs
11:38:08.641217 [debug]: Finished connection limit wait [  2.27s]
11:38:08.641060 [info ]: Finished running [  0.71s] model staging.stg_comptes [success]
11:38:08.643450 [info ]:  Succeeded [  0.73s] model staging.stg_comptes (view)
11:38:08.650238 [info ]: Started model staging_marts.dim_comptes
11:38:08.650355 [debug]: Started rendering model staging_marts.dim_comptes
11:38:08.654340 [debug]: Writing runtime sql for node "model.fintrack_analytics.stg_transactions"
11:38:08.664938 [debug]: create_debug_span(...).entered() took 168.9µs
11:38:08.673572 [debug]: Compiled SQL for node model.fintrack_analytics.dim_comptes at target\compiled\fintrack_analytics\models\marts\dim_comptes.sql
11:38:08.673975 [debug]: Finished rendering [  0.02s] model staging_marts.dim_comptes [success]
11:38:08.674391 [debug]: Started analyzing model staging_marts.dim_comptes
11:38:08.693773 [debug]: Finished analyzing [  0.02s] model staging_marts.dim_comptes [success]
11:38:08.694771 [info ]: Started running model staging_marts.dim_comptes
11:38:08.694955 [debug]: Started connection limit wait
11:38:09.184459 [debug]: stmt.execute() (submit+wait_for_completion, returns reader) took 761.5712ms
11:38:09.184550 [debug]: reader.schema() took 1.2µs
11:38:09.192727 [debug]: do_execute(conn) (closure: stmt.execute + schema + batch loop) took 769.7985ms
11:38:09.193073 [debug]: concat_batches + normalize_result_column_names took 172.7µs
11:38:09.193260 [debug]: record_current_span_status_from_attrs took 16µs
11:38:09.193347 [debug]: Query executed on node model.fintrack_analytics.stg_budgets:
create or replace   view fintrack_db.staging.stg_budgets
  
  
  
  
  as (
    with source as (

    select * from fintrack_db.raw.raw_budgets

),

renamed as (

    select
        id             as budget_id,
        compte_id,
        categorie_id,
        cast(mois as date) as mois,
        montant_prevu

    from source

)

select * from renamed
  )
/* {"app": "dbt", "dbt_version": "2.0.0", "node_id": "model.fintrack_analytics.stg_budgets", "profile_name": "fintrack_analytics", "target_name": "dev"} */
11:38:09.193507 [debug]: drop(query_span_guard) (span exit/export) took 182.2µs
11:38:09.202435 [debug]: Finished connection limit wait [  1.27s]
11:38:09.202336 [info ]: Finished running [  2.84s] model staging.stg_budgets [success]
11:38:09.204671 [info ]:  Succeeded [  2.86s] model staging.stg_budgets (view)
11:38:09.209766 [debug]: create_debug_span(...).entered() took 53µs
11:38:09.461079 [debug]: stmt.execute() (submit+wait_for_completion, returns reader) took 795.3996ms
11:38:09.461159 [debug]: reader.schema() took 900ns
11:38:09.466520 [debug]: do_execute(conn) (closure: stmt.execute + schema + batch loop) took 801.477ms
11:38:09.466596 [debug]: concat_batches + normalize_result_column_names took 32.4µs
11:38:09.466613 [debug]: record_current_span_status_from_attrs took 4.7µs
11:38:09.466629 [debug]: Query executed on node model.fintrack_analytics.stg_transactions:
create or replace   view fintrack_db.staging.stg_transactions
  
  
  
  
  as (
    with source as (

    select * from fintrack_db.raw.raw_transactions

),

renamed as (

    select
        id                                      as transaction_id,
        compte_id,
        cast(date_transaction as timestamp_ntz) as date_transaction,
        montant,
        type_operation,
        categorie_id,
        description,
        lower(statut)                            as statut,
        case
            when type_operation = 'credit' then montant
            when type_operation = 'debit'  then -montant
        end                                       as montant_signe

    from source

)

select * from renamed
  )
/* {"app": "dbt", "dbt_version": "2.0.0", "node_id": "model.fintrack_analytics.stg_transactions", "profile_name": "fintrack_analytics", "target_name": "dev"} */
11:38:09.466686 [debug]: drop(query_span_guard) (span exit/export) took 61.9µs
11:38:09.469760 [debug]: Finished connection limit wait [  0.77s]
11:38:09.469704 [info ]: Finished running [  0.83s] model staging.stg_transactions [success]
11:38:09.470698 [info ]:  Succeeded [  0.85s] model staging.stg_transactions (view)
11:38:09.472039 [info ]: Started model staging.int_transactions_enrichies
11:38:09.472089 [debug]: Started rendering model staging.int_transactions_enrichies
11:38:09.474006 [debug]: create_debug_span(...).entered() took 38.7µs
11:38:09.478246 [debug]: Compiled SQL for node model.fintrack_analytics.int_transactions_enrichies at target\compiled\fintrack_analytics\models\intermediate\int_transactions_enrichies.sql
11:38:09.478470 [debug]: Finished rendering [  0.01s] model staging.int_transactions_enrichies [success]
11:38:09.479337 [debug]: Started analyzing model staging.int_transactions_enrichies
11:38:09.493561 [debug]: Finished analyzing [  0.01s] model staging.int_transactions_enrichies [success]
11:38:09.493771 [info ]: Started running model staging.int_transactions_enrichies
11:38:09.493816 [debug]: Started connection limit wait
11:38:09.768302 [debug]: stmt.execute() (submit+wait_for_completion, returns reader) took 557.9709ms
11:38:09.768369 [debug]: reader.schema() took 900ns
11:38:09.771115 [debug]: batch-consume loop (for res in reader) took 2.7092ms
11:38:09.773376 [debug]: do_execute(conn) (closure: stmt.execute + schema + batch loop) took 563.5128ms
11:38:09.773484 [debug]: concat_batches + normalize_result_column_names took 63.7µs
11:38:09.773501 [debug]: record_current_span_status_from_attrs took 5.3µs
11:38:09.773517 [debug]: Query executed on node model.fintrack_analytics.dim_categories:
SHOW OBJECTS IN SCHEMA "FINTRACK_DB"."STAGING_MARTS" LIMIT 10000
11:38:09.773563 [debug]: drop(query_span_guard) (span exit/export) took 51.3µs
11:38:09.779626 [debug]: Writing runtime sql for node "model.fintrack_analytics.dim_categories"
11:38:09.782442 [debug]: create_debug_span(...).entered() took 24.3µs
11:38:09.879923 [debug]: stmt.execute() (submit+wait_for_completion, returns reader) took 405.7703ms
11:38:09.879974 [debug]: reader.schema() took 600ns
11:38:09.882711 [debug]: batch-consume loop (for res in reader) took 2.706ms
11:38:09.885017 [debug]: do_execute(conn) (closure: stmt.execute + schema + batch loop) took 410.9536ms
11:38:09.885121 [debug]: concat_batches + normalize_result_column_names took 60.2µs
11:38:09.885143 [debug]: record_current_span_status_from_attrs took 6.2µs
11:38:09.885163 [debug]: Query executed on node model.fintrack_analytics.dim_comptes:
SHOW OBJECTS IN SCHEMA "FINTRACK_DB"."STAGING_MARTS" LIMIT 10000
11:38:09.885218 [debug]: drop(query_span_guard) (span exit/export) took 61.8µs
11:38:09.890870 [debug]: Writing runtime sql for node "model.fintrack_analytics.dim_comptes"
11:38:09.897757 [debug]: create_debug_span(...).entered() took 58.1µs
11:38:11.963372 [debug]: stmt.execute() (submit+wait_for_completion, returns reader) took 2.0651495s
11:38:11.963398 [debug]: reader.schema() took 400ns
11:38:11.965509 [debug]: do_execute(conn) (closure: stmt.execute + schema + batch loop) took 2.0676705s
11:38:11.965563 [debug]: concat_batches + normalize_result_column_names took 22.8µs
11:38:11.965576 [debug]: record_current_span_status_from_attrs took 3.5µs
11:38:11.965589 [debug]: Query executed on node model.fintrack_analytics.dim_comptes:
create or replace transient  table fintrack_db.staging_marts.dim_comptes
    
    
    
    
    as (select
    compte_id,
    nom_client,
    email,
    type_compte,
    date_ouverture,
    solde_initial,
    statut,
    datediff('day', date_ouverture, current_date()) as anciennete_jours,

    -- Bonus 8.1 : clé de substitution via dbt-utils (nécessite `dbt deps`)
    md5(cast(coalesce(cast(compte_id as TEXT), '_dbt_utils_surrogate_key_null_') as TEXT)) as compte_sk

from fintrack_db.staging.stg_comptes
    )

/* {"app": "dbt", "dbt_version": "2.0.0", "node_id": "model.fintrack_analytics.dim_comptes", "profile_name": "fintrack_analytics", "target_name": "dev"} */
11:38:11.965626 [debug]: drop(query_span_guard) (span exit/export) took 41.9µs
11:38:11.967300 [debug]: Finished connection limit wait [  2.47s]
11:38:11.967301 [info ]: Finished running [  2.50s] model staging_marts.dim_comptes [success]
11:38:11.967453 [info ]:  Succeeded [  2.54s] model staging_marts.dim_comptes (table)
11:38:11.968143 [info ]: Finished running [  0.00s] model staging.int_transactions_enrichies [no-op]
11:38:11.968255 [info ]:    Skipped [-------] model staging.int_transactions_enrichies (ephemeral)
11:38:11.968299 [info ]: Started model staging_marts.fct_transactions
11:38:11.968364 [debug]: Started rendering model staging_marts.fct_transactions
11:38:11.971829 [debug]: Compiled SQL for node model.fintrack_analytics.fct_transactions at target\compiled\fintrack_analytics\models\marts\fct_transactions.sql
11:38:11.971993 [debug]: Finished rendering [  0.00s] model staging_marts.fct_transactions [success]
11:38:11.972155 [debug]: Started analyzing model staging_marts.fct_transactions
11:38:11.978594 [debug]: Finished analyzing [  0.01s] model staging_marts.fct_transactions [success]
11:38:11.979061 [info ]: Started running model staging_marts.fct_transactions
11:38:11.982620 [debug]: Writing runtime sql for node "model.fintrack_analytics.fct_transactions"
11:38:11.986231 [debug]: create_debug_span(...).entered() took 44µs
11:38:12.006881 [debug]: stmt.execute() (submit+wait_for_completion, returns reader) took 2.2243223s
11:38:12.006904 [debug]: reader.schema() took 400ns
11:38:12.008704 [debug]: do_execute(conn) (closure: stmt.execute + schema + batch loop) took 2.2262137s
11:38:12.008750 [debug]: concat_batches + normalize_result_column_names took 18.1µs
11:38:12.008766 [debug]: record_current_span_status_from_attrs took 4.3µs
11:38:12.008784 [debug]: Query executed on node model.fintrack_analytics.dim_categories:
create or replace transient  table fintrack_db.staging_marts.dim_categories
    
    
    
    
    as (select
    categorie_id,
    nom_categorie,
    type_categorie,
    groupe
from fintrack_db.staging.stg_categories
    )

/* {"app": "dbt", "dbt_version": "2.0.0", "node_id": "model.fintrack_analytics.dim_categories", "profile_name": "fintrack_analytics", "target_name": "dev"} */
11:38:12.008822 [debug]: drop(query_span_guard) (span exit/export) took 41.2µs
11:38:12.011157 [info ]: Finished running [  2.81s] model staging_marts.dim_categories [success]
11:38:12.011328 [info ]:  Succeeded [  2.81s] model staging_marts.dim_categories (table)
11:38:14.070286 [debug]: stmt.execute() (submit+wait_for_completion, returns reader) took 2.0838329s
11:38:14.070318 [debug]: reader.schema() took 500ns
11:38:14.071984 [debug]: do_execute(conn) (closure: stmt.execute + schema + batch loop) took 2.0857076s
11:38:14.072027 [debug]: concat_batches + normalize_result_column_names took 22.5µs
11:38:14.072035 [debug]: record_current_span_status_from_attrs took 3.1µs
11:38:14.072044 [debug]: Query executed on node model.fintrack_analytics.fct_transactions:
create or replace transient  table fintrack_db.staging_marts.fct_transactions
    
    
    
    
    as (with __dbt__cte__int_transactions_enrichies as (
-- Modèle éphémère : injecté comme CTE dans fct_transactions, ne crée pas d'objet en base.
with transactions as (

    select * from fintrack_db.staging.stg_transactions

),

comptes as (

    select * from fintrack_db.staging.stg_comptes

),

categories as (

    select * from fintrack_db.staging.stg_categories

),

enrichi as (

    select
        t.transaction_id,
        t.compte_id,
        c.nom_client,
        c.type_compte,
        t.date_transaction,
        date_trunc('month', t.date_transaction)::date as mois_transaction,
        t.montant,
        t.montant_signe,
        t.type_operation,
        t.categorie_id,
        cat.nom_categorie,
        cat.type_categorie,
        cat.groupe,
        t.description,
        t.statut

    from transactions t
    left join comptes    c   on t.compte_id    = c.compte_id
    left join categories cat on t.categorie_id = cat.categorie_id

)

select * from enrichi
)
--EPHEMERAL-SELECT-WRAPPER-START
select * from (
select
    transaction_id,
    compte_id,
    categorie_id,
    date_transaction,
    mois_transaction,
    montant,
    montant_signe,
    type_operation,
    nom_client,
    type_compte,
    nom_categorie,
    type_categorie,
    groupe,
    description,
    statut

from __dbt__cte__int_transactions_enrichies

-- On ne garde que les transactions confirmées dans les analyses financières
where statut = 'validee'
--EPHEMERAL-SELECT-WRAPPER-END
)
    )

/* {"app": "dbt", "dbt_version": "2.0.0", "node_id": "model.fintrack_analytics.fct_transactions", "profile_name": "fintrack_analytics", "target_name": "dev"} */
11:38:14.072071 [debug]: drop(query_span_guard) (span exit/export) took 30.5µs
11:38:14.073441 [info ]: Finished running [  2.09s] model staging_marts.fct_transactions [success]
11:38:14.073545 [info ]:  Succeeded [  2.10s] model staging_marts.fct_transactions (table)
11:38:14.074092 [info ]: Started model staging_marts.mart_budget_vs_reel
11:38:14.074107 [debug]: Started rendering model staging_marts.mart_budget_vs_reel
11:38:14.074131 [info ]: Started model staging_marts.mart_top_depenses
11:38:14.074140 [debug]: Started rendering model staging_marts.mart_top_depenses
11:38:14.074155 [info ]: Started model staging_marts.mart_solde_mensuel
11:38:14.074169 [debug]: Started rendering model staging_marts.mart_solde_mensuel
11:38:14.078222 [debug]: Compiled SQL for node model.fintrack_analytics.mart_top_depenses at target\compiled\fintrack_analytics\models\marts\mart_top_depenses.sql
11:38:14.078342 [debug]: Compiled SQL for node model.fintrack_analytics.mart_solde_mensuel at target\compiled\fintrack_analytics\models\marts\mart_solde_mensuel.sql
11:38:14.078655 [debug]: Compiled SQL for node model.fintrack_analytics.mart_budget_vs_reel at target\compiled\fintrack_analytics\models\marts\mart_budget_vs_reel.sql
11:38:14.078382 [debug]: Finished rendering [  0.00s] model staging_marts.mart_top_depenses [success]
11:38:14.078880 [debug]: Started analyzing model staging_marts.mart_top_depenses
11:38:14.078923 [debug]: Finished rendering [  0.00s] model staging_marts.mart_solde_mensuel [success]
11:38:14.079245 [debug]: Started analyzing model staging_marts.mart_solde_mensuel
11:38:14.079289 [debug]: Finished rendering [  0.01s] model staging_marts.mart_budget_vs_reel [success]
11:38:14.079452 [info ]: Finished rendering [  7.74s] (11 nodes, 0 skipped, 0 errors)
11:38:14.080854 [debug]: Started analyzing model staging_marts.mart_budget_vs_reel
11:38:14.086491 [debug]: Finished analyzing [  0.01s] model staging_marts.mart_top_depenses [success]
11:38:14.086626 [info ]: Started running model staging_marts.mart_top_depenses
11:38:14.090681 [debug]: Writing runtime sql for node "model.fintrack_analytics.mart_top_depenses"
11:38:14.091183 [debug]: Finished analyzing [  0.01s] model staging_marts.mart_solde_mensuel [success]
11:38:14.091371 [info ]: Started running model staging_marts.mart_solde_mensuel
11:38:14.092894 [debug]: create_debug_span(...).entered() took 36.2µs
11:38:14.095731 [debug]: Writing runtime sql for node "model.fintrack_analytics.mart_solde_mensuel"
11:38:14.097505 [debug]: Finished analyzing [  0.02s] model staging_marts.mart_budget_vs_reel [success]
11:38:14.097993 [debug]: create_debug_span(...).entered() took 20.6µs
11:38:14.097658 [info ]: Finished analyzing [  7.75s] (11 nodes, 0 skipped, 0 errors)
11:38:14.098232 [info ]: Started running model staging_marts.mart_budget_vs_reel
11:38:14.098286 [debug]: Started connection limit wait
11:38:15.155735 [debug]: stmt.execute() (submit+wait_for_completion, returns reader) took 1.0625897s
11:38:15.155812 [debug]: reader.schema() took 900ns
11:38:15.161986 [debug]: do_execute(conn) (closure: stmt.execute + schema + batch loop) took 1.0690409s
11:38:15.162023 [debug]: concat_batches + normalize_result_column_names took 16µs
11:38:15.162032 [debug]: record_current_span_status_from_attrs took 3µs
11:38:15.162040 [debug]: Query executed on node model.fintrack_analytics.mart_top_depenses:
create or replace transient  table fintrack_db.staging_marts.mart_top_depenses
    
    
    
    
    as (-- Bonus 8.2 : top 3 des catégories de dépenses par compte.
with depenses_categorie as (

    select
        compte_id,
        nom_client,
        categorie_id,
        nom_categorie,
        sum(montant) as total_depense

    from fintrack_db.staging_marts.fct_transactions
    where type_operation = 'debit'
    group by compte_id, nom_client, categorie_id, nom_categorie

),

classement as (

    select
        *,
        row_number() over (partition by compte_id order by total_depense desc) as rang

    from depenses_categorie

)

select *
from classement
where rang <= 3
    )

/* {"app": "dbt", "dbt_version": "2.0.0", "node_id": "model.fintrack_analytics.mart_top_depenses", "profile_name": "fintrack_analytics", "target_name": "dev"} */
11:38:15.162070 [debug]: drop(query_span_guard) (span exit/export) took 32.4µs
11:38:15.163297 [debug]: Finished connection limit wait [  1.07s]
11:38:15.163298 [info ]: Finished running [  1.08s] model staging_marts.mart_top_depenses [success]
11:38:15.163404 [info ]:  Succeeded [  1.09s] model staging_marts.mart_top_depenses (table)
11:38:15.166017 [debug]: Writing runtime sql for node "model.fintrack_analytics.mart_budget_vs_reel"
11:38:15.167339 [debug]: create_debug_span(...).entered() took 16.4µs
11:38:15.760506 [debug]: stmt.execute() (submit+wait_for_completion, returns reader) took 1.6623347s
11:38:15.760617 [debug]: reader.schema() took 1.1µs
11:38:15.766787 [debug]: do_execute(conn) (closure: stmt.execute + schema + batch loop) took 1.6687281s
11:38:15.766930 [debug]: concat_batches + normalize_result_column_names took 67.4µs
11:38:15.766961 [debug]: record_current_span_status_from_attrs took 9.3µs
11:38:15.766990 [debug]: Query executed on node model.fintrack_analytics.mart_solde_mensuel:
create or replace transient  table fintrack_db.staging_marts.mart_solde_mensuel
    
    
    
    
    as (with mensuel as (

    select
        compte_id,
        mois_transaction as mois,
        sum(case when type_operation = 'credit' then montant else 0 end) as total_credits,
        sum(case when type_operation = 'debit'  then montant else 0 end) as total_debits,
        sum(montant_signe) as solde_net_mois

    from fintrack_db.staging_marts.fct_transactions
    group by compte_id, mois_transaction

),

avec_solde_initial as (

    select
        m.*,
        c.solde_initial

    from mensuel m
    left join fintrack_db.staging_marts.dim_comptes c on m.compte_id = c.compte_id

)

select
    compte_id,
    mois,
    total_credits,
    total_debits,
    solde_net_mois,

    -- Solde cumulé depuis l'ouverture : solde initial + somme des soldes nets mensuels
    -- de tous les mois précédents (inclus) pour ce compte.
    solde_initial + sum(solde_net_mois) over (
        partition by compte_id
        order by mois
        rows between unbounded preceding and current row
    ) as solde_cumule

from avec_solde_initial
    )

/* {"app": "dbt", "dbt_version": "2.0.0", "node_id": "model.fintrack_analytics.mart_solde_mensuel", "profile_name": "fintrack_analytics", "target_name": "dev"} */
11:38:15.767096 [debug]: drop(query_span_guard) (span exit/export) took 117.3µs
11:38:15.772414 [info ]: Finished running [  1.68s] model staging_marts.mart_solde_mensuel [success]
11:38:15.772855 [info ]:  Succeeded [  1.70s] model staging_marts.mart_solde_mensuel (table)
11:38:17.213363 [debug]: stmt.execute() (submit+wait_for_completion, returns reader) took 2.0459296s
11:38:17.213458 [debug]: reader.schema() took 1.2µs
11:38:17.218581 [debug]: do_execute(conn) (closure: stmt.execute + schema + batch loop) took 2.0512024s
11:38:17.218694 [debug]: concat_batches + normalize_result_column_names took 55.7µs
11:38:17.218713 [debug]: record_current_span_status_from_attrs took 5µs
11:38:17.218732 [debug]: Query executed on node model.fintrack_analytics.mart_budget_vs_reel:
create or replace transient  table fintrack_db.staging_marts.mart_budget_vs_reel
    
    
    
    
    as (with budgets_agreges as (

    select
        compte_id,
        categorie_id,
        mois,
        sum(montant_prevu) as montant_prevu

    from fintrack_db.staging.stg_budgets
    group by compte_id, categorie_id, mois

),

depenses_agregees as (

    select
        compte_id,
        categorie_id,
        mois_transaction as mois,
        sum(montant) as montant_reel

    from fintrack_db.staging_marts.fct_transactions
    where type_operation = 'debit'
    group by compte_id, categorie_id, mois_transaction

),

rapproche as (

    select
        coalesce(b.compte_id, d.compte_id)       as compte_id,
        coalesce(b.categorie_id, d.categorie_id) as categorie_id,
        coalesce(b.mois, d.mois)                 as mois,
        coalesce(b.montant_prevu, 0)             as montant_prevu,
        coalesce(d.montant_reel, 0)              as montant_reel

    from budgets_agreges b
    full outer join depenses_agregees d
        on  b.compte_id    = d.compte_id
        and b.categorie_id = d.categorie_id
        and b.mois          = d.mois

)

select
    r.compte_id,
    c.nom_client,
    r.categorie_id,
    cat.nom_categorie,
    r.mois,
    r.montant_prevu,
    r.montant_reel,
    r.montant_reel - r.montant_prevu as ecart,
    r.montant_reel > r.montant_prevu as depassement

from rapproche r
left join fintrack_db.staging_marts.dim_comptes    c   on r.compte_id    = c.compte_id
left join fintrack_db.staging_marts.dim_categories cat on r.categorie_id = cat.categorie_id
    )

/* {"app": "dbt", "dbt_version": "2.0.0", "node_id": "model.fintrack_analytics.mart_budget_vs_reel", "profile_name": "fintrack_analytics", "target_name": "dev"} */
11:38:17.218797 [debug]: drop(query_span_guard) (span exit/export) took 72.6µs
11:38:17.222078 [info ]: Finished running [  2.06s] model staging_marts.mart_budget_vs_reel [success]
11:38:17.222647 [info ]: Finished running [ 10.86s] (11 nodes, 1 skipped, 0 errors)
11:38:17.223564 [info ]:  Succeeded [  2.08s] model staging_marts.mart_budget_vs_reel (table)
11:38:17.527189 [info ]: 
==================== Execution Summary =====================
Finished 'run' successfully for target 'dev' [13.9s]
Processed: 11 models
Summary: 11 total | 10 success | 1 no-op
==================== 2026-09-03T11:38:32.395316Z | 01a06710-3c47-74b0-9678-d00bdd9882ef ====================
11:38:32.395558 [info ]: dbt-fusion 2.0.0-preview.218
11:38:32.396024 [info ]: Started loading project
11:38:32.400256 [info ]: Loading ~/.dbt/profiles.yml
11:38:32.413821 [info ]: Loading packages.yml
11:38:32.414374 [debug]:    Started loading packages
11:38:32.430593 [debug]:     Loaded [  0.02s] packages
11:38:32.431625 [info ]: Finished loading project [  0.04s]
11:38:32.432665 [info ]: Started parsing
11:38:32.490573 [debug]: Finished parsing models/marts/_marts_schema.yml [  0.00s]
11:38:32.491002 [debug]: Finished parsing models/staging/_stg_schema.yml [  0.00s]
11:38:32.491321 [debug]: Finished parsing models/staging/_stg_sources.yml [  0.00s]
11:38:32.494680 [debug]: Finished parsing snapshots\snapshot_comptes.sql [  0.00s]
11:38:32.497328 [debug]: Finished parsing models/intermediate/int_transactions_enrichies.sql [  0.00s]
11:38:32.497831 [debug]: Finished parsing models/marts/dim_categories.sql [  0.00s]
11:38:32.498596 [debug]: Finished parsing models/marts/dim_comptes.sql [  0.00s]
11:38:32.499079 [debug]: Finished parsing models/marts/fct_transactions.sql [  0.00s]
11:38:32.499618 [debug]: Finished parsing models/marts/mart_budget_vs_reel.sql [  0.00s]
11:38:32.500118 [debug]: Finished parsing models/marts/mart_solde_mensuel.sql [  0.00s]
11:38:32.500640 [debug]: Finished parsing models/marts/mart_top_depenses.sql [  0.00s]
11:38:32.501214 [debug]: Finished parsing models/staging/stg_budgets.sql [  0.00s]
11:38:32.502110 [debug]: Finished parsing models/staging/stg_categories.sql [  0.00s]
11:38:32.503061 [debug]: Finished parsing models/staging/stg_comptes.sql [  0.00s]
11:38:32.503941 [debug]: Finished parsing models/staging/stg_transactions.sql [  0.00s]
11:38:32.530851 [debug]: Finished parsing tests/assert_solde_mensuel_positif.sql [  0.00s]
11:38:32.531481 [debug]: Finished parsing target\generic_tests\unique_dim_categories_categorie_id.sql [  0.00s]
11:38:32.532071 [debug]: Finished parsing target\generic_tests\not_null_dim_categories_categorie_id.sql [  0.00s]
11:38:32.532584 [debug]: Finished parsing target\generic_tests\unique_dim_comptes_compte_id.sql [  0.00s]
11:38:32.533119 [debug]: Finished parsing target\generic_tests\not_null_dim_comptes_compte_id.sql [  0.00s]
11:38:32.533621 [debug]: Finished parsing target\generic_tests\unique_fct_transactions_transaction_id.sql [  0.00s]
11:38:32.534191 [debug]: Finished parsing target\generic_tests\not_null_fct_transactions_transaction_id.sql [  0.00s]
11:38:32.534964 [debug]: Finished parsing target\generic_tests\unique_stg_budgets_budget_id.sql [  0.00s]
11:38:32.535942 [debug]: Finished parsing target\generic_tests\not_null_stg_budgets_budget_id.sql [  0.00s]
11:38:32.536907 [debug]: Finished parsing target\generic_tests\unique_stg_categories_categorie_id.sql [  0.00s]
11:38:32.537583 [debug]: Finished parsing target\generic_tests\not_null_stg_categories_categorie_id.sql [  0.00s]
11:38:32.538109 [debug]: Finished parsing target\generic_tests\unique_stg_comptes_compte_id.sql [  0.00s]
11:38:32.538653 [debug]: Finished parsing target\generic_tests\not_null_stg_comptes_compte_id.sql [  0.00s]
11:38:32.539265 [debug]: Finished parsing target\generic_tests\accepted_values_stg_comptes_statut__actif__inactif__cloture.sql [  0.00s]
11:38:32.539811 [debug]: Finished parsing target\generic_tests\accepted_values_stg_comptes_f1faed08d9c87f7483d3a3bcc8a81daa.sql [  0.00s]
11:38:32.540340 [debug]: Finished parsing target\generic_tests\relationships_stg_transactions_985ebbdbfd283785f0e58047e4f6b5ed.sql [  0.00s]
11:38:32.540850 [debug]: Finished parsing target\generic_tests\unique_stg_transactions_transaction_id.sql [  0.00s]
11:38:32.541385 [debug]: Finished parsing target\generic_tests\not_null_stg_transactions_transaction_id.sql [  0.00s]
11:38:32.727329 [info ]: Finished parsing [  0.29s]
11:38:32.728653 [info ]: Started scheduling
11:38:32.729054 [info ]: Finished scheduling [  0.00s]
11:38:32.733077 [debug]: Initializing schema store with entry: Frontier(CanonicalFqn { catalog: "FINTRACK_DB", schema: "STAGING", table: "STG_BUDGETS" }) and interval: None
11:38:32.733104 [debug]: Initializing schema store with entry: Frontier(CanonicalFqn { catalog: "FINTRACK_DB", schema: "STAGING_MARTS", table: "DIM_COMPTES" }) and interval: None
11:38:32.733110 [debug]: Initializing schema store with entry: Frontier(CanonicalFqn { catalog: "FINTRACK_DB", schema: "STAGING", table: "STG_CATEGORIES" }) and interval: None
11:38:32.733114 [debug]: Initializing schema store with entry: Frontier(CanonicalFqn { catalog: "FINTRACK_DB", schema: "STAGING", table: "STG_COMPTES" }) and interval: None
11:38:32.733117 [debug]: Initializing schema store with entry: Frontier(CanonicalFqn { catalog: "FINTRACK_DB", schema: "STAGING_MARTS", table: "DIM_CATEGORIES" }) and interval: None
11:38:32.733121 [debug]: Initializing schema store with entry: Frontier(CanonicalFqn { catalog: "FINTRACK_DB", schema: "STAGING_MARTS", table: "FCT_TRANSACTIONS" }) and interval: None
11:38:32.733125 [debug]: Initializing schema store with entry: Frontier(CanonicalFqn { catalog: "FINTRACK_DB", schema: "STAGING_MARTS", table: "MART_SOLDE_MENSUEL" }) and interval: None
11:38:32.733129 [debug]: Initializing schema store with entry: Frontier(CanonicalFqn { catalog: "FINTRACK_DB", schema: "STAGING", table: "STG_TRANSACTIONS" }) and interval: None
11:38:32.790484 [info ]: Started building task graph
11:38:32.791449 [info ]: Finished building task graph [  0.00s]
11:38:32.799638 [info ]: Started rendering (18 nodes)
11:38:32.799796 [info ]: Started test staging_dbt_test__audit.unique_stg_transactions_transaction_id
11:38:32.799809 [debug]: Started rendering test staging_dbt_test__audit.unique_stg_transactions_transaction_id
11:38:32.799848 [info ]: Started test staging_dbt_test__audit.unique_stg_comptes_compte_id
11:38:32.799866 [debug]: Started rendering test staging_dbt_test__audit.unique_stg_comptes_compte_id
11:38:32.799898 [info ]: Started test staging_dbt_test__audit.unique_stg_categories_categorie_id
11:38:32.799920 [debug]: Started rendering test staging_dbt_test__audit.unique_stg_categories_categorie_id
11:38:32.799960 [info ]: Started test staging_dbt_test__audit.unique_stg_budgets_budget_id
11:38:32.799981 [debug]: Started rendering test staging_dbt_test__audit.unique_stg_budgets_budget_id
11:38:32.800015 [info ]: Started test staging_dbt_test__audit.unique_fct_transactions_transaction_id
11:38:32.800048 [debug]: Started rendering test staging_dbt_test__audit.unique_fct_transactions_transaction_id
11:38:32.800090 [info ]: Started test staging_dbt_test__audit.unique_dim_comptes_compte_id
11:38:32.800175 [debug]: Started rendering test staging_dbt_test__audit.unique_dim_comptes_compte_id
11:38:32.800210 [info ]: Started test staging_dbt_test__audit.unique_dim_categories_categorie_id
11:38:32.800293 [debug]: Started rendering test staging_dbt_test__audit.unique_dim_categories_categorie_id
11:38:32.800345 [info ]: Started test staging_dbt_test__audit.relationships_stg_transactions_compte_id__compte_id__ref_stg_comptes_
11:38:32.800372 [debug]: Started rendering test staging_dbt_test__audit.relationships_stg_transactions_compte_id__compte_id__ref_stg_comptes_
11:38:32.800411 [info ]: Started test staging_dbt_test__audit.not_null_stg_transactions_transaction_id
11:38:32.800458 [debug]: Started rendering test staging_dbt_test__audit.not_null_stg_transactions_transaction_id
11:38:32.800496 [info ]: Started test staging_dbt_test__audit.not_null_stg_comptes_compte_id
11:38:32.800512 [debug]: Started rendering test staging_dbt_test__audit.not_null_stg_comptes_compte_id
11:38:32.800544 [info ]: Started test staging_dbt_test__audit.not_null_stg_categories_categorie_id
11:38:32.800569 [debug]: Started rendering test staging_dbt_test__audit.not_null_stg_categories_categorie_id
11:38:32.800605 [info ]: Started test staging_dbt_test__audit.not_null_stg_budgets_budget_id
11:38:32.800626 [debug]: Started rendering test staging_dbt_test__audit.not_null_stg_budgets_budget_id
11:38:32.800658 [info ]: Started test staging_dbt_test__audit.not_null_fct_transactions_transaction_id
11:38:32.800678 [debug]: Started rendering test staging_dbt_test__audit.not_null_fct_transactions_transaction_id
11:38:32.800711 [info ]: Started test staging_dbt_test__audit.not_null_dim_comptes_compte_id
11:38:32.800729 [debug]: Started rendering test staging_dbt_test__audit.not_null_dim_comptes_compte_id
11:38:32.800760 [info ]: Started test staging_dbt_test__audit.not_null_dim_categories_categorie_id
11:38:32.800773 [debug]: Started rendering test staging_dbt_test__audit.not_null_dim_categories_categorie_id
11:38:32.800806 [info ]: Started test staging_dbt_test__audit.assert_solde_mensuel_positif
11:38:32.800826 [debug]: Started rendering test staging_dbt_test__audit.assert_solde_mensuel_positif
11:38:32.800852 [info ]: Started test staging_dbt_test__audit.accepted_values_stg_comptes_type_compte__courant__epargne__joint
11:38:32.800870 [debug]: Started rendering test staging_dbt_test__audit.accepted_values_stg_comptes_type_compte__courant__epargne__joint
11:38:32.800902 [info ]: Started test staging_dbt_test__audit.accepted_values_stg_comptes_statut__actif__inactif__cloture
11:38:32.800918 [debug]: Started rendering test staging_dbt_test__audit.accepted_values_stg_comptes_statut__actif__inactif__cloture
11:38:32.806357 [debug]: Compiled SQL for node test.fintrack_analytics.assert_solde_mensuel_positif at target\compiled\fintrack_analytics\tests\assert_solde_mensuel_positif.sql
11:38:32.806871 [debug]: Finished rendering [  0.01s] test staging_dbt_test__audit.assert_solde_mensuel_positif [success]
11:38:32.807794 [info ]: Started analyzing (18 nodes)
11:38:32.808007 [debug]: Started analyzing test staging_dbt_test__audit.assert_solde_mensuel_positif
11:38:32.816205 [debug]: Compiled SQL for node test.fintrack_analytics.unique_stg_budgets_budget_id.effb4c8d16 at target\compiled\fintrack_analytics\target\generic_tests\unique_stg_budgets_budget_id.sql
11:38:32.816381 [debug]: Finished rendering [  0.02s] test staging_dbt_test__audit.unique_stg_budgets_budget_id [success]
11:38:32.824514 [debug]: Started analyzing test staging_dbt_test__audit.unique_stg_budgets_budget_id
11:38:32.840470 [debug]: Compiled SQL for node test.fintrack_analytics.unique_stg_transactions_transaction_id.ee9a78a396 at target\compiled\fintrack_analytics\target\generic_tests\unique_stg_transactions_transaction_id.sql
11:38:32.840799 [debug]: Compiled SQL for node test.fintrack_analytics.not_null_stg_transactions_transaction_id.1d00a8e2e4 at target\compiled\fintrack_analytics\target\generic_tests\not_null_stg_transactions_transaction_id.sql
11:38:32.844004 [debug]: Compiled SQL for node test.fintrack_analytics.not_null_dim_comptes_compte_id.2e372eb672 at target\compiled\fintrack_analytics\target\generic_tests\not_null_dim_comptes_compte_id.sql
11:38:32.852589 [debug]: Compiled SQL for node test.fintrack_analytics.unique_fct_transactions_transaction_id.c963611c53 at target\compiled\fintrack_analytics\target\generic_tests\unique_fct_transactions_transaction_id.sql
11:38:32.857157 [debug]: Compiled SQL for node test.fintrack_analytics.not_null_stg_categories_categorie_id.3e2fb4d400 at target\compiled\fintrack_analytics\target\generic_tests\not_null_stg_categories_categorie_id.sql
11:38:32.859382 [debug]: Compiled SQL for node test.fintrack_analytics.unique_stg_categories_categorie_id.ab16992ac3 at target\compiled\fintrack_analytics\target\generic_tests\unique_stg_categories_categorie_id.sql
11:38:32.861863 [debug]: Compiled SQL for node test.fintrack_analytics.not_null_dim_categories_categorie_id.93562953fd at target\compiled\fintrack_analytics\target\generic_tests\not_null_dim_categories_categorie_id.sql
11:38:32.861884 [debug]: Compiled SQL for node test.fintrack_analytics.relationships_stg_transactions_compte_id__compte_id__ref_stg_comptes_.6bb5c74007 at target\compiled\fintrack_analytics\target\generic_tests\relationships_stg_transactions_985ebbdbfd283785f0e58047e4f6b5ed.sql
11:38:32.869158 [debug]: Compiled SQL for node test.fintrack_analytics.not_null_stg_budgets_budget_id.ad1ccf4381 at target\compiled\fintrack_analytics\target\generic_tests\not_null_stg_budgets_budget_id.sql
11:38:32.871209 [debug]: Compiled SQL for node test.fintrack_analytics.unique_dim_comptes_compte_id.31a8b2a237 at target\compiled\fintrack_analytics\target\generic_tests\unique_dim_comptes_compte_id.sql
11:38:32.878800 [debug]: Compiled SQL for node test.fintrack_analytics.not_null_stg_comptes_compte_id.c12e0b3b3b at target\compiled\fintrack_analytics\target\generic_tests\not_null_stg_comptes_compte_id.sql
11:38:32.881678 [debug]: Compiled SQL for node test.fintrack_analytics.accepted_values_stg_comptes_statut__actif__inactif__cloture.f56d9561d0 at target\compiled\fintrack_analytics\target\generic_tests\accepted_values_stg_comptes_statut__actif__inactif__cloture.sql
11:38:32.885181 [debug]: Compiled SQL for node test.fintrack_analytics.not_null_fct_transactions_transaction_id.2c6b5372aa at target\compiled\fintrack_analytics\target\generic_tests\not_null_fct_transactions_transaction_id.sql
11:38:32.888214 [debug]: Compiled SQL for node test.fintrack_analytics.accepted_values_stg_comptes_type_compte__courant__epargne__joint.ff87077911 at target\compiled\fintrack_analytics\target\generic_tests\accepted_values_stg_comptes_f1faed08d9c87f7483d3a3bcc8a81daa.sql
11:38:32.891364 [debug]: Compiled SQL for node test.fintrack_analytics.unique_stg_comptes_compte_id.ca647be308 at target\compiled\fintrack_analytics\target\generic_tests\unique_stg_comptes_compte_id.sql
11:38:32.891506 [debug]: Compiled SQL for node test.fintrack_analytics.unique_dim_categories_categorie_id.86b0ecf635 at target\compiled\fintrack_analytics\target\generic_tests\unique_dim_categories_categorie_id.sql
11:38:32.834245 [debug]: Finished analyzing [  0.01s] test staging_dbt_test__audit.unique_stg_budgets_budget_id [success]
11:38:32.903399 [info ]: Started running (18 nodes)
11:38:32.903588 [info ]: Started running test staging_dbt_test__audit.unique_stg_budgets_budget_id
11:38:32.903655 [debug]: Finished analyzing [  0.10s] test staging_dbt_test__audit.assert_solde_mensuel_positif [success]
11:38:32.904147 [info ]: Started running test staging_dbt_test__audit.assert_solde_mensuel_positif
11:38:32.904190 [debug]: Finished rendering [  0.10s] test staging_dbt_test__audit.unique_stg_transactions_transaction_id [success]
11:38:32.904672 [debug]: Started analyzing test staging_dbt_test__audit.unique_stg_transactions_transaction_id
11:38:32.904721 [debug]: Finished rendering [  0.10s] test staging_dbt_test__audit.not_null_stg_transactions_transaction_id [success]
11:38:32.905149 [debug]: Started analyzing test staging_dbt_test__audit.not_null_stg_transactions_transaction_id
11:38:32.905196 [debug]: Finished rendering [  0.10s] test staging_dbt_test__audit.not_null_dim_comptes_compte_id [success]
11:38:32.905578 [debug]: Started analyzing test staging_dbt_test__audit.not_null_dim_comptes_compte_id
11:38:32.905622 [debug]: Finished rendering [  0.11s] test staging_dbt_test__audit.unique_fct_transactions_transaction_id [success]
11:38:32.906138 [debug]: Started analyzing test staging_dbt_test__audit.unique_fct_transactions_transaction_id
11:38:32.906175 [debug]: Finished rendering [  0.11s] test staging_dbt_test__audit.not_null_stg_categories_categorie_id [success]
11:38:32.906579 [debug]: Started analyzing test staging_dbt_test__audit.not_null_stg_categories_categorie_id
11:38:32.906616 [debug]: Finished rendering [  0.11s] test staging_dbt_test__audit.unique_stg_categories_categorie_id [success]
11:38:32.907231 [debug]: Started analyzing test staging_dbt_test__audit.unique_stg_categories_categorie_id
11:38:32.907292 [debug]: Finished rendering [  0.11s] test staging_dbt_test__audit.not_null_dim_categories_categorie_id [success]
11:38:32.908544 [debug]: Started analyzing test staging_dbt_test__audit.not_null_dim_categories_categorie_id
11:38:32.908974 [debug]: Writing runtime sql for node "test.fintrack_analytics.unique_stg_budgets_budget_id.effb4c8d16"
11:38:32.909068 [debug]: Writing runtime sql for node "test.fintrack_analytics.assert_solde_mensuel_positif"
11:38:32.908591 [debug]: Finished rendering [  0.11s] test staging_dbt_test__audit.relationships_stg_transactions_compte_id__compte_id__ref_stg_comptes_ [success]
11:38:32.909770 [debug]: Started analyzing test staging_dbt_test__audit.relationships_stg_transactions_compte_id__compte_id__ref_stg_comptes_
11:38:32.909842 [debug]: Finished rendering [  0.11s] test staging_dbt_test__audit.not_null_stg_budgets_budget_id [success]
11:38:32.911328 [debug]: Started analyzing test staging_dbt_test__audit.not_null_stg_budgets_budget_id
11:38:32.911409 [debug]: Snowflake driver resolved: snowflake 0.21.0.dev+dbt0.21.17
11:38:32.911374 [debug]: Finished rendering [  0.11s] test staging_dbt_test__audit.unique_dim_comptes_compte_id [success]
11:38:32.912521 [debug]: Started analyzing test staging_dbt_test__audit.unique_dim_comptes_compte_id
11:38:32.912576 [debug]: Finished rendering [  0.11s] test staging_dbt_test__audit.not_null_stg_comptes_compte_id [success]
11:38:32.913261 [debug]: Started analyzing test staging_dbt_test__audit.not_null_stg_comptes_compte_id
11:38:32.913319 [debug]: Finished rendering [  0.11s] test staging_dbt_test__audit.accepted_values_stg_comptes_statut__actif__inactif__cloture [success]
11:38:32.913802 [debug]: Started analyzing test staging_dbt_test__audit.accepted_values_stg_comptes_statut__actif__inactif__cloture
11:38:32.913851 [debug]: Finished rendering [  0.11s] test staging_dbt_test__audit.not_null_fct_transactions_transaction_id [success]
11:38:32.916509 [debug]: Started analyzing test staging_dbt_test__audit.not_null_fct_transactions_transaction_id
11:38:32.916566 [debug]: Finished rendering [  0.12s] test staging_dbt_test__audit.accepted_values_stg_comptes_type_compte__courant__epargne__joint [success]
11:38:32.917339 [debug]: Started analyzing test staging_dbt_test__audit.accepted_values_stg_comptes_type_compte__courant__epargne__joint
11:38:32.917391 [debug]: Finished rendering [  0.12s] test staging_dbt_test__audit.unique_stg_comptes_compte_id [success]
11:38:32.920846 [debug]: Started analyzing test staging_dbt_test__audit.unique_stg_comptes_compte_id
11:38:32.920914 [debug]: Finished rendering [  0.12s] test staging_dbt_test__audit.unique_dim_categories_categorie_id [success]
11:38:32.921085 [info ]: Finished rendering [  0.12s] (18 nodes, 0 skipped, 0 errors)
11:38:32.921822 [debug]: Started analyzing test staging_dbt_test__audit.unique_dim_categories_categorie_id
11:38:32.921892 [debug]: Finished analyzing [  0.02s] test staging_dbt_test__audit.unique_stg_transactions_transaction_id [success]
11:38:32.922372 [info ]: Started running test staging_dbt_test__audit.unique_stg_transactions_transaction_id
11:38:32.922476 [debug]: Started connection limit wait
11:38:32.922424 [debug]: Finished analyzing [  0.02s] test staging_dbt_test__audit.not_null_stg_transactions_transaction_id [success]
11:38:32.922720 [info ]: Started running test staging_dbt_test__audit.not_null_stg_transactions_transaction_id
11:38:32.922806 [debug]: Started connection limit wait
11:38:32.922765 [debug]: Finished analyzing [  0.02s] test staging_dbt_test__audit.not_null_dim_comptes_compte_id [success]
11:38:32.922908 [info ]: Started running test staging_dbt_test__audit.not_null_dim_comptes_compte_id
11:38:32.922984 [debug]: Started connection limit wait
11:38:32.922948 [debug]: Finished analyzing [  0.02s] test staging_dbt_test__audit.unique_fct_transactions_transaction_id [success]
11:38:32.923136 [info ]: Started running test staging_dbt_test__audit.unique_fct_transactions_transaction_id
11:38:32.923205 [debug]: Started connection limit wait
11:38:32.923174 [debug]: Finished analyzing [  0.02s] test staging_dbt_test__audit.not_null_stg_categories_categorie_id [success]
11:38:32.923350 [info ]: Started running test staging_dbt_test__audit.not_null_stg_categories_categorie_id
11:38:32.923422 [debug]: Started connection limit wait
11:38:32.923390 [debug]: Finished analyzing [  0.02s] test staging_dbt_test__audit.unique_stg_categories_categorie_id [success]
11:38:32.923516 [info ]: Started running test staging_dbt_test__audit.unique_stg_categories_categorie_id
11:38:32.923605 [debug]: Started connection limit wait
11:38:32.923552 [debug]: Finished analyzing [  0.02s] test staging_dbt_test__audit.not_null_dim_categories_categorie_id [success]
11:38:32.923698 [info ]: Started running test staging_dbt_test__audit.not_null_dim_categories_categorie_id
11:38:32.923788 [debug]: Started connection limit wait
11:38:32.923735 [debug]: Finished analyzing [  0.01s] test staging_dbt_test__audit.not_null_stg_budgets_budget_id [success]
11:38:32.923851 [info ]: Started running test staging_dbt_test__audit.not_null_stg_budgets_budget_id
11:38:32.923937 [debug]: Started connection limit wait
11:38:32.923888 [debug]: Finished analyzing [  0.01s] test staging_dbt_test__audit.unique_dim_comptes_compte_id [success]
11:38:32.924004 [info ]: Started running test staging_dbt_test__audit.unique_dim_comptes_compte_id
11:38:32.924037 [debug]: Finished analyzing [  0.01s] test staging_dbt_test__audit.not_null_stg_comptes_compte_id [success]
11:38:32.924165 [info ]: Started running test staging_dbt_test__audit.not_null_stg_comptes_compte_id
11:38:32.924252 [debug]: Started connection limit wait
11:38:32.924205 [debug]: Finished analyzing [  0.01s] test staging_dbt_test__audit.not_null_fct_transactions_transaction_id [success]
11:38:32.924301 [debug]: Started connection limit wait
11:38:32.924346 [info ]: Started running test staging_dbt_test__audit.not_null_fct_transactions_transaction_id
11:38:32.924408 [debug]: Started connection limit wait
11:38:32.924375 [debug]: Finished analyzing [  0.01s] test staging_dbt_test__audit.accepted_values_stg_comptes_statut__actif__inactif__cloture [success]
11:38:32.924506 [info ]: Started running test staging_dbt_test__audit.accepted_values_stg_comptes_statut__actif__inactif__cloture
11:38:32.924572 [debug]: Started connection limit wait
11:38:32.924542 [debug]: Finished analyzing [  0.01s] test staging_dbt_test__audit.relationships_stg_transactions_compte_id__compte_id__ref_stg_comptes_ [success]
11:38:32.924654 [info ]: Started running test staging_dbt_test__audit.relationships_stg_transactions_compte_id__compte_id__ref_stg_comptes_
11:38:32.924690 [debug]: Finished analyzing [  0.01s] test staging_dbt_test__audit.accepted_values_stg_comptes_type_compte__courant__epargne__joint [success]
11:38:32.924737 [debug]: Started connection limit wait
11:38:32.924735 [info ]: Started running test staging_dbt_test__audit.accepted_values_stg_comptes_type_compte__courant__epargne__joint
11:38:32.924766 [debug]: Finished analyzing [  0.00s] test staging_dbt_test__audit.unique_stg_comptes_compte_id [success]
11:38:32.924783 [debug]: Started connection limit wait
11:38:32.924807 [info ]: Started running test staging_dbt_test__audit.unique_stg_comptes_compte_id
11:38:32.924882 [debug]: Started connection limit wait
11:38:32.924855 [debug]: Finished analyzing [  0.00s] test staging_dbt_test__audit.unique_dim_categories_categorie_id [success]
11:38:32.924951 [info ]: Finished analyzing [  0.12s] (18 nodes, 0 skipped, 0 errors)
11:38:32.925518 [info ]: Started running test staging_dbt_test__audit.unique_dim_categories_categorie_id
11:38:32.925584 [debug]: Started connection limit wait
11:38:34.660360 [debug]: create_debug_span(...).entered() took 89µs
11:38:34.660361 [debug]: create_debug_span(...).entered() took 91.3µs
11:38:35.190175 [debug]: stmt.execute() (submit+wait_for_completion, returns reader) took 529.5039ms
11:38:35.190209 [debug]: reader.schema() took 3.9µs
11:38:35.191642 [debug]: batch-consume loop (for res in reader) took 1.419ms
11:38:35.192357 [debug]: do_execute(conn) (closure: stmt.execute + schema + batch loop) took 531.9388ms
11:38:35.192403 [debug]: concat_batches + normalize_result_column_names took 31.6µs
11:38:35.192415 [debug]: record_current_span_status_from_attrs took 7.2µs
11:38:35.192424 [debug]: Query executed on node test.fintrack_analytics.unique_stg_budgets_budget_id.effb4c8d16:
select
      count(*) as failures,
      count(*) != 0 as should_warn,
      count(*) != 0 as should_error
    from (
      
    
  
    
    

select
    budget_id as unique_field,
    count(*) as n_records

from fintrack_db.staging.stg_budgets
where budget_id is not null
group by budget_id
having count(*) > 1



  
  
      
    ) dbt_internal_test
/* {"app": "dbt", "dbt_version": "2.0.0", "node_id": "test.fintrack_analytics.unique_stg_budgets_budget_id.effb4c8d16", "profile_name": "fintrack_analytics", "target_name": "dev"} */
11:38:35.192448 [debug]: drop(query_span_guard) (span exit/export) took 29.4µs
11:38:35.198193 [debug]: Finished connection limit wait [  2.28s]
11:38:35.198345 [info ]: Finished running [  2.29s] test staging_dbt_test__audit.unique_stg_budgets_budget_id [pass]
11:38:35.198626 [info ]:     Passed [  2.32s] test  unique_stg_budgets_budget_id
11:38:35.200742 [debug]: Writing runtime sql for node "test.fintrack_analytics.unique_stg_transactions_transaction_id.ee9a78a396"
11:38:35.202626 [debug]: create_debug_span(...).entered() took 23.4µs
11:38:35.207284 [debug]: stmt.execute() (submit+wait_for_completion, returns reader) took 546.6015ms
11:38:35.207316 [debug]: reader.schema() took 600ns
11:38:35.208241 [debug]: batch-consume loop (for res in reader) took 910.2µs
11:38:35.209025 [debug]: do_execute(conn) (closure: stmt.execute + schema + batch loop) took 548.6105ms
11:38:35.209054 [debug]: concat_batches + normalize_result_column_names took 12.5µs
11:38:35.209062 [debug]: record_current_span_status_from_attrs took 3.2µs
11:38:35.209071 [debug]: Query executed on node test.fintrack_analytics.assert_solde_mensuel_positif:
select
      count(*) as failures,
      count(*) != 0 as should_warn,
      count(*) != 0 as should_error
    from (
      
    
  -- Test singulier : aucun compte epargne ne doit avoir un solde cumulé négatif.
-- Un test dbt réussit quand cette requête ne retourne AUCUNE ligne.

select
    m.compte_id,
    c.nom_client,
    m.mois,
    m.solde_cumule

from fintrack_db.staging_marts.mart_solde_mensuel m
inner join fintrack_db.staging_marts.dim_comptes c on m.compte_id = c.compte_id
where c.type_compte = 'epargne'
  and m.solde_cumule < 0
  
  
      
    ) dbt_internal_test
/* {"app": "dbt", "dbt_version": "2.0.0", "node_id": "test.fintrack_analytics.assert_solde_mensuel_positif", "profile_name": "fintrack_analytics", "target_name": "dev"} */
11:38:35.209099 [debug]: drop(query_span_guard) (span exit/export) took 31.7µs
11:38:35.209971 [debug]: Finished connection limit wait [  2.29s]
11:38:35.209984 [info ]: Finished running [  2.31s] test staging_dbt_test__audit.assert_solde_mensuel_positif [pass]
11:38:35.210129 [info ]:     Passed [  2.41s] test  assert_solde_mensuel_positif
11:38:35.213370 [debug]: Writing runtime sql for node "test.fintrack_analytics.not_null_stg_transactions_transaction_id.1d00a8e2e4"
11:38:35.216611 [debug]: create_debug_span(...).entered() took 24.4µs
11:38:35.783139 [debug]: stmt.execute() (submit+wait_for_completion, returns reader) took 580.4058ms
11:38:35.783192 [debug]: reader.schema() took 700ns
11:38:35.786107 [debug]: batch-consume loop (for res in reader) took 2.8788ms
11:38:35.788761 [debug]: do_execute(conn) (closure: stmt.execute + schema + batch loop) took 586.0807ms
11:38:35.788852 [debug]: concat_batches + normalize_result_column_names took 26.2µs
11:38:35.788873 [debug]: record_current_span_status_from_attrs took 6.2µs
11:38:35.788892 [debug]: Query executed on node test.fintrack_analytics.unique_stg_transactions_transaction_id.ee9a78a396:
select
      count(*) as failures,
      count(*) != 0 as should_warn,
      count(*) != 0 as should_error
    from (
      
    
  
    
    

select
    transaction_id as unique_field,
    count(*) as n_records

from fintrack_db.staging.stg_transactions
where transaction_id is not null
group by transaction_id
having count(*) > 1



  
  
      
    ) dbt_internal_test
/* {"app": "dbt", "dbt_version": "2.0.0", "node_id": "test.fintrack_analytics.unique_stg_transactions_transaction_id.ee9a78a396", "profile_name": "fintrack_analytics", "target_name": "dev"} */
11:38:35.788959 [debug]: drop(query_span_guard) (span exit/export) took 73µs
11:38:35.792198 [debug]: Finished connection limit wait [  2.87s]
11:38:35.792178 [info ]: Finished running [  0.59s] test staging_dbt_test__audit.unique_stg_transactions_transaction_id [pass]
11:38:35.792578 [info ]:     Passed [  0.71s] test  unique_stg_transactions_transaction_id
11:38:35.798869 [debug]: Writing runtime sql for node "test.fintrack_analytics.not_null_dim_comptes_compte_id.2e372eb672"
11:38:35.803111 [debug]: create_debug_span(...).entered() took 78.2µs
11:38:35.807537 [debug]: stmt.execute() (submit+wait_for_completion, returns reader) took 590.8229ms
11:38:35.807578 [debug]: reader.schema() took 700ns
11:38:35.809145 [debug]: batch-consume loop (for res in reader) took 1.5369ms
11:38:35.810720 [debug]: do_execute(conn) (closure: stmt.execute + schema + batch loop) took 594.0773ms
11:38:35.810758 [debug]: concat_batches + normalize_result_column_names took 13.2µs
11:38:35.810768 [debug]: record_current_span_status_from_attrs took 3.5µs
11:38:35.810779 [debug]: Query executed on node test.fintrack_analytics.not_null_stg_transactions_transaction_id.1d00a8e2e4:
select
      count(*) as failures,
      count(*) != 0 as should_warn,
      count(*) != 0 as should_error
    from (
      
    
  
    
    



select transaction_id
from fintrack_db.staging.stg_transactions
where transaction_id is null



  
  
      
    ) dbt_internal_test
/* {"app": "dbt", "dbt_version": "2.0.0", "node_id": "test.fintrack_analytics.not_null_stg_transactions_transaction_id.1d00a8e2e4", "profile_name": "fintrack_analytics", "target_name": "dev"} */
11:38:35.810808 [debug]: drop(query_span_guard) (span exit/export) took 33.5µs
11:38:35.812148 [debug]: Finished connection limit wait [  2.89s]
11:38:35.812095 [info ]: Finished running [  0.60s] test staging_dbt_test__audit.not_null_stg_transactions_transaction_id [pass]
11:38:35.812694 [info ]:     Passed [  0.72s] test  not_null_stg_transactions_transaction_id
11:38:35.815167 [debug]: Writing runtime sql for node "test.fintrack_analytics.unique_fct_transactions_transaction_id.c963611c53"
11:38:35.817905 [debug]: create_debug_span(...).entered() took 25.3µs
11:38:36.326331 [debug]: stmt.execute() (submit+wait_for_completion, returns reader) took 522.9669ms
11:38:36.326364 [debug]: reader.schema() took 500ns
11:38:36.327837 [debug]: batch-consume loop (for res in reader) took 1.4572ms
11:38:36.329166 [debug]: do_execute(conn) (closure: stmt.execute + schema + batch loop) took 525.9906ms
11:38:36.329205 [debug]: concat_batches + normalize_result_column_names took 14.4µs
11:38:36.329216 [debug]: record_current_span_status_from_attrs took 3.9µs
11:38:36.329228 [debug]: Query executed on node test.fintrack_analytics.not_null_dim_comptes_compte_id.2e372eb672:
select
      count(*) as failures,
      count(*) != 0 as should_warn,
      count(*) != 0 as should_error
    from (
      
    
  
    
    



select compte_id
from fintrack_db.staging_marts.dim_comptes
where compte_id is null



  
  
      
    ) dbt_internal_test
/* {"app": "dbt", "dbt_version": "2.0.0", "node_id": "test.fintrack_analytics.not_null_dim_comptes_compte_id.2e372eb672", "profile_name": "fintrack_analytics", "target_name": "dev"} */
11:38:36.329264 [debug]: drop(query_span_guard) (span exit/export) took 40µs
11:38:36.330801 [debug]: Finished connection limit wait [  3.41s]
11:38:36.330824 [info ]: Finished running [  0.54s] test staging_dbt_test__audit.not_null_dim_comptes_compte_id [pass]
11:38:36.331432 [info ]:     Passed [  0.66s] test  not_null_dim_comptes_compte_id
11:38:36.334983 [debug]: Writing runtime sql for node "test.fintrack_analytics.not_null_stg_categories_categorie_id.3e2fb4d400"
11:38:36.337317 [debug]: create_debug_span(...).entered() took 30.7µs
11:38:36.715187 [debug]: stmt.execute() (submit+wait_for_completion, returns reader) took 377.7515ms
11:38:36.715247 [debug]: reader.schema() took 1.2µs
11:38:36.718262 [debug]: batch-consume loop (for res in reader) took 2.9828ms
11:38:36.720983 [debug]: do_execute(conn) (closure: stmt.execute + schema + batch loop) took 383.6173ms
11:38:36.721068 [debug]: concat_batches + normalize_result_column_names took 28µs
11:38:36.721097 [debug]: record_current_span_status_from_attrs took 6.5µs
11:38:36.721126 [debug]: Query executed on node test.fintrack_analytics.not_null_stg_categories_categorie_id.3e2fb4d400:
select
      count(*) as failures,
      count(*) != 0 as should_warn,
      count(*) != 0 as should_error
    from (
      
    
  
    
    



select categorie_id
from fintrack_db.staging.stg_categories
where categorie_id is null



  
  
      
    ) dbt_internal_test
/* {"app": "dbt", "dbt_version": "2.0.0", "node_id": "test.fintrack_analytics.not_null_stg_categories_categorie_id.3e2fb4d400", "profile_name": "fintrack_analytics", "target_name": "dev"} */
11:38:36.721209 [debug]: drop(query_span_guard) (span exit/export) took 91.5µs
11:38:36.723650 [debug]: Finished connection limit wait [  3.80s]
11:38:36.723637 [info ]: Finished running [  0.39s] test staging_dbt_test__audit.not_null_stg_categories_categorie_id [pass]
11:38:36.724272 [info ]:     Passed [  0.51s] test  not_null_stg_categories_categorie_id
11:38:36.727716 [debug]: Writing runtime sql for node "test.fintrack_analytics.unique_stg_categories_categorie_id.ab16992ac3"
11:38:36.730596 [debug]: create_debug_span(...).entered() took 27.8µs
11:38:37.234456 [debug]: stmt.execute() (submit+wait_for_completion, returns reader) took 1.4164515s
11:38:37.234491 [debug]: reader.schema() took 600ns
11:38:37.236122 [debug]: batch-consume loop (for res in reader) took 1.6126ms
11:38:37.237365 [debug]: do_execute(conn) (closure: stmt.execute + schema + batch loop) took 1.419425s
11:38:37.237421 [debug]: concat_batches + normalize_result_column_names took 22µs
11:38:37.237454 [debug]: record_current_span_status_from_attrs took 5.8µs
11:38:37.237476 [debug]: Query executed on node test.fintrack_analytics.unique_fct_transactions_transaction_id.c963611c53:
select
      count(*) as failures,
      count(*) != 0 as should_warn,
      count(*) != 0 as should_error
    from (
      
    
  
    
    

select
    transaction_id as unique_field,
    count(*) as n_records

from fintrack_db.staging_marts.fct_transactions
where transaction_id is not null
group by transaction_id
having count(*) > 1



  
  
      
    ) dbt_internal_test
/* {"app": "dbt", "dbt_version": "2.0.0", "node_id": "test.fintrack_analytics.unique_fct_transactions_transaction_id.c963611c53", "profile_name": "fintrack_analytics", "target_name": "dev"} */
11:38:37.237543 [debug]: drop(query_span_guard) (span exit/export) took 73.3µs
11:38:37.239808 [debug]: Finished connection limit wait [  4.32s]
11:38:37.239769 [info ]: Finished running [  1.43s] test staging_dbt_test__audit.unique_fct_transactions_transaction_id [pass]
11:38:37.240191 [info ]:     Passed [  1.55s] test  unique_fct_transactions_transaction_id
11:38:37.245350 [debug]: Writing runtime sql for node "test.fintrack_analytics.not_null_dim_categories_categorie_id.93562953fd"
11:38:37.247680 [debug]: create_debug_span(...).entered() took 30.3µs
11:38:37.297972 [debug]: stmt.execute() (submit+wait_for_completion, returns reader) took 567.2718ms
11:38:37.298006 [debug]: reader.schema() took 500ns
11:38:37.299403 [debug]: batch-consume loop (for res in reader) took 1.3839ms
11:38:37.300600 [debug]: do_execute(conn) (closure: stmt.execute + schema + batch loop) took 569.9685ms
11:38:37.300639 [debug]: concat_batches + normalize_result_column_names took 14.2µs
11:38:37.300650 [debug]: record_current_span_status_from_attrs took 4.1µs
11:38:37.300664 [debug]: Query executed on node test.fintrack_analytics.unique_stg_categories_categorie_id.ab16992ac3:
select
      count(*) as failures,
      count(*) != 0 as should_warn,
      count(*) != 0 as should_error
    from (
      
    
  
    
    

select
    categorie_id as unique_field,
    count(*) as n_records

from fintrack_db.staging.stg_categories
where categorie_id is not null
group by categorie_id
having count(*) > 1



  
  
      
    ) dbt_internal_test
/* {"app": "dbt", "dbt_version": "2.0.0", "node_id": "test.fintrack_analytics.unique_stg_categories_categorie_id.ab16992ac3", "profile_name": "fintrack_analytics", "target_name": "dev"} */
11:38:37.300704 [debug]: drop(query_span_guard) (span exit/export) took 47µs
11:38:37.302064 [debug]: Finished connection limit wait [  4.38s]
11:38:37.302063 [info ]: Finished running [  0.58s] test staging_dbt_test__audit.unique_stg_categories_categorie_id [pass]
11:38:37.302642 [info ]:     Passed [  0.70s] test  unique_stg_categories_categorie_id
11:38:37.305563 [debug]: Writing runtime sql for node "test.fintrack_analytics.not_null_stg_budgets_budget_id.ad1ccf4381"
11:38:37.308731 [debug]: create_debug_span(...).entered() took 35.3µs
11:38:37.651282 [debug]: stmt.execute() (submit+wait_for_completion, returns reader) took 342.4157ms
11:38:37.651330 [debug]: reader.schema() took 700ns
11:38:37.652672 [debug]: batch-consume loop (for res in reader) took 1.3214ms
11:38:37.654011 [debug]: do_execute(conn) (closure: stmt.execute + schema + batch loop) took 345.2186ms
11:38:37.654079 [debug]: concat_batches + normalize_result_column_names took 24.5µs
11:38:37.654091 [debug]: record_current_span_status_from_attrs took 3.6µs
11:38:37.654108 [debug]: Query executed on node test.fintrack_analytics.not_null_stg_budgets_budget_id.ad1ccf4381:
select
      count(*) as failures,
      count(*) != 0 as should_warn,
      count(*) != 0 as should_error
    from (
      
    
  
    
    



select budget_id
from fintrack_db.staging.stg_budgets
where budget_id is null



  
  
      
    ) dbt_internal_test
/* {"app": "dbt", "dbt_version": "2.0.0", "node_id": "test.fintrack_analytics.not_null_stg_budgets_budget_id.ad1ccf4381", "profile_name": "fintrack_analytics", "target_name": "dev"} */
11:38:37.654171 [debug]: drop(query_span_guard) (span exit/export) took 66.8µs
11:38:37.655313 [debug]: Finished connection limit wait [  4.73s]
11:38:37.655323 [info ]: Finished running [  0.35s] test staging_dbt_test__audit.not_null_stg_budgets_budget_id [pass]
11:38:37.655810 [info ]:     Passed [  0.47s] test  not_null_stg_budgets_budget_id
11:38:37.658052 [debug]: Writing runtime sql for node "test.fintrack_analytics.not_null_stg_comptes_compte_id.c12e0b3b3b"
11:38:37.660007 [debug]: create_debug_span(...).entered() took 22.4µs
11:38:37.916723 [debug]: stmt.execute() (submit+wait_for_completion, returns reader) took 668.9125ms
11:38:37.916842 [debug]: reader.schema() took 1µs
11:38:37.921265 [debug]: batch-consume loop (for res in reader) took 4.3665ms
11:38:37.923773 [debug]: do_execute(conn) (closure: stmt.execute + schema + batch loop) took 676.0455ms
11:38:37.923858 [debug]: concat_batches + normalize_result_column_names took 29.1µs
11:38:37.923886 [debug]: record_current_span_status_from_attrs took 6.7µs
11:38:37.923927 [debug]: Query executed on node test.fintrack_analytics.not_null_dim_categories_categorie_id.93562953fd:
select
      count(*) as failures,
      count(*) != 0 as should_warn,
      count(*) != 0 as should_error
    from (
      
    
  
    
    



select categorie_id
from fintrack_db.staging_marts.dim_categories
where categorie_id is null



  
  
      
    ) dbt_internal_test
/* {"app": "dbt", "dbt_version": "2.0.0", "node_id": "test.fintrack_analytics.not_null_dim_categories_categorie_id.93562953fd", "profile_name": "fintrack_analytics", "target_name": "dev"} */
11:38:37.923996 [debug]: drop(query_span_guard) (span exit/export) took 79.3µs
11:38:37.926881 [debug]: Finished connection limit wait [  5.00s]
11:38:37.926892 [info ]: Finished running [  0.69s] test staging_dbt_test__audit.not_null_dim_categories_categorie_id [pass]
11:38:37.927175 [info ]:     Passed [  0.81s] test  not_null_dim_categories_categorie_id
11:38:37.934261 [debug]: Writing runtime sql for node "test.fintrack_analytics.unique_dim_comptes_compte_id.31a8b2a237"
11:38:37.938567 [debug]: create_debug_span(...).entered() took 35.7µs
11:38:38.002281 [debug]: stmt.execute() (submit+wait_for_completion, returns reader) took 342.1831ms
11:38:38.002315 [debug]: reader.schema() took 400ns
11:38:38.003421 [debug]: batch-consume loop (for res in reader) took 1.0905ms
11:38:38.004203 [debug]: do_execute(conn) (closure: stmt.execute + schema + batch loop) took 344.1689ms
11:38:38.004236 [debug]: concat_batches + normalize_result_column_names took 13.4µs
11:38:38.004248 [debug]: record_current_span_status_from_attrs took 3.7µs
11:38:38.004262 [debug]: Query executed on node test.fintrack_analytics.not_null_stg_comptes_compte_id.c12e0b3b3b:
select
      count(*) as failures,
      count(*) != 0 as should_warn,
      count(*) != 0 as should_error
    from (
      
    
  
    
    



select compte_id
from fintrack_db.staging.stg_comptes
where compte_id is null



  
  
      
    ) dbt_internal_test
/* {"app": "dbt", "dbt_version": "2.0.0", "node_id": "test.fintrack_analytics.not_null_stg_comptes_compte_id.c12e0b3b3b", "profile_name": "fintrack_analytics", "target_name": "dev"} */
11:38:38.004302 [debug]: drop(query_span_guard) (span exit/export) took 44.1µs
11:38:38.005622 [debug]: Finished connection limit wait [  5.08s]
11:38:38.005630 [info ]: Finished running [  0.35s] test staging_dbt_test__audit.not_null_stg_comptes_compte_id [pass]
11:38:38.006035 [info ]:     Passed [  0.47s] test  not_null_stg_comptes_compte_id
11:38:38.009225 [debug]: Writing runtime sql for node "test.fintrack_analytics.not_null_fct_transactions_transaction_id.2c6b5372aa"
11:38:38.011725 [debug]: create_debug_span(...).entered() took 29.4µs
11:38:38.470204 [debug]: stmt.execute() (submit+wait_for_completion, returns reader) took 458.3727ms
11:38:38.470231 [debug]: reader.schema() took 400ns
11:38:38.471261 [debug]: batch-consume loop (for res in reader) took 1.0161ms
11:38:38.472162 [debug]: do_execute(conn) (closure: stmt.execute + schema + batch loop) took 460.4022ms
11:38:38.472225 [debug]: concat_batches + normalize_result_column_names took 30.3µs
11:38:38.472237 [debug]: record_current_span_status_from_attrs took 3.8µs
11:38:38.472250 [debug]: Query executed on node test.fintrack_analytics.not_null_fct_transactions_transaction_id.2c6b5372aa:
select
      count(*) as failures,
      count(*) != 0 as should_warn,
      count(*) != 0 as should_error
    from (
      
    
  
    
    



select transaction_id
from fintrack_db.staging_marts.fct_transactions
where transaction_id is null



  
  
      
    ) dbt_internal_test
/* {"app": "dbt", "dbt_version": "2.0.0", "node_id": "test.fintrack_analytics.not_null_fct_transactions_transaction_id.2c6b5372aa", "profile_name": "fintrack_analytics", "target_name": "dev"} */
11:38:38.472281 [debug]: drop(query_span_guard) (span exit/export) took 35.1µs
11:38:38.473652 [debug]: Finished connection limit wait [  5.55s]
11:38:38.473667 [info ]: Finished running [  0.47s] test staging_dbt_test__audit.not_null_fct_transactions_transaction_id [pass]
11:38:38.474023 [info ]:     Passed [  0.59s] test  not_null_fct_transactions_transaction_id
11:38:38.476107 [debug]: Writing runtime sql for node "test.fintrack_analytics.accepted_values_stg_comptes_statut__actif__inactif__cloture.f56d9561d0"
11:38:38.478224 [debug]: create_debug_span(...).entered() took 27.5µs
11:38:38.488241 [debug]: stmt.execute() (submit+wait_for_completion, returns reader) took 549.5078ms
11:38:38.488278 [debug]: reader.schema() took 600ns
11:38:38.489268 [debug]: batch-consume loop (for res in reader) took 971.9µs
11:38:38.490174 [debug]: do_execute(conn) (closure: stmt.execute + schema + batch loop) took 551.5681ms
11:38:38.490213 [debug]: concat_batches + normalize_result_column_names took 15.9µs
11:38:38.490227 [debug]: record_current_span_status_from_attrs took 3.9µs
11:38:38.490242 [debug]: Query executed on node test.fintrack_analytics.unique_dim_comptes_compte_id.31a8b2a237:
select
      count(*) as failures,
      count(*) != 0 as should_warn,
      count(*) != 0 as should_error
    from (
      
    
  
    
    

select
    compte_id as unique_field,
    count(*) as n_records

from fintrack_db.staging_marts.dim_comptes
where compte_id is not null
group by compte_id
having count(*) > 1



  
  
      
    ) dbt_internal_test
/* {"app": "dbt", "dbt_version": "2.0.0", "node_id": "test.fintrack_analytics.unique_dim_comptes_compte_id.31a8b2a237", "profile_name": "fintrack_analytics", "target_name": "dev"} */
11:38:38.490293 [debug]: drop(query_span_guard) (span exit/export) took 53.6µs
11:38:38.491286 [debug]: Finished connection limit wait [  5.57s]
11:38:38.491291 [info ]: Finished running [  0.57s] test staging_dbt_test__audit.unique_dim_comptes_compte_id [pass]
11:38:38.491442 [info ]:     Passed [  0.69s] test  unique_dim_comptes_compte_id
11:38:38.493425 [debug]: Writing runtime sql for node "test.fintrack_analytics.relationships_stg_transactions_compte_id__compte_id__ref_stg_comptes_.6bb5c74007"
11:38:38.495798 [debug]: create_debug_span(...).entered() took 27.5µs
11:38:39.195812 [debug]: stmt.execute() (submit+wait_for_completion, returns reader) took 699.8523ms
11:38:39.195897 [debug]: reader.schema() took 1.3µs
11:38:39.199876 [debug]: batch-consume loop (for res in reader) took 3.9238ms
11:38:39.203652 [debug]: do_execute(conn) (closure: stmt.execute + schema + batch loop) took 707.784ms
11:38:39.203784 [debug]: concat_batches + normalize_result_column_names took 48.5µs
11:38:39.203820 [debug]: record_current_span_status_from_attrs took 11.4µs
11:38:39.203926 [debug]: Query executed on node test.fintrack_analytics.relationships_stg_transactions_compte_id__compte_id__ref_stg_comptes_.6bb5c74007:
select
      count(*) as failures,
      count(*) != 0 as should_warn,
      count(*) != 0 as should_error
    from (
      
    
  
    
    

with child as (
    select compte_id as from_field
    from fintrack_db.staging.stg_transactions
    where compte_id is not null
),

parent as (
    select compte_id as to_field
    from fintrack_db.staging.stg_comptes
)

select
    from_field

from child
left join parent
    on child.from_field = parent.to_field

where parent.to_field is null



  
  
      
    ) dbt_internal_test
/* {"app": "dbt", "dbt_version": "2.0.0", "node_id": "test.fintrack_analytics.relationships_stg_transactions_compte_id__compte_id__ref_stg_comptes_.6bb5c74007", "profile_name": "fintrack_analytics", "target_name": "dev"} */
11:38:39.204175 [debug]: drop(query_span_guard) (span exit/export) took 250.8µs
11:38:39.208495 [debug]: Finished connection limit wait [  6.28s]
11:38:39.208482 [info ]: Finished running [  0.72s] test staging_dbt_test__audit.relationships_stg_transactions_compte_id__compte_id__ref_stg_comptes_ [pass]
11:38:39.210832 [info ]:     Passed [  0.84s] test  relationships_stg_transactions_compte_id__compte_id__ref_stg_comptes_
11:38:39.222105 [debug]: Writing runtime sql for node "test.fintrack_analytics.accepted_values_stg_comptes_type_compte__courant__epargne__joint.ff87077911"
11:38:39.229559 [debug]: create_debug_span(...).entered() took 80µs
11:38:39.320601 [debug]: stmt.execute() (submit+wait_for_completion, returns reader) took 842.2626ms
11:38:39.320664 [debug]: reader.schema() took 1.2µs
11:38:39.323563 [debug]: batch-consume loop (for res in reader) took 2.8532ms
11:38:39.325494 [debug]: do_execute(conn) (closure: stmt.execute + schema + batch loop) took 847.225ms
11:38:39.325564 [debug]: concat_batches + normalize_result_column_names took 27.1µs
11:38:39.325584 [debug]: record_current_span_status_from_attrs took 6.1µs
11:38:39.325605 [debug]: Query executed on node test.fintrack_analytics.accepted_values_stg_comptes_statut__actif__inactif__cloture.f56d9561d0:
select
      count(*) as failures,
      count(*) != 0 as should_warn,
      count(*) != 0 as should_error
    from (
      
    
  
    
    

with all_values as (

    select
        statut as value_field,
        count(*) as n_records

    from fintrack_db.staging.stg_comptes
    group by statut

)

select *
from all_values
where value_field not in (
    'actif','inactif','cloture'
)



  
  
      
    ) dbt_internal_test
/* {"app": "dbt", "dbt_version": "2.0.0", "node_id": "test.fintrack_analytics.accepted_values_stg_comptes_statut__actif__inactif__cloture.f56d9561d0", "profile_name": "fintrack_analytics", "target_name": "dev"} */
11:38:39.325668 [debug]: drop(query_span_guard) (span exit/export) took 71.6µs
11:38:39.328053 [debug]: Finished connection limit wait [  6.40s]
11:38:39.328048 [info ]: Finished running [  0.85s] test staging_dbt_test__audit.accepted_values_stg_comptes_statut__actif__inactif__cloture [pass]
11:38:39.328949 [info ]:     Passed [  0.98s] test  accepted_values_stg_comptes_statut__actif__inactif__cloture
11:38:39.334245 [debug]: Writing runtime sql for node "test.fintrack_analytics.unique_stg_comptes_compte_id.ca647be308"
11:38:39.338727 [debug]: create_debug_span(...).entered() took 46.5µs
11:38:39.756404 [debug]: stmt.execute() (submit+wait_for_completion, returns reader) took 526.3194ms
11:38:39.756494 [debug]: reader.schema() took 1.1µs
11:38:39.760471 [debug]: batch-consume loop (for res in reader) took 3.9268ms
11:38:39.764084 [debug]: do_execute(conn) (closure: stmt.execute + schema + batch loop) took 534.4248ms
11:38:39.764210 [debug]: concat_batches + normalize_result_column_names took 45.4µs
11:38:39.764241 [debug]: record_current_span_status_from_attrs took 9.2µs
11:38:39.764272 [debug]: Query executed on node test.fintrack_analytics.accepted_values_stg_comptes_type_compte__courant__epargne__joint.ff87077911:
select
      count(*) as failures,
      count(*) != 0 as should_warn,
      count(*) != 0 as should_error
    from (
      
    
  
    
    

with all_values as (

    select
        type_compte as value_field,
        count(*) as n_records

    from fintrack_db.staging.stg_comptes
    group by type_compte

)

select *
from all_values
where value_field not in (
    'courant','epargne','joint'
)



  
  
      
    ) dbt_internal_test
/* {"app": "dbt", "dbt_version": "2.0.0", "node_id": "test.fintrack_analytics.accepted_values_stg_comptes_type_compte__courant__epargne__joint.ff87077911", "profile_name": "fintrack_analytics", "target_name": "dev"} */
11:38:39.764359 [debug]: drop(query_span_guard) (span exit/export) took 99.2µs
11:38:39.769069 [debug]: Finished connection limit wait [  6.84s]
11:38:39.769050 [info ]: Finished running [  0.56s] test staging_dbt_test__audit.accepted_values_stg_comptes_type_compte__courant__epargne__joint [pass]
11:38:39.770421 [info ]:     Passed [  0.68s] test  accepted_values_stg_comptes_type_compte__courant__epargne__joint
11:38:39.779810 [debug]: Writing runtime sql for node "test.fintrack_analytics.unique_dim_categories_categorie_id.86b0ecf635"
11:38:39.788459 [debug]: create_debug_span(...).entered() took 87.2µs
11:38:39.982333 [debug]: stmt.execute() (submit+wait_for_completion, returns reader) took 643.2951ms
11:38:39.982360 [debug]: reader.schema() took 400ns
11:38:39.983319 [debug]: batch-consume loop (for res in reader) took 939.8µs
11:38:39.984768 [debug]: do_execute(conn) (closure: stmt.execute + schema + batch loop) took 645.9816ms
11:38:39.984943 [debug]: concat_batches + normalize_result_column_names took 140µs
11:38:39.984966 [debug]: record_current_span_status_from_attrs took 4.5µs
11:38:39.984985 [debug]: Query executed on node test.fintrack_analytics.unique_stg_comptes_compte_id.ca647be308:
select
      count(*) as failures,
      count(*) != 0 as should_warn,
      count(*) != 0 as should_error
    from (
      
    
  
    
    

select
    compte_id as unique_field,
    count(*) as n_records

from fintrack_db.staging.stg_comptes
where compte_id is not null
group by compte_id
having count(*) > 1



  
  
      
    ) dbt_internal_test
/* {"app": "dbt", "dbt_version": "2.0.0", "node_id": "test.fintrack_analytics.unique_stg_comptes_compte_id.ca647be308", "profile_name": "fintrack_analytics", "target_name": "dev"} */
11:38:39.985031 [debug]: drop(query_span_guard) (span exit/export) took 51.9µs
11:38:39.986671 [info ]: Finished running [  0.66s] test staging_dbt_test__audit.unique_stg_comptes_compte_id [pass]
11:38:39.986819 [info ]:     Passed [  0.78s] test  unique_stg_comptes_compte_id
11:38:40.377848 [debug]: stmt.execute() (submit+wait_for_completion, returns reader) took 588.8426ms
11:38:40.377871 [debug]: reader.schema() took 300ns
11:38:40.379023 [debug]: batch-consume loop (for res in reader) took 1.1424ms
11:38:40.379863 [debug]: do_execute(conn) (closure: stmt.execute + schema + batch loop) took 591.325ms
11:38:40.379902 [debug]: concat_batches + normalize_result_column_names took 9.7µs
11:38:40.379909 [debug]: record_current_span_status_from_attrs took 2.6µs
11:38:40.379916 [debug]: Query executed on node test.fintrack_analytics.unique_dim_categories_categorie_id.86b0ecf635:
select
      count(*) as failures,
      count(*) != 0 as should_warn,
      count(*) != 0 as should_error
    from (
      
    
  
    
    

select
    categorie_id as unique_field,
    count(*) as n_records

from fintrack_db.staging_marts.dim_categories
where categorie_id is not null
group by categorie_id
having count(*) > 1



  
  
      
    ) dbt_internal_test
/* {"app": "dbt", "dbt_version": "2.0.0", "node_id": "test.fintrack_analytics.unique_dim_categories_categorie_id.86b0ecf635", "profile_name": "fintrack_analytics", "target_name": "dev"} */
11:38:40.379959 [debug]: drop(query_span_guard) (span exit/export) took 46.6µs
11:38:40.380862 [info ]: Finished running [  0.61s] test staging_dbt_test__audit.unique_dim_categories_categorie_id [pass]
11:38:40.381160 [info ]: Finished running [  7.48s] (18 nodes, 0 skipped, 0 errors)
11:38:40.381565 [info ]:     Passed [  0.73s] test  unique_dim_categories_categorie_id
11:38:40.678480 [info ]: 
==================== Execution Summary =====================
Finished 'test' successfully for target 'dev' [8.3s]
Processed: 18 tests
Summary: 18 total | 18 success
==================== 2026-09-03T11:39:00.689518Z | 01a06710-aacc-7d22-b4fa-0497ad881658 ====================
11:39:00.689742 [info ]: dbt-fusion 2.0.0-preview.218
11:39:00.690320 [info ]: Started loading project
11:39:00.694678 [info ]: Loading ~/.dbt/profiles.yml
11:39:00.704009 [info ]: Loading packages.yml
11:39:00.704416 [debug]:    Started loading packages
11:39:00.721376 [debug]:     Loaded [  0.02s] packages
11:39:00.722413 [info ]: Finished loading project [  0.03s]
11:39:00.723324 [info ]: Started parsing
11:39:00.788531 [debug]: Finished parsing models/marts/_marts_schema.yml [  0.00s]
11:39:00.789191 [debug]: Finished parsing models/staging/_stg_schema.yml [  0.00s]
11:39:00.789602 [debug]: Finished parsing models/staging/_stg_sources.yml [  0.00s]
11:39:00.794743 [debug]: Finished parsing snapshots\snapshot_comptes.sql [  0.00s]
11:39:00.798390 [debug]: Finished parsing models/intermediate/int_transactions_enrichies.sql [  0.00s]
11:39:00.798908 [debug]: Finished parsing models/marts/dim_categories.sql [  0.00s]
11:39:00.800109 [debug]: Finished parsing models/marts/dim_comptes.sql [  0.00s]
11:39:00.801291 [debug]: Finished parsing models/marts/fct_transactions.sql [  0.00s]
11:39:00.802300 [debug]: Finished parsing models/marts/mart_budget_vs_reel.sql [  0.00s]
11:39:00.803316 [debug]: Finished parsing models/marts/mart_solde_mensuel.sql [  0.00s]
11:39:00.804505 [debug]: Finished parsing models/marts/mart_top_depenses.sql [  0.00s]
11:39:00.805466 [debug]: Finished parsing models/staging/stg_budgets.sql [  0.00s]
11:39:00.806011 [debug]: Finished parsing models/staging/stg_categories.sql [  0.00s]
11:39:00.806698 [debug]: Finished parsing models/staging/stg_comptes.sql [  0.00s]
11:39:00.807350 [debug]: Finished parsing models/staging/stg_transactions.sql [  0.00s]
11:39:00.837199 [debug]: Finished parsing tests/assert_solde_mensuel_positif.sql [  0.00s]
11:39:00.837942 [debug]: Finished parsing target\generic_tests\unique_dim_categories_categorie_id.sql [  0.00s]
11:39:00.838653 [debug]: Finished parsing target\generic_tests\not_null_dim_categories_categorie_id.sql [  0.00s]
11:39:00.839335 [debug]: Finished parsing target\generic_tests\unique_dim_comptes_compte_id.sql [  0.00s]
11:39:00.840204 [debug]: Finished parsing target\generic_tests\not_null_dim_comptes_compte_id.sql [  0.00s]
11:39:00.841145 [debug]: Finished parsing target\generic_tests\unique_fct_transactions_transaction_id.sql [  0.00s]
11:39:00.842275 [debug]: Finished parsing target\generic_tests\not_null_fct_transactions_transaction_id.sql [  0.00s]
11:39:00.843123 [debug]: Finished parsing target\generic_tests\unique_stg_budgets_budget_id.sql [  0.00s]
11:39:00.843873 [debug]: Finished parsing target\generic_tests\not_null_stg_budgets_budget_id.sql [  0.00s]
11:39:00.844545 [debug]: Finished parsing target\generic_tests\unique_stg_categories_categorie_id.sql [  0.00s]
11:39:00.845532 [debug]: Finished parsing target\generic_tests\not_null_stg_categories_categorie_id.sql [  0.00s]
11:39:00.846339 [debug]: Finished parsing target\generic_tests\unique_stg_comptes_compte_id.sql [  0.00s]
11:39:00.847318 [debug]: Finished parsing target\generic_tests\not_null_stg_comptes_compte_id.sql [  0.00s]
11:39:00.848230 [debug]: Finished parsing target\generic_tests\accepted_values_stg_comptes_statut__actif__inactif__cloture.sql [  0.00s]
11:39:00.848931 [debug]: Finished parsing target\generic_tests\accepted_values_stg_comptes_f1faed08d9c87f7483d3a3bcc8a81daa.sql [  0.00s]
11:39:00.849692 [debug]: Finished parsing target\generic_tests\relationships_stg_transactions_985ebbdbfd283785f0e58047e4f6b5ed.sql [  0.00s]
11:39:00.850709 [debug]: Finished parsing target\generic_tests\unique_stg_transactions_transaction_id.sql [  0.00s]
11:39:00.851908 [debug]: Finished parsing target\generic_tests\not_null_stg_transactions_transaction_id.sql [  0.00s]
11:39:01.130737 [info ]: Finished parsing [  0.41s]
11:39:01.198585 [info ]: Started scheduling
11:39:01.199161 [info ]: Finished scheduling [  0.00s]
11:39:01.204353 [debug]: Initializing schema store with entry: Frontier(CanonicalFqn { catalog: "FINTRACK_DB", schema: "RAW", table: "RAW_CATEGORIES" }) and interval: None
11:39:01.204379 [debug]: Initializing schema store with entry: Frontier(CanonicalFqn { catalog: "FINTRACK_DB", schema: "RAW", table: "RAW_COMPTES" }) and interval: None
11:39:01.204386 [debug]: Initializing schema store with entry: Frontier(CanonicalFqn { catalog: "FINTRACK_DB", schema: "RAW", table: "RAW_TRANSACTIONS" }) and interval: None
11:39:01.204393 [debug]: Initializing schema store with entry: Frontier(CanonicalFqn { catalog: "FINTRACK_DB", schema: "RAW", table: "RAW_BUDGETS" }) and interval: None
11:39:01.264933 [info ]: Started building task graph
11:39:01.265584 [info ]: Finished building task graph [  0.00s]
11:39:01.274410 [debug]: Snowflake driver resolved: snowflake 0.21.0.dev+dbt0.21.17
11:39:03.089546 [debug]: create_debug_span(...).entered() took 28.8µs
11:39:03.503681 [debug]: stmt.execute() (submit+wait_for_completion, returns reader) took 413.975ms
11:39:03.503719 [debug]: reader.schema() took 4.7µs
11:39:03.504954 [debug]: batch-consume loop (for res in reader) took 1.2195ms
11:39:03.505824 [debug]: do_execute(conn) (closure: stmt.execute + schema + batch loop) took 416.2434ms
11:39:03.505959 [debug]: concat_batches + normalize_result_column_names took 109µs
11:39:03.505997 [debug]: record_current_span_status_from_attrs took 14.1µs
11:39:03.506025 [debug]: Query executed on node unknown:
show terse schemas in database fintrack_db
    limit 10000
/* {"app": "dbt", "connection_name": "", "dbt_version": "2.0.0", "profile_name": "fintrack_analytics", "target_name": "dev"} */
11:39:03.506070 [debug]: drop(query_span_guard) (span exit/export) took 56.6µs
11:39:03.506721 [debug]: create_debug_span(...).entered() took 9.8µs
11:39:03.879158 [debug]: stmt.execute() (submit+wait_for_completion, returns reader) took 372.3574ms
11:39:03.879244 [debug]: reader.schema() took 1.7µs
11:39:03.887007 [debug]: do_execute(conn) (closure: stmt.execute + schema + batch loop) took 380.2601ms
11:39:03.887050 [debug]: concat_batches + normalize_result_column_names took 15µs
11:39:03.887059 [debug]: record_current_span_status_from_attrs took 3.9µs
11:39:03.887068 [debug]: Query executed on node unknown:
create schema if not exists fintrack_db.snapshots
/* {"app": "dbt", "connection_name": "", "dbt_version": "2.0.0", "profile_name": "fintrack_analytics", "target_name": "dev"} */
11:39:03.887093 [debug]: drop(query_span_guard) (span exit/export) took 28.9µs
11:39:03.887276 [info ]: Started rendering (30 nodes)
11:39:03.887448 [info ]: Started snapshot snapshots.snapshot_comptes
11:39:03.887462 [debug]: Started rendering snapshot snapshots.snapshot_comptes
11:39:03.887515 [info ]: Started model staging.stg_budgets
11:39:03.887545 [debug]: Started rendering model staging.stg_budgets
11:39:03.887591 [info ]: Started model staging.stg_transactions
11:39:03.887626 [debug]: Started rendering model staging.stg_transactions
11:39:03.887679 [info ]: Started model staging.stg_comptes
11:39:03.887697 [debug]: Started rendering model staging.stg_comptes
11:39:03.887753 [info ]: Started model staging.stg_categories
11:39:03.887780 [debug]: Started rendering model staging.stg_categories
11:39:03.890518 [debug]: Compiled SQL for node snapshot.fintrack_analytics.snapshot_comptes at target\compiled\fintrack_analytics\snapshots\snapshot_comptes.sql\snapshot_comptes.sql
11:39:03.891737 [debug]: Compiled SQL for node model.fintrack_analytics.stg_budgets at target\compiled\fintrack_analytics\models\staging\stg_budgets.sql
11:39:03.890676 [debug]: Finished rendering [  0.00s] snapshot snapshots.snapshot_comptes [success]
11:39:03.891995 [info ]: Started analyzing (30 nodes)
11:39:03.892245 [debug]: Started analyzing snapshot snapshots.snapshot_comptes
11:39:03.892916 [debug]: Compiled SQL for node model.fintrack_analytics.stg_categories at target\compiled\fintrack_analytics\models\staging\stg_categories.sql
11:39:03.892946 [debug]: Compiled SQL for node model.fintrack_analytics.stg_comptes at target\compiled\fintrack_analytics\models\staging\stg_comptes.sql
11:39:03.892966 [debug]: Compiled SQL for node model.fintrack_analytics.stg_transactions at target\compiled\fintrack_analytics\models\staging\stg_transactions.sql
11:39:03.892297 [debug]: Finished rendering [  0.00s] model staging.stg_budgets [success]
11:39:03.893220 [debug]: Started analyzing model staging.stg_budgets
11:39:03.893263 [debug]: Finished rendering [  0.01s] model staging.stg_comptes [success]
11:39:03.893589 [debug]: Started analyzing model staging.stg_comptes
11:39:03.893619 [debug]: Finished rendering [  0.01s] model staging.stg_transactions [success]
11:39:03.894046 [debug]: Started analyzing model staging.stg_transactions
11:39:03.894090 [debug]: Finished rendering [  0.01s] model staging.stg_categories [success]
11:39:03.894554 [debug]: Started analyzing model staging.stg_categories
11:39:03.898712 [debug]: Finished analyzing [  0.01s] snapshot snapshots.snapshot_comptes [success]
11:39:03.899263 [info ]: Started running (30 nodes)
11:39:03.899457 [info ]: Started running snapshot snapshots.snapshot_comptes
11:39:03.906374 [debug]: Finished analyzing [  0.01s] model staging.stg_categories [success]
11:39:03.907148 [info ]: Started running model staging.stg_categories
11:39:03.909206 [debug]: Finished analyzing [  0.02s] model staging.stg_budgets [success]
11:39:03.910051 [info ]: Started running model staging.stg_budgets
11:39:03.910145 [debug]: Started connection limit wait
11:39:03.911051 [debug]: Finished analyzing [  0.02s] model staging.stg_comptes [success]
11:39:03.911546 [info ]: Started running model staging.stg_comptes
11:39:03.911644 [debug]: Started connection limit wait
11:39:03.912032 [debug]: create_debug_span(...).entered() took 23.9µs
11:39:03.915881 [debug]: Finished analyzing [  0.02s] model staging.stg_transactions [success]
11:39:03.916166 [info ]: Started running model staging.stg_transactions
11:39:03.916217 [debug]: Started connection limit wait
11:39:04.325602 [debug]: stmt.execute() (submit+wait_for_completion, returns reader) took 413.3846ms
11:39:04.325647 [debug]: reader.schema() took 600ns
11:39:04.327399 [debug]: batch-consume loop (for res in reader) took 1.7297ms
11:39:04.328932 [debug]: do_execute(conn) (closure: stmt.execute + schema + batch loop) took 416.865ms
11:39:04.329029 [debug]: concat_batches + normalize_result_column_names took 65.9µs
11:39:04.329044 [debug]: record_current_span_status_from_attrs took 4.5µs
11:39:04.329074 [debug]: Query executed on node model.fintrack_analytics.stg_categories:
SHOW OBJECTS IN SCHEMA "FINTRACK_DB"."STAGING" LIMIT 10000
11:39:04.329115 [debug]: drop(query_span_guard) (span exit/export) took 63.3µs
11:39:04.332525 [debug]: Writing runtime sql for node "model.fintrack_analytics.stg_categories"
11:39:04.335955 [debug]: create_debug_span(...).entered() took 27.7µs
11:39:04.943662 [debug]: stmt.execute() (submit+wait_for_completion, returns reader) took 607.5799ms
11:39:04.943691 [debug]: reader.schema() took 400ns
11:39:04.945545 [debug]: do_execute(conn) (closure: stmt.execute + schema + batch loop) took 609.5415ms
11:39:04.945611 [debug]: concat_batches + normalize_result_column_names took 30.3µs
11:39:04.945619 [debug]: record_current_span_status_from_attrs took 3.1µs
11:39:04.945629 [debug]: Query executed on node model.fintrack_analytics.stg_categories:
create or replace   view fintrack_db.staging.stg_categories
  
  
  
  
  as (
    with source as (

    select * from fintrack_db.raw.raw_categories

),

renamed as (

    select
        id      as categorie_id,
        nom     as nom_categorie,
        type    as type_categorie,
        groupe

    from source

)

select * from renamed
  )
/* {"app": "dbt", "dbt_version": "2.0.0", "node_id": "model.fintrack_analytics.stg_categories", "profile_name": "fintrack_analytics", "target_name": "dev"} */
11:39:04.945655 [debug]: drop(query_span_guard) (span exit/export) took 30.8µs
11:39:04.947303 [debug]: Finished connection limit wait [  1.04s]
11:39:04.947305 [info ]: Finished running [  1.04s] model staging.stg_categories [success]
11:39:04.947633 [info ]:  Succeeded [  1.06s] model staging.stg_categories (view)
11:39:04.948304 [info ]: Started model staging_marts.dim_categories
11:39:04.948320 [debug]: Started rendering model staging_marts.dim_categories
11:39:04.948397 [info ]: Started test staging_dbt_test__audit.unique_stg_categories_categorie_id
11:39:04.948419 [debug]: Started rendering test staging_dbt_test__audit.unique_stg_categories_categorie_id
11:39:04.948460 [info ]: Started test staging_dbt_test__audit.not_null_stg_categories_categorie_id
11:39:04.948479 [debug]: Started rendering test staging_dbt_test__audit.not_null_stg_categories_categorie_id
11:39:04.949952 [debug]: Writing runtime sql for node "model.fintrack_analytics.stg_budgets"
11:39:04.950088 [debug]: Compiled SQL for node model.fintrack_analytics.dim_categories at target\compiled\fintrack_analytics\models\marts\dim_categories.sql
11:39:04.950236 [debug]: Finished rendering [  0.00s] model staging_marts.dim_categories [success]
11:39:04.950356 [debug]: Started analyzing model staging_marts.dim_categories
11:39:04.950576 [debug]: Finished analyzing [  0.00s] model staging_marts.dim_categories [success]
11:39:04.951446 [debug]: Compiled SQL for node test.fintrack_analytics.unique_stg_categories_categorie_id.ab16992ac3 at target\compiled\fintrack_analytics\target\generic_tests\unique_stg_categories_categorie_id.sql
11:39:04.951859 [debug]: create_debug_span(...).entered() took 25.9µs
11:39:04.951609 [debug]: Finished rendering [  0.00s] test staging_dbt_test__audit.unique_stg_categories_categorie_id [success]
11:39:04.952086 [debug]: Started analyzing test staging_dbt_test__audit.unique_stg_categories_categorie_id
11:39:04.952121 [debug]: Compiled SQL for node test.fintrack_analytics.not_null_stg_categories_categorie_id.3e2fb4d400 at target\compiled\fintrack_analytics\target\generic_tests\not_null_stg_categories_categorie_id.sql
11:39:04.952258 [debug]: Finished rendering [  0.00s] test staging_dbt_test__audit.not_null_stg_categories_categorie_id [success]
11:39:04.952438 [debug]: Started analyzing test staging_dbt_test__audit.not_null_stg_categories_categorie_id
11:39:04.952890 [debug]: Finished analyzing [  0.00s] test staging_dbt_test__audit.not_null_stg_categories_categorie_id [success]
11:39:04.953092 [info ]: Started running test staging_dbt_test__audit.not_null_stg_categories_categorie_id
11:39:04.953162 [debug]: Started connection limit wait
11:39:04.955988 [debug]: Finished analyzing [  0.00s] test staging_dbt_test__audit.unique_stg_categories_categorie_id [success]
11:39:04.956140 [info ]: Started running test staging_dbt_test__audit.unique_stg_categories_categorie_id
11:39:04.956186 [debug]: Started connection limit wait
11:39:05.469677 [debug]: create_debug_span(...).entered() took 28.5µs
11:39:05.535133 [debug]: stmt.execute() (submit+wait_for_completion, returns reader) took 583.1755ms
11:39:05.535184 [debug]: reader.schema() took 18.2µs
11:39:05.537012 [debug]: do_execute(conn) (closure: stmt.execute + schema + batch loop) took 585.1243ms
11:39:05.537058 [debug]: concat_batches + normalize_result_column_names took 19.9µs
11:39:05.537072 [debug]: record_current_span_status_from_attrs took 3.5µs
11:39:05.537086 [debug]: Query executed on node model.fintrack_analytics.stg_budgets:
create or replace   view fintrack_db.staging.stg_budgets
  
  
  
  
  as (
    with source as (

    select * from fintrack_db.raw.raw_budgets

),

renamed as (

    select
        id             as budget_id,
        compte_id,
        categorie_id,
        cast(mois as date) as mois,
        montant_prevu

    from source

)

select * from renamed
  )
/* {"app": "dbt", "dbt_version": "2.0.0", "node_id": "model.fintrack_analytics.stg_budgets", "profile_name": "fintrack_analytics", "target_name": "dev"} */
11:39:05.537128 [debug]: drop(query_span_guard) (span exit/export) took 46.2µs
11:39:05.539300 [debug]: Finished connection limit wait [  1.63s]
11:39:05.539299 [info ]: Finished running [  0.59s] model staging.stg_budgets [success]
11:39:05.539790 [info ]:  Succeeded [  0.61s] model staging.stg_budgets (view)
11:39:05.540646 [info ]: Started test staging_dbt_test__audit.unique_stg_budgets_budget_id
11:39:05.540791 [debug]: Started rendering test staging_dbt_test__audit.unique_stg_budgets_budget_id
11:39:05.540841 [info ]: Started test staging_dbt_test__audit.not_null_stg_budgets_budget_id
11:39:05.540860 [debug]: Started rendering test staging_dbt_test__audit.not_null_stg_budgets_budget_id
11:39:05.544850 [debug]: Writing runtime sql for node "model.fintrack_analytics.stg_comptes"
11:39:05.545188 [debug]: Compiled SQL for node test.fintrack_analytics.not_null_stg_budgets_budget_id.ad1ccf4381 at target\compiled\fintrack_analytics\target\generic_tests\not_null_stg_budgets_budget_id.sql
11:39:05.546103 [debug]: Compiled SQL for node test.fintrack_analytics.unique_stg_budgets_budget_id.effb4c8d16 at target\compiled\fintrack_analytics\target\generic_tests\unique_stg_budgets_budget_id.sql
11:39:05.547007 [debug]: create_debug_span(...).entered() took 31.5µs
11:39:05.545391 [debug]: Finished rendering [  0.00s] test staging_dbt_test__audit.not_null_stg_budgets_budget_id [success]
11:39:05.547542 [debug]: Started analyzing test staging_dbt_test__audit.not_null_stg_budgets_budget_id
11:39:05.547623 [debug]: Finished rendering [  0.01s] test staging_dbt_test__audit.unique_stg_budgets_budget_id [success]
11:39:05.547764 [debug]: Started analyzing test staging_dbt_test__audit.unique_stg_budgets_budget_id
11:39:05.547919 [debug]: Finished analyzing [  0.00s] test staging_dbt_test__audit.not_null_stg_budgets_budget_id [success]
11:39:05.548053 [info ]: Started running test staging_dbt_test__audit.not_null_stg_budgets_budget_id
11:39:05.548116 [debug]: Started connection limit wait
11:39:05.548361 [debug]: Finished analyzing [  0.00s] test staging_dbt_test__audit.unique_stg_budgets_budget_id [success]
11:39:05.548487 [info ]: Started running test staging_dbt_test__audit.unique_stg_budgets_budget_id
11:39:05.548543 [debug]: Started connection limit wait
11:39:05.834296 [debug]: stmt.execute() (submit+wait_for_completion, returns reader) took 364.5347ms
11:39:05.834320 [debug]: reader.schema() took 600ns
11:39:05.835048 [debug]: batch-consume loop (for res in reader) took 719.4µs
11:39:05.835856 [debug]: do_execute(conn) (closure: stmt.execute + schema + batch loop) took 366.1535ms
11:39:05.835905 [debug]: concat_batches + normalize_result_column_names took 36.7µs
11:39:05.835913 [debug]: record_current_span_status_from_attrs took 2.5µs
11:39:05.835920 [debug]: Query executed on node snapshot.fintrack_analytics.snapshot_comptes:
SHOW OBJECTS IN SCHEMA "FINTRACK_DB"."SNAPSHOTS" LIMIT 10000
11:39:05.835956 [debug]: drop(query_span_guard) (span exit/export) took 38.9µs
11:39:05.848293 [debug]: create_debug_span(...).entered() took 16.7µs
11:39:06.139302 [debug]: stmt.execute() (submit+wait_for_completion, returns reader) took 592.1903ms
11:39:06.139345 [debug]: reader.schema() took 1µs
11:39:06.142662 [debug]: do_execute(conn) (closure: stmt.execute + schema + batch loop) took 595.6192ms
11:39:06.142719 [debug]: concat_batches + normalize_result_column_names took 24.9µs
11:39:06.142734 [debug]: record_current_span_status_from_attrs took 3.9µs
11:39:06.142748 [debug]: Query executed on node model.fintrack_analytics.stg_comptes:
create or replace   view fintrack_db.staging.stg_comptes
  
  
  
  
  as (
    with source as (

    select * from fintrack_db.raw.raw_comptes

),

renamed as (

    select
        id                 as compte_id,
        nom_client,
        email,
        type_compte,
        date_ouverture,
        solde_initial,
        lower(statut)      as statut

    from source

)

select * from renamed
  )
/* {"app": "dbt", "dbt_version": "2.0.0", "node_id": "model.fintrack_analytics.stg_comptes", "profile_name": "fintrack_analytics", "target_name": "dev"} */
11:39:06.142792 [debug]: drop(query_span_guard) (span exit/export) took 49.6µs
11:39:06.146348 [debug]: Finished connection limit wait [  2.23s]
11:39:06.146298 [info ]: Finished running [  0.61s] model staging.stg_comptes [success]
11:39:06.146520 [info ]:  Succeeded [  0.63s] model staging.stg_comptes (view)
11:39:06.148194 [info ]: Started test staging_dbt_test__audit.accepted_values_stg_comptes_statut__actif__inactif__cloture
11:39:06.148244 [debug]: Started rendering test staging_dbt_test__audit.accepted_values_stg_comptes_statut__actif__inactif__cloture
11:39:06.148315 [info ]: Started model staging_marts.dim_comptes
11:39:06.148357 [debug]: Started rendering model staging_marts.dim_comptes
11:39:06.148445 [info ]: Started test staging_dbt_test__audit.not_null_stg_comptes_compte_id
11:39:06.148488 [debug]: Started rendering test staging_dbt_test__audit.not_null_stg_comptes_compte_id
11:39:06.148561 [info ]: Started test staging_dbt_test__audit.unique_stg_comptes_compte_id
11:39:06.148600 [debug]: Started rendering test staging_dbt_test__audit.unique_stg_comptes_compte_id
11:39:06.148669 [info ]: Started test staging_dbt_test__audit.accepted_values_stg_comptes_type_compte__courant__epargne__joint
11:39:06.148707 [debug]: Started rendering test staging_dbt_test__audit.accepted_values_stg_comptes_type_compte__courant__epargne__joint
11:39:06.154216 [debug]: Writing runtime sql for node "model.fintrack_analytics.stg_transactions"
11:39:06.156297 [debug]: Compiled SQL for node model.fintrack_analytics.dim_comptes at target\compiled\fintrack_analytics\models\marts\dim_comptes.sql
11:39:06.156535 [debug]: Finished rendering [  0.01s] model staging_marts.dim_comptes [success]
11:39:06.157529 [debug]: Started analyzing model staging_marts.dim_comptes
11:39:06.157684 [debug]: create_debug_span(...).entered() took 29.1µs
11:39:06.158625 [debug]: Compiled SQL for node test.fintrack_analytics.not_null_stg_comptes_compte_id.c12e0b3b3b at target\compiled\fintrack_analytics\target\generic_tests\not_null_stg_comptes_compte_id.sql
11:39:06.158953 [debug]: Finished rendering [  0.01s] test staging_dbt_test__audit.not_null_stg_comptes_compte_id [success]
11:39:06.159738 [debug]: Started analyzing test staging_dbt_test__audit.not_null_stg_comptes_compte_id
11:39:06.160221 [debug]: Finished analyzing [  0.00s] test staging_dbt_test__audit.not_null_stg_comptes_compte_id [success]
11:39:06.160984 [debug]: Compiled SQL for node test.fintrack_analytics.accepted_values_stg_comptes_statut__actif__inactif__cloture.f56d9561d0 at target\compiled\fintrack_analytics\target\generic_tests\accepted_values_stg_comptes_statut__actif__inactif__cloture.sql
11:39:06.161171 [info ]: Started running test staging_dbt_test__audit.not_null_stg_comptes_compte_id
11:39:06.161258 [debug]: Started connection limit wait
11:39:06.161272 [debug]: Finished rendering [  0.01s] test staging_dbt_test__audit.accepted_values_stg_comptes_statut__actif__inactif__cloture [success]
11:39:06.161569 [debug]: Started analyzing test staging_dbt_test__audit.accepted_values_stg_comptes_statut__actif__inactif__cloture
11:39:06.162461 [debug]: Compiled SQL for node test.fintrack_analytics.accepted_values_stg_comptes_type_compte__courant__epargne__joint.ff87077911 at target\compiled\fintrack_analytics\target\generic_tests\accepted_values_stg_comptes_f1faed08d9c87f7483d3a3bcc8a81daa.sql
11:39:06.162675 [debug]: Compiled SQL for node test.fintrack_analytics.unique_stg_comptes_compte_id.ca647be308 at target\compiled\fintrack_analytics\target\generic_tests\unique_stg_comptes_compte_id.sql
11:39:06.163150 [debug]: Finished rendering [  0.01s] test staging_dbt_test__audit.accepted_values_stg_comptes_type_compte__courant__epargne__joint [success]
11:39:06.163451 [debug]: Started analyzing test staging_dbt_test__audit.accepted_values_stg_comptes_type_compte__courant__epargne__joint
11:39:06.163519 [debug]: Finished rendering [  0.01s] test staging_dbt_test__audit.unique_stg_comptes_compte_id [success]
11:39:06.163668 [debug]: Started analyzing test staging_dbt_test__audit.unique_stg_comptes_compte_id
11:39:06.164568 [debug]: Finished analyzing [  0.00s] test staging_dbt_test__audit.unique_stg_comptes_compte_id [success]
11:39:06.164738 [info ]: Started running test staging_dbt_test__audit.unique_stg_comptes_compte_id
11:39:06.164814 [debug]: Started connection limit wait
11:39:06.165021 [debug]: Finished analyzing [  0.00s] test staging_dbt_test__audit.accepted_values_stg_comptes_type_compte__courant__epargne__joint [success]
11:39:06.165167 [info ]: Started running test staging_dbt_test__audit.accepted_values_stg_comptes_type_compte__courant__epargne__joint
11:39:06.165255 [debug]: Started connection limit wait
11:39:06.165209 [debug]: Finished analyzing [  0.00s] test staging_dbt_test__audit.accepted_values_stg_comptes_statut__actif__inactif__cloture [success]
11:39:06.165368 [info ]: Started running test staging_dbt_test__audit.accepted_values_stg_comptes_statut__actif__inactif__cloture
11:39:06.165432 [debug]: Started connection limit wait
11:39:06.170460 [debug]: Finished analyzing [  0.01s] model staging_marts.dim_comptes [success]
11:39:06.385455 [debug]: stmt.execute() (submit+wait_for_completion, returns reader) took 536.979ms
11:39:06.385490 [debug]: reader.schema() took 500ns
11:39:06.386881 [debug]: batch-consume loop (for res in reader) took 1.3738ms
11:39:06.388313 [debug]: do_execute(conn) (closure: stmt.execute + schema + batch loop) took 539.9873ms
11:39:06.388386 [debug]: concat_batches + normalize_result_column_names took 41.8µs
11:39:06.388407 [debug]: record_current_span_status_from_attrs took 3.9µs
11:39:06.388428 [debug]: Query executed on node snapshot.fintrack_analytics.snapshot_comptes:
select * from (
        
    

    select *,
        md5(coalesce(cast(id as varchar ), '')
         || '|' || coalesce(cast(to_timestamp_ntz(convert_timezone('UTC', current_timestamp())) as varchar ), '')
        ) as dbt_scd_id,
        to_timestamp_ntz(convert_timezone('UTC', current_timestamp())) as dbt_updated_at,
        to_timestamp_ntz(convert_timezone('UTC', current_timestamp())) as dbt_valid_from,
        
  
  coalesce(nullif(to_timestamp_ntz(convert_timezone('UTC', current_timestamp())), to_timestamp_ntz(convert_timezone('UTC', current_timestamp()))), null)
  as dbt_valid_to
from (
        



select * from fintrack_db.raw.raw_comptes


    ) sbq



    ) as __dbt_sbq
    where false
    limit 0
/* {"app": "dbt", "dbt_version": "2.0.0", "node_id": "snapshot.fintrack_analytics.snapshot_comptes", "profile_name": "fintrack_analytics", "target_name": "dev"} */
11:39:06.388501 [debug]: drop(query_span_guard) (span exit/export) took 79.2µs
11:39:06.403532 [debug]: create_debug_span(...).entered() took 25.4µs
11:39:06.724965 [debug]: stmt.execute() (submit+wait_for_completion, returns reader) took 321.3271ms
11:39:06.725002 [debug]: reader.schema() took 700ns
11:39:06.726199 [debug]: batch-consume loop (for res in reader) took 1.1755ms
11:39:06.727271 [debug]: do_execute(conn) (closure: stmt.execute + schema + batch loop) took 323.7069ms
11:39:06.727314 [debug]: concat_batches + normalize_result_column_names took 12.5µs
11:39:06.727326 [debug]: record_current_span_status_from_attrs took 3.1µs
11:39:06.727361 [debug]: Query executed on node snapshot.fintrack_analytics.snapshot_comptes:
select * from (
        select to_timestamp_ntz(convert_timezone('UTC', current_timestamp())) as dbt_snapshot_time
    ) as __dbt_sbq
    where false
    limit 0
/* {"app": "dbt", "dbt_version": "2.0.0", "node_id": "snapshot.fintrack_analytics.snapshot_comptes", "profile_name": "fintrack_analytics", "target_name": "dev"} */
11:39:06.727404 [debug]: drop(query_span_guard) (span exit/export) took 48.8µs
11:39:06.730135 [debug]: Writing runtime sql for node "snapshot.fintrack_analytics.snapshot_comptes"
11:39:06.733943 [debug]: create_debug_span(...).entered() took 21.6µs
11:39:06.825723 [debug]: stmt.execute() (submit+wait_for_completion, returns reader) took 667.584ms
11:39:06.825746 [debug]: reader.schema() took 400ns
11:39:06.827606 [debug]: do_execute(conn) (closure: stmt.execute + schema + batch loop) took 669.8869ms
11:39:06.827639 [debug]: concat_batches + normalize_result_column_names took 15.4µs
11:39:06.827647 [debug]: record_current_span_status_from_attrs took 3.1µs
11:39:06.827655 [debug]: Query executed on node model.fintrack_analytics.stg_transactions:
create or replace   view fintrack_db.staging.stg_transactions
  
  
  
  
  as (
    with source as (

    select * from fintrack_db.raw.raw_transactions

),

renamed as (

    select
        id                                      as transaction_id,
        compte_id,
        cast(date_transaction as timestamp_ntz) as date_transaction,
        montant,
        type_operation,
        categorie_id,
        description,
        lower(statut)                            as statut,
        case
            when type_operation = 'credit' then montant
            when type_operation = 'debit'  then -montant
        end                                       as montant_signe

    from source

)

select * from renamed
  )
/* {"app": "dbt", "dbt_version": "2.0.0", "node_id": "model.fintrack_analytics.stg_transactions", "profile_name": "fintrack_analytics", "target_name": "dev"} */
11:39:06.827685 [debug]: drop(query_span_guard) (span exit/export) took 32.5µs
11:39:06.829287 [debug]: Finished connection limit wait [  1.88s]
11:39:06.829305 [info ]: Finished running [  0.68s] model staging.stg_transactions [success]
11:39:06.829455 [info ]:  Succeeded [  0.71s] model staging.stg_transactions (view)
11:39:06.830152 [info ]: Started test staging_dbt_test__audit.relationships_stg_transactions_compte_id__compte_id__ref_stg_comptes_
11:39:06.830179 [debug]: Started rendering test staging_dbt_test__audit.relationships_stg_transactions_compte_id__compte_id__ref_stg_comptes_
11:39:06.830225 [info ]: Started test staging_dbt_test__audit.not_null_stg_transactions_transaction_id
11:39:06.830250 [debug]: Started rendering test staging_dbt_test__audit.not_null_stg_transactions_transaction_id
11:39:06.830287 [info ]: Started model staging.int_transactions_enrichies
11:39:06.830307 [debug]: Started rendering model staging.int_transactions_enrichies
11:39:06.830350 [info ]: Started test staging_dbt_test__audit.unique_stg_transactions_transaction_id
11:39:06.830376 [debug]: Started rendering test staging_dbt_test__audit.unique_stg_transactions_transaction_id
11:39:06.832469 [debug]: Writing runtime sql for node "test.fintrack_analytics.not_null_stg_categories_categorie_id.3e2fb4d400"
11:39:06.833365 [debug]: Compiled SQL for node model.fintrack_analytics.int_transactions_enrichies at target\compiled\fintrack_analytics\models\intermediate\int_transactions_enrichies.sql
11:39:06.833674 [debug]: Finished rendering [  0.00s] model staging.int_transactions_enrichies [success]
11:39:06.833983 [debug]: Started analyzing model staging.int_transactions_enrichies
11:39:06.834563 [debug]: create_debug_span(...).entered() took 25.8µs
11:39:06.834743 [debug]: Compiled SQL for node test.fintrack_analytics.unique_stg_transactions_transaction_id.ee9a78a396 at target\compiled\fintrack_analytics\target\generic_tests\unique_stg_transactions_transaction_id.sql
11:39:06.836257 [debug]: Compiled SQL for node test.fintrack_analytics.not_null_stg_transactions_transaction_id.1d00a8e2e4 at target\compiled\fintrack_analytics\target\generic_tests\not_null_stg_transactions_transaction_id.sql
11:39:06.835378 [debug]: Finished rendering [  0.01s] test staging_dbt_test__audit.unique_stg_transactions_transaction_id [success]
11:39:06.837135 [debug]: Started analyzing test staging_dbt_test__audit.unique_stg_transactions_transaction_id
11:39:06.837207 [debug]: Finished rendering [  0.01s] test staging_dbt_test__audit.not_null_stg_transactions_transaction_id [success]
11:39:06.837589 [debug]: Started analyzing test staging_dbt_test__audit.not_null_stg_transactions_transaction_id
11:39:06.838335 [debug]: Finished analyzing [  0.00s] test staging_dbt_test__audit.unique_stg_transactions_transaction_id [success]
11:39:06.838556 [info ]: Started running test staging_dbt_test__audit.unique_stg_transactions_transaction_id
11:39:06.838612 [debug]: Started connection limit wait
11:39:06.839561 [debug]: Compiled SQL for node test.fintrack_analytics.relationships_stg_transactions_compte_id__compte_id__ref_stg_comptes_.6bb5c74007 at target\compiled\fintrack_analytics\target\generic_tests\relationships_stg_transactions_985ebbdbfd283785f0e58047e4f6b5ed.sql
11:39:06.838744 [debug]: Finished analyzing [  0.00s] test staging_dbt_test__audit.not_null_stg_transactions_transaction_id [success]
11:39:06.841936 [info ]: Started running test staging_dbt_test__audit.not_null_stg_transactions_transaction_id
11:39:06.842055 [debug]: Started connection limit wait
11:39:06.841989 [debug]: Finished rendering [  0.01s] test staging_dbt_test__audit.relationships_stg_transactions_compte_id__compte_id__ref_stg_comptes_ [success]
11:39:06.842234 [debug]: Started analyzing test staging_dbt_test__audit.relationships_stg_transactions_compte_id__compte_id__ref_stg_comptes_
11:39:06.845930 [debug]: Finished analyzing [  0.01s] model staging.int_transactions_enrichies [success]
11:39:06.847259 [debug]: Finished analyzing [  0.01s] test staging_dbt_test__audit.relationships_stg_transactions_compte_id__compte_id__ref_stg_comptes_ [success]
11:39:06.847439 [info ]: Started running test staging_dbt_test__audit.relationships_stg_transactions_compte_id__compte_id__ref_stg_comptes_
11:39:06.847504 [debug]: Started connection limit wait
11:39:07.469582 [debug]: stmt.execute() (submit+wait_for_completion, returns reader) took 634.9023ms
11:39:07.469687 [debug]: reader.schema() took 1.5µs
11:39:07.476338 [debug]: batch-consume loop (for res in reader) took 6.5769ms
11:39:07.479760 [debug]: do_execute(conn) (closure: stmt.execute + schema + batch loop) took 645.1442ms
11:39:07.479888 [debug]: concat_batches + normalize_result_column_names took 42.5µs
11:39:07.479929 [debug]: record_current_span_status_from_attrs took 10.9µs
11:39:07.479993 [debug]: Query executed on node test.fintrack_analytics.not_null_stg_categories_categorie_id.3e2fb4d400:
select
      count(*) as failures,
      count(*) != 0 as should_warn,
      count(*) != 0 as should_error
    from (
      
    
  
    
    



select categorie_id
from fintrack_db.staging.stg_categories
where categorie_id is null



  
  
      
    ) dbt_internal_test
/* {"app": "dbt", "dbt_version": "2.0.0", "node_id": "test.fintrack_analytics.not_null_stg_categories_categorie_id.3e2fb4d400", "profile_name": "fintrack_analytics", "target_name": "dev"} */
11:39:07.480144 [debug]: drop(query_span_guard) (span exit/export) took 163.9µs
11:39:07.486254 [debug]: Finished connection limit wait [  2.53s]
11:39:07.486164 [info ]: Finished running [  0.66s] test staging_dbt_test__audit.not_null_stg_categories_categorie_id [pass]
11:39:07.488268 [info ]:     Passed [  0.66s] test  not_null_stg_categories_categorie_id
11:39:07.500871 [debug]: Writing runtime sql for node "test.fintrack_analytics.unique_stg_categories_categorie_id.ab16992ac3"
11:39:07.508785 [debug]: create_debug_span(...).entered() took 77.9µs
11:39:07.844656 [debug]: stmt.execute() (submit+wait_for_completion, returns reader) took 1.1106128s
11:39:07.844709 [debug]: reader.schema() took 700ns
11:39:07.848849 [debug]: do_execute(conn) (closure: stmt.execute + schema + batch loop) took 1.1148635s
11:39:07.848928 [debug]: concat_batches + normalize_result_column_names took 37.7µs
11:39:07.848946 [debug]: record_current_span_status_from_attrs took 5.7µs
11:39:07.848964 [debug]: Query executed on node snapshot.fintrack_analytics.snapshot_comptes:
create or replace transient  table fintrack_db.snapshots.snapshot_comptes
    
    
    
    
    as (
    

    select *,
        md5(coalesce(cast(id as varchar ), '')
         || '|' || coalesce(cast(to_timestamp_ntz(convert_timezone('UTC', current_timestamp())) as varchar ), '')
        ) as dbt_scd_id,
        to_timestamp_ntz(convert_timezone('UTC', current_timestamp())) as dbt_updated_at,
        to_timestamp_ntz(convert_timezone('UTC', current_timestamp())) as dbt_valid_from,
        
  
  coalesce(nullif(to_timestamp_ntz(convert_timezone('UTC', current_timestamp())), to_timestamp_ntz(convert_timezone('UTC', current_timestamp()))), null)
  as dbt_valid_to
from (
        



select * from fintrack_db.raw.raw_comptes


    ) sbq



    )

/* {"app": "dbt", "dbt_version": "2.0.0", "node_id": "snapshot.fintrack_analytics.snapshot_comptes", "profile_name": "fintrack_analytics", "target_name": "dev"} */
11:39:07.849049 [debug]: drop(query_span_guard) (span exit/export) took 81.6µs
11:39:07.861753 [debug]: Finished connection limit wait [  2.31s]
11:39:07.861733 [info ]: Finished running [  3.96s] snapshot snapshots.snapshot_comptes [success]
11:39:07.862729 [info ]:  Succeeded [  3.97s] snapshot snapshots.snapshot_comptes (snapshot)
11:39:07.866047 [debug]: Writing runtime sql for node "test.fintrack_analytics.not_null_stg_budgets_budget_id.ad1ccf4381"
11:39:07.868197 [debug]: create_debug_span(...).entered() took 27.7µs
11:39:08.037020 [debug]: stmt.execute() (submit+wait_for_completion, returns reader) took 527.2482ms
11:39:08.037053 [debug]: reader.schema() took 400ns
11:39:08.037997 [debug]: batch-consume loop (for res in reader) took 933.1µs
11:39:08.038766 [debug]: do_execute(conn) (closure: stmt.execute + schema + batch loop) took 529.8855ms
11:39:08.038791 [debug]: concat_batches + normalize_result_column_names took 9.9µs
11:39:08.038799 [debug]: record_current_span_status_from_attrs took 2.5µs
11:39:08.038807 [debug]: Query executed on node test.fintrack_analytics.unique_stg_categories_categorie_id.ab16992ac3:
select
      count(*) as failures,
      count(*) != 0 as should_warn,
      count(*) != 0 as should_error
    from (
      
    
  
    
    

select
    categorie_id as unique_field,
    count(*) as n_records

from fintrack_db.staging.stg_categories
where categorie_id is not null
group by categorie_id
having count(*) > 1



  
  
      
    ) dbt_internal_test
/* {"app": "dbt", "dbt_version": "2.0.0", "node_id": "test.fintrack_analytics.unique_stg_categories_categorie_id.ab16992ac3", "profile_name": "fintrack_analytics", "target_name": "dev"} */
11:39:08.038829 [debug]: drop(query_span_guard) (span exit/export) took 25.8µs
11:39:08.039780 [debug]: Finished connection limit wait [  2.49s]
11:39:08.039787 [info ]: Finished running [  0.55s] test staging_dbt_test__audit.unique_stg_categories_categorie_id [pass]
11:39:08.039900 [info ]:     Passed [  0.56s] test  unique_stg_categories_categorie_id
11:39:08.040411 [info ]: Started running model staging_marts.dim_categories
11:39:08.040469 [debug]: Started connection limit wait
11:39:08.041953 [debug]: Writing runtime sql for node "test.fintrack_analytics.unique_stg_budgets_budget_id.effb4c8d16"
11:39:08.043587 [debug]: create_debug_span(...).entered() took 22.5µs
11:39:08.314133 [debug]: stmt.execute() (submit+wait_for_completion, returns reader) took 445.7741ms
11:39:08.314169 [debug]: reader.schema() took 600ns
11:39:08.315695 [debug]: batch-consume loop (for res in reader) took 1.5101ms
11:39:08.316985 [debug]: do_execute(conn) (closure: stmt.execute + schema + batch loop) took 448.7551ms
11:39:08.317028 [debug]: concat_batches + normalize_result_column_names took 14.2µs
11:39:08.317042 [debug]: record_current_span_status_from_attrs took 3.8µs
11:39:08.317056 [debug]: Query executed on node test.fintrack_analytics.not_null_stg_budgets_budget_id.ad1ccf4381:
select
      count(*) as failures,
      count(*) != 0 as should_warn,
      count(*) != 0 as should_error
    from (
      
    
  
    
    



select budget_id
from fintrack_db.staging.stg_budgets
where budget_id is null



  
  
      
    ) dbt_internal_test
/* {"app": "dbt", "dbt_version": "2.0.0", "node_id": "test.fintrack_analytics.not_null_stg_budgets_budget_id.ad1ccf4381", "profile_name": "fintrack_analytics", "target_name": "dev"} */
11:39:08.317093 [debug]: drop(query_span_guard) (span exit/export) took 42.4µs
11:39:08.318591 [debug]: Finished connection limit wait [  2.16s]
11:39:08.318580 [info ]: Finished running [  0.46s] test staging_dbt_test__audit.not_null_stg_budgets_budget_id [pass]
11:39:08.319290 [info ]:     Passed [  0.46s] test  not_null_stg_budgets_budget_id
11:39:08.322187 [debug]: Writing runtime sql for node "test.fintrack_analytics.not_null_stg_comptes_compte_id.c12e0b3b3b"
11:39:08.324787 [debug]: create_debug_span(...).entered() took 32.6µs
11:39:08.591629 [debug]: stmt.execute() (submit+wait_for_completion, returns reader) took 547.9591ms
11:39:08.591669 [debug]: reader.schema() took 600ns
11:39:08.593628 [debug]: batch-consume loop (for res in reader) took 1.9397ms
11:39:08.594947 [debug]: do_execute(conn) (closure: stmt.execute + schema + batch loop) took 551.3254ms
11:39:08.595051 [debug]: concat_batches + normalize_result_column_names took 31.2µs
11:39:08.595093 [debug]: record_current_span_status_from_attrs took 11.9µs
11:39:08.595133 [debug]: Query executed on node test.fintrack_analytics.unique_stg_budgets_budget_id.effb4c8d16:
select
      count(*) as failures,
      count(*) != 0 as should_warn,
      count(*) != 0 as should_error
    from (
      
    
  
    
    

select
    budget_id as unique_field,
    count(*) as n_records

from fintrack_db.staging.stg_budgets
where budget_id is not null
group by budget_id
having count(*) > 1



  
  
      
    ) dbt_internal_test
/* {"app": "dbt", "dbt_version": "2.0.0", "node_id": "test.fintrack_analytics.unique_stg_budgets_budget_id.effb4c8d16", "profile_name": "fintrack_analytics", "target_name": "dev"} */
11:39:08.595183 [debug]: drop(query_span_guard) (span exit/export) took 56.7µs
11:39:08.596948 [debug]: Finished connection limit wait [  2.43s]
11:39:08.596962 [info ]: Finished running [  0.56s] test staging_dbt_test__audit.unique_stg_budgets_budget_id [pass]
11:39:08.597989 [info ]:     Passed [  0.56s] test  unique_stg_budgets_budget_id
11:39:08.602053 [debug]: Writing runtime sql for node "test.fintrack_analytics.unique_stg_comptes_compte_id.ca647be308"
11:39:08.606470 [debug]: create_debug_span(...).entered() took 89.5µs
11:39:08.804990 [debug]: stmt.execute() (submit+wait_for_completion, returns reader) took 480.0754ms
11:39:08.805047 [debug]: reader.schema() took 800ns
11:39:08.807806 [debug]: batch-consume loop (for res in reader) took 2.7233ms
11:39:08.810027 [debug]: do_execute(conn) (closure: stmt.execute + schema + batch loop) took 485.1867ms
11:39:08.810090 [debug]: concat_batches + normalize_result_column_names took 21µs
11:39:08.810107 [debug]: record_current_span_status_from_attrs took 5.6µs
11:39:08.810124 [debug]: Query executed on node test.fintrack_analytics.not_null_stg_comptes_compte_id.c12e0b3b3b:
select
      count(*) as failures,
      count(*) != 0 as should_warn,
      count(*) != 0 as should_error
    from (
      
    
  
    
    



select compte_id
from fintrack_db.staging.stg_comptes
where compte_id is null



  
  
      
    ) dbt_internal_test
/* {"app": "dbt", "dbt_version": "2.0.0", "node_id": "test.fintrack_analytics.not_null_stg_comptes_compte_id.c12e0b3b3b", "profile_name": "fintrack_analytics", "target_name": "dev"} */
11:39:08.810179 [debug]: drop(query_span_guard) (span exit/export) took 61.1µs
11:39:08.812438 [debug]: Finished connection limit wait [  2.65s]
11:39:08.812418 [info ]: Finished running [  0.49s] test staging_dbt_test__audit.not_null_stg_comptes_compte_id [pass]
11:39:08.813304 [info ]:     Passed [  0.50s] test  not_null_stg_comptes_compte_id
11:39:08.817015 [debug]: Writing runtime sql for node "test.fintrack_analytics.accepted_values_stg_comptes_type_compte__courant__epargne__joint.ff87077911"
11:39:08.819485 [debug]: create_debug_span(...).entered() took 26.6µs
11:39:09.035806 [debug]: stmt.execute() (submit+wait_for_completion, returns reader) took 428.9382ms
11:39:09.035838 [debug]: reader.schema() took 400ns
11:39:09.036995 [debug]: batch-consume loop (for res in reader) took 1.1401ms
11:39:09.037970 [debug]: do_execute(conn) (closure: stmt.execute + schema + batch loop) took 431.3292ms
11:39:09.038010 [debug]: concat_batches + normalize_result_column_names took 15.8µs
11:39:09.038023 [debug]: record_current_span_status_from_attrs took 3.3µs
11:39:09.038037 [debug]: Query executed on node test.fintrack_analytics.unique_stg_comptes_compte_id.ca647be308:
select
      count(*) as failures,
      count(*) != 0 as should_warn,
      count(*) != 0 as should_error
    from (
      
    
  
    
    

select
    compte_id as unique_field,
    count(*) as n_records

from fintrack_db.staging.stg_comptes
where compte_id is not null
group by compte_id
having count(*) > 1



  
  
      
    ) dbt_internal_test
/* {"app": "dbt", "dbt_version": "2.0.0", "node_id": "test.fintrack_analytics.unique_stg_comptes_compte_id.ca647be308", "profile_name": "fintrack_analytics", "target_name": "dev"} */
11:39:09.038077 [debug]: drop(query_span_guard) (span exit/export) took 43.7µs
11:39:09.039361 [debug]: Finished connection limit wait [  2.87s]
11:39:09.039368 [info ]: Finished running [  0.44s] test staging_dbt_test__audit.unique_stg_comptes_compte_id [pass]
11:39:09.039886 [info ]:     Passed [  0.46s] test  unique_stg_comptes_compte_id
11:39:09.042974 [debug]: Writing runtime sql for node "test.fintrack_analytics.accepted_values_stg_comptes_statut__actif__inactif__cloture.f56d9561d0"
11:39:09.045024 [debug]: create_debug_span(...).entered() took 27.7µs
11:39:09.423741 [debug]: stmt.execute() (submit+wait_for_completion, returns reader) took 378.6266ms
11:39:09.423773 [debug]: reader.schema() took 400ns
11:39:09.424831 [debug]: batch-consume loop (for res in reader) took 1.0429ms
11:39:09.425772 [debug]: do_execute(conn) (closure: stmt.execute + schema + batch loop) took 380.7175ms
11:39:09.425809 [debug]: concat_batches + normalize_result_column_names took 15.9µs
11:39:09.425822 [debug]: record_current_span_status_from_attrs took 3.4µs
11:39:09.425844 [debug]: Query executed on node test.fintrack_analytics.accepted_values_stg_comptes_statut__actif__inactif__cloture.f56d9561d0:
select
      count(*) as failures,
      count(*) != 0 as should_warn,
      count(*) != 0 as should_error
    from (
      
    
  
    
    

with all_values as (

    select
        statut as value_field,
        count(*) as n_records

    from fintrack_db.staging.stg_comptes
    group by statut

)

select *
from all_values
where value_field not in (
    'actif','inactif','cloture'
)



  
  
      
    ) dbt_internal_test
/* {"app": "dbt", "dbt_version": "2.0.0", "node_id": "test.fintrack_analytics.accepted_values_stg_comptes_statut__actif__inactif__cloture.f56d9561d0", "profile_name": "fintrack_analytics", "target_name": "dev"} */
11:39:09.425879 [debug]: drop(query_span_guard) (span exit/export) took 38µs
11:39:09.426917 [debug]: Finished connection limit wait [  2.59s]
11:39:09.426928 [info ]: Finished running [  0.39s] test staging_dbt_test__audit.accepted_values_stg_comptes_statut__actif__inactif__cloture [pass]
11:39:09.427044 [info ]:     Passed [  0.40s] test  accepted_values_stg_comptes_statut__actif__inactif__cloture
11:39:09.429298 [debug]: Writing runtime sql for node "test.fintrack_analytics.unique_stg_transactions_transaction_id.ee9a78a396"
11:39:09.430692 [debug]: create_debug_span(...).entered() took 16.1µs
11:39:09.444795 [debug]: stmt.execute() (submit+wait_for_completion, returns reader) took 625.1078ms
11:39:09.444820 [debug]: reader.schema() took 400ns
11:39:09.445919 [debug]: batch-consume loop (for res in reader) took 1.0905ms
11:39:09.446766 [debug]: do_execute(conn) (closure: stmt.execute + schema + batch loop) took 627.2385ms
11:39:09.446791 [debug]: concat_batches + normalize_result_column_names took 10.4µs
11:39:09.446799 [debug]: record_current_span_status_from_attrs took 2.8µs
11:39:09.446807 [debug]: Query executed on node test.fintrack_analytics.accepted_values_stg_comptes_type_compte__courant__epargne__joint.ff87077911:
select
      count(*) as failures,
      count(*) != 0 as should_warn,
      count(*) != 0 as should_error
    from (
      
    
  
    
    

with all_values as (

    select
        type_compte as value_field,
        count(*) as n_records

    from fintrack_db.staging.stg_comptes
    group by type_compte

)

select *
from all_values
where value_field not in (
    'courant','epargne','joint'
)



  
  
      
    ) dbt_internal_test
/* {"app": "dbt", "dbt_version": "2.0.0", "node_id": "test.fintrack_analytics.accepted_values_stg_comptes_type_compte__courant__epargne__joint.ff87077911", "profile_name": "fintrack_analytics", "target_name": "dev"} */
11:39:09.446833 [debug]: drop(query_span_guard) (span exit/export) took 29.9µs
11:39:09.447772 [debug]: Finished connection limit wait [  2.61s]
11:39:09.447762 [info ]: Finished running [  0.64s] test staging_dbt_test__audit.accepted_values_stg_comptes_type_compte__courant__epargne__joint [pass]
11:39:09.448146 [info ]:     Passed [  0.65s] test  accepted_values_stg_comptes_type_compte__courant__epargne__joint
11:39:09.448742 [info ]: Started running model staging_marts.dim_comptes
11:39:09.448777 [debug]: Started connection limit wait
11:39:09.450036 [debug]: Writing runtime sql for node "test.fintrack_analytics.not_null_stg_transactions_transaction_id.1d00a8e2e4"
11:39:09.451394 [debug]: create_debug_span(...).entered() took 15.8µs
11:39:10.034493 [debug]: stmt.execute() (submit+wait_for_completion, returns reader) took 583.0176ms
11:39:10.034541 [debug]: reader.schema() took 600ns
11:39:10.036809 [debug]: batch-consume loop (for res in reader) took 2.2405ms
11:39:10.039079 [debug]: do_execute(conn) (closure: stmt.execute + schema + batch loop) took 587.6481ms
11:39:10.039144 [debug]: concat_batches + normalize_result_column_names took 20.7µs
11:39:10.039162 [debug]: record_current_span_status_from_attrs took 5.6µs
11:39:10.039181 [debug]: Query executed on node test.fintrack_analytics.not_null_stg_transactions_transaction_id.1d00a8e2e4:
select
      count(*) as failures,
      count(*) != 0 as should_warn,
      count(*) != 0 as should_error
    from (
      
    
  
    
    



select transaction_id
from fintrack_db.staging.stg_transactions
where transaction_id is null



  
  
      
    ) dbt_internal_test
/* {"app": "dbt", "dbt_version": "2.0.0", "node_id": "test.fintrack_analytics.not_null_stg_transactions_transaction_id.1d00a8e2e4", "profile_name": "fintrack_analytics", "target_name": "dev"} */
11:39:10.039241 [debug]: drop(query_span_guard) (span exit/export) took 66.6µs
11:39:10.041133 [debug]: Finished connection limit wait [  3.19s]
11:39:10.041125 [info ]: Finished running [  0.59s] test staging_dbt_test__audit.not_null_stg_transactions_transaction_id [pass]
11:39:10.041926 [info ]:     Passed [  0.60s] test  not_null_stg_transactions_transaction_id
11:39:10.045795 [debug]: Writing runtime sql for node "test.fintrack_analytics.relationships_stg_transactions_compte_id__compte_id__ref_stg_comptes_.6bb5c74007"
11:39:10.048911 [debug]: create_debug_span(...).entered() took 23.9µs
11:39:10.295540 [debug]: stmt.execute() (submit+wait_for_completion, returns reader) took 864.7669ms
11:39:10.295580 [debug]: reader.schema() took 500ns
11:39:10.296641 [debug]: batch-consume loop (for res in reader) took 1.0467ms
11:39:10.297680 [debug]: do_execute(conn) (closure: stmt.execute + schema + batch loop) took 866.9641ms
11:39:10.297704 [debug]: concat_batches + normalize_result_column_names took 10µs
11:39:10.297712 [debug]: record_current_span_status_from_attrs took 3µs
11:39:10.297720 [debug]: Query executed on node test.fintrack_analytics.unique_stg_transactions_transaction_id.ee9a78a396:
select
      count(*) as failures,
      count(*) != 0 as should_warn,
      count(*) != 0 as should_error
    from (
      
    
  
    
    

select
    transaction_id as unique_field,
    count(*) as n_records

from fintrack_db.staging.stg_transactions
where transaction_id is not null
group by transaction_id
having count(*) > 1



  
  
      
    ) dbt_internal_test
/* {"app": "dbt", "dbt_version": "2.0.0", "node_id": "test.fintrack_analytics.unique_stg_transactions_transaction_id.ee9a78a396", "profile_name": "fintrack_analytics", "target_name": "dev"} */
11:39:10.297747 [debug]: drop(query_span_guard) (span exit/export) took 30.7µs
11:39:10.298649 [debug]: Finished connection limit wait [  2.26s]
11:39:10.298654 [info ]: Finished running [  0.87s] test staging_dbt_test__audit.unique_stg_transactions_transaction_id [pass]
11:39:10.299049 [info ]:     Passed [  0.88s] test  unique_stg_transactions_transaction_id
11:39:10.300435 [debug]: create_debug_span(...).entered() took 15.1µs
11:39:10.602911 [debug]: stmt.execute() (submit+wait_for_completion, returns reader) took 553.8867ms
11:39:10.602953 [debug]: reader.schema() took 600ns
11:39:10.604904 [debug]: batch-consume loop (for res in reader) took 1.9319ms
11:39:10.606551 [debug]: do_execute(conn) (closure: stmt.execute + schema + batch loop) took 557.5982ms
11:39:10.606609 [debug]: concat_batches + normalize_result_column_names took 22.6µs
11:39:10.606623 [debug]: record_current_span_status_from_attrs took 4.4µs
11:39:10.606638 [debug]: Query executed on node test.fintrack_analytics.relationships_stg_transactions_compte_id__compte_id__ref_stg_comptes_.6bb5c74007:
select
      count(*) as failures,
      count(*) != 0 as should_warn,
      count(*) != 0 as should_error
    from (
      
    
  
    
    

with child as (
    select compte_id as from_field
    from fintrack_db.staging.stg_transactions
    where compte_id is not null
),

parent as (
    select compte_id as to_field
    from fintrack_db.staging.stg_comptes
)

select
    from_field

from child
left join parent
    on child.from_field = parent.to_field

where parent.to_field is null



  
  
      
    ) dbt_internal_test
/* {"app": "dbt", "dbt_version": "2.0.0", "node_id": "test.fintrack_analytics.relationships_stg_transactions_compte_id__compte_id__ref_stg_comptes_.6bb5c74007", "profile_name": "fintrack_analytics", "target_name": "dev"} */
11:39:10.606687 [debug]: drop(query_span_guard) (span exit/export) took 54.2µs
11:39:10.608493 [debug]: Finished connection limit wait [  1.16s]
11:39:10.608495 [info ]: Finished running [  0.57s] test staging_dbt_test__audit.relationships_stg_transactions_compte_id__compte_id__ref_stg_comptes_ [pass]
11:39:10.609436 [info ]:     Passed [  0.58s] test  relationships_stg_transactions_compte_id__compte_id__ref_stg_comptes_
11:39:10.610817 [info ]: Started running model staging.int_transactions_enrichies
11:39:10.610891 [debug]: Started connection limit wait
11:39:10.611922 [debug]: create_debug_span(...).entered() took 19.1µs
11:39:10.703308 [debug]: stmt.execute() (submit+wait_for_completion, returns reader) took 402.7993ms
11:39:10.703351 [debug]: reader.schema() took 900ns
11:39:10.704860 [debug]: batch-consume loop (for res in reader) took 1.488ms
11:39:10.706637 [debug]: do_execute(conn) (closure: stmt.execute + schema + batch loop) took 406.1708ms
11:39:10.706778 [debug]: concat_batches + normalize_result_column_names took 92.5µs
11:39:10.706808 [debug]: record_current_span_status_from_attrs took 5.3µs
11:39:10.706827 [debug]: Query executed on node model.fintrack_analytics.dim_categories:
SHOW OBJECTS IN SCHEMA "FINTRACK_DB"."STAGING_MARTS" LIMIT 10000
11:39:10.706871 [debug]: drop(query_span_guard) (span exit/export) took 49.8µs
11:39:10.711500 [debug]: Writing runtime sql for node "model.fintrack_analytics.dim_categories"
11:39:10.713790 [debug]: create_debug_span(...).entered() took 24.7µs
11:39:11.049310 [debug]: stmt.execute() (submit+wait_for_completion, returns reader) took 437.277ms
11:39:11.049337 [debug]: reader.schema() took 500ns
11:39:11.050263 [debug]: batch-consume loop (for res in reader) took 914µs
11:39:11.051118 [debug]: do_execute(conn) (closure: stmt.execute + schema + batch loop) took 439.1575ms
11:39:11.051182 [debug]: concat_batches + normalize_result_column_names took 45.3µs
11:39:11.051199 [debug]: record_current_span_status_from_attrs took 4.7µs
11:39:11.051217 [debug]: Query executed on node model.fintrack_analytics.dim_comptes:
SHOW OBJECTS IN SCHEMA "FINTRACK_DB"."STAGING_MARTS" LIMIT 10000
11:39:11.051258 [debug]: drop(query_span_guard) (span exit/export) took 46.3µs
11:39:11.053847 [debug]: Writing runtime sql for node "model.fintrack_analytics.dim_comptes"
11:39:11.055721 [debug]: create_debug_span(...).entered() took 23.5µs
11:39:12.301939 [debug]: stmt.execute() (submit+wait_for_completion, returns reader) took 1.5880338s
11:39:12.301977 [debug]: reader.schema() took 500ns
11:39:12.304222 [debug]: do_execute(conn) (closure: stmt.execute + schema + batch loop) took 1.5903878s
11:39:12.304266 [debug]: concat_batches + normalize_result_column_names took 18.4µs
11:39:12.304278 [debug]: record_current_span_status_from_attrs took 4µs
11:39:12.304289 [debug]: Query executed on node model.fintrack_analytics.dim_categories:
create or replace transient  table fintrack_db.staging_marts.dim_categories
    
    
    
    
    as (select
    categorie_id,
    nom_categorie,
    type_categorie,
    groupe
from fintrack_db.staging.stg_categories
    )

/* {"app": "dbt", "dbt_version": "2.0.0", "node_id": "model.fintrack_analytics.dim_categories", "profile_name": "fintrack_analytics", "target_name": "dev"} */
11:39:12.304329 [debug]: drop(query_span_guard) (span exit/export) took 43.6µs
11:39:12.307019 [debug]: Finished connection limit wait [  1.70s]
11:39:12.307008 [info ]: Finished running [  2.01s] model staging_marts.dim_categories [success]
11:39:12.307222 [info ]:  Succeeded [  2.01s] model staging_marts.dim_categories (table)
11:39:12.308172 [info ]: Started test staging_dbt_test__audit.unique_dim_categories_categorie_id
11:39:12.308198 [debug]: Started rendering test staging_dbt_test__audit.unique_dim_categories_categorie_id
11:39:12.308240 [info ]: Started test staging_dbt_test__audit.not_null_dim_categories_categorie_id
11:39:12.308287 [debug]: Started rendering test staging_dbt_test__audit.not_null_dim_categories_categorie_id
11:39:12.308338 [info ]: Finished running [  0.00s] model staging.int_transactions_enrichies [no-op]
11:39:12.308501 [info ]:    Skipped [-------] model staging.int_transactions_enrichies (ephemeral)
11:39:12.308538 [info ]: Started model staging_marts.fct_transactions
11:39:12.308571 [debug]: Started rendering model staging_marts.fct_transactions
11:39:12.312835 [debug]: Compiled SQL for node test.fintrack_analytics.not_null_dim_categories_categorie_id.93562953fd at target\compiled\fintrack_analytics\target\generic_tests\not_null_dim_categories_categorie_id.sql
11:39:12.312903 [debug]: Compiled SQL for node test.fintrack_analytics.unique_dim_categories_categorie_id.86b0ecf635 at target\compiled\fintrack_analytics\target\generic_tests\unique_dim_categories_categorie_id.sql
11:39:12.312944 [debug]: Compiled SQL for node model.fintrack_analytics.fct_transactions at target\compiled\fintrack_analytics\models\marts\fct_transactions.sql
11:39:12.313140 [debug]: Finished rendering [  0.00s] test staging_dbt_test__audit.not_null_dim_categories_categorie_id [success]
11:39:12.313449 [debug]: Started analyzing test staging_dbt_test__audit.not_null_dim_categories_categorie_id
11:39:12.313516 [debug]: Finished rendering [  0.01s] test staging_dbt_test__audit.unique_dim_categories_categorie_id [success]
11:39:12.315040 [debug]: Started analyzing test staging_dbt_test__audit.unique_dim_categories_categorie_id
11:39:12.315115 [debug]: Finished rendering [  0.01s] model staging_marts.fct_transactions [success]
11:39:12.315342 [debug]: Started analyzing model staging_marts.fct_transactions
11:39:12.315396 [debug]: Finished analyzing [  0.00s] test staging_dbt_test__audit.not_null_dim_categories_categorie_id [success]
11:39:12.315603 [info ]: Started running test staging_dbt_test__audit.not_null_dim_categories_categorie_id
11:39:12.315974 [debug]: Finished analyzing [  0.00s] test staging_dbt_test__audit.unique_dim_categories_categorie_id [success]
11:39:12.316163 [info ]: Started running test staging_dbt_test__audit.unique_dim_categories_categorie_id
11:39:12.316241 [debug]: Started connection limit wait
11:39:12.318790 [debug]: Writing runtime sql for node "test.fintrack_analytics.not_null_dim_categories_categorie_id.93562953fd"
11:39:12.320587 [debug]: create_debug_span(...).entered() took 20.2µs
11:39:12.324296 [debug]: Finished analyzing [  0.01s] model staging_marts.fct_transactions [success]
11:39:12.324520 [info ]: Started running model staging_marts.fct_transactions
11:39:12.324575 [debug]: Started connection limit wait
11:39:12.422497 [debug]: stmt.execute() (submit+wait_for_completion, returns reader) took 1.366665s
11:39:12.422524 [debug]: reader.schema() took 500ns
11:39:12.425194 [debug]: do_execute(conn) (closure: stmt.execute + schema + batch loop) took 1.3694314s
11:39:12.425241 [debug]: concat_batches + normalize_result_column_names took 20.3µs
11:39:12.425254 [debug]: record_current_span_status_from_attrs took 3.7µs
11:39:12.425268 [debug]: Query executed on node model.fintrack_analytics.dim_comptes:
create or replace transient  table fintrack_db.staging_marts.dim_comptes
    
    
    
    
    as (select
    compte_id,
    nom_client,
    email,
    type_compte,
    date_ouverture,
    solde_initial,
    statut,
    datediff('day', date_ouverture, current_date()) as anciennete_jours,

    -- Bonus 8.1 : clé de substitution via dbt-utils (nécessite `dbt deps`)
    md5(cast(coalesce(cast(compte_id as TEXT), '_dbt_utils_surrogate_key_null_') as TEXT)) as compte_sk

from fintrack_db.staging.stg_comptes
    )

/* {"app": "dbt", "dbt_version": "2.0.0", "node_id": "model.fintrack_analytics.dim_comptes", "profile_name": "fintrack_analytics", "target_name": "dev"} */
11:39:12.425304 [debug]: drop(query_span_guard) (span exit/export) took 42.2µs
11:39:12.426791 [debug]: Finished connection limit wait [  0.11s]
11:39:12.426786 [info ]: Finished running [  1.82s] model staging_marts.dim_comptes [success]
11:39:12.427268 [info ]:  Succeeded [  1.84s] model staging_marts.dim_comptes (table)
11:39:12.427968 [info ]: Started test staging_dbt_test__audit.unique_dim_comptes_compte_id
11:39:12.427982 [debug]: Started rendering test staging_dbt_test__audit.unique_dim_comptes_compte_id
11:39:12.428017 [info ]: Started test staging_dbt_test__audit.not_null_dim_comptes_compte_id
11:39:12.428032 [debug]: Started rendering test staging_dbt_test__audit.not_null_dim_comptes_compte_id
11:39:12.430189 [debug]: Writing runtime sql for node "test.fintrack_analytics.unique_dim_categories_categorie_id.86b0ecf635"
11:39:12.430785 [debug]: Compiled SQL for node test.fintrack_analytics.not_null_dim_comptes_compte_id.2e372eb672 at target\compiled\fintrack_analytics\target\generic_tests\not_null_dim_comptes_compte_id.sql
11:39:12.430858 [debug]: Compiled SQL for node test.fintrack_analytics.unique_dim_comptes_compte_id.31a8b2a237 at target\compiled\fintrack_analytics\target\generic_tests\unique_dim_comptes_compte_id.sql
11:39:12.431131 [debug]: Finished rendering [  0.00s] test staging_dbt_test__audit.not_null_dim_comptes_compte_id [success]
11:39:12.431426 [debug]: Started analyzing test staging_dbt_test__audit.not_null_dim_comptes_compte_id
11:39:12.431468 [debug]: Finished rendering [  0.00s] test staging_dbt_test__audit.unique_dim_comptes_compte_id [success]
11:39:12.432303 [debug]: Started analyzing test staging_dbt_test__audit.unique_dim_comptes_compte_id
11:39:12.432371 [debug]: Finished analyzing [  0.00s] test staging_dbt_test__audit.not_null_dim_comptes_compte_id [success]
11:39:12.432554 [info ]: Started running test staging_dbt_test__audit.not_null_dim_comptes_compte_id
11:39:12.432677 [debug]: Started connection limit wait
11:39:12.433296 [debug]: create_debug_span(...).entered() took 16.8µs
11:39:12.433308 [debug]: Finished analyzing [  0.00s] test staging_dbt_test__audit.unique_dim_comptes_compte_id [success]
11:39:12.433497 [info ]: Started running test staging_dbt_test__audit.unique_dim_comptes_compte_id
11:39:12.433559 [debug]: Started connection limit wait
11:39:12.829116 [debug]: stmt.execute() (submit+wait_for_completion, returns reader) took 508.3819ms
11:39:12.829141 [debug]: reader.schema() took 400ns
11:39:12.830114 [debug]: batch-consume loop (for res in reader) took 965.4µs
11:39:12.831104 [debug]: do_execute(conn) (closure: stmt.execute + schema + batch loop) took 510.4916ms
11:39:12.831125 [debug]: concat_batches + normalize_result_column_names took 8.7µs
11:39:12.831131 [debug]: record_current_span_status_from_attrs took 2.5µs
11:39:12.831139 [debug]: Query executed on node test.fintrack_analytics.not_null_dim_categories_categorie_id.93562953fd:
select
      count(*) as failures,
      count(*) != 0 as should_warn,
      count(*) != 0 as should_error
    from (
      
    
  
    
    



select categorie_id
from fintrack_db.staging_marts.dim_categories
where categorie_id is null



  
  
      
    ) dbt_internal_test
/* {"app": "dbt", "dbt_version": "2.0.0", "node_id": "test.fintrack_analytics.not_null_dim_categories_categorie_id.93562953fd", "profile_name": "fintrack_analytics", "target_name": "dev"} */
11:39:12.831189 [debug]: drop(query_span_guard) (span exit/export) took 40.7µs
11:39:12.832187 [debug]: Finished connection limit wait [  0.51s]
11:39:12.832182 [info ]: Finished running [  0.52s] test staging_dbt_test__audit.not_null_dim_categories_categorie_id [pass]
11:39:12.832743 [info ]:     Passed [  0.52s] test  not_null_dim_categories_categorie_id
11:39:12.835113 [debug]: Writing runtime sql for node "model.fintrack_analytics.fct_transactions"
11:39:12.836434 [debug]: create_debug_span(...).entered() took 15.5µs
11:39:12.963876 [debug]: stmt.execute() (submit+wait_for_completion, returns reader) took 530.4705ms
11:39:12.963961 [debug]: reader.schema() took 600ns
11:39:12.965916 [debug]: batch-consume loop (for res in reader) took 1.9301ms
11:39:12.967484 [debug]: do_execute(conn) (closure: stmt.execute + schema + batch loop) took 534.1484ms
11:39:12.967534 [debug]: concat_batches + normalize_result_column_names took 20µs
11:39:12.967548 [debug]: record_current_span_status_from_attrs took 4.8µs
11:39:12.967564 [debug]: Query executed on node test.fintrack_analytics.unique_dim_categories_categorie_id.86b0ecf635:
select
      count(*) as failures,
      count(*) != 0 as should_warn,
      count(*) != 0 as should_error
    from (
      
    
  
    
    

select
    categorie_id as unique_field,
    count(*) as n_records

from fintrack_db.staging_marts.dim_categories
where categorie_id is not null
group by categorie_id
having count(*) > 1



  
  
      
    ) dbt_internal_test
/* {"app": "dbt", "dbt_version": "2.0.0", "node_id": "test.fintrack_analytics.unique_dim_categories_categorie_id.86b0ecf635", "profile_name": "fintrack_analytics", "target_name": "dev"} */
11:39:12.967608 [debug]: drop(query_span_guard) (span exit/export) took 49.7µs
11:39:12.969278 [debug]: Finished connection limit wait [  0.54s]
11:39:12.969274 [info ]: Finished running [  0.54s] test staging_dbt_test__audit.unique_dim_categories_categorie_id [pass]
11:39:12.969481 [info ]:     Passed [  0.55s] test  unique_dim_categories_categorie_id
11:39:12.974133 [debug]: Writing runtime sql for node "test.fintrack_analytics.not_null_dim_comptes_compte_id.2e372eb672"
11:39:12.976812 [debug]: create_debug_span(...).entered() took 26.8µs
11:39:13.422235 [debug]: stmt.execute() (submit+wait_for_completion, returns reader) took 445.305ms
11:39:13.422261 [debug]: reader.schema() took 600ns
11:39:13.423609 [debug]: batch-consume loop (for res in reader) took 1.3307ms
11:39:13.424707 [debug]: do_execute(conn) (closure: stmt.execute + schema + batch loop) took 447.8519ms
11:39:13.424747 [debug]: concat_batches + normalize_result_column_names took 15.9µs
11:39:13.424761 [debug]: record_current_span_status_from_attrs took 3.7µs
11:39:13.424777 [debug]: Query executed on node test.fintrack_analytics.not_null_dim_comptes_compte_id.2e372eb672:
select
      count(*) as failures,
      count(*) != 0 as should_warn,
      count(*) != 0 as should_error
    from (
      
    
  
    
    



select compte_id
from fintrack_db.staging_marts.dim_comptes
where compte_id is null



  
  
      
    ) dbt_internal_test
/* {"app": "dbt", "dbt_version": "2.0.0", "node_id": "test.fintrack_analytics.not_null_dim_comptes_compte_id.2e372eb672", "profile_name": "fintrack_analytics", "target_name": "dev"} */
11:39:13.424824 [debug]: drop(query_span_guard) (span exit/export) took 51µs
11:39:13.425736 [debug]: Finished connection limit wait [  0.99s]
11:39:13.425732 [info ]: Finished running [  0.46s] test staging_dbt_test__audit.not_null_dim_comptes_compte_id [pass]
11:39:13.426130 [info ]:     Passed [  0.46s] test  not_null_dim_comptes_compte_id
11:39:13.427926 [debug]: Writing runtime sql for node "test.fintrack_analytics.unique_dim_comptes_compte_id.31a8b2a237"
11:39:13.429738 [debug]: create_debug_span(...).entered() took 20.1µs
11:39:13.962833 [debug]: stmt.execute() (submit+wait_for_completion, returns reader) took 533.0056ms
11:39:13.963138 [debug]: reader.schema() took 700ns
11:39:13.964871 [debug]: batch-consume loop (for res in reader) took 1.6907ms
11:39:13.966849 [debug]: do_execute(conn) (closure: stmt.execute + schema + batch loop) took 537.0738ms
11:39:13.966893 [debug]: concat_batches + normalize_result_column_names took 14.9µs
11:39:13.966905 [debug]: record_current_span_status_from_attrs took 4.5µs
11:39:13.966917 [debug]: Query executed on node test.fintrack_analytics.unique_dim_comptes_compte_id.31a8b2a237:
select
      count(*) as failures,
      count(*) != 0 as should_warn,
      count(*) != 0 as should_error
    from (
      
    
  
    
    

select
    compte_id as unique_field,
    count(*) as n_records

from fintrack_db.staging_marts.dim_comptes
where compte_id is not null
group by compte_id
having count(*) > 1



  
  
      
    ) dbt_internal_test
/* {"app": "dbt", "dbt_version": "2.0.0", "node_id": "test.fintrack_analytics.unique_dim_comptes_compte_id.31a8b2a237", "profile_name": "fintrack_analytics", "target_name": "dev"} */
11:39:13.966954 [debug]: drop(query_span_guard) (span exit/export) took 43.2µs
11:39:13.968246 [info ]: Finished running [  0.54s] test staging_dbt_test__audit.unique_dim_comptes_compte_id [pass]
11:39:13.968437 [info ]:     Passed [  0.55s] test  unique_dim_comptes_compte_id
11:39:14.396440 [debug]: stmt.execute() (submit+wait_for_completion, returns reader) took 1.559912s
11:39:14.396486 [debug]: reader.schema() took 600ns
11:39:14.399948 [debug]: do_execute(conn) (closure: stmt.execute + schema + batch loop) took 1.5634829s
11:39:14.400017 [debug]: concat_batches + normalize_result_column_names took 36.5µs
11:39:14.400031 [debug]: record_current_span_status_from_attrs took 4.2µs
11:39:14.400046 [debug]: Query executed on node model.fintrack_analytics.fct_transactions:
create or replace transient  table fintrack_db.staging_marts.fct_transactions
    
    
    
    
    as (with __dbt__cte__int_transactions_enrichies as (
-- Modèle éphémère : injecté comme CTE dans fct_transactions, ne crée pas d'objet en base.
with transactions as (

    select * from fintrack_db.staging.stg_transactions

),

comptes as (

    select * from fintrack_db.staging.stg_comptes

),

categories as (

    select * from fintrack_db.staging.stg_categories

),

enrichi as (

    select
        t.transaction_id,
        t.compte_id,
        c.nom_client,
        c.type_compte,
        t.date_transaction,
        date_trunc('month', t.date_transaction)::date as mois_transaction,
        t.montant,
        t.montant_signe,
        t.type_operation,
        t.categorie_id,
        cat.nom_categorie,
        cat.type_categorie,
        cat.groupe,
        t.description,
        t.statut

    from transactions t
    left join comptes    c   on t.compte_id    = c.compte_id
    left join categories cat on t.categorie_id = cat.categorie_id

)

select * from enrichi
)
--EPHEMERAL-SELECT-WRAPPER-START
select * from (
select
    transaction_id,
    compte_id,
    categorie_id,
    date_transaction,
    mois_transaction,
    montant,
    montant_signe,
    type_operation,
    nom_client,
    type_compte,
    nom_categorie,
    type_categorie,
    groupe,
    description,
    statut

from __dbt__cte__int_transactions_enrichies

-- On ne garde que les transactions confirmées dans les analyses financières
where statut = 'validee'
--EPHEMERAL-SELECT-WRAPPER-END
)
    )

/* {"app": "dbt", "dbt_version": "2.0.0", "node_id": "model.fintrack_analytics.fct_transactions", "profile_name": "fintrack_analytics", "target_name": "dev"} */
11:39:14.400091 [debug]: drop(query_span_guard) (span exit/export) took 50.6µs
11:39:14.402792 [info ]: Finished running [  1.57s] model staging_marts.fct_transactions [success]
11:39:14.403510 [info ]:  Succeeded [  1.58s] model staging_marts.fct_transactions (table)
11:39:14.405744 [info ]: Started test staging_dbt_test__audit.unique_fct_transactions_transaction_id
11:39:14.405786 [debug]: Started rendering test staging_dbt_test__audit.unique_fct_transactions_transaction_id
11:39:14.405858 [info ]: Started test staging_dbt_test__audit.not_null_fct_transactions_transaction_id
11:39:14.405901 [debug]: Started rendering test staging_dbt_test__audit.not_null_fct_transactions_transaction_id
11:39:14.405960 [info ]: Started model staging_marts.mart_top_depenses
11:39:14.405998 [debug]: Started rendering model staging_marts.mart_top_depenses
11:39:14.406050 [info ]: Started model staging_marts.mart_budget_vs_reel
11:39:14.406083 [debug]: Started rendering model staging_marts.mart_budget_vs_reel
11:39:14.406135 [info ]: Started model staging_marts.mart_solde_mensuel
11:39:14.406166 [debug]: Started rendering model staging_marts.mart_solde_mensuel
11:39:14.410464 [debug]: Compiled SQL for node model.fintrack_analytics.mart_top_depenses at target\compiled\fintrack_analytics\models\marts\mart_top_depenses.sql
11:39:14.411326 [debug]: Compiled SQL for node test.fintrack_analytics.unique_fct_transactions_transaction_id.c963611c53 at target\compiled\fintrack_analytics\target\generic_tests\unique_fct_transactions_transaction_id.sql
11:39:14.410639 [debug]: Finished rendering [  0.00s] model staging_marts.mart_top_depenses [success]
11:39:14.411670 [debug]: Started analyzing model staging_marts.mart_top_depenses
11:39:14.412166 [debug]: Compiled SQL for node test.fintrack_analytics.not_null_fct_transactions_transaction_id.2c6b5372aa at target\compiled\fintrack_analytics\target\generic_tests\not_null_fct_transactions_transaction_id.sql
11:39:14.411958 [debug]: Finished rendering [  0.01s] test staging_dbt_test__audit.unique_fct_transactions_transaction_id [success]
11:39:14.412409 [debug]: Started analyzing test staging_dbt_test__audit.unique_fct_transactions_transaction_id
11:39:14.413118 [debug]: Compiled SQL for node model.fintrack_analytics.mart_solde_mensuel at target\compiled\fintrack_analytics\models\marts\mart_solde_mensuel.sql
11:39:14.413241 [debug]: Compiled SQL for node model.fintrack_analytics.mart_budget_vs_reel at target\compiled\fintrack_analytics\models\marts\mart_budget_vs_reel.sql
11:39:14.412459 [debug]: Finished rendering [  0.01s] test staging_dbt_test__audit.not_null_fct_transactions_transaction_id [success]
11:39:14.413698 [debug]: Started analyzing test staging_dbt_test__audit.not_null_fct_transactions_transaction_id
11:39:14.413749 [debug]: Finished rendering [  0.01s] model staging_marts.mart_solde_mensuel [success]
11:39:14.414163 [debug]: Started analyzing model staging_marts.mart_solde_mensuel
11:39:14.414224 [debug]: Finished rendering [  0.01s] model staging_marts.mart_budget_vs_reel [success]
11:39:14.414386 [debug]: Started analyzing model staging_marts.mart_budget_vs_reel
11:39:14.414433 [debug]: Finished analyzing [  0.00s] test staging_dbt_test__audit.unique_fct_transactions_transaction_id [success]
11:39:14.414594 [info ]: Started running test staging_dbt_test__audit.unique_fct_transactions_transaction_id
11:39:14.414635 [debug]: Finished analyzing [  0.00s] test staging_dbt_test__audit.not_null_fct_transactions_transaction_id [success]
11:39:14.414795 [info ]: Started running test staging_dbt_test__audit.not_null_fct_transactions_transaction_id
11:39:14.418430 [debug]: Writing runtime sql for node "test.fintrack_analytics.not_null_fct_transactions_transaction_id.2c6b5372aa"
11:39:14.418592 [debug]: Writing runtime sql for node "test.fintrack_analytics.unique_fct_transactions_transaction_id.c963611c53"
11:39:14.419138 [debug]: Finished analyzing [  0.01s] model staging_marts.mart_top_depenses [success]
11:39:14.421390 [debug]: create_debug_span(...).entered() took 22.3µs
11:39:14.421805 [debug]: create_debug_span(...).entered() took 19.1µs
11:39:14.426503 [debug]: Finished analyzing [  0.01s] model staging_marts.mart_solde_mensuel [success]
11:39:14.428143 [debug]: Finished analyzing [  0.01s] model staging_marts.mart_budget_vs_reel [success]
11:39:15.457061 [debug]: stmt.execute() (submit+wait_for_completion, returns reader) took 1.0351175s
11:39:15.457119 [debug]: reader.schema() took 700ns
11:39:15.458988 [debug]: batch-consume loop (for res in reader) took 1.8364ms
11:39:15.460428 [debug]: do_execute(conn) (closure: stmt.execute + schema + batch loop) took 1.0385823s
11:39:15.460482 [debug]: concat_batches + normalize_result_column_names took 16.8µs
11:39:15.460496 [debug]: record_current_span_status_from_attrs took 4.8µs
11:39:15.460509 [debug]: Query executed on node test.fintrack_analytics.not_null_fct_transactions_transaction_id.2c6b5372aa:
select
      count(*) as failures,
      count(*) != 0 as should_warn,
      count(*) != 0 as should_error
    from (
      
    
  
    
    



select transaction_id
from fintrack_db.staging_marts.fct_transactions
where transaction_id is null



  
  
      
    ) dbt_internal_test
/* {"app": "dbt", "dbt_version": "2.0.0", "node_id": "test.fintrack_analytics.not_null_fct_transactions_transaction_id.2c6b5372aa", "profile_name": "fintrack_analytics", "target_name": "dev"} */
11:39:15.460549 [debug]: drop(query_span_guard) (span exit/export) took 45.3µs
11:39:15.462179 [info ]: Finished running [  1.05s] test staging_dbt_test__audit.not_null_fct_transactions_transaction_id [pass]
11:39:15.462910 [info ]:     Passed [  1.05s] test  not_null_fct_transactions_transaction_id
11:39:15.502849 [debug]: stmt.execute() (submit+wait_for_completion, returns reader) took 1.0811578s
11:39:15.502887 [debug]: reader.schema() took 500ns
11:39:15.505366 [debug]: batch-consume loop (for res in reader) took 2.4494ms
11:39:15.507965 [debug]: do_execute(conn) (closure: stmt.execute + schema + batch loop) took 1.0865288s
11:39:15.508045 [debug]: concat_batches + normalize_result_column_names took 25.4µs
11:39:15.508071 [debug]: record_current_span_status_from_attrs took 5.7µs
11:39:15.508095 [debug]: Query executed on node test.fintrack_analytics.unique_fct_transactions_transaction_id.c963611c53:
select
      count(*) as failures,
      count(*) != 0 as should_warn,
      count(*) != 0 as should_error
    from (
      
    
  
    
    

select
    transaction_id as unique_field,
    count(*) as n_records

from fintrack_db.staging_marts.fct_transactions
where transaction_id is not null
group by transaction_id
having count(*) > 1



  
  
      
    ) dbt_internal_test
/* {"app": "dbt", "dbt_version": "2.0.0", "node_id": "test.fintrack_analytics.unique_fct_transactions_transaction_id.c963611c53", "profile_name": "fintrack_analytics", "target_name": "dev"} */
11:39:15.508174 [debug]: drop(query_span_guard) (span exit/export) took 86µs
11:39:15.510223 [info ]: Finished running [  1.10s] test staging_dbt_test__audit.unique_fct_transactions_transaction_id [pass]
11:39:15.510904 [info ]:     Passed [  1.10s] test  unique_fct_transactions_transaction_id
11:39:15.512157 [info ]: Started running model staging_marts.mart_budget_vs_reel
11:39:15.512208 [info ]: Started running model staging_marts.mart_top_depenses
11:39:15.512239 [info ]: Started running model staging_marts.mart_solde_mensuel
11:39:15.512307 [debug]: Started connection limit wait
11:39:15.517285 [debug]: Writing runtime sql for node "model.fintrack_analytics.mart_budget_vs_reel"
11:39:15.517437 [debug]: Writing runtime sql for node "model.fintrack_analytics.mart_top_depenses"
11:39:15.520057 [debug]: create_debug_span(...).entered() took 23.9µs
11:39:15.520495 [debug]: create_debug_span(...).entered() took 27.6µs
11:39:16.742209 [debug]: stmt.execute() (submit+wait_for_completion, returns reader) took 1.2217288s
11:39:16.742251 [debug]: reader.schema() took 900ns
11:39:16.745302 [debug]: do_execute(conn) (closure: stmt.execute + schema + batch loop) took 1.2251944s
11:39:16.745361 [debug]: concat_batches + normalize_result_column_names took 26.6µs
11:39:16.745376 [debug]: record_current_span_status_from_attrs took 4.3µs
11:39:16.745390 [debug]: Query executed on node model.fintrack_analytics.mart_top_depenses:
create or replace transient  table fintrack_db.staging_marts.mart_top_depenses
    
    
    
    
    as (-- Bonus 8.2 : top 3 des catégories de dépenses par compte.
with depenses_categorie as (

    select
        compte_id,
        nom_client,
        categorie_id,
        nom_categorie,
        sum(montant) as total_depense

    from fintrack_db.staging_marts.fct_transactions
    where type_operation = 'debit'
    group by compte_id, nom_client, categorie_id, nom_categorie

),

classement as (

    select
        *,
        row_number() over (partition by compte_id order by total_depense desc) as rang

    from depenses_categorie

)

select *
from classement
where rang <= 3
    )

/* {"app": "dbt", "dbt_version": "2.0.0", "node_id": "model.fintrack_analytics.mart_top_depenses", "profile_name": "fintrack_analytics", "target_name": "dev"} */
11:39:16.745437 [debug]: drop(query_span_guard) (span exit/export) took 51.5µs
11:39:16.748188 [debug]: Finished connection limit wait [  1.24s]
11:39:16.748134 [info ]: Finished running [  1.24s] model staging_marts.mart_top_depenses [success]
11:39:16.748883 [info ]:  Succeeded [  1.25s] model staging_marts.mart_top_depenses (table)
11:39:16.754262 [debug]: Writing runtime sql for node "model.fintrack_analytics.mart_solde_mensuel"
11:39:16.758027 [debug]: create_debug_span(...).entered() took 31.8µs
11:39:17.761958 [debug]: stmt.execute() (submit+wait_for_completion, returns reader) took 2.2412254s
11:39:17.762008 [debug]: reader.schema() took 700ns
11:39:17.765911 [debug]: do_execute(conn) (closure: stmt.execute + schema + batch loop) took 2.2453635s
11:39:17.766035 [debug]: concat_batches + normalize_result_column_names took 50.1µs
11:39:17.766052 [debug]: record_current_span_status_from_attrs took 5.2µs
11:39:17.766069 [debug]: Query executed on node model.fintrack_analytics.mart_budget_vs_reel:
create or replace transient  table fintrack_db.staging_marts.mart_budget_vs_reel
    
    
    
    
    as (with budgets_agreges as (

    select
        compte_id,
        categorie_id,
        mois,
        sum(montant_prevu) as montant_prevu

    from fintrack_db.staging.stg_budgets
    group by compte_id, categorie_id, mois

),

depenses_agregees as (

    select
        compte_id,
        categorie_id,
        mois_transaction as mois,
        sum(montant) as montant_reel

    from fintrack_db.staging_marts.fct_transactions
    where type_operation = 'debit'
    group by compte_id, categorie_id, mois_transaction

),

rapproche as (

    select
        coalesce(b.compte_id, d.compte_id)       as compte_id,
        coalesce(b.categorie_id, d.categorie_id) as categorie_id,
        coalesce(b.mois, d.mois)                 as mois,
        coalesce(b.montant_prevu, 0)             as montant_prevu,
        coalesce(d.montant_reel, 0)              as montant_reel

    from budgets_agreges b
    full outer join depenses_agregees d
        on  b.compte_id    = d.compte_id
        and b.categorie_id = d.categorie_id
        and b.mois          = d.mois

)

select
    r.compte_id,
    c.nom_client,
    r.categorie_id,
    cat.nom_categorie,
    r.mois,
    r.montant_prevu,
    r.montant_reel,
    r.montant_reel - r.montant_prevu as ecart,
    r.montant_reel > r.montant_prevu as depassement

from rapproche r
left join fintrack_db.staging_marts.dim_comptes    c   on r.compte_id    = c.compte_id
left join fintrack_db.staging_marts.dim_categories cat on r.categorie_id = cat.categorie_id
    )

/* {"app": "dbt", "dbt_version": "2.0.0", "node_id": "model.fintrack_analytics.mart_budget_vs_reel", "profile_name": "fintrack_analytics", "target_name": "dev"} */
11:39:17.766154 [debug]: drop(query_span_guard) (span exit/export) took 90.9µs
11:39:17.770441 [info ]: Finished running [  2.26s] model staging_marts.mart_budget_vs_reel [success]
11:39:17.771483 [info ]:  Succeeded [  2.28s] model staging_marts.mart_budget_vs_reel (table)
11:39:17.929376 [debug]: stmt.execute() (submit+wait_for_completion, returns reader) took 1.1711081s
11:39:17.929424 [debug]: reader.schema() took 600ns
11:39:17.932455 [debug]: do_execute(conn) (closure: stmt.execute + schema + batch loop) took 1.1743716s
11:39:17.932525 [debug]: concat_batches + normalize_result_column_names took 37.8µs
11:39:17.932540 [debug]: record_current_span_status_from_attrs took 4.7µs
11:39:17.932555 [debug]: Query executed on node model.fintrack_analytics.mart_solde_mensuel:
create or replace transient  table fintrack_db.staging_marts.mart_solde_mensuel
    
    
    
    
    as (with mensuel as (

    select
        compte_id,
        mois_transaction as mois,
        sum(case when type_operation = 'credit' then montant else 0 end) as total_credits,
        sum(case when type_operation = 'debit'  then montant else 0 end) as total_debits,
        sum(montant_signe) as solde_net_mois

    from fintrack_db.staging_marts.fct_transactions
    group by compte_id, mois_transaction

),

avec_solde_initial as (

    select
        m.*,
        c.solde_initial

    from mensuel m
    left join fintrack_db.staging_marts.dim_comptes c on m.compte_id = c.compte_id

)

select
    compte_id,
    mois,
    total_credits,
    total_debits,
    solde_net_mois,

    -- Solde cumulé depuis l'ouverture : solde initial + somme des soldes nets mensuels
    -- de tous les mois précédents (inclus) pour ce compte.
    solde_initial + sum(solde_net_mois) over (
        partition by compte_id
        order by mois
        rows between unbounded preceding and current row
    ) as solde_cumule

from avec_solde_initial
    )

/* {"app": "dbt", "dbt_version": "2.0.0", "node_id": "model.fintrack_analytics.mart_solde_mensuel", "profile_name": "fintrack_analytics", "target_name": "dev"} */
11:39:17.932607 [debug]: drop(query_span_guard) (span exit/export) took 56.8µs
11:39:17.936006 [info ]: Finished running [  1.19s] model staging_marts.mart_solde_mensuel [success]
11:39:17.937172 [info ]:  Succeeded [  1.21s] model staging_marts.mart_solde_mensuel (table)
11:39:17.938615 [info ]: Started test staging_dbt_test__audit.assert_solde_mensuel_positif
11:39:17.938662 [debug]: Started rendering test staging_dbt_test__audit.assert_solde_mensuel_positif
11:39:17.941869 [debug]: Compiled SQL for node test.fintrack_analytics.assert_solde_mensuel_positif at target\compiled\fintrack_analytics\tests\assert_solde_mensuel_positif.sql
11:39:17.942086 [debug]: Finished rendering [  0.00s] test staging_dbt_test__audit.assert_solde_mensuel_positif [success]
11:39:17.943255 [info ]: Finished rendering [ 14.06s] (30 nodes, 0 skipped, 0 errors)
11:39:17.944874 [debug]: Started analyzing test staging_dbt_test__audit.assert_solde_mensuel_positif
11:39:17.948506 [debug]: Finished analyzing [  0.00s] test staging_dbt_test__audit.assert_solde_mensuel_positif [success]
11:39:17.948754 [info ]: Finished analyzing [ 14.06s] (30 nodes, 0 skipped, 0 errors)
11:39:17.949989 [info ]: Started running test staging_dbt_test__audit.assert_solde_mensuel_positif
11:39:17.955726 [debug]: Writing runtime sql for node "test.fintrack_analytics.assert_solde_mensuel_positif"
11:39:17.959572 [debug]: create_debug_span(...).entered() took 24µs
11:39:18.528480 [debug]: stmt.execute() (submit+wait_for_completion, returns reader) took 568.6945ms
11:39:18.528510 [debug]: reader.schema() took 400ns
11:39:18.529437 [debug]: batch-consume loop (for res in reader) took 908.6µs
11:39:18.530280 [debug]: do_execute(conn) (closure: stmt.execute + schema + batch loop) took 570.6694ms
11:39:18.530351 [debug]: concat_batches + normalize_result_column_names took 34.5µs
11:39:18.530364 [debug]: record_current_span_status_from_attrs took 4µs
11:39:18.530378 [debug]: Query executed on node test.fintrack_analytics.assert_solde_mensuel_positif:
select
      count(*) as failures,
      count(*) != 0 as should_warn,
      count(*) != 0 as should_error
    from (
      
    
  -- Test singulier : aucun compte epargne ne doit avoir un solde cumulé négatif.
-- Un test dbt réussit quand cette requête ne retourne AUCUNE ligne.

select
    m.compte_id,
    c.nom_client,
    m.mois,
    m.solde_cumule

from fintrack_db.staging_marts.mart_solde_mensuel m
inner join fintrack_db.staging_marts.dim_comptes c on m.compte_id = c.compte_id
where c.type_compte = 'epargne'
  and m.solde_cumule < 0
  
  
      
    ) dbt_internal_test
/* {"app": "dbt", "dbt_version": "2.0.0", "node_id": "test.fintrack_analytics.assert_solde_mensuel_positif", "profile_name": "fintrack_analytics", "target_name": "dev"} */
11:39:18.530420 [debug]: drop(query_span_guard) (span exit/export) took 47.4µs
11:39:18.531995 [info ]: Finished running [  0.58s] test staging_dbt_test__audit.assert_solde_mensuel_positif [pass]
11:39:18.532321 [info ]: Finished running [ 14.63s] (30 nodes, 1 skipped, 0 errors)
11:39:18.532741 [info ]:     Passed [  0.59s] test  assert_solde_mensuel_positif
11:39:18.901665 [info ]: 
==================== Execution Summary =====================
Finished 'build' successfully for target 'dev' [18.2s]
Processed: 11 models | 18 tests | 1 snapshot
Summary: 30 total | 29 success | 1 no-op
==================== 2026-09-03T11:54:34.983903Z | 01a0671e-ec60-7353-8ee2-fee100d0749c ====================
11:54:34.984233 [info ]: dbt-fusion 2.0.0-preview.218
11:54:34.984864 [info ]: Started loading project
11:54:34.989888 [info ]: Loading ~/.dbt/profiles.yml
11:54:35.004564 [info ]: Loading packages.yml
11:54:35.005726 [debug]:    Started loading packages
11:54:35.032388 [debug]:     Loaded [  0.03s] packages
11:54:35.034341 [info ]: Finished loading project [  0.05s]
11:54:35.035621 [info ]: Started parsing
11:54:35.117092 [debug]: Finished parsing models/marts/_marts_schema.yml [  0.00s]
11:54:35.117637 [debug]: Finished parsing models/staging/_stg_schema.yml [  0.00s]
11:54:35.117978 [debug]: Finished parsing models/staging/_stg_sources.yml [  0.00s]
11:54:35.121383 [debug]: Finished parsing snapshots\snapshot_comptes.sql [  0.00s]
11:54:35.123902 [debug]: Finished parsing models/intermediate/int_transactions_enrichies.sql [  0.00s]
11:54:35.124751 [debug]: Finished parsing models/macros/generate_schemas_name.sql [  0.00s]
11:54:35.125207 [debug]: Finished parsing models/marts/dim_categories.sql [  0.00s]
11:54:35.126119 [debug]: Finished parsing models/marts/dim_comptes.sql [  0.00s]
11:54:35.126721 [debug]: Finished parsing models/marts/fct_transactions.sql [  0.00s]
11:54:35.127606 [debug]: Finished parsing models/marts/mart_budget_vs_reel.sql [  0.00s]
11:54:35.128159 [debug]: Finished parsing models/marts/mart_solde_mensuel.sql [  0.00s]
11:54:35.128608 [debug]: Finished parsing models/marts/mart_top_depenses.sql [  0.00s]
11:54:35.129089 [debug]: Finished parsing models/staging/stg_budgets.sql [  0.00s]
11:54:35.129643 [debug]: Finished parsing models/staging/stg_categories.sql [  0.00s]
11:54:35.130193 [debug]: Finished parsing models/staging/stg_comptes.sql [  0.00s]
11:54:35.130688 [debug]: Finished parsing models/staging/stg_transactions.sql [  0.00s]
11:54:35.157542 [debug]: Finished parsing tests/assert_solde_mensuel_positif.sql [  0.00s]
11:54:35.158230 [debug]: Finished parsing target\generic_tests\unique_dim_categories_categorie_id.sql [  0.00s]
11:54:35.158875 [debug]: Finished parsing target\generic_tests\not_null_dim_categories_categorie_id.sql [  0.00s]
11:54:35.159453 [debug]: Finished parsing target\generic_tests\unique_dim_comptes_compte_id.sql [  0.00s]
11:54:35.160034 [debug]: Finished parsing target\generic_tests\not_null_dim_comptes_compte_id.sql [  0.00s]
11:54:35.160794 [debug]: Finished parsing target\generic_tests\unique_fct_transactions_transaction_id.sql [  0.00s]
11:54:35.161747 [debug]: Finished parsing target\generic_tests\not_null_fct_transactions_transaction_id.sql [  0.00s]
11:54:35.162502 [debug]: Finished parsing target\generic_tests\unique_stg_budgets_budget_id.sql [  0.00s]
11:54:35.163586 [debug]: Finished parsing target\generic_tests\not_null_stg_budgets_budget_id.sql [  0.00s]
11:54:35.164444 [debug]: Finished parsing target\generic_tests\unique_stg_categories_categorie_id.sql [  0.00s]
11:54:35.165210 [debug]: Finished parsing target\generic_tests\not_null_stg_categories_categorie_id.sql [  0.00s]
11:54:35.166015 [debug]: Finished parsing target\generic_tests\unique_stg_comptes_compte_id.sql [  0.00s]
11:54:35.166672 [debug]: Finished parsing target\generic_tests\not_null_stg_comptes_compte_id.sql [  0.00s]
11:54:35.167298 [debug]: Finished parsing target\generic_tests\accepted_values_stg_comptes_statut__actif__inactif__cloture.sql [  0.00s]
11:54:35.168016 [debug]: Finished parsing target\generic_tests\accepted_values_stg_comptes_f1faed08d9c87f7483d3a3bcc8a81daa.sql [  0.00s]
11:54:35.168674 [debug]: Finished parsing target\generic_tests\relationships_stg_transactions_985ebbdbfd283785f0e58047e4f6b5ed.sql [  0.00s]
11:54:35.169240 [debug]: Finished parsing target\generic_tests\unique_stg_transactions_transaction_id.sql [  0.00s]
11:54:35.169839 [debug]: Finished parsing target\generic_tests\not_null_stg_transactions_transaction_id.sql [  0.00s]
11:54:35.366004 [info ]: Finished parsing [  0.33s]
11:54:35.418225 [info ]: Started scheduling
11:54:35.418758 [info ]: Finished scheduling [  0.00s]
11:54:35.422441 [debug]: Initializing schema store with entry: Frontier(CanonicalFqn { catalog: "FINTRACK_DB", schema: "RAW", table: "RAW_COMPTES" }) and interval: None
11:54:35.422464 [debug]: Initializing schema store with entry: Frontier(CanonicalFqn { catalog: "FINTRACK_DB", schema: "RAW", table: "RAW_TRANSACTIONS" }) and interval: None
11:54:35.422469 [debug]: Initializing schema store with entry: Frontier(CanonicalFqn { catalog: "FINTRACK_DB", schema: "RAW", table: "RAW_BUDGETS" }) and interval: None
11:54:35.422472 [debug]: Initializing schema store with entry: Frontier(CanonicalFqn { catalog: "FINTRACK_DB", schema: "RAW", table: "RAW_CATEGORIES" }) and interval: None
11:54:35.474578 [info ]: Started building task graph
11:54:35.475334 [info ]: Finished building task graph [  0.00s]
11:54:35.484107 [debug]: Snowflake driver resolved: snowflake 0.21.0.dev+dbt0.21.17
11:54:37.252123 [debug]: create_debug_span(...).entered() took 24.4µs
11:54:37.668333 [debug]: stmt.execute() (submit+wait_for_completion, returns reader) took 416.049ms
11:54:37.668383 [debug]: reader.schema() took 5.8µs
11:54:37.670820 [debug]: batch-consume loop (for res in reader) took 2.4138ms
11:54:37.672679 [debug]: do_execute(conn) (closure: stmt.execute + schema + batch loop) took 420.5202ms
11:54:37.672828 [debug]: concat_batches + normalize_result_column_names took 105.7µs
11:54:37.672876 [debug]: record_current_span_status_from_attrs took 22.5µs
11:54:37.672913 [debug]: Query executed on node unknown:
show terse schemas in database fintrack_db
    limit 10000
/* {"app": "dbt", "connection_name": "", "dbt_version": "2.0.0", "profile_name": "fintrack_analytics", "target_name": "dev"} */
11:54:37.673007 [debug]: drop(query_span_guard) (span exit/export) took 102.8µs
11:54:37.674570 [debug]: create_debug_span(...).entered() took 21.9µs
11:54:38.139062 [debug]: stmt.execute() (submit+wait_for_completion, returns reader) took 464.356ms
11:54:38.139101 [debug]: reader.schema() took 600ns
11:54:38.141578 [debug]: do_execute(conn) (closure: stmt.execute + schema + batch loop) took 466.9708ms
11:54:38.141618 [debug]: concat_batches + normalize_result_column_names took 15.6µs
11:54:38.141628 [debug]: record_current_span_status_from_attrs took 3.9µs
11:54:38.141638 [debug]: Query executed on node unknown:
create schema if not exists fintrack_db.staging_marts
/* {"app": "dbt", "connection_name": "", "dbt_version": "2.0.0", "profile_name": "fintrack_analytics", "target_name": "dev"} */
11:54:38.141664 [debug]: drop(query_span_guard) (span exit/export) took 29.6µs
11:54:38.141883 [info ]: Started rendering (31 nodes)
11:54:38.142152 [info ]: Started snapshot snapshots.snapshot_comptes
11:54:38.142172 [debug]: Started rendering snapshot snapshots.snapshot_comptes
11:54:38.142220 [info ]: Started model staging.stg_budgets
11:54:38.142237 [debug]: Started rendering model staging.stg_budgets
11:54:38.142262 [info ]: Started model staging.generate_schemas_name
11:54:38.142287 [debug]: Started rendering model staging.generate_schemas_name
11:54:38.142349 [info ]: Started model staging.stg_transactions
11:54:38.142374 [debug]: Started rendering model staging.stg_transactions
11:54:38.142414 [info ]: Started model staging.stg_comptes
11:54:38.142445 [debug]: Started rendering model staging.stg_comptes
11:54:38.142493 [info ]: Started model staging.stg_categories
11:54:38.142523 [debug]: Started rendering model staging.stg_categories
11:54:38.145393 [debug]: Compiled SQL for node snapshot.fintrack_analytics.snapshot_comptes at target\compiled\fintrack_analytics\snapshots\snapshot_comptes.sql\snapshot_comptes.sql
11:54:38.145574 [debug]: Finished rendering [  0.00s] snapshot snapshots.snapshot_comptes [success]
11:54:38.146144 [info ]: Started analyzing (31 nodes)
11:54:38.146503 [debug]: Started analyzing snapshot snapshots.snapshot_comptes
11:54:38.146734 [debug]: Compiled SQL for node model.fintrack_analytics.generate_schemas_name at target\compiled\fintrack_analytics\models\macros\generate_schemas_name.sql
11:54:38.147207 [debug]: Compiled SQL for node model.fintrack_analytics.stg_budgets at target\compiled\fintrack_analytics\models\staging\stg_budgets.sql
11:54:38.146915 [debug]: Finished rendering [  0.00s] model staging.generate_schemas_name [success]
11:54:38.147514 [debug]: Started analyzing model staging.generate_schemas_name
11:54:38.147556 [debug]: Finished rendering [  0.01s] model staging.stg_budgets [success]
11:54:38.148810 [debug]: Started analyzing model staging.stg_budgets
11:54:38.149571 [debug]: Compiled SQL for node model.fintrack_analytics.stg_comptes at target\compiled\fintrack_analytics\models\staging\stg_comptes.sql
11:54:38.149890 [debug]: Compiled SQL for node model.fintrack_analytics.stg_transactions at target\compiled\fintrack_analytics\models\staging\stg_transactions.sql
11:54:38.149981 [debug]: Compiled SQL for node model.fintrack_analytics.stg_categories at target\compiled\fintrack_analytics\models\staging\stg_categories.sql
11:54:38.149749 [debug]: Finished rendering [  0.01s] model staging.stg_comptes [success]
11:54:38.150408 [debug]: Started analyzing model staging.stg_comptes
11:54:38.150466 [debug]: Finished rendering [  0.01s] model staging.stg_transactions [success]
11:54:38.150798 [debug]: Started analyzing model staging.stg_transactions
11:54:38.150849 [debug]: Finished rendering [  0.01s] model staging.stg_categories [success]
11:54:38.151389 [debug]: Started analyzing model staging.stg_categories
11:54:38.152623 [debug]: Finished analyzing [  0.01s] model staging.generate_schemas_name [success]
11:54:38.153052 [info ]: Started running (31 nodes)
11:54:38.153229 [info ]: Started running model staging.generate_schemas_name
11:54:38.155797 [debug]: Finished analyzing [  0.01s] snapshot snapshots.snapshot_comptes [success]
11:54:38.156286 [info ]: Started running snapshot snapshots.snapshot_comptes
11:54:38.157665 [debug]: create_debug_span(...).entered() took 25.2µs
11:54:38.166281 [debug]: Finished analyzing [  0.01s] model staging.stg_categories [success]
11:54:38.166657 [info ]: Started running model staging.stg_categories
11:54:38.166708 [debug]: Started connection limit wait
11:54:38.167541 [debug]: Finished analyzing [  0.02s] model staging.stg_budgets [success]
11:54:38.167820 [info ]: Started running model staging.stg_budgets
11:54:38.167874 [debug]: Started connection limit wait
11:54:38.168550 [debug]: Finished analyzing [  0.02s] model staging.stg_comptes [success]
11:54:38.168934 [info ]: Started running model staging.stg_comptes
11:54:38.168980 [debug]: Started connection limit wait
11:54:38.172057 [debug]: Finished analyzing [  0.02s] model staging.stg_transactions [success]
11:54:38.172564 [info ]: Started running model staging.stg_transactions
11:54:38.172594 [debug]: Started connection limit wait
11:54:38.638131 [debug]: stmt.execute() (submit+wait_for_completion, returns reader) took 480.3051ms
11:54:38.638157 [debug]: reader.schema() took 300ns
11:54:38.639370 [debug]: batch-consume loop (for res in reader) took 1.1989ms
11:54:38.640329 [debug]: do_execute(conn) (closure: stmt.execute + schema + batch loop) took 482.612ms
11:54:38.640415 [debug]: concat_batches + normalize_result_column_names took 62.2µs
11:54:38.640431 [debug]: record_current_span_status_from_attrs took 3.9µs
11:54:38.640447 [debug]: Query executed on node model.fintrack_analytics.generate_schemas_name:
SHOW OBJECTS IN SCHEMA "FINTRACK_DB"."STAGING" LIMIT 10000
11:54:38.640479 [debug]: drop(query_span_guard) (span exit/export) took 37.1µs
11:54:38.642969 [debug]: Writing runtime sql for node "model.fintrack_analytics.generate_schemas_name"
11:54:38.645107 [debug]: create_debug_span(...).entered() took 24.6µs
11:54:39.040005 [debug]: Query executed on node model.fintrack_analytics.generate_schemas_name:
create or replace   view fintrack_db.staging.generate_schemas_name
  
  
  
  
  as (
    
  )
/* {"app": "dbt", "dbt_version": "2.0.0", "node_id": "model.fintrack_analytics.generate_schemas_name", "profile_name": "fintrack_analytics", "target_name": "dev"} */
11:54:39.690132 [debug]: create_debug_span(...).entered() took 24.4µs
11:54:40.044302 [error]: [DbSyntaxInvalid (dbt1302)]: Database Error in model generate_schemas_name (target\run\fintrack_analytics\models\macros\generate_schemas_name.sql)
  [Snowflake] 001003 (42000): SQL compilation error:
  syntax error line 8 at position 2 unexpected ')'.
  (in run\fintrack_analytics\models/macros\generate_schemas_name.sql)
11:54:40.045118 [debug]: Finished connection limit wait [  1.88s]
11:54:40.045121 [info ]: Finished running [  1.89s] model staging.generate_schemas_name [error]
11:54:40.045533 [info ]:     Failed [  1.90s] model staging.generate_schemas_name (view)
11:54:40.047786 [debug]: Writing runtime sql for node "model.fintrack_analytics.stg_categories"
11:54:40.048928 [debug]: create_debug_span(...).entered() took 18.5µs
11:54:40.267642 [debug]: stmt.execute() (submit+wait_for_completion, returns reader) took 577.4347ms
11:54:40.267694 [debug]: reader.schema() took 700ns
11:54:40.270223 [debug]: batch-consume loop (for res in reader) took 2.5059ms
11:54:40.272152 [debug]: do_execute(conn) (closure: stmt.execute + schema + batch loop) took 581.9882ms
11:54:40.272260 [debug]: concat_batches + normalize_result_column_names took 70.4µs
11:54:40.272289 [debug]: record_current_span_status_from_attrs took 5.4µs
11:54:40.272306 [debug]: Query executed on node snapshot.fintrack_analytics.snapshot_comptes:
SHOW OBJECTS IN SCHEMA "FINTRACK_DB"."SNAPSHOTS" LIMIT 10000
11:54:40.272358 [debug]: drop(query_span_guard) (span exit/export) took 55.4µs
11:54:40.285049 [debug]: create_debug_span(...).entered() took 29.8µs
11:54:40.773913 [debug]: stmt.execute() (submit+wait_for_completion, returns reader) took 724.8479ms
11:54:40.774052 [debug]: reader.schema() took 1.3µs
11:54:40.783634 [debug]: do_execute(conn) (closure: stmt.execute + schema + batch loop) took 734.6553ms
11:54:40.783774 [debug]: concat_batches + normalize_result_column_names took 49.5µs
11:54:40.783807 [debug]: record_current_span_status_from_attrs took 9.7µs
11:54:40.783836 [debug]: Query executed on node model.fintrack_analytics.stg_categories:
create or replace   view fintrack_db.staging.stg_categories
  
  
  
  
  as (
    with source as (

    select * from fintrack_db.raw.raw_categories

),

renamed as (

    select
        id      as categorie_id,
        nom     as nom_categorie,
        type    as type_categorie,
        groupe

    from source

)

select * from renamed
  )
/* {"app": "dbt", "dbt_version": "2.0.0", "node_id": "model.fintrack_analytics.stg_categories", "profile_name": "fintrack_analytics", "target_name": "dev"} */
11:54:40.783923 [debug]: drop(query_span_guard) (span exit/export) took 96.6µs
11:54:40.791080 [debug]: Finished connection limit wait [  2.62s]
11:54:40.791001 [info ]: Finished running [  0.75s] model staging.stg_categories [success]
11:54:40.793709 [info ]:  Succeeded [  0.77s] model staging.stg_categories (view)
11:54:40.797049 [info ]: Started model staging_marts.dim_categories
11:54:40.797126 [debug]: Started rendering model staging_marts.dim_categories
11:54:40.797448 [info ]: Started test staging_dbt_test__audit.not_null_stg_categories_categorie_id
11:54:40.797535 [debug]: Started rendering test staging_dbt_test__audit.not_null_stg_categories_categorie_id
11:54:40.797669 [info ]: Started test staging_dbt_test__audit.unique_stg_categories_categorie_id
11:54:40.797784 [debug]: Started rendering test staging_dbt_test__audit.unique_stg_categories_categorie_id
11:54:40.806023 [debug]: Writing runtime sql for node "model.fintrack_analytics.stg_budgets"
11:54:40.806929 [debug]: Compiled SQL for node model.fintrack_analytics.dim_categories at target\compiled\fintrack_analytics\models\marts\dim_categories.sql
11:54:40.807490 [debug]: Finished rendering [  0.01s] model staging_marts.dim_categories [success]
11:54:40.808225 [debug]: Started analyzing model staging_marts.dim_categories
11:54:40.809477 [debug]: Finished analyzing [  0.00s] model staging_marts.dim_categories [success]
11:54:40.814694 [debug]: create_debug_span(...).entered() took 72.3µs
11:54:40.815834 [debug]: Compiled SQL for node test.fintrack_analytics.unique_stg_categories_categorie_id.ab16992ac3 at target\compiled\fintrack_analytics\target\generic_tests\unique_stg_categories_categorie_id.sql
11:54:40.816329 [debug]: Compiled SQL for node test.fintrack_analytics.not_null_stg_categories_categorie_id.3e2fb4d400 at target\compiled\fintrack_analytics\target\generic_tests\not_null_stg_categories_categorie_id.sql
11:54:40.816314 [debug]: Finished rendering [  0.02s] test staging_dbt_test__audit.unique_stg_categories_categorie_id [success]
11:54:40.816703 [debug]: Started analyzing test staging_dbt_test__audit.unique_stg_categories_categorie_id
11:54:40.816870 [debug]: Finished rendering [  0.02s] test staging_dbt_test__audit.not_null_stg_categories_categorie_id [success]
11:54:40.817182 [debug]: Started analyzing test staging_dbt_test__audit.not_null_stg_categories_categorie_id
11:54:40.818154 [debug]: Finished analyzing [  0.00s] test staging_dbt_test__audit.not_null_stg_categories_categorie_id [success]
11:54:40.818443 [info ]: Started running test staging_dbt_test__audit.not_null_stg_categories_categorie_id
11:54:40.818591 [debug]: Started connection limit wait
11:54:40.823707 [debug]: Finished analyzing [  0.01s] test staging_dbt_test__audit.unique_stg_categories_categorie_id [success]
11:54:40.823928 [info ]: Started running test staging_dbt_test__audit.unique_stg_categories_categorie_id
11:54:40.824011 [debug]: Started connection limit wait
11:54:41.322887 [debug]: stmt.execute() (submit+wait_for_completion, returns reader) took 1.0375626s
11:54:41.322937 [debug]: reader.schema() took 700ns
11:54:41.324958 [debug]: batch-consume loop (for res in reader) took 1.9953ms
11:54:41.327312 [debug]: do_execute(conn) (closure: stmt.execute + schema + batch loop) took 1.0422096s
11:54:41.327388 [debug]: concat_batches + normalize_result_column_names took 34.3µs
11:54:41.327467 [debug]: record_current_span_status_from_attrs took 44µs
11:54:41.327499 [debug]: Query executed on node snapshot.fintrack_analytics.snapshot_comptes:
select * from (
        select statut, email, type_compte from (
                



select * from fintrack_db.raw.raw_comptes


            ) subq
    ) as __dbt_sbq
    where false
    limit 0
/* {"app": "dbt", "dbt_version": "2.0.0", "node_id": "snapshot.fintrack_analytics.snapshot_comptes", "profile_name": "fintrack_analytics", "target_name": "dev"} */
11:54:41.327563 [debug]: drop(query_span_guard) (span exit/export) took 70.4µs
11:54:41.334676 [debug]: create_debug_span(...).entered() took 18µs
11:54:41.555401 [debug]: stmt.execute() (submit+wait_for_completion, returns reader) took 740.3756ms
11:54:41.555435 [debug]: reader.schema() took 600ns
11:54:41.557322 [debug]: do_execute(conn) (closure: stmt.execute + schema + batch loop) took 742.5596ms
11:54:41.557368 [debug]: concat_batches + normalize_result_column_names took 18.7µs
11:54:41.557377 [debug]: record_current_span_status_from_attrs took 3.6µs
11:54:41.557388 [debug]: Query executed on node model.fintrack_analytics.stg_budgets:
create or replace   view fintrack_db.staging.stg_budgets
  
  
  
  
  as (
    with source as (

    select * from fintrack_db.raw.raw_budgets

),

renamed as (

    select
        id             as budget_id,
        compte_id,
        categorie_id,
        cast(mois as date) as mois,
        montant_prevu

    from source

)

select * from renamed
  )
/* {"app": "dbt", "dbt_version": "2.0.0", "node_id": "model.fintrack_analytics.stg_budgets", "profile_name": "fintrack_analytics", "target_name": "dev"} */
11:54:41.557420 [debug]: drop(query_span_guard) (span exit/export) took 36.9µs
11:54:41.559882 [debug]: Finished connection limit wait [  3.39s]
11:54:41.559877 [info ]: Finished running [  0.77s] model staging.stg_budgets [success]
11:54:41.560627 [info ]:  Succeeded [  0.79s] model staging.stg_budgets (view)
11:54:41.561494 [info ]: Started test staging_dbt_test__audit.unique_stg_budgets_budget_id
11:54:41.561520 [debug]: Started rendering test staging_dbt_test__audit.unique_stg_budgets_budget_id
11:54:41.561559 [info ]: Started test staging_dbt_test__audit.not_null_stg_budgets_budget_id
11:54:41.561574 [debug]: Started rendering test staging_dbt_test__audit.not_null_stg_budgets_budget_id
11:54:41.564038 [debug]: Writing runtime sql for node "model.fintrack_analytics.stg_comptes"
11:54:41.565258 [debug]: Compiled SQL for node test.fintrack_analytics.unique_stg_budgets_budget_id.effb4c8d16 at target\compiled\fintrack_analytics\target\generic_tests\unique_stg_budgets_budget_id.sql
11:54:41.565374 [debug]: Compiled SQL for node test.fintrack_analytics.not_null_stg_budgets_budget_id.ad1ccf4381 at target\compiled\fintrack_analytics\target\generic_tests\not_null_stg_budgets_budget_id.sql
11:54:41.565438 [debug]: Finished rendering [  0.00s] test staging_dbt_test__audit.unique_stg_budgets_budget_id [success]
11:54:41.565653 [debug]: Started analyzing test staging_dbt_test__audit.unique_stg_budgets_budget_id
11:54:41.565708 [debug]: Finished rendering [  0.00s] test staging_dbt_test__audit.not_null_stg_budgets_budget_id [success]
11:54:41.565852 [debug]: Started analyzing test staging_dbt_test__audit.not_null_stg_budgets_budget_id
11:54:41.566282 [debug]: Finished analyzing [  0.00s] test staging_dbt_test__audit.not_null_stg_budgets_budget_id [success]
11:54:41.566513 [info ]: Started running test staging_dbt_test__audit.not_null_stg_budgets_budget_id
11:54:41.566606 [debug]: Started connection limit wait
11:54:41.566771 [debug]: create_debug_span(...).entered() took 27.3µs
11:54:41.566835 [debug]: Finished analyzing [  0.00s] test staging_dbt_test__audit.unique_stg_budgets_budget_id [success]
11:54:41.566991 [info ]: Started running test staging_dbt_test__audit.unique_stg_budgets_budget_id
11:54:41.567059 [debug]: Started connection limit wait
11:54:41.707245 [debug]: stmt.execute() (submit+wait_for_completion, returns reader) took 372.4782ms
11:54:41.707269 [debug]: reader.schema() took 300ns
11:54:41.708199 [debug]: batch-consume loop (for res in reader) took 916µs
11:54:41.709186 [debug]: do_execute(conn) (closure: stmt.execute + schema + batch loop) took 374.4771ms
11:54:41.709288 [debug]: concat_batches + normalize_result_column_names took 60.1µs
11:54:41.709306 [debug]: record_current_span_status_from_attrs took 3.5µs
11:54:41.709318 [debug]: Query executed on node snapshot.fintrack_analytics.snapshot_comptes:
describe table "FINTRACK_DB"."SNAPSHOTS"."SNAPSHOT_COMPTES"
/* {"app": "dbt", "dbt_version": "2.0.0", "node_id": "snapshot.fintrack_analytics.snapshot_comptes", "profile_name": "fintrack_analytics", "target_name": "dev"} */
11:54:41.709397 [debug]: drop(query_span_guard) (span exit/export) took 82.1µs
11:54:41.725954 [debug]: create_debug_span(...).entered() took 16.9µs
11:54:42.069994 [debug]: stmt.execute() (submit+wait_for_completion, returns reader) took 343.8756ms
11:54:42.070022 [debug]: reader.schema() took 400ns
11:54:42.071068 [debug]: batch-consume loop (for res in reader) took 1.0313ms
11:54:42.071815 [debug]: do_execute(conn) (closure: stmt.execute + schema + batch loop) took 345.8196ms
11:54:42.071874 [debug]: concat_batches + normalize_result_column_names took 40.6µs
11:54:42.071886 [debug]: record_current_span_status_from_attrs took 3.1µs
11:54:42.071894 [debug]: Query executed on node snapshot.fintrack_analytics.snapshot_comptes:
describe table "FINTRACK_DB"."SNAPSHOTS"."SNAPSHOT_COMPTES"
/* {"app": "dbt", "dbt_version": "2.0.0", "node_id": "snapshot.fintrack_analytics.snapshot_comptes", "profile_name": "fintrack_analytics", "target_name": "dev"} */
11:54:42.071917 [debug]: drop(query_span_guard) (span exit/export) took 26.1µs
11:54:42.079898 [debug]: create_debug_span(...).entered() took 20.2µs
11:54:42.267077 [debug]: stmt.execute() (submit+wait_for_completion, returns reader) took 700.2128ms
11:54:42.267120 [debug]: reader.schema() took 700ns
11:54:42.271513 [debug]: do_execute(conn) (closure: stmt.execute + schema + batch loop) took 704.7079ms
11:54:42.271568 [debug]: concat_batches + normalize_result_column_names took 23.7µs
11:54:42.271583 [debug]: record_current_span_status_from_attrs took 4.2µs
11:54:42.271596 [debug]: Query executed on node model.fintrack_analytics.stg_comptes:
create or replace   view fintrack_db.staging.stg_comptes
  
  
  
  
  as (
    with source as (

    select * from fintrack_db.raw.raw_comptes

),

renamed as (

    select
        id                 as compte_id,
        nom_client,
        email,
        type_compte,
        date_ouverture,
        solde_initial,
        lower(statut)      as statut

    from source

)

select * from renamed
  )
/* {"app": "dbt", "dbt_version": "2.0.0", "node_id": "model.fintrack_analytics.stg_comptes", "profile_name": "fintrack_analytics", "target_name": "dev"} */
11:54:42.271672 [debug]: drop(query_span_guard) (span exit/export) took 80.2µs
11:54:42.275426 [debug]: Finished connection limit wait [  4.10s]
11:54:42.275412 [info ]: Finished running [  0.72s] model staging.stg_comptes [success]
11:54:42.275673 [info ]:  Succeeded [  0.74s] model staging.stg_comptes (view)
11:54:42.276880 [info ]: Started test staging_dbt_test__audit.accepted_values_stg_comptes_statut__actif__inactif__cloture
11:54:42.276924 [debug]: Started rendering test staging_dbt_test__audit.accepted_values_stg_comptes_statut__actif__inactif__cloture
11:54:42.276999 [info ]: Started test staging_dbt_test__audit.unique_stg_comptes_compte_id
11:54:42.277023 [debug]: Started rendering test staging_dbt_test__audit.unique_stg_comptes_compte_id
11:54:42.277076 [info ]: Started model staging_marts.dim_comptes
11:54:42.277113 [debug]: Started rendering model staging_marts.dim_comptes
11:54:42.277174 [info ]: Started test staging_dbt_test__audit.not_null_stg_comptes_compte_id
11:54:42.277240 [debug]: Started rendering test staging_dbt_test__audit.not_null_stg_comptes_compte_id
11:54:42.277297 [info ]: Started test staging_dbt_test__audit.accepted_values_stg_comptes_type_compte__courant__epargne__joint
11:54:42.277334 [debug]: Started rendering test staging_dbt_test__audit.accepted_values_stg_comptes_type_compte__courant__epargne__joint
11:54:42.282039 [debug]: Writing runtime sql for node "model.fintrack_analytics.stg_transactions"
11:54:42.283992 [debug]: Compiled SQL for node model.fintrack_analytics.dim_comptes at target\compiled\fintrack_analytics\models\marts\dim_comptes.sql
11:54:42.285359 [debug]: create_debug_span(...).entered() took 34.4µs
11:54:42.284451 [debug]: Finished rendering [  0.01s] model staging_marts.dim_comptes [success]
11:54:42.285732 [debug]: Started analyzing model staging_marts.dim_comptes
11:54:42.287392 [debug]: Compiled SQL for node test.fintrack_analytics.accepted_values_stg_comptes_type_compte__courant__epargne__joint.ff87077911 at target\compiled\fintrack_analytics\target\generic_tests\accepted_values_stg_comptes_f1faed08d9c87f7483d3a3bcc8a81daa.sql
11:54:42.287579 [debug]: Finished rendering [  0.01s] test staging_dbt_test__audit.accepted_values_stg_comptes_type_compte__courant__epargne__joint [success]
11:54:42.287789 [debug]: Started analyzing test staging_dbt_test__audit.accepted_values_stg_comptes_type_compte__courant__epargne__joint
11:54:42.288122 [debug]: Compiled SQL for node test.fintrack_analytics.not_null_stg_comptes_compte_id.c12e0b3b3b at target\compiled\fintrack_analytics\target\generic_tests\not_null_stg_comptes_compte_id.sql
11:54:42.288264 [debug]: Compiled SQL for node test.fintrack_analytics.unique_stg_comptes_compte_id.ca647be308 at target\compiled\fintrack_analytics\target\generic_tests\unique_stg_comptes_compte_id.sql
11:54:42.288443 [debug]: Compiled SQL for node test.fintrack_analytics.accepted_values_stg_comptes_statut__actif__inactif__cloture.f56d9561d0 at target\compiled\fintrack_analytics\target\generic_tests\accepted_values_stg_comptes_statut__actif__inactif__cloture.sql
11:54:42.288634 [debug]: Finished rendering [  0.01s] test staging_dbt_test__audit.not_null_stg_comptes_compte_id [success]
11:54:42.288997 [debug]: Started analyzing test staging_dbt_test__audit.not_null_stg_comptes_compte_id
11:54:42.289047 [debug]: Finished rendering [  0.01s] test staging_dbt_test__audit.unique_stg_comptes_compte_id [success]
11:54:42.289238 [debug]: Started analyzing test staging_dbt_test__audit.unique_stg_comptes_compte_id
11:54:42.289286 [debug]: Finished rendering [  0.01s] test staging_dbt_test__audit.accepted_values_stg_comptes_statut__actif__inactif__cloture [success]
11:54:42.289453 [debug]: Started analyzing test staging_dbt_test__audit.accepted_values_stg_comptes_statut__actif__inactif__cloture
11:54:42.289491 [debug]: Finished analyzing [  0.00s] test staging_dbt_test__audit.not_null_stg_comptes_compte_id [success]
11:54:42.289687 [info ]: Started running test staging_dbt_test__audit.not_null_stg_comptes_compte_id
11:54:42.289759 [debug]: Started connection limit wait
11:54:42.290158 [debug]: Finished analyzing [  0.00s] test staging_dbt_test__audit.unique_stg_comptes_compte_id [success]
11:54:42.290335 [info ]: Started running test staging_dbt_test__audit.unique_stg_comptes_compte_id
11:54:42.290413 [debug]: Started connection limit wait
11:54:42.291440 [debug]: Finished analyzing [  0.00s] test staging_dbt_test__audit.accepted_values_stg_comptes_type_compte__courant__epargne__joint [success]
11:54:42.291634 [info ]: Started running test staging_dbt_test__audit.accepted_values_stg_comptes_type_compte__courant__epargne__joint
11:54:42.291737 [debug]: Started connection limit wait
11:54:42.291687 [debug]: Finished analyzing [  0.00s] test staging_dbt_test__audit.accepted_values_stg_comptes_statut__actif__inactif__cloture [success]
11:54:42.291835 [info ]: Started running test staging_dbt_test__audit.accepted_values_stg_comptes_statut__actif__inactif__cloture
11:54:42.291898 [debug]: Started connection limit wait
11:54:42.296386 [debug]: Finished analyzing [  0.01s] model staging_marts.dim_comptes [success]
11:54:42.935739 [debug]: stmt.execute() (submit+wait_for_completion, returns reader) took 650.2452ms
11:54:42.935768 [debug]: reader.schema() took 400ns
11:54:42.937236 [debug]: do_execute(conn) (closure: stmt.execute + schema + batch loop) took 651.8447ms
11:54:42.937268 [debug]: concat_batches + normalize_result_column_names took 16.3µs
11:54:42.937276 [debug]: record_current_span_status_from_attrs took 2.7µs
11:54:42.937285 [debug]: Query executed on node model.fintrack_analytics.stg_transactions:
create or replace   view fintrack_db.staging.stg_transactions
  
  
  
  
  as (
    with source as (

    select * from fintrack_db.raw.raw_transactions

),

renamed as (

    select
        id                                      as transaction_id,
        compte_id,
        cast(date_transaction as timestamp_ntz) as date_transaction,
        montant,
        type_operation,
        categorie_id,
        description,
        lower(statut)                            as statut,
        case
            when type_operation = 'credit' then montant
            when type_operation = 'debit'  then -montant
        end                                       as montant_signe

    from source

)

select * from renamed
  )
/* {"app": "dbt", "dbt_version": "2.0.0", "node_id": "model.fintrack_analytics.stg_transactions", "profile_name": "fintrack_analytics", "target_name": "dev"} */
11:54:42.937313 [debug]: drop(query_span_guard) (span exit/export) took 32.3µs
11:54:42.939149 [debug]: Finished connection limit wait [  2.12s]
11:54:42.939115 [info ]: Finished running [  0.66s] model staging.stg_transactions [success]
11:54:42.939539 [info ]:  Succeeded [  0.69s] model staging.stg_transactions (view)
11:54:42.940239 [info ]: Started test staging_dbt_test__audit.not_null_stg_transactions_transaction_id
11:54:42.940252 [debug]: Started rendering test staging_dbt_test__audit.not_null_stg_transactions_transaction_id
11:54:42.940281 [info ]: Started test staging_dbt_test__audit.relationships_stg_transactions_compte_id__compte_id__ref_stg_comptes_
11:54:42.940290 [debug]: Started rendering test staging_dbt_test__audit.relationships_stg_transactions_compte_id__compte_id__ref_stg_comptes_
11:54:42.940304 [info ]: Started model staging.int_transactions_enrichies
11:54:42.940311 [debug]: Started rendering model staging.int_transactions_enrichies
11:54:42.940358 [info ]: Started test staging_dbt_test__audit.unique_stg_transactions_transaction_id
11:54:42.940378 [debug]: Started rendering test staging_dbt_test__audit.unique_stg_transactions_transaction_id
11:54:42.941889 [debug]: Writing runtime sql for node "test.fintrack_analytics.not_null_stg_categories_categorie_id.3e2fb4d400"
11:54:42.943654 [debug]: Compiled SQL for node model.fintrack_analytics.int_transactions_enrichies at target\compiled\fintrack_analytics\models\intermediate\int_transactions_enrichies.sql
11:54:42.943978 [debug]: create_debug_span(...).entered() took 20.1µs
11:54:42.943830 [debug]: Finished rendering [  0.00s] model staging.int_transactions_enrichies [success]
11:54:42.944567 [debug]: Compiled SQL for node test.fintrack_analytics.relationships_stg_transactions_compte_id__compte_id__ref_stg_comptes_.6bb5c74007 at target\compiled\fintrack_analytics\target\generic_tests\relationships_stg_transactions_985ebbdbfd283785f0e58047e4f6b5ed.sql
11:54:42.944589 [debug]: Started analyzing model staging.int_transactions_enrichies
11:54:42.944733 [debug]: Compiled SQL for node test.fintrack_analytics.not_null_stg_transactions_transaction_id.1d00a8e2e4 at target\compiled\fintrack_analytics\target\generic_tests\not_null_stg_transactions_transaction_id.sql
11:54:42.944862 [debug]: Compiled SQL for node test.fintrack_analytics.unique_stg_transactions_transaction_id.ee9a78a396 at target\compiled\fintrack_analytics\target\generic_tests\unique_stg_transactions_transaction_id.sql
11:54:42.945320 [debug]: Finished rendering [  0.01s] test staging_dbt_test__audit.relationships_stg_transactions_compte_id__compte_id__ref_stg_comptes_ [success]
11:54:42.945509 [debug]: Started analyzing test staging_dbt_test__audit.relationships_stg_transactions_compte_id__compte_id__ref_stg_comptes_
11:54:42.945556 [debug]: Finished rendering [  0.01s] test staging_dbt_test__audit.not_null_stg_transactions_transaction_id [success]
11:54:42.945680 [debug]: Started analyzing test staging_dbt_test__audit.not_null_stg_transactions_transaction_id
11:54:42.945713 [debug]: Finished rendering [  0.01s] test staging_dbt_test__audit.unique_stg_transactions_transaction_id [success]
11:54:42.946058 [debug]: Started analyzing test staging_dbt_test__audit.unique_stg_transactions_transaction_id
11:54:42.946107 [debug]: Finished analyzing [  0.00s] test staging_dbt_test__audit.not_null_stg_transactions_transaction_id [success]
11:54:42.946228 [info ]: Started running test staging_dbt_test__audit.not_null_stg_transactions_transaction_id
11:54:42.946292 [debug]: Started connection limit wait
11:54:42.946792 [debug]: Finished analyzing [  0.00s] test staging_dbt_test__audit.unique_stg_transactions_transaction_id [success]
11:54:42.946954 [info ]: Started running test staging_dbt_test__audit.unique_stg_transactions_transaction_id
11:54:42.947030 [debug]: Started connection limit wait
11:54:42.950917 [debug]: Finished analyzing [  0.01s] test staging_dbt_test__audit.relationships_stg_transactions_compte_id__compte_id__ref_stg_comptes_ [success]
11:54:42.951126 [info ]: Started running test staging_dbt_test__audit.relationships_stg_transactions_compte_id__compte_id__ref_stg_comptes_
11:54:42.951179 [debug]: Started connection limit wait
11:54:42.953369 [debug]: Finished analyzing [  0.01s] model staging.int_transactions_enrichies [success]
11:54:43.402949 [debug]: stmt.execute() (submit+wait_for_completion, returns reader) took 458.8612ms
11:54:43.403032 [debug]: reader.schema() took 1.3µs
11:54:43.411357 [debug]: batch-consume loop (for res in reader) took 8.2681ms
11:54:43.415574 [debug]: do_execute(conn) (closure: stmt.execute + schema + batch loop) took 471.5467ms
11:54:43.415757 [debug]: concat_batches + normalize_result_column_names took 69.7µs
11:54:43.415864 [debug]: record_current_span_status_from_attrs took 14.1µs
11:54:43.415940 [debug]: Query executed on node test.fintrack_analytics.not_null_stg_categories_categorie_id.3e2fb4d400:
select
      count(*) as failures,
      count(*) != 0 as should_warn,
      count(*) != 0 as should_error
    from (
      
    
  
    
    



select categorie_id
from fintrack_db.staging.stg_categories
where categorie_id is null



  
  
      
    ) dbt_internal_test
/* {"app": "dbt", "dbt_version": "2.0.0", "node_id": "test.fintrack_analytics.not_null_stg_categories_categorie_id.3e2fb4d400", "profile_name": "fintrack_analytics", "target_name": "dev"} */
11:54:43.416106 [debug]: drop(query_span_guard) (span exit/export) took 179.9µs
11:54:43.420332 [debug]: Finished connection limit wait [  2.60s]
11:54:43.420217 [info ]: Finished running [  0.48s] test staging_dbt_test__audit.not_null_stg_categories_categorie_id [pass]
11:54:43.420734 [info ]:     Passed [  0.50s] test  not_null_stg_categories_categorie_id
11:54:43.433540 [debug]: Writing runtime sql for node "test.fintrack_analytics.unique_stg_categories_categorie_id.ab16992ac3"
11:54:43.445535 [debug]: create_debug_span(...).entered() took 75.3µs
11:54:43.511232 [debug]: stmt.execute() (submit+wait_for_completion, returns reader) took 1.4312311s
11:54:43.511261 [debug]: reader.schema() took 400ns
11:54:43.513272 [debug]: do_execute(conn) (closure: stmt.execute + schema + batch loop) took 1.4333403s
11:54:43.513349 [debug]: concat_batches + normalize_result_column_names took 54.2µs
11:54:43.513359 [debug]: record_current_span_status_from_attrs took 3.3µs
11:54:43.513369 [debug]: Query executed on node snapshot.fintrack_analytics.snapshot_comptes:
create or replace temporary table "FINTRACK_DB"."SNAPSHOTS"."SNAPSHOT_COMPTES__dbt_tmp"
as (
    
    
    with snapshot_query as (

        



select * from fintrack_db.raw.raw_comptes



    ),

    snapshotted_data as (

        select *, 
    
        id as dbt_unique_key
    

        from "FINTRACK_DB"."SNAPSHOTS"."SNAPSHOT_COMPTES"
        where
            
                dbt_valid_to is null
            

    ),

    insertions_source_data as (

        select *, 
    
        id as dbt_unique_key
    
,
            to_timestamp_ntz(convert_timezone('UTC', current_timestamp())) as dbt_updated_at,
            to_timestamp_ntz(convert_timezone('UTC', current_timestamp())) as dbt_valid_from,
            
  
  coalesce(nullif(to_timestamp_ntz(convert_timezone('UTC', current_timestamp())), to_timestamp_ntz(convert_timezone('UTC', current_timestamp()))), null)
  as dbt_valid_to
,
            md5(coalesce(cast(id as varchar ), '')
         || '|' || coalesce(cast(to_timestamp_ntz(convert_timezone('UTC', current_timestamp())) as varchar ), '')
        ) as dbt_scd_id

        from snapshot_query
    ),

    updates_source_data as (

        select *, 
    
        id as dbt_unique_key
    
,
            to_timestamp_ntz(convert_timezone('UTC', current_timestamp())) as dbt_updated_at,
            to_timestamp_ntz(convert_timezone('UTC', current_timestamp())) as dbt_valid_from,
            to_timestamp_ntz(convert_timezone('UTC', current_timestamp())) as dbt_valid_to

        from snapshot_query
    ),

    insertions as (

        select
            'insert' as dbt_change_type,
            source_data.*

        from insertions_source_data as source_data
        left outer join snapshotted_data
            on 
    
        snapshotted_data.dbt_unique_key = source_data.dbt_unique_key
    

            where 
    
        snapshotted_data.dbt_unique_key is null
    

            or (
    
        snapshotted_data.dbt_unique_key is not null
    
 and (
               (snapshotted_data."STATUT" != source_data."STATUT"
        or
        (
            ((snapshotted_data."STATUT" is null) and not (source_data."STATUT" is null))
            or
            ((not snapshotted_data."STATUT" is null) and (source_data."STATUT" is null))
        ) or snapshotted_data."EMAIL" != source_data."EMAIL"
        or
        (
            ((snapshotted_data."EMAIL" is null) and not (source_data."EMAIL" is null))
            or
            ((not snapshotted_data."EMAIL" is null) and (source_data."EMAIL" is null))
        ) or snapshotted_data."TYPE_COMPTE" != source_data."TYPE_COMPTE"
        or
        (
            ((snapshotted_data."TYPE_COMPTE" is null) and not (source_data."TYPE_COMPTE" is null))
            or
            ((not snapshotted_data."TYPE_COMPTE" is null) and (source_data."TYPE_COMPTE" is null))
        ))
            )

        )

    ),

    updates as (

        select
            'update' as dbt_change_type,
            source_data.*,
            snapshotted_data.dbt_scd_id

        from updates_source_data as source_data
        join snapshotted_data
            on 
    
        snapshotted_data.dbt_unique_key = source_data.dbt_unique_key
    

        where (
            (snapshotted_data."STATUT" != source_data."STATUT"
        or
        (
            ((snapshotted_data."STATUT" is null) and not (source_data."STATUT" is null))
            or
            ((not snapshotted_data."STATUT" is null) and (source_data."STATUT" is null))
        ) or snapshotted_data."EMAIL" != source_data."EMAIL"
        or
        (
            ((snapshotted_data."EMAIL" is null) and not (source_data."EMAIL" is null))
            or
            ((not snapshotted_data."EMAIL" is null) and (source_data."EMAIL" is null))
        ) or snapshotted_data."TYPE_COMPTE" != source_data."TYPE_COMPTE"
        or
        (
            ((snapshotted_data."TYPE_COMPTE" is null) and not (source_data."TYPE_COMPTE" is null))
            or
            ((not snapshotted_data."TYPE_COMPTE" is null) and (source_data."TYPE_COMPTE" is null))
        ))
        )
    )

    select * from insertions
    union all
    select * from updates

    )

/* {"app": "dbt", "dbt_version": "2.0.0", "node_id": "snapshot.fintrack_analytics.snapshot_comptes", "profile_name": "fintrack_analytics", "target_name": "dev"} */
11:54:43.513405 [debug]: drop(query_span_guard) (span exit/export) took 40.6µs
11:54:43.518588 [debug]: create_debug_span(...).entered() took 18.6µs
11:54:43.856240 [debug]: stmt.execute() (submit+wait_for_completion, returns reader) took 337.5548ms
11:54:43.856303 [debug]: reader.schema() took 800ns
11:54:43.859210 [debug]: batch-consume loop (for res in reader) took 2.8748ms
11:54:43.862555 [debug]: do_execute(conn) (closure: stmt.execute + schema + batch loop) took 343.9187ms
11:54:43.862709 [debug]: concat_batches + normalize_result_column_names took 98.9µs
11:54:43.862733 [debug]: record_current_span_status_from_attrs took 6.9µs
11:54:43.862767 [debug]: Query executed on node snapshot.fintrack_analytics.snapshot_comptes:
describe table "FINTRACK_DB"."SNAPSHOTS"."SNAPSHOT_COMPTES__dbt_tmp"
/* {"app": "dbt", "dbt_version": "2.0.0", "node_id": "snapshot.fintrack_analytics.snapshot_comptes", "profile_name": "fintrack_analytics", "target_name": "dev"} */
11:54:43.862863 [debug]: drop(query_span_guard) (span exit/export) took 110.1µs
11:54:43.870798 [debug]: create_debug_span(...).entered() took 35.2µs
11:54:44.170667 [debug]: stmt.execute() (submit+wait_for_completion, returns reader) took 724.5913ms
11:54:44.170706 [debug]: reader.schema() took 600ns
11:54:44.172328 [debug]: batch-consume loop (for res in reader) took 1.604ms
11:54:44.174085 [debug]: do_execute(conn) (closure: stmt.execute + schema + batch loop) took 728.4409ms
11:54:44.174152 [debug]: concat_batches + normalize_result_column_names took 23µs
11:54:44.174174 [debug]: record_current_span_status_from_attrs took 5.6µs
11:54:44.174196 [debug]: Query executed on node test.fintrack_analytics.unique_stg_categories_categorie_id.ab16992ac3:
select
      count(*) as failures,
      count(*) != 0 as should_warn,
      count(*) != 0 as should_error
    from (
      
    
  
    
    

select
    categorie_id as unique_field,
    count(*) as n_records

from fintrack_db.staging.stg_categories
where categorie_id is not null
group by categorie_id
having count(*) > 1



  
  
      
    ) dbt_internal_test
/* {"app": "dbt", "dbt_version": "2.0.0", "node_id": "test.fintrack_analytics.unique_stg_categories_categorie_id.ab16992ac3", "profile_name": "fintrack_analytics", "target_name": "dev"} */
11:54:44.174257 [debug]: drop(query_span_guard) (span exit/export) took 68µs
11:54:44.176157 [debug]: Finished connection limit wait [  2.61s]
11:54:44.176156 [info ]: Finished running [  0.76s] test staging_dbt_test__audit.unique_stg_categories_categorie_id [pass]
11:54:44.176356 [info ]:     Passed [  0.78s] test  unique_stg_categories_categorie_id
11:54:44.177574 [info ]: Started running model staging_marts.dim_categories
11:54:44.177629 [debug]: Started connection limit wait
11:54:44.179869 [debug]: Writing runtime sql for node "test.fintrack_analytics.not_null_stg_budgets_budget_id.ad1ccf4381"
11:54:44.182886 [debug]: create_debug_span(...).entered() took 34µs
11:54:44.290307 [debug]: stmt.execute() (submit+wait_for_completion, returns reader) took 419.326ms
11:54:44.290356 [debug]: reader.schema() took 600ns
11:54:44.291969 [debug]: batch-consume loop (for res in reader) took 1.5913ms
11:54:44.293374 [debug]: do_execute(conn) (closure: stmt.execute + schema + batch loop) took 422.5182ms
11:54:44.293450 [debug]: concat_batches + normalize_result_column_names took 53.2µs
11:54:44.293461 [debug]: record_current_span_status_from_attrs took 3.8µs
11:54:44.293490 [debug]: Query executed on node snapshot.fintrack_analytics.snapshot_comptes:
describe table "FINTRACK_DB"."SNAPSHOTS"."SNAPSHOT_COMPTES"
/* {"app": "dbt", "dbt_version": "2.0.0", "node_id": "snapshot.fintrack_analytics.snapshot_comptes", "profile_name": "fintrack_analytics", "target_name": "dev"} */
11:54:44.293534 [debug]: drop(query_span_guard) (span exit/export) took 65.7µs
11:54:44.300905 [debug]: create_debug_span(...).entered() took 18.2µs
11:54:44.705427 [debug]: stmt.execute() (submit+wait_for_completion, returns reader) took 404.4144ms
11:54:44.705519 [debug]: reader.schema() took 1.4µs
11:54:44.709417 [debug]: batch-consume loop (for res in reader) took 3.8476ms
11:54:44.713111 [debug]: do_execute(conn) (closure: stmt.execute + schema + batch loop) took 412.1491ms
11:54:44.713398 [debug]: concat_batches + normalize_result_column_names took 169µs
11:54:44.713437 [debug]: record_current_span_status_from_attrs took 6.7µs
11:54:44.713459 [debug]: Query executed on node snapshot.fintrack_analytics.snapshot_comptes:
describe table "FINTRACK_DB"."SNAPSHOTS"."SNAPSHOT_COMPTES__dbt_tmp"
/* {"app": "dbt", "dbt_version": "2.0.0", "node_id": "snapshot.fintrack_analytics.snapshot_comptes", "profile_name": "fintrack_analytics", "target_name": "dev"} */
11:54:44.713513 [debug]: drop(query_span_guard) (span exit/export) took 62.7µs
11:54:44.720703 [debug]: create_debug_span(...).entered() took 24.4µs
11:54:44.773570 [debug]: stmt.execute() (submit+wait_for_completion, returns reader) took 590.565ms
11:54:44.773611 [debug]: reader.schema() took 700ns
11:54:44.775333 [debug]: batch-consume loop (for res in reader) took 1.7039ms
11:54:44.776693 [debug]: do_execute(conn) (closure: stmt.execute + schema + batch loop) took 593.7671ms
11:54:44.776742 [debug]: concat_batches + normalize_result_column_names took 15.9µs
11:54:44.776758 [debug]: record_current_span_status_from_attrs took 4.7µs
11:54:44.776775 [debug]: Query executed on node test.fintrack_analytics.not_null_stg_budgets_budget_id.ad1ccf4381:
select
      count(*) as failures,
      count(*) != 0 as should_warn,
      count(*) != 0 as should_error
    from (
      
    
  
    
    



select budget_id
from fintrack_db.staging.stg_budgets
where budget_id is null



  
  
      
    ) dbt_internal_test
/* {"app": "dbt", "dbt_version": "2.0.0", "node_id": "test.fintrack_analytics.not_null_stg_budgets_budget_id.ad1ccf4381", "profile_name": "fintrack_analytics", "target_name": "dev"} */
11:54:44.776819 [debug]: drop(query_span_guard) (span exit/export) took 51µs
11:54:44.778555 [debug]: Finished connection limit wait [  3.21s]
11:54:44.778558 [info ]: Finished running [  0.60s] test staging_dbt_test__audit.not_null_stg_budgets_budget_id [pass]
11:54:44.779228 [info ]:     Passed [  0.61s] test  not_null_stg_budgets_budget_id
11:54:44.783624 [debug]: Writing runtime sql for node "test.fintrack_analytics.unique_stg_budgets_budget_id.effb4c8d16"
11:54:44.787044 [debug]: create_debug_span(...).entered() took 28.2µs
11:54:45.081934 [debug]: stmt.execute() (submit+wait_for_completion, returns reader) took 361.1087ms
11:54:45.081964 [debug]: reader.schema() took 500ns
11:54:45.082746 [debug]: batch-consume loop (for res in reader) took 771.6µs
11:54:45.083428 [debug]: do_execute(conn) (closure: stmt.execute + schema + batch loop) took 362.6863ms
11:54:45.083482 [debug]: concat_batches + normalize_result_column_names took 36.9µs
11:54:45.083493 [debug]: record_current_span_status_from_attrs took 3.2µs
11:54:45.083501 [debug]: Query executed on node snapshot.fintrack_analytics.snapshot_comptes:
describe table "FINTRACK_DB"."SNAPSHOTS"."SNAPSHOT_COMPTES"
/* {"app": "dbt", "dbt_version": "2.0.0", "node_id": "snapshot.fintrack_analytics.snapshot_comptes", "profile_name": "fintrack_analytics", "target_name": "dev"} */
11:54:45.083524 [debug]: drop(query_span_guard) (span exit/export) took 25.9µs
11:54:45.086873 [debug]: create_debug_span(...).entered() took 12.9µs
11:54:45.180350 [debug]: stmt.execute() (submit+wait_for_completion, returns reader) took 393.1788ms
11:54:45.180380 [debug]: reader.schema() took 600ns
11:54:45.181353 [debug]: batch-consume loop (for res in reader) took 960.9µs
11:54:45.182039 [debug]: do_execute(conn) (closure: stmt.execute + schema + batch loop) took 394.9525ms
11:54:45.182064 [debug]: concat_batches + normalize_result_column_names took 9.6µs
11:54:45.182072 [debug]: record_current_span_status_from_attrs took 3.6µs
11:54:45.182080 [debug]: Query executed on node test.fintrack_analytics.unique_stg_budgets_budget_id.effb4c8d16:
select
      count(*) as failures,
      count(*) != 0 as should_warn,
      count(*) != 0 as should_error
    from (
      
    
  
    
    

select
    budget_id as unique_field,
    count(*) as n_records

from fintrack_db.staging.stg_budgets
where budget_id is not null
group by budget_id
having count(*) > 1



  
  
      
    ) dbt_internal_test
/* {"app": "dbt", "dbt_version": "2.0.0", "node_id": "test.fintrack_analytics.unique_stg_budgets_budget_id.effb4c8d16", "profile_name": "fintrack_analytics", "target_name": "dev"} */
11:54:45.182108 [debug]: drop(query_span_guard) (span exit/export) took 31.4µs
11:54:45.182947 [debug]: Finished connection limit wait [  2.89s]
11:54:45.182948 [info ]: Finished running [  0.40s] test staging_dbt_test__audit.unique_stg_budgets_budget_id [pass]
11:54:45.183391 [info ]:     Passed [  0.41s] test  unique_stg_budgets_budget_id
11:54:45.185178 [debug]: Writing runtime sql for node "test.fintrack_analytics.not_null_stg_comptes_compte_id.c12e0b3b3b"
11:54:45.186944 [debug]: create_debug_span(...).entered() took 21.9µs
11:54:45.561153 [debug]: stmt.execute() (submit+wait_for_completion, returns reader) took 474.2155ms
11:54:45.561177 [debug]: reader.schema() took 300ns
11:54:45.562182 [debug]: batch-consume loop (for res in reader) took 989.8µs
11:54:45.563362 [debug]: do_execute(conn) (closure: stmt.execute + schema + batch loop) took 476.4586ms
11:54:45.563460 [debug]: concat_batches + normalize_result_column_names took 67.8µs
11:54:45.563480 [debug]: record_current_span_status_from_attrs took 3.7µs
11:54:45.563492 [debug]: Query executed on node snapshot.fintrack_analytics.snapshot_comptes:
describe table "FINTRACK_DB"."SNAPSHOTS"."SNAPSHOT_COMPTES__dbt_tmp"
/* {"app": "dbt", "dbt_version": "2.0.0", "node_id": "snapshot.fintrack_analytics.snapshot_comptes", "profile_name": "fintrack_analytics", "target_name": "dev"} */
11:54:45.563523 [debug]: drop(query_span_guard) (span exit/export) took 34.3µs
11:54:45.574363 [debug]: create_debug_span(...).entered() took 21.4µs
11:54:45.712102 [debug]: stmt.execute() (submit+wait_for_completion, returns reader) took 525.0799ms
11:54:45.712135 [debug]: reader.schema() took 700ns
11:54:45.713175 [debug]: batch-consume loop (for res in reader) took 1.0266ms
11:54:45.713969 [debug]: do_execute(conn) (closure: stmt.execute + schema + batch loop) took 527.0025ms
11:54:45.713993 [debug]: concat_batches + normalize_result_column_names took 9.6µs
11:54:45.714000 [debug]: record_current_span_status_from_attrs took 2.5µs
11:54:45.714007 [debug]: Query executed on node test.fintrack_analytics.not_null_stg_comptes_compte_id.c12e0b3b3b:
select
      count(*) as failures,
      count(*) != 0 as should_warn,
      count(*) != 0 as should_error
    from (
      
    
  
    
    



select compte_id
from fintrack_db.staging.stg_comptes
where compte_id is null



  
  
      
    ) dbt_internal_test
/* {"app": "dbt", "dbt_version": "2.0.0", "node_id": "test.fintrack_analytics.not_null_stg_comptes_compte_id.c12e0b3b3b", "profile_name": "fintrack_analytics", "target_name": "dev"} */
11:54:45.714028 [debug]: drop(query_span_guard) (span exit/export) took 24.6µs
11:54:45.714899 [debug]: Finished connection limit wait [  3.42s]
11:54:45.714897 [info ]: Finished running [  0.53s] test staging_dbt_test__audit.not_null_stg_comptes_compte_id [pass]
11:54:45.715010 [info ]:     Passed [  0.54s] test  not_null_stg_comptes_compte_id
11:54:45.717001 [debug]: Writing runtime sql for node "test.fintrack_analytics.unique_stg_comptes_compte_id.ca647be308"
11:54:45.718373 [debug]: create_debug_span(...).entered() took 14.8µs
11:54:46.159310 [debug]: stmt.execute() (submit+wait_for_completion, returns reader) took 584.8055ms
11:54:46.159336 [debug]: reader.schema() took 400ns
11:54:46.160254 [debug]: batch-consume loop (for res in reader) took 903.5µs
11:54:46.160987 [debug]: do_execute(conn) (closure: stmt.execute + schema + batch loop) took 586.5926ms
11:54:46.161057 [debug]: concat_batches + normalize_result_column_names took 54.6µs
11:54:46.161065 [debug]: record_current_span_status_from_attrs took 2.8µs
11:54:46.161075 [debug]: Query executed on node snapshot.fintrack_analytics.snapshot_comptes:
select * from (
        
    
    with snapshot_query as (

        



select * from fintrack_db.raw.raw_comptes



    ),

    snapshotted_data as (

        select *, 
    
        id as dbt_unique_key
    

        from "FINTRACK_DB"."SNAPSHOTS"."SNAPSHOT_COMPTES"
        where
            
                dbt_valid_to is null
            

    ),

    insertions_source_data as (

        select *, 
    
        id as dbt_unique_key
    
,
            to_timestamp_ntz(convert_timezone('UTC', current_timestamp())) as dbt_updated_at,
            to_timestamp_ntz(convert_timezone('UTC', current_timestamp())) as dbt_valid_from,
            
  
  coalesce(nullif(to_timestamp_ntz(convert_timezone('UTC', current_timestamp())), to_timestamp_ntz(convert_timezone('UTC', current_timestamp()))), null)
  as dbt_valid_to
,
            md5(coalesce(cast(id as varchar ), '')
         || '|' || coalesce(cast(to_timestamp_ntz(convert_timezone('UTC', current_timestamp())) as varchar ), '')
        ) as dbt_scd_id

        from snapshot_query
    ),

    updates_source_data as (

        select *, 
    
        id as dbt_unique_key
    
,
            to_timestamp_ntz(convert_timezone('UTC', current_timestamp())) as dbt_updated_at,
            to_timestamp_ntz(convert_timezone('UTC', current_timestamp())) as dbt_valid_from,
            to_timestamp_ntz(convert_timezone('UTC', current_timestamp())) as dbt_valid_to

        from snapshot_query
    ),

    insertions as (

        select
            'insert' as dbt_change_type,
            source_data.*

        from insertions_source_data as source_data
        left outer join snapshotted_data
            on 
    
        snapshotted_data.dbt_unique_key = source_data.dbt_unique_key
    

            where 
    
        snapshotted_data.dbt_unique_key is null
    

            or (
    
        snapshotted_data.dbt_unique_key is not null
    
 and (
               (snapshotted_data."STATUT" != source_data."STATUT"
        or
        (
            ((snapshotted_data."STATUT" is null) and not (source_data."STATUT" is null))
            or
            ((not snapshotted_data."STATUT" is null) and (source_data."STATUT" is null))
        ) or snapshotted_data."EMAIL" != source_data."EMAIL"
        or
        (
            ((snapshotted_data."EMAIL" is null) and not (source_data."EMAIL" is null))
            or
            ((not snapshotted_data."EMAIL" is null) and (source_data."EMAIL" is null))
        ) or snapshotted_data."TYPE_COMPTE" != source_data."TYPE_COMPTE"
        or
        (
            ((snapshotted_data."TYPE_COMPTE" is null) and not (source_data."TYPE_COMPTE" is null))
            or
            ((not snapshotted_data."TYPE_COMPTE" is null) and (source_data."TYPE_COMPTE" is null))
        ))
            )

        )

    ),

    updates as (

        select
            'update' as dbt_change_type,
            source_data.*,
            snapshotted_data.dbt_scd_id

        from updates_source_data as source_data
        join snapshotted_data
            on 
    
        snapshotted_data.dbt_unique_key = source_data.dbt_unique_key
    

        where (
            (snapshotted_data."STATUT" != source_data."STATUT"
        or
        (
            ((snapshotted_data."STATUT" is null) and not (source_data."STATUT" is null))
            or
            ((not snapshotted_data."STATUT" is null) and (source_data."STATUT" is null))
        ) or snapshotted_data."EMAIL" != source_data."EMAIL"
        or
        (
            ((snapshotted_data."EMAIL" is null) and not (source_data."EMAIL" is null))
            or
            ((not snapshotted_data."EMAIL" is null) and (source_data."EMAIL" is null))
        ) or snapshotted_data."TYPE_COMPTE" != source_data."TYPE_COMPTE"
        or
        (
            ((snapshotted_data."TYPE_COMPTE" is null) and not (source_data."TYPE_COMPTE" is null))
            or
            ((not snapshotted_data."TYPE_COMPTE" is null) and (source_data."TYPE_COMPTE" is null))
        ))
        )
    )

    select * from insertions
    union all
    select * from updates

    ) as __dbt_sbq
    where false
    limit 0
/* {"app": "dbt", "dbt_version": "2.0.0", "node_id": "snapshot.fintrack_analytics.snapshot_comptes", "profile_name": "fintrack_analytics", "target_name": "dev"} */
11:54:46.161105 [debug]: drop(query_span_guard) (span exit/export) took 34µs
11:54:46.164788 [debug]: create_debug_span(...).entered() took 13.8µs
11:54:46.280151 [debug]: stmt.execute() (submit+wait_for_completion, returns reader) took 561.7085ms
11:54:46.280176 [debug]: reader.schema() took 400ns
11:54:46.280936 [debug]: batch-consume loop (for res in reader) took 751.8µs
11:54:46.281794 [debug]: do_execute(conn) (closure: stmt.execute + schema + batch loop) took 563.3998ms
11:54:46.281817 [debug]: concat_batches + normalize_result_column_names took 9.6µs
11:54:46.281825 [debug]: record_current_span_status_from_attrs took 2.6µs
11:54:46.281832 [debug]: Query executed on node test.fintrack_analytics.unique_stg_comptes_compte_id.ca647be308:
select
      count(*) as failures,
      count(*) != 0 as should_warn,
      count(*) != 0 as should_error
    from (
      
    
  
    
    

select
    compte_id as unique_field,
    count(*) as n_records

from fintrack_db.staging.stg_comptes
where compte_id is not null
group by compte_id
having count(*) > 1



  
  
      
    ) dbt_internal_test
/* {"app": "dbt", "dbt_version": "2.0.0", "node_id": "test.fintrack_analytics.unique_stg_comptes_compte_id.ca647be308", "profile_name": "fintrack_analytics", "target_name": "dev"} */
11:54:46.281857 [debug]: drop(query_span_guard) (span exit/export) took 27.9µs
11:54:46.282735 [debug]: Finished connection limit wait [  3.99s]
11:54:46.282728 [info ]: Finished running [  0.57s] test staging_dbt_test__audit.unique_stg_comptes_compte_id [pass]
11:54:46.283070 [info ]:     Passed [  0.58s] test  unique_stg_comptes_compte_id
11:54:46.284842 [debug]: Writing runtime sql for node "test.fintrack_analytics.accepted_values_stg_comptes_type_compte__courant__epargne__joint.ff87077911"
11:54:46.286205 [debug]: create_debug_span(...).entered() took 15.6µs
11:54:46.762200 [debug]: stmt.execute() (submit+wait_for_completion, returns reader) took 597.3431ms
11:54:46.762225 [debug]: reader.schema() took 300ns
11:54:46.763144 [debug]: batch-consume loop (for res in reader) took 904µs
11:54:46.764048 [debug]: do_execute(conn) (closure: stmt.execute + schema + batch loop) took 599.236ms
11:54:46.764105 [debug]: concat_batches + normalize_result_column_names took 22.6µs
11:54:46.764113 [debug]: record_current_span_status_from_attrs took 2.9µs
11:54:46.764120 [debug]: Query executed on node snapshot.fintrack_analytics.snapshot_comptes:
select * from (
        select to_timestamp_ntz(convert_timezone('UTC', current_timestamp())) as dbt_snapshot_time
    ) as __dbt_sbq
    where false
    limit 0
/* {"app": "dbt", "dbt_version": "2.0.0", "node_id": "snapshot.fintrack_analytics.snapshot_comptes", "profile_name": "fintrack_analytics", "target_name": "dev"} */
11:54:46.764142 [debug]: drop(query_span_guard) (span exit/export) took 24.5µs
11:54:46.766135 [debug]: Writing runtime sql for node "snapshot.fintrack_analytics.snapshot_comptes"
11:54:46.769361 [debug]: create_debug_span(...).entered() took 21.9µs
11:54:47.000953 [debug]: stmt.execute() (submit+wait_for_completion, returns reader) took 714.6703ms
11:54:47.000993 [debug]: reader.schema() took 500ns
11:54:47.003246 [debug]: batch-consume loop (for res in reader) took 2.2299ms
11:54:47.004127 [debug]: do_execute(conn) (closure: stmt.execute + schema + batch loop) took 717.8951ms
11:54:47.004156 [debug]: concat_batches + normalize_result_column_names took 11.5µs
11:54:47.004164 [debug]: record_current_span_status_from_attrs took 3.2µs
11:54:47.004173 [debug]: Query executed on node test.fintrack_analytics.accepted_values_stg_comptes_type_compte__courant__epargne__joint.ff87077911:
select
      count(*) as failures,
      count(*) != 0 as should_warn,
      count(*) != 0 as should_error
    from (
      
    
  
    
    

with all_values as (

    select
        type_compte as value_field,
        count(*) as n_records

    from fintrack_db.staging.stg_comptes
    group by type_compte

)

select *
from all_values
where value_field not in (
    'courant','epargne','joint'
)



  
  
      
    ) dbt_internal_test
/* {"app": "dbt", "dbt_version": "2.0.0", "node_id": "test.fintrack_analytics.accepted_values_stg_comptes_type_compte__courant__epargne__joint.ff87077911", "profile_name": "fintrack_analytics", "target_name": "dev"} */
11:54:47.004200 [debug]: drop(query_span_guard) (span exit/export) took 30.7µs
11:54:47.005215 [debug]: Finished connection limit wait [  4.71s]
11:54:47.005222 [info ]: Finished running [  0.72s] test staging_dbt_test__audit.accepted_values_stg_comptes_type_compte__courant__epargne__joint [pass]
11:54:47.005332 [info ]:     Passed [  0.74s] test  accepted_values_stg_comptes_type_compte__courant__epargne__joint
11:54:47.008840 [debug]: Writing runtime sql for node "test.fintrack_analytics.accepted_values_stg_comptes_statut__actif__inactif__cloture.f56d9561d0"
11:54:47.010789 [debug]: create_debug_span(...).entered() took 23.4µs
11:54:47.144312 [debug]: stmt.execute() (submit+wait_for_completion, returns reader) took 374.8389ms
11:54:47.144375 [debug]: reader.schema() took 800ns
11:54:47.149753 [debug]: do_execute(conn) (closure: stmt.execute + schema + batch loop) took 380.3486ms
11:54:47.149813 [debug]: concat_batches + normalize_result_column_names took 18.3µs
11:54:47.149831 [debug]: record_current_span_status_from_attrs took 5.3µs
11:54:47.149846 [debug]: Query executed on node snapshot.fintrack_analytics.snapshot_comptes:
begin
/* {"app": "dbt", "dbt_version": "2.0.0", "node_id": "snapshot.fintrack_analytics.snapshot_comptes", "profile_name": "fintrack_analytics", "target_name": "dev"} */
11:54:47.149892 [debug]: drop(query_span_guard) (span exit/export) took 51.7µs
11:54:47.150157 [debug]: create_debug_span(...).entered() took 23.9µs
11:54:47.383375 [debug]: stmt.execute() (submit+wait_for_completion, returns reader) took 372.4795ms
11:54:47.383418 [debug]: reader.schema() took 600ns
11:54:47.384870 [debug]: batch-consume loop (for res in reader) took 1.4349ms
11:54:47.386274 [debug]: do_execute(conn) (closure: stmt.execute + schema + batch loop) took 375.4504ms
11:54:47.386318 [debug]: concat_batches + normalize_result_column_names took 18µs
11:54:47.386333 [debug]: record_current_span_status_from_attrs took 4.1µs
11:54:47.386349 [debug]: Query executed on node test.fintrack_analytics.accepted_values_stg_comptes_statut__actif__inactif__cloture.f56d9561d0:
select
      count(*) as failures,
      count(*) != 0 as should_warn,
      count(*) != 0 as should_error
    from (
      
    
  
    
    

with all_values as (

    select
        statut as value_field,
        count(*) as n_records

    from fintrack_db.staging.stg_comptes
    group by statut

)

select *
from all_values
where value_field not in (
    'actif','inactif','cloture'
)



  
  
      
    ) dbt_internal_test
/* {"app": "dbt", "dbt_version": "2.0.0", "node_id": "test.fintrack_analytics.accepted_values_stg_comptes_statut__actif__inactif__cloture.f56d9561d0", "profile_name": "fintrack_analytics", "target_name": "dev"} */
11:54:47.386389 [debug]: drop(query_span_guard) (span exit/export) took 47.1µs
11:54:47.388071 [debug]: Finished connection limit wait [  4.44s]
11:54:47.388063 [info ]: Finished running [  0.38s] test staging_dbt_test__audit.accepted_values_stg_comptes_statut__actif__inactif__cloture [pass]
11:54:47.388833 [info ]:     Passed [  0.40s] test  accepted_values_stg_comptes_statut__actif__inactif__cloture
11:54:47.390324 [info ]: Started running model staging_marts.dim_comptes
11:54:47.390440 [debug]: Started connection limit wait
11:54:47.393679 [debug]: Writing runtime sql for node "test.fintrack_analytics.not_null_stg_transactions_transaction_id.1d00a8e2e4"
11:54:47.396446 [debug]: create_debug_span(...).entered() took 26.1µs
11:54:47.854856 [debug]: stmt.execute() (submit+wait_for_completion, returns reader) took 458.2931ms
11:54:47.854882 [debug]: reader.schema() took 400ns
11:54:47.855825 [debug]: batch-consume loop (for res in reader) took 930.6µs
11:54:47.857080 [debug]: do_execute(conn) (closure: stmt.execute + schema + batch loop) took 460.5908ms
11:54:47.857123 [debug]: concat_batches + normalize_result_column_names took 15.7µs
11:54:47.857138 [debug]: record_current_span_status_from_attrs took 4.8µs
11:54:47.857152 [debug]: Query executed on node test.fintrack_analytics.not_null_stg_transactions_transaction_id.1d00a8e2e4:
select
      count(*) as failures,
      count(*) != 0 as should_warn,
      count(*) != 0 as should_error
    from (
      
    
  
    
    



select transaction_id
from fintrack_db.staging.stg_transactions
where transaction_id is null



  
  
      
    ) dbt_internal_test
/* {"app": "dbt", "dbt_version": "2.0.0", "node_id": "test.fintrack_analytics.not_null_stg_transactions_transaction_id.1d00a8e2e4", "profile_name": "fintrack_analytics", "target_name": "dev"} */
11:54:47.857195 [debug]: drop(query_span_guard) (span exit/export) took 47.9µs
11:54:47.858369 [debug]: Finished connection limit wait [  4.91s]
11:54:47.858386 [info ]: Finished running [  0.47s] test staging_dbt_test__audit.not_null_stg_transactions_transaction_id [pass]
11:54:47.858527 [info ]:     Passed [  0.48s] test  not_null_stg_transactions_transaction_id
11:54:47.860560 [debug]: Writing runtime sql for node "test.fintrack_analytics.unique_stg_transactions_transaction_id.ee9a78a396"
11:54:47.862366 [debug]: create_debug_span(...).entered() took 17.1µs
11:54:48.035391 [debug]: stmt.execute() (submit+wait_for_completion, returns reader) took 885.1183ms
11:54:48.035485 [debug]: reader.schema() took 1.2µs
11:54:48.040933 [debug]: batch-consume loop (for res in reader) took 5.3807ms
11:54:48.044813 [debug]: do_execute(conn) (closure: stmt.execute + schema + batch loop) took 894.5902ms
11:54:48.044979 [debug]: concat_batches + normalize_result_column_names took 64.8µs
11:54:48.045013 [debug]: record_current_span_status_from_attrs took 10.2µs
11:54:48.045049 [debug]: Query executed on node snapshot.fintrack_analytics.snapshot_comptes:

    merge into "FINTRACK_DB"."SNAPSHOTS"."SNAPSHOT_COMPTES" as DBT_INTERNAL_DEST
    using "FINTRACK_DB"."SNAPSHOTS"."SNAPSHOT_COMPTES__dbt_tmp" as DBT_INTERNAL_SOURCE
    on DBT_INTERNAL_SOURCE.dbt_scd_id = DBT_INTERNAL_DEST.dbt_scd_id

    when matched
     
       and DBT_INTERNAL_DEST.dbt_valid_to is null
     
     and DBT_INTERNAL_SOURCE.dbt_change_type in ('update', 'delete')
        then update
        set dbt_valid_to = DBT_INTERNAL_SOURCE.dbt_valid_to

    when not matched
     and DBT_INTERNAL_SOURCE.dbt_change_type = 'insert'
        then insert ("ID", "NOM_CLIENT", "EMAIL", "TYPE_COMPTE", "DATE_OUVERTURE", "SOLDE_INITIAL", "STATUT", "DBT_UPDATED_AT", "DBT_VALID_FROM", "DBT_VALID_TO", "DBT_SCD_ID")
        values ("ID", "NOM_CLIENT", "EMAIL", "TYPE_COMPTE", "DATE_OUVERTURE", "SOLDE_INITIAL", "STATUT", "DBT_UPDATED_AT", "DBT_VALID_FROM", "DBT_VALID_TO", "DBT_SCD_ID")


/* {"app": "dbt", "dbt_version": "2.0.0", "node_id": "snapshot.fintrack_analytics.snapshot_comptes", "profile_name": "fintrack_analytics", "target_name": "dev"} */
11:54:48.045175 [debug]: drop(query_span_guard) (span exit/export) took 135.6µs
11:54:48.045998 [debug]: create_debug_span(...).entered() took 45.2µs
11:54:48.556695 [debug]: stmt.execute() (submit+wait_for_completion, returns reader) took 694.2507ms
11:54:48.556727 [debug]: reader.schema() took 500ns
11:54:48.557980 [debug]: batch-consume loop (for res in reader) took 1.2113ms
11:54:48.558974 [debug]: do_execute(conn) (closure: stmt.execute + schema + batch loop) took 696.5825ms
11:54:48.559009 [debug]: concat_batches + normalize_result_column_names took 15.2µs
11:54:48.559020 [debug]: record_current_span_status_from_attrs took 3.1µs
11:54:48.559031 [debug]: Query executed on node test.fintrack_analytics.unique_stg_transactions_transaction_id.ee9a78a396:
select
      count(*) as failures,
      count(*) != 0 as should_warn,
      count(*) != 0 as should_error
    from (
      
    
  
    
    

select
    transaction_id as unique_field,
    count(*) as n_records

from fintrack_db.staging.stg_transactions
where transaction_id is not null
group by transaction_id
having count(*) > 1



  
  
      
    ) dbt_internal_test
/* {"app": "dbt", "dbt_version": "2.0.0", "node_id": "test.fintrack_analytics.unique_stg_transactions_transaction_id.ee9a78a396", "profile_name": "fintrack_analytics", "target_name": "dev"} */
11:54:48.559064 [debug]: drop(query_span_guard) (span exit/export) took 37.3µs
11:54:48.560263 [debug]: Finished connection limit wait [  5.61s]
11:54:48.560271 [info ]: Finished running [  0.70s] test staging_dbt_test__audit.unique_stg_transactions_transaction_id [pass]
11:54:48.560744 [info ]:     Passed [  0.71s] test  unique_stg_transactions_transaction_id
11:54:48.563426 [debug]: Writing runtime sql for node "test.fintrack_analytics.relationships_stg_transactions_compte_id__compte_id__ref_stg_comptes_.6bb5c74007"
11:54:48.566199 [debug]: create_debug_span(...).entered() took 24.5µs
11:54:48.732473 [debug]: stmt.execute() (submit+wait_for_completion, returns reader) took 686.2217ms
11:54:48.732566 [debug]: reader.schema() took 1.2µs
11:54:48.739401 [debug]: do_execute(conn) (closure: stmt.execute + schema + batch loop) took 693.31ms
11:54:48.739551 [debug]: concat_batches + normalize_result_column_names took 55µs
11:54:48.739604 [debug]: record_current_span_status_from_attrs took 11.9µs
11:54:48.739654 [debug]: Query executed on node snapshot.fintrack_analytics.snapshot_comptes:

    commit
/* {"app": "dbt", "dbt_version": "2.0.0", "node_id": "snapshot.fintrack_analytics.snapshot_comptes", "profile_name": "fintrack_analytics", "target_name": "dev"} */
11:54:48.739816 [debug]: drop(query_span_guard) (span exit/export) took 173.6µs
11:54:48.756571 [debug]: Finished connection limit wait [  4.58s]
11:54:48.756506 [info ]: Finished running [ 10.60s] snapshot snapshots.snapshot_comptes [success]
11:54:48.758344 [info ]:  Succeeded [ 10.61s] snapshot snapshots.snapshot_comptes (snapshot)
11:54:48.763281 [debug]: create_debug_span(...).entered() took 47µs
11:54:49.140432 [debug]: stmt.execute() (submit+wait_for_completion, returns reader) took 574.1304ms
11:54:49.140595 [debug]: reader.schema() took 600ns
11:54:49.142299 [debug]: batch-consume loop (for res in reader) took 1.6745ms
11:54:49.143952 [debug]: do_execute(conn) (closure: stmt.execute + schema + batch loop) took 577.7112ms
11:54:49.144002 [debug]: concat_batches + normalize_result_column_names took 19.5µs
11:54:49.144016 [debug]: record_current_span_status_from_attrs took 4.1µs
11:54:49.144029 [debug]: Query executed on node test.fintrack_analytics.relationships_stg_transactions_compte_id__compte_id__ref_stg_comptes_.6bb5c74007:
select
      count(*) as failures,
      count(*) != 0 as should_warn,
      count(*) != 0 as should_error
    from (
      
    
  
    
    

with child as (
    select compte_id as from_field
    from fintrack_db.staging.stg_transactions
    where compte_id is not null
),

parent as (
    select compte_id as to_field
    from fintrack_db.staging.stg_comptes
)

select
    from_field

from child
left join parent
    on child.from_field = parent.to_field

where parent.to_field is null



  
  
      
    ) dbt_internal_test
/* {"app": "dbt", "dbt_version": "2.0.0", "node_id": "test.fintrack_analytics.relationships_stg_transactions_compte_id__compte_id__ref_stg_comptes_.6bb5c74007", "profile_name": "fintrack_analytics", "target_name": "dev"} */
11:54:49.144099 [debug]: drop(query_span_guard) (span exit/export) took 73.3µs
11:54:49.146306 [debug]: Finished connection limit wait [  1.76s]
11:54:49.146276 [info ]: Finished running [  0.59s] test staging_dbt_test__audit.relationships_stg_transactions_compte_id__compte_id__ref_stg_comptes_ [pass]
11:54:49.146899 [info ]:     Passed [  0.60s] test  relationships_stg_transactions_compte_id__compte_id__ref_stg_comptes_
11:54:49.147876 [info ]: Started running model staging.int_transactions_enrichies
11:54:49.147938 [debug]: Started connection limit wait
11:54:49.148661 [debug]: create_debug_span(...).entered() took 12.2µs
11:54:49.161900 [debug]: stmt.execute() (submit+wait_for_completion, returns reader) took 398.2645ms
11:54:49.161923 [debug]: reader.schema() took 500ns
11:54:49.162971 [debug]: batch-consume loop (for res in reader) took 1.0344ms
11:54:49.164007 [debug]: do_execute(conn) (closure: stmt.execute + schema + batch loop) took 400.6543ms
11:54:49.164069 [debug]: concat_batches + normalize_result_column_names took 42µs
11:54:49.164089 [debug]: record_current_span_status_from_attrs took 3.5µs
11:54:49.164103 [debug]: Query executed on node model.fintrack_analytics.dim_categories:
SHOW OBJECTS IN SCHEMA "FINTRACK_DB"."STAGING_MARTS" LIMIT 10000
11:54:49.164138 [debug]: drop(query_span_guard) (span exit/export) took 37.4µs
11:54:49.166054 [debug]: Writing runtime sql for node "model.fintrack_analytics.dim_categories"
11:54:49.167451 [debug]: create_debug_span(...).entered() took 16.6µs
11:54:49.518268 [debug]: stmt.execute() (submit+wait_for_completion, returns reader) took 369.5373ms
11:54:49.518310 [debug]: reader.schema() took 700ns
11:54:49.519162 [debug]: batch-consume loop (for res in reader) took 841.7µs
11:54:49.520077 [debug]: do_execute(conn) (closure: stmt.execute + schema + batch loop) took 371.3913ms
11:54:49.520130 [debug]: concat_batches + normalize_result_column_names took 37.5µs
11:54:49.520154 [debug]: record_current_span_status_from_attrs took 2.4µs
11:54:49.520161 [debug]: Query executed on node model.fintrack_analytics.dim_comptes:
SHOW OBJECTS IN SCHEMA "FINTRACK_DB"."STAGING_MARTS" LIMIT 10000
11:54:49.520181 [debug]: drop(query_span_guard) (span exit/export) took 23.1µs
11:54:49.522177 [debug]: Writing runtime sql for node "model.fintrack_analytics.dim_comptes"
11:54:49.524745 [debug]: create_debug_span(...).entered() took 16.8µs
11:54:50.366026 [debug]: stmt.execute() (submit+wait_for_completion, returns reader) took 1.19848s
11:54:50.366057 [debug]: reader.schema() took 400ns
11:54:50.367529 [debug]: do_execute(conn) (closure: stmt.execute + schema + batch loop) took 1.2000475s
11:54:50.367568 [debug]: concat_batches + normalize_result_column_names took 16.1µs
11:54:50.367581 [debug]: record_current_span_status_from_attrs took 3.4µs
11:54:50.367593 [debug]: Query executed on node model.fintrack_analytics.dim_categories:
create or replace transient  table fintrack_db.staging_marts.dim_categories
    
    
    
    
    as (select
    categorie_id,
    nom_categorie,
    type_categorie,
    groupe
from fintrack_db.staging.stg_categories
    )

/* {"app": "dbt", "dbt_version": "2.0.0", "node_id": "model.fintrack_analytics.dim_categories", "profile_name": "fintrack_analytics", "target_name": "dev"} */
11:54:50.367632 [debug]: drop(query_span_guard) (span exit/export) took 42.7µs
11:54:50.369207 [debug]: Finished connection limit wait [  1.22s]
11:54:50.369186 [info ]: Finished running [  1.61s] model staging_marts.dim_categories [success]
11:54:50.369600 [info ]:  Succeeded [  1.62s] model staging_marts.dim_categories (table)
11:54:50.370188 [info ]: Started test staging_dbt_test__audit.not_null_dim_categories_categorie_id
11:54:50.370201 [debug]: Started rendering test staging_dbt_test__audit.not_null_dim_categories_categorie_id
11:54:50.370235 [info ]: Started test staging_dbt_test__audit.unique_dim_categories_categorie_id
11:54:50.370243 [debug]: Started rendering test staging_dbt_test__audit.unique_dim_categories_categorie_id
11:54:50.370262 [info ]: Finished running [  0.00s] model staging.int_transactions_enrichies [no-op]
11:54:50.370353 [info ]:    Skipped [-------] model staging.int_transactions_enrichies (ephemeral)
11:54:50.370370 [info ]: Started model staging_marts.fct_transactions
11:54:50.370378 [debug]: Started rendering model staging_marts.fct_transactions
11:54:50.373181 [debug]: Compiled SQL for node model.fintrack_analytics.fct_transactions at target\compiled\fintrack_analytics\models\marts\fct_transactions.sql
11:54:50.373396 [debug]: Finished rendering [  0.00s] model staging_marts.fct_transactions [success]
11:54:50.373603 [debug]: Started analyzing model staging_marts.fct_transactions
11:54:50.373916 [debug]: Compiled SQL for node test.fintrack_analytics.unique_dim_categories_categorie_id.86b0ecf635 at target\compiled\fintrack_analytics\target\generic_tests\unique_dim_categories_categorie_id.sql
11:54:50.374229 [debug]: Compiled SQL for node test.fintrack_analytics.not_null_dim_categories_categorie_id.93562953fd at target\compiled\fintrack_analytics\target\generic_tests\not_null_dim_categories_categorie_id.sql
11:54:50.374402 [debug]: Finished rendering [  0.00s] test staging_dbt_test__audit.unique_dim_categories_categorie_id [success]
11:54:50.374610 [debug]: Started analyzing test staging_dbt_test__audit.unique_dim_categories_categorie_id
11:54:50.374652 [debug]: Finished rendering [  0.00s] test staging_dbt_test__audit.not_null_dim_categories_categorie_id [success]
11:54:50.374780 [debug]: Started analyzing test staging_dbt_test__audit.not_null_dim_categories_categorie_id
11:54:50.375001 [debug]: Finished analyzing [  0.00s] test staging_dbt_test__audit.not_null_dim_categories_categorie_id [success]
11:54:50.375137 [info ]: Started running test staging_dbt_test__audit.not_null_dim_categories_categorie_id
11:54:50.375348 [debug]: Finished analyzing [  0.00s] test staging_dbt_test__audit.unique_dim_categories_categorie_id [success]
11:54:50.375496 [info ]: Started running test staging_dbt_test__audit.unique_dim_categories_categorie_id
11:54:50.375556 [debug]: Started connection limit wait
11:54:50.377593 [debug]: Writing runtime sql for node "test.fintrack_analytics.not_null_dim_categories_categorie_id.93562953fd"
11:54:50.379297 [debug]: create_debug_span(...).entered() took 17µs
11:54:50.378970 [debug]: Finished analyzing [  0.01s] model staging_marts.fct_transactions [success]
11:54:50.379367 [info ]: Started running model staging_marts.fct_transactions
11:54:50.379436 [debug]: Started connection limit wait
11:54:50.562906 [debug]: stmt.execute() (submit+wait_for_completion, returns reader) took 1.038058s
11:54:50.562949 [debug]: reader.schema() took 600ns
11:54:50.565393 [debug]: do_execute(conn) (closure: stmt.execute + schema + batch loop) took 1.0406172s
11:54:50.565440 [debug]: concat_batches + normalize_result_column_names took 21.1µs
11:54:50.565453 [debug]: record_current_span_status_from_attrs took 3.6µs
11:54:50.565465 [debug]: Query executed on node model.fintrack_analytics.dim_comptes:
create or replace transient  table fintrack_db.staging_marts.dim_comptes
    
    
    
    
    as (select
    compte_id,
    nom_client,
    email,
    type_compte,
    date_ouverture,
    solde_initial,
    statut,
    datediff('day', date_ouverture, current_date()) as anciennete_jours,

    -- Bonus 8.1 : clé de substitution via dbt-utils (nécessite `dbt deps`)
    md5(cast(coalesce(cast(compte_id as TEXT), '_dbt_utils_surrogate_key_null_') as TEXT)) as compte_sk

from fintrack_db.staging.stg_comptes
    )

/* {"app": "dbt", "dbt_version": "2.0.0", "node_id": "model.fintrack_analytics.dim_comptes", "profile_name": "fintrack_analytics", "target_name": "dev"} */
11:54:50.565506 [debug]: drop(query_span_guard) (span exit/export) took 45.1µs
11:54:50.567914 [debug]: Finished connection limit wait [  0.19s]
11:54:50.567901 [info ]: Finished running [  1.42s] model staging_marts.dim_comptes [success]
11:54:50.568129 [info ]:  Succeeded [  1.44s] model staging_marts.dim_comptes (table)
11:54:50.569402 [info ]: Started test staging_dbt_test__audit.unique_dim_comptes_compte_id
11:54:50.569505 [debug]: Started rendering test staging_dbt_test__audit.unique_dim_comptes_compte_id
11:54:50.569583 [info ]: Started test staging_dbt_test__audit.not_null_dim_comptes_compte_id
11:54:50.569613 [debug]: Started rendering test staging_dbt_test__audit.not_null_dim_comptes_compte_id
11:54:50.573334 [debug]: Writing runtime sql for node "test.fintrack_analytics.unique_dim_categories_categorie_id.86b0ecf635"
11:54:50.575331 [debug]: Compiled SQL for node test.fintrack_analytics.not_null_dim_comptes_compte_id.2e372eb672 at target\compiled\fintrack_analytics\target\generic_tests\not_null_dim_comptes_compte_id.sql
11:54:50.576247 [debug]: Compiled SQL for node test.fintrack_analytics.unique_dim_comptes_compte_id.31a8b2a237 at target\compiled\fintrack_analytics\target\generic_tests\unique_dim_comptes_compte_id.sql
11:54:50.575812 [debug]: Finished rendering [  0.01s] test staging_dbt_test__audit.not_null_dim_comptes_compte_id [success]
11:54:50.577274 [debug]: Started analyzing test staging_dbt_test__audit.not_null_dim_comptes_compte_id
11:54:50.578072 [debug]: create_debug_span(...).entered() took 48.5µs
11:54:50.577352 [debug]: Finished rendering [  0.01s] test staging_dbt_test__audit.unique_dim_comptes_compte_id [success]
11:54:50.578373 [debug]: Started analyzing test staging_dbt_test__audit.unique_dim_comptes_compte_id
11:54:50.578521 [debug]: Finished analyzing [  0.00s] test staging_dbt_test__audit.not_null_dim_comptes_compte_id [success]
11:54:50.578799 [info ]: Started running test staging_dbt_test__audit.not_null_dim_comptes_compte_id
11:54:50.578893 [debug]: Started connection limit wait
11:54:50.579836 [debug]: Finished analyzing [  0.00s] test staging_dbt_test__audit.unique_dim_comptes_compte_id [success]
11:54:50.580115 [info ]: Started running test staging_dbt_test__audit.unique_dim_comptes_compte_id
11:54:50.580230 [debug]: Started connection limit wait
11:54:50.832836 [debug]: stmt.execute() (submit+wait_for_completion, returns reader) took 453.36ms
11:54:50.832869 [debug]: reader.schema() took 800ns
11:54:50.833945 [debug]: batch-consume loop (for res in reader) took 1.0587ms
11:54:50.834860 [debug]: do_execute(conn) (closure: stmt.execute + schema + batch loop) took 455.5312ms
11:54:50.834896 [debug]: concat_batches + normalize_result_column_names took 14.2µs
11:54:50.834909 [debug]: record_current_span_status_from_attrs took 3.7µs
11:54:50.834922 [debug]: Query executed on node test.fintrack_analytics.not_null_dim_categories_categorie_id.93562953fd:
select
      count(*) as failures,
      count(*) != 0 as should_warn,
      count(*) != 0 as should_error
    from (
      
    
  
    
    



select categorie_id
from fintrack_db.staging_marts.dim_categories
where categorie_id is null



  
  
      
    ) dbt_internal_test
/* {"app": "dbt", "dbt_version": "2.0.0", "node_id": "test.fintrack_analytics.not_null_dim_categories_categorie_id.93562953fd", "profile_name": "fintrack_analytics", "target_name": "dev"} */
11:54:50.834973 [debug]: drop(query_span_guard) (span exit/export) took 53.4µs
11:54:50.836383 [debug]: Finished connection limit wait [  0.46s]
11:54:50.836391 [info ]: Finished running [  0.46s] test staging_dbt_test__audit.not_null_dim_categories_categorie_id [pass]
11:54:50.837015 [info ]:     Passed [  0.47s] test  not_null_dim_categories_categorie_id
11:54:50.841057 [debug]: Writing runtime sql for node "model.fintrack_analytics.fct_transactions"
11:54:50.843177 [debug]: create_debug_span(...).entered() took 22.3µs
11:54:51.078237 [debug]: stmt.execute() (submit+wait_for_completion, returns reader) took 499.8738ms
11:54:51.078275 [debug]: reader.schema() took 600ns
11:54:51.081734 [debug]: batch-consume loop (for res in reader) took 3.4365ms
11:54:51.083271 [debug]: do_execute(conn) (closure: stmt.execute + schema + batch loop) took 505.1581ms
11:54:51.083321 [debug]: concat_batches + normalize_result_column_names took 18.1µs
11:54:51.083334 [debug]: record_current_span_status_from_attrs took 4.7µs
11:54:51.083347 [debug]: Query executed on node test.fintrack_analytics.unique_dim_categories_categorie_id.86b0ecf635:
select
      count(*) as failures,
      count(*) != 0 as should_warn,
      count(*) != 0 as should_error
    from (
      
    
  
    
    

select
    categorie_id as unique_field,
    count(*) as n_records

from fintrack_db.staging_marts.dim_categories
where categorie_id is not null
group by categorie_id
having count(*) > 1



  
  
      
    ) dbt_internal_test
/* {"app": "dbt", "dbt_version": "2.0.0", "node_id": "test.fintrack_analytics.unique_dim_categories_categorie_id.86b0ecf635", "profile_name": "fintrack_analytics", "target_name": "dev"} */
11:54:51.083393 [debug]: drop(query_span_guard) (span exit/export) took 51µs
11:54:51.085047 [debug]: Finished connection limit wait [  0.51s]
11:54:51.085052 [info ]: Finished running [  0.52s] test staging_dbt_test__audit.unique_dim_categories_categorie_id [pass]
11:54:51.086200 [info ]:     Passed [  0.52s] test  unique_dim_categories_categorie_id
11:54:51.091242 [debug]: Writing runtime sql for node "test.fintrack_analytics.not_null_dim_comptes_compte_id.2e372eb672"
11:54:51.094692 [debug]: create_debug_span(...).entered() took 23.5µs
11:54:51.540838 [debug]: stmt.execute() (submit+wait_for_completion, returns reader) took 445.9737ms
11:54:51.540873 [debug]: reader.schema() took 600ns
11:54:51.541965 [debug]: batch-consume loop (for res in reader) took 1.0788ms
11:54:51.543101 [debug]: do_execute(conn) (closure: stmt.execute + schema + batch loop) took 448.3696ms
11:54:51.543134 [debug]: concat_batches + normalize_result_column_names took 11.1µs
11:54:51.543145 [debug]: record_current_span_status_from_attrs took 4.6µs
11:54:51.543155 [debug]: Query executed on node test.fintrack_analytics.not_null_dim_comptes_compte_id.2e372eb672:
select
      count(*) as failures,
      count(*) != 0 as should_warn,
      count(*) != 0 as should_error
    from (
      
    
  
    
    



select compte_id
from fintrack_db.staging_marts.dim_comptes
where compte_id is null



  
  
      
    ) dbt_internal_test
/* {"app": "dbt", "dbt_version": "2.0.0", "node_id": "test.fintrack_analytics.not_null_dim_comptes_compte_id.2e372eb672", "profile_name": "fintrack_analytics", "target_name": "dev"} */
11:54:51.543190 [debug]: drop(query_span_guard) (span exit/export) took 37.9µs
11:54:51.544074 [debug]: Finished connection limit wait [  0.96s]
11:54:51.544090 [info ]: Finished running [  0.46s] test staging_dbt_test__audit.not_null_dim_comptes_compte_id [pass]
11:54:51.544511 [info ]:     Passed [  0.47s] test  not_null_dim_comptes_compte_id
11:54:51.546486 [debug]: Writing runtime sql for node "test.fintrack_analytics.unique_dim_comptes_compte_id.31a8b2a237"
11:54:51.548194 [debug]: create_debug_span(...).entered() took 17.8µs
11:54:52.040901 [debug]: stmt.execute() (submit+wait_for_completion, returns reader) took 492.6154ms
11:54:52.040924 [debug]: reader.schema() took 300ns
11:54:52.041907 [debug]: batch-consume loop (for res in reader) took 971µs
11:54:52.043146 [debug]: do_execute(conn) (closure: stmt.execute + schema + batch loop) took 494.9147ms
11:54:52.043185 [debug]: concat_batches + normalize_result_column_names took 12.6µs
11:54:52.043197 [debug]: record_current_span_status_from_attrs took 3.5µs
11:54:52.043208 [debug]: Query executed on node test.fintrack_analytics.unique_dim_comptes_compte_id.31a8b2a237:
select
      count(*) as failures,
      count(*) != 0 as should_warn,
      count(*) != 0 as should_error
    from (
      
    
  
    
    

select
    compte_id as unique_field,
    count(*) as n_records

from fintrack_db.staging_marts.dim_comptes
where compte_id is not null
group by compte_id
having count(*) > 1



  
  
      
    ) dbt_internal_test
/* {"app": "dbt", "dbt_version": "2.0.0", "node_id": "test.fintrack_analytics.unique_dim_comptes_compte_id.31a8b2a237", "profile_name": "fintrack_analytics", "target_name": "dev"} */
11:54:52.043237 [debug]: drop(query_span_guard) (span exit/export) took 31.9µs
11:54:52.044104 [info ]: Finished running [  0.50s] test staging_dbt_test__audit.unique_dim_comptes_compte_id [pass]
11:54:52.044626 [info ]:     Passed [  0.51s] test  unique_dim_comptes_compte_id
11:54:52.702927 [debug]: stmt.execute() (submit+wait_for_completion, returns reader) took 1.8596519s
11:54:52.702955 [debug]: reader.schema() took 400ns
11:54:52.706382 [debug]: do_execute(conn) (closure: stmt.execute + schema + batch loop) took 1.8631372s
11:54:52.706459 [debug]: concat_batches + normalize_result_column_names took 44.7µs
11:54:52.706473 [debug]: record_current_span_status_from_attrs took 3.4µs
11:54:52.706485 [debug]: Query executed on node model.fintrack_analytics.fct_transactions:
create or replace transient  table fintrack_db.staging_marts.fct_transactions
    
    
    
    
    as (with __dbt__cte__int_transactions_enrichies as (
-- Modèle éphémère : injecté comme CTE dans fct_transactions, ne crée pas d'objet en base.
with transactions as (

    select * from fintrack_db.staging.stg_transactions

),

comptes as (

    select * from fintrack_db.staging.stg_comptes

),

categories as (

    select * from fintrack_db.staging.stg_categories

),

enrichi as (

    select
        t.transaction_id,
        t.compte_id,
        c.nom_client,
        c.type_compte,
        t.date_transaction,
        date_trunc('month', t.date_transaction)::date as mois_transaction,
        t.montant,
        t.montant_signe,
        t.type_operation,
        t.categorie_id,
        cat.nom_categorie,
        cat.type_categorie,
        cat.groupe,
        t.description,
        t.statut

    from transactions t
    left join comptes    c   on t.compte_id    = c.compte_id
    left join categories cat on t.categorie_id = cat.categorie_id

)

select * from enrichi
)
--EPHEMERAL-SELECT-WRAPPER-START
select * from (
select
    transaction_id,
    compte_id,
    categorie_id,
    date_transaction,
    mois_transaction,
    montant,
    montant_signe,
    type_operation,
    nom_client,
    type_compte,
    nom_categorie,
    type_categorie,
    groupe,
    description,
    statut

from __dbt__cte__int_transactions_enrichies

-- On ne garde que les transactions confirmées dans les analyses financières
where statut = 'validee'
--EPHEMERAL-SELECT-WRAPPER-END
)
    )

/* {"app": "dbt", "dbt_version": "2.0.0", "node_id": "model.fintrack_analytics.fct_transactions", "profile_name": "fintrack_analytics", "target_name": "dev"} */
11:54:52.706523 [debug]: drop(query_span_guard) (span exit/export) took 42.1µs
11:54:52.708948 [info ]: Finished running [  1.87s] model staging_marts.fct_transactions [success]
11:54:52.709095 [info ]:  Succeeded [  1.88s] model staging_marts.fct_transactions (table)
11:54:52.709668 [info ]: Started model staging_marts.mart_budget_vs_reel
11:54:52.709692 [debug]: Started rendering model staging_marts.mart_budget_vs_reel
11:54:52.709739 [info ]: Started test staging_dbt_test__audit.not_null_fct_transactions_transaction_id
11:54:52.709757 [debug]: Started rendering test staging_dbt_test__audit.not_null_fct_transactions_transaction_id
11:54:52.709787 [info ]: Started test staging_dbt_test__audit.unique_fct_transactions_transaction_id
11:54:52.709831 [debug]: Started rendering test staging_dbt_test__audit.unique_fct_transactions_transaction_id
11:54:52.709868 [info ]: Started model staging_marts.mart_solde_mensuel
11:54:52.709890 [debug]: Started rendering model staging_marts.mart_solde_mensuel
11:54:52.709920 [info ]: Started model staging_marts.mart_top_depenses
11:54:52.709937 [debug]: Started rendering model staging_marts.mart_top_depenses
11:54:52.713409 [debug]: Compiled SQL for node test.fintrack_analytics.unique_fct_transactions_transaction_id.c963611c53 at target\compiled\fintrack_analytics\target\generic_tests\unique_fct_transactions_transaction_id.sql
11:54:52.713637 [debug]: Finished rendering [  0.00s] test staging_dbt_test__audit.unique_fct_transactions_transaction_id [success]
11:54:52.713915 [debug]: Started analyzing test staging_dbt_test__audit.unique_fct_transactions_transaction_id
11:54:52.714102 [debug]: Compiled SQL for node test.fintrack_analytics.not_null_fct_transactions_transaction_id.2c6b5372aa at target\compiled\fintrack_analytics\target\generic_tests\not_null_fct_transactions_transaction_id.sql
11:54:52.714339 [debug]: Finished rendering [  0.00s] test staging_dbt_test__audit.not_null_fct_transactions_transaction_id [success]
11:54:52.714524 [debug]: Started analyzing test staging_dbt_test__audit.not_null_fct_transactions_transaction_id
11:54:52.714788 [debug]: Finished analyzing [  0.00s] test staging_dbt_test__audit.unique_fct_transactions_transaction_id [success]
11:54:52.715052 [info ]: Started running test staging_dbt_test__audit.unique_fct_transactions_transaction_id
11:54:52.715097 [debug]: Finished analyzing [  0.00s] test staging_dbt_test__audit.not_null_fct_transactions_transaction_id [success]
11:54:52.715222 [info ]: Started running test staging_dbt_test__audit.not_null_fct_transactions_transaction_id
11:54:52.715367 [debug]: Compiled SQL for node model.fintrack_analytics.mart_budget_vs_reel at target\compiled\fintrack_analytics\models\marts\mart_budget_vs_reel.sql
11:54:52.715484 [debug]: Compiled SQL for node model.fintrack_analytics.mart_solde_mensuel at target\compiled\fintrack_analytics\models\marts\mart_solde_mensuel.sql
11:54:52.715978 [debug]: Compiled SQL for node model.fintrack_analytics.mart_top_depenses at target\compiled\fintrack_analytics\models\marts\mart_top_depenses.sql
11:54:52.715560 [debug]: Finished rendering [  0.01s] model staging_marts.mart_budget_vs_reel [success]
11:54:52.716365 [debug]: Started analyzing model staging_marts.mart_budget_vs_reel
11:54:52.716404 [debug]: Finished rendering [  0.01s] model staging_marts.mart_solde_mensuel [success]
11:54:52.717101 [debug]: Started analyzing model staging_marts.mart_solde_mensuel
11:54:52.717144 [debug]: Finished rendering [  0.01s] model staging_marts.mart_top_depenses [success]
11:54:52.717332 [debug]: Started analyzing model staging_marts.mart_top_depenses
11:54:52.718827 [debug]: Writing runtime sql for node "test.fintrack_analytics.not_null_fct_transactions_transaction_id.2c6b5372aa"
11:54:52.719421 [debug]: Writing runtime sql for node "test.fintrack_analytics.unique_fct_transactions_transaction_id.c963611c53"
11:54:52.721270 [debug]: create_debug_span(...).entered() took 27.8µs
11:54:52.721327 [debug]: create_debug_span(...).entered() took 14.2µs
11:54:52.725036 [debug]: Finished analyzing [  0.01s] model staging_marts.mart_top_depenses [success]
11:54:52.731270 [debug]: Finished analyzing [  0.01s] model staging_marts.mart_solde_mensuel [success]
11:54:52.732445 [debug]: Finished analyzing [  0.02s] model staging_marts.mart_budget_vs_reel [success]
11:54:53.191923 [debug]: stmt.execute() (submit+wait_for_completion, returns reader) took 470.4323ms
11:54:53.192053 [debug]: reader.schema() took 1.8µs
11:54:53.197566 [debug]: batch-consume loop (for res in reader) took 5.4204ms
11:54:53.211962 [debug]: do_execute(conn) (closure: stmt.execute + schema + batch loop) took 490.618ms
11:54:53.212001 [debug]: stmt.execute() (submit+wait_for_completion, returns reader) took 490.0658ms
11:54:53.212080 [debug]: reader.schema() took 1.4µs
11:54:53.212125 [debug]: concat_batches + normalize_result_column_names took 52µs
11:54:53.212194 [debug]: record_current_span_status_from_attrs took 12.5µs
11:54:53.212259 [debug]: Query executed on node test.fintrack_analytics.not_null_fct_transactions_transaction_id.2c6b5372aa:
select
      count(*) as failures,
      count(*) != 0 as should_warn,
      count(*) != 0 as should_error
    from (
      
    
  
    
    



select transaction_id
from fintrack_db.staging_marts.fct_transactions
where transaction_id is null



  
  
      
    ) dbt_internal_test
/* {"app": "dbt", "dbt_version": "2.0.0", "node_id": "test.fintrack_analytics.not_null_fct_transactions_transaction_id.2c6b5372aa", "profile_name": "fintrack_analytics", "target_name": "dev"} */
11:54:53.212368 [debug]: drop(query_span_guard) (span exit/export) took 119.9µs
11:54:53.215018 [debug]: batch-consume loop (for res in reader) took 2.8932ms
11:54:53.215128 [info ]: Finished running [  0.50s] test staging_dbt_test__audit.not_null_fct_transactions_transaction_id [pass]
11:54:53.216985 [debug]: do_execute(conn) (closure: stmt.execute + schema + batch loop) took 495.6297ms
11:54:53.217060 [debug]: concat_batches + normalize_result_column_names took 28.2µs
11:54:53.217102 [debug]: record_current_span_status_from_attrs took 5.4µs
11:54:53.217121 [debug]: Query executed on node test.fintrack_analytics.unique_fct_transactions_transaction_id.c963611c53:
select
      count(*) as failures,
      count(*) != 0 as should_warn,
      count(*) != 0 as should_error
    from (
      
    
  
    
    

select
    transaction_id as unique_field,
    count(*) as n_records

from fintrack_db.staging_marts.fct_transactions
where transaction_id is not null
group by transaction_id
having count(*) > 1



  
  
      
    ) dbt_internal_test
/* {"app": "dbt", "dbt_version": "2.0.0", "node_id": "test.fintrack_analytics.unique_fct_transactions_transaction_id.c963611c53", "profile_name": "fintrack_analytics", "target_name": "dev"} */
11:54:53.217167 [debug]: drop(query_span_guard) (span exit/export) took 51.3µs
11:54:53.215593 [info ]:     Passed [  0.50s] test  not_null_fct_transactions_transaction_id
11:54:53.219704 [info ]: Finished running [  0.50s] test staging_dbt_test__audit.unique_fct_transactions_transaction_id [pass]
11:54:53.219956 [info ]:     Passed [  0.51s] test  unique_fct_transactions_transaction_id
11:54:53.221393 [info ]: Started running model staging_marts.mart_solde_mensuel
11:54:53.221518 [info ]: Started running model staging_marts.mart_budget_vs_reel
11:54:53.221580 [info ]: Started running model staging_marts.mart_top_depenses
11:54:53.221699 [debug]: Started connection limit wait
11:54:53.227275 [debug]: Writing runtime sql for node "model.fintrack_analytics.mart_top_depenses"
11:54:53.229044 [debug]: Writing runtime sql for node "model.fintrack_analytics.mart_solde_mensuel"
11:54:53.229738 [debug]: create_debug_span(...).entered() took 31.7µs
11:54:53.231589 [debug]: create_debug_span(...).entered() took 26.3µs
11:54:54.227328 [debug]: stmt.execute() (submit+wait_for_completion, returns reader) took 997.2739ms
11:54:54.227445 [debug]: reader.schema() took 1.5µs
11:54:54.236879 [debug]: do_execute(conn) (closure: stmt.execute + schema + batch loop) took 1.0070679s
11:54:54.237051 [debug]: concat_batches + normalize_result_column_names took 68.1µs
11:54:54.237086 [debug]: record_current_span_status_from_attrs took 11.2µs
11:54:54.237123 [debug]: Query executed on node model.fintrack_analytics.mart_top_depenses:
create or replace transient  table fintrack_db.staging_marts.mart_top_depenses
    
    
    
    
    as (-- Bonus 8.2 : top 3 des catégories de dépenses par compte.
with depenses_categorie as (

    select
        compte_id,
        nom_client,
        categorie_id,
        nom_categorie,
        sum(montant) as total_depense

    from fintrack_db.staging_marts.fct_transactions
    where type_operation = 'debit'
    group by compte_id, nom_client, categorie_id, nom_categorie

),

classement as (

    select
        *,
        row_number() over (partition by compte_id order by total_depense desc) as rang

    from depenses_categorie

)

select *
from classement
where rang <= 3
    )

/* {"app": "dbt", "dbt_version": "2.0.0", "node_id": "model.fintrack_analytics.mart_top_depenses", "profile_name": "fintrack_analytics", "target_name": "dev"} */
11:54:54.237249 [debug]: drop(query_span_guard) (span exit/export) took 136.2µs
11:54:54.245716 [debug]: Finished connection limit wait [  1.02s]
11:54:54.245698 [info ]: Finished running [  1.02s] model staging_marts.mart_top_depenses [success]
11:54:54.248167 [info ]:  Succeeded [  1.04s] model staging_marts.mart_top_depenses (table)
11:54:54.262569 [debug]: Writing runtime sql for node "model.fintrack_analytics.mart_budget_vs_reel"
11:54:54.266491 [debug]: create_debug_span(...).entered() took 30.3µs
11:54:54.379428 [debug]: stmt.execute() (submit+wait_for_completion, returns reader) took 1.1476248s
11:54:54.379523 [debug]: reader.schema() took 1.3µs
11:54:54.388081 [debug]: do_execute(conn) (closure: stmt.execute + schema + batch loop) took 1.1564271s
11:54:54.388252 [debug]: concat_batches + normalize_result_column_names took 86.8µs
11:54:54.388288 [debug]: record_current_span_status_from_attrs took 10.8µs
11:54:54.388325 [debug]: Query executed on node model.fintrack_analytics.mart_solde_mensuel:
create or replace transient  table fintrack_db.staging_marts.mart_solde_mensuel
    
    
    
    
    as (with mensuel as (

    select
        compte_id,
        mois_transaction as mois,
        sum(case when type_operation = 'credit' then montant else 0 end) as total_credits,
        sum(case when type_operation = 'debit'  then montant else 0 end) as total_debits,
        sum(montant_signe) as solde_net_mois

    from fintrack_db.staging_marts.fct_transactions
    group by compte_id, mois_transaction

),

avec_solde_initial as (

    select
        m.*,
        c.solde_initial

    from mensuel m
    left join fintrack_db.staging_marts.dim_comptes c on m.compte_id = c.compte_id

)

select
    compte_id,
    mois,
    total_credits,
    total_debits,
    solde_net_mois,

    -- Solde cumulé depuis l'ouverture : solde initial + somme des soldes nets mensuels
    -- de tous les mois précédents (inclus) pour ce compte.
    solde_initial + sum(solde_net_mois) over (
        partition by compte_id
        order by mois
        rows between unbounded preceding and current row
    ) as solde_cumule

from avec_solde_initial
    )

/* {"app": "dbt", "dbt_version": "2.0.0", "node_id": "model.fintrack_analytics.mart_solde_mensuel", "profile_name": "fintrack_analytics", "target_name": "dev"} */
11:54:54.388443 [debug]: drop(query_span_guard) (span exit/export) took 133.5µs
11:54:54.396078 [info ]: Finished running [  1.17s] model staging_marts.mart_solde_mensuel [success]
11:54:54.397955 [info ]:  Succeeded [  1.19s] model staging_marts.mart_solde_mensuel (table)
11:54:54.400925 [info ]: Started test staging_dbt_test__audit.assert_solde_mensuel_positif
11:54:54.400999 [debug]: Started rendering test staging_dbt_test__audit.assert_solde_mensuel_positif
11:54:54.411386 [debug]: Compiled SQL for node test.fintrack_analytics.assert_solde_mensuel_positif at target\compiled\fintrack_analytics\tests\assert_solde_mensuel_positif.sql
11:54:54.411983 [debug]: Finished rendering [  0.01s] test staging_dbt_test__audit.assert_solde_mensuel_positif [success]
11:54:54.412877 [info ]: Finished rendering [ 16.27s] (31 nodes, 0 skipped, 0 errors)
11:54:54.415361 [debug]: Started analyzing test staging_dbt_test__audit.assert_solde_mensuel_positif
11:54:54.419884 [debug]: Finished analyzing [  0.00s] test staging_dbt_test__audit.assert_solde_mensuel_positif [success]
11:54:54.420222 [info ]: Finished analyzing [ 16.27s] (31 nodes, 0 skipped, 0 errors)
11:54:54.422788 [info ]: Started running test staging_dbt_test__audit.assert_solde_mensuel_positif
11:54:54.429286 [debug]: Writing runtime sql for node "test.fintrack_analytics.assert_solde_mensuel_positif"
11:54:54.433239 [debug]: create_debug_span(...).entered() took 32.3µs
11:54:55.030023 [debug]: stmt.execute() (submit+wait_for_completion, returns reader) took 596.5086ms
11:54:55.030054 [debug]: reader.schema() took 500ns
11:54:55.031077 [debug]: batch-consume loop (for res in reader) took 1.0074ms
11:54:55.032107 [debug]: do_execute(conn) (closure: stmt.execute + schema + batch loop) took 598.818ms
11:54:55.032138 [debug]: concat_batches + normalize_result_column_names took 11.5µs
11:54:55.032147 [debug]: record_current_span_status_from_attrs took 3.3µs
11:54:55.032156 [debug]: Query executed on node test.fintrack_analytics.assert_solde_mensuel_positif:
select
      count(*) as failures,
      count(*) != 0 as should_warn,
      count(*) != 0 as should_error
    from (
      
    
  -- Test singulier : aucun compte epargne ne doit avoir un solde cumulé négatif.
-- Un test dbt réussit quand cette requête ne retourne AUCUNE ligne.

select
    m.compte_id,
    c.nom_client,
    m.mois,
    m.solde_cumule

from fintrack_db.staging_marts.mart_solde_mensuel m
inner join fintrack_db.staging_marts.dim_comptes c on m.compte_id = c.compte_id
where c.type_compte = 'epargne'
  and m.solde_cumule < 0
  
  
      
    ) dbt_internal_test
/* {"app": "dbt", "dbt_version": "2.0.0", "node_id": "test.fintrack_analytics.assert_solde_mensuel_positif", "profile_name": "fintrack_analytics", "target_name": "dev"} */
11:54:55.032182 [debug]: drop(query_span_guard) (span exit/export) took 30.5µs
11:54:55.033034 [info ]: Finished running [  0.61s] test staging_dbt_test__audit.assert_solde_mensuel_positif [pass]
11:54:55.033280 [info ]:     Passed [  0.62s] test  assert_solde_mensuel_positif
11:54:56.026450 [debug]: stmt.execute() (submit+wait_for_completion, returns reader) took 1.7596929s
11:54:56.026479 [debug]: reader.schema() took 500ns
11:54:56.028186 [debug]: do_execute(conn) (closure: stmt.execute + schema + batch loop) took 1.7616487s
11:54:56.028232 [debug]: concat_batches + normalize_result_column_names took 27.3µs
11:54:56.028241 [debug]: record_current_span_status_from_attrs took 3.1µs
11:54:56.028250 [debug]: Query executed on node model.fintrack_analytics.mart_budget_vs_reel:
create or replace transient  table fintrack_db.staging_marts.mart_budget_vs_reel
    
    
    
    
    as (with budgets_agreges as (

    select
        compte_id,
        categorie_id,
        mois,
        sum(montant_prevu) as montant_prevu

    from fintrack_db.staging.stg_budgets
    group by compte_id, categorie_id, mois

),

depenses_agregees as (

    select
        compte_id,
        categorie_id,
        mois_transaction as mois,
        sum(montant) as montant_reel

    from fintrack_db.staging_marts.fct_transactions
    where type_operation = 'debit'
    group by compte_id, categorie_id, mois_transaction

),

rapproche as (

    select
        coalesce(b.compte_id, d.compte_id)       as compte_id,
        coalesce(b.categorie_id, d.categorie_id) as categorie_id,
        coalesce(b.mois, d.mois)                 as mois,
        coalesce(b.montant_prevu, 0)             as montant_prevu,
        coalesce(d.montant_reel, 0)              as montant_reel

    from budgets_agreges b
    full outer join depenses_agregees d
        on  b.compte_id    = d.compte_id
        and b.categorie_id = d.categorie_id
        and b.mois          = d.mois

)

select
    r.compte_id,
    c.nom_client,
    r.categorie_id,
    cat.nom_categorie,
    r.mois,
    r.montant_prevu,
    r.montant_reel,
    r.montant_reel - r.montant_prevu as ecart,
    r.montant_reel > r.montant_prevu as depassement

from rapproche r
left join fintrack_db.staging_marts.dim_comptes    c   on r.compte_id    = c.compte_id
left join fintrack_db.staging_marts.dim_categories cat on r.categorie_id = cat.categorie_id
    )

/* {"app": "dbt", "dbt_version": "2.0.0", "node_id": "model.fintrack_analytics.mart_budget_vs_reel", "profile_name": "fintrack_analytics", "target_name": "dev"} */
11:54:56.028283 [debug]: drop(query_span_guard) (span exit/export) took 36.9µs
11:54:56.029779 [info ]: Finished running [  1.78s] model staging_marts.mart_budget_vs_reel [success]
11:54:56.030098 [info ]: Finished running [ 17.88s] (31 nodes, 1 skipped, 1 errors)
11:54:56.030461 [info ]:  Succeeded [  1.81s] model staging_marts.mart_budget_vs_reel (table)
11:54:56.387386 [info ]: 
==================== Execution Summary =====================
Finished 'build' with 1 error for target 'dev' [21.4s]
Processed: 12 models | 18 tests | 1 snapshot
Summary: 31 total | 29 success | 1 error | 1 no-op
==================== 2026-09-03T12:08:14.703944Z | 01a0672b-6e6b-7510-8f2a-652787771a21 ====================
12:08:14.704212 [info ]: dbt-fusion 2.0.0-preview.218
12:08:14.704713 [info ]: Started loading project
12:08:14.709020 [info ]: Loading ~/.dbt/profiles.yml
12:08:14.723424 [info ]: Loading packages.yml
12:08:14.724132 [debug]:    Started loading packages
12:08:14.741713 [debug]:     Loaded [  0.02s] packages
12:08:14.742788 [info ]: Finished loading project [  0.04s]
12:08:14.743940 [info ]: Started parsing
12:08:14.808156 [debug]: Finished parsing models/marts/_marts_schema.yml [  0.00s]
12:08:14.809005 [debug]: Finished parsing models/staging/_stg_schema.yml [  0.00s]
12:08:14.809556 [debug]: Finished parsing models/staging/_stg_sources.yml [  0.00s]
12:08:14.814509 [debug]: Finished parsing snapshots\snapshot_comptes.sql [  0.00s]
12:08:14.816970 [debug]: Finished parsing models/intermediate/int_transactions_enrichies.sql [  0.00s]
12:08:14.817697 [debug]: Finished parsing models/marts/dim_categories.sql [  0.00s]
12:08:14.819402 [debug]: Finished parsing models/marts/dim_comptes.sql [  0.00s]
12:08:14.820235 [debug]: Finished parsing models/marts/fct_transactions.sql [  0.00s]
12:08:14.821194 [debug]: Finished parsing models/marts/mart_budget_vs_reel.sql [  0.00s]
12:08:14.821841 [debug]: Finished parsing models/marts/mart_solde_mensuel.sql [  0.00s]
12:08:14.822325 [debug]: Finished parsing models/marts/mart_top_depenses.sql [  0.00s]
12:08:14.822849 [debug]: Finished parsing models/staging/stg_budgets.sql [  0.00s]
12:08:14.823337 [debug]: Finished parsing models/staging/stg_categories.sql [  0.00s]
12:08:14.823883 [debug]: Finished parsing models/staging/stg_comptes.sql [  0.00s]
12:08:14.824429 [debug]: Finished parsing models/staging/stg_transactions.sql [  0.00s]
12:08:14.847285 [debug]: Finished parsing tests/assert_solde_mensuel_positif.sql [  0.00s]
12:08:14.847936 [debug]: Finished parsing target\generic_tests\unique_dim_categories_categorie_id.sql [  0.00s]
12:08:14.848825 [debug]: Finished parsing target\generic_tests\not_null_dim_categories_categorie_id.sql [  0.00s]
12:08:14.849438 [debug]: Finished parsing target\generic_tests\unique_dim_comptes_compte_id.sql [  0.00s]
12:08:14.850178 [debug]: Finished parsing target\generic_tests\not_null_dim_comptes_compte_id.sql [  0.00s]
12:08:14.850942 [debug]: Finished parsing target\generic_tests\unique_fct_transactions_transaction_id.sql [  0.00s]
12:08:14.851637 [debug]: Finished parsing target\generic_tests\not_null_fct_transactions_transaction_id.sql [  0.00s]
12:08:14.852250 [debug]: Finished parsing target\generic_tests\unique_stg_budgets_budget_id.sql [  0.00s]
12:08:14.852880 [debug]: Finished parsing target\generic_tests\not_null_stg_budgets_budget_id.sql [  0.00s]
12:08:14.853463 [debug]: Finished parsing target\generic_tests\unique_stg_categories_categorie_id.sql [  0.00s]
12:08:14.854084 [debug]: Finished parsing target\generic_tests\not_null_stg_categories_categorie_id.sql [  0.00s]
12:08:14.854642 [debug]: Finished parsing target\generic_tests\unique_stg_comptes_compte_id.sql [  0.00s]
12:08:14.855201 [debug]: Finished parsing target\generic_tests\not_null_stg_comptes_compte_id.sql [  0.00s]
12:08:14.855768 [debug]: Finished parsing target\generic_tests\accepted_values_stg_comptes_statut__actif__inactif__cloture.sql [  0.00s]
12:08:14.856317 [debug]: Finished parsing target\generic_tests\accepted_values_stg_comptes_f1faed08d9c87f7483d3a3bcc8a81daa.sql [  0.00s]
12:08:14.856869 [debug]: Finished parsing target\generic_tests\relationships_stg_transactions_985ebbdbfd283785f0e58047e4f6b5ed.sql [  0.00s]
12:08:14.857397 [debug]: Finished parsing target\generic_tests\unique_stg_transactions_transaction_id.sql [  0.00s]
12:08:14.857956 [debug]: Finished parsing target\generic_tests\not_null_stg_transactions_transaction_id.sql [  0.00s]
12:08:15.076312 [info ]: Finished parsing [  0.33s]
12:08:15.127569 [info ]: Started scheduling
12:08:15.128121 [info ]: Finished scheduling [  0.00s]
12:08:15.131912 [debug]: Initializing schema store with entry: Frontier(CanonicalFqn { catalog: "FINTRACK_DB", schema: "RAW", table: "RAW_TRANSACTIONS" }) and interval: None
12:08:15.131943 [debug]: Initializing schema store with entry: Frontier(CanonicalFqn { catalog: "FINTRACK_DB", schema: "RAW", table: "RAW_BUDGETS" }) and interval: None
12:08:15.131947 [debug]: Initializing schema store with entry: Frontier(CanonicalFqn { catalog: "FINTRACK_DB", schema: "RAW", table: "RAW_CATEGORIES" }) and interval: None
12:08:15.131951 [debug]: Initializing schema store with entry: Frontier(CanonicalFqn { catalog: "FINTRACK_DB", schema: "RAW", table: "RAW_COMPTES" }) and interval: None
12:08:15.182284 [info ]: Started building task graph
12:08:15.183154 [info ]: Finished building task graph [  0.00s]
12:08:15.191995 [debug]: Snowflake driver resolved: snowflake 0.21.0.dev+dbt0.21.17
12:08:17.200976 [debug]: create_debug_span(...).entered() took 24.5µs
12:08:17.810538 [debug]: stmt.execute() (submit+wait_for_completion, returns reader) took 609.3983ms
12:08:17.810638 [debug]: reader.schema() took 12.7µs
12:08:17.812273 [debug]: batch-consume loop (for res in reader) took 1.6103ms
12:08:17.813134 [debug]: do_execute(conn) (closure: stmt.execute + schema + batch loop) took 612.1234ms
12:08:17.813213 [debug]: concat_batches + normalize_result_column_names took 61.7µs
12:08:17.813231 [debug]: record_current_span_status_from_attrs took 8.2µs
12:08:17.813242 [debug]: Query executed on node unknown:
show terse schemas in database fintrack_db
    limit 10000
/* {"app": "dbt", "connection_name": "", "dbt_version": "2.0.0", "profile_name": "fintrack_analytics", "target_name": "dev"} */
12:08:17.813266 [debug]: drop(query_span_guard) (span exit/export) took 29.4µs
12:08:17.813702 [info ]: Started rendering (30 nodes)
12:08:17.813897 [info ]: Started snapshot snapshots.snapshot_comptes
12:08:17.813913 [debug]: Started rendering snapshot snapshots.snapshot_comptes
12:08:17.813956 [info ]: Started model STAGING.stg_budgets
12:08:17.813969 [debug]: Started rendering model STAGING.stg_budgets
12:08:17.813986 [info ]: Started model STAGING.stg_transactions
12:08:17.813994 [debug]: Started rendering model STAGING.stg_transactions
12:08:17.814021 [info ]: Started model STAGING.stg_comptes
12:08:17.814041 [debug]: Started rendering model STAGING.stg_comptes
12:08:17.814082 [info ]: Started model STAGING.stg_categories
12:08:17.814106 [debug]: Started rendering model STAGING.stg_categories
12:08:17.816509 [debug]: Compiled SQL for node snapshot.fintrack_analytics.snapshot_comptes at target\compiled\fintrack_analytics\snapshots\snapshot_comptes.sql\snapshot_comptes.sql
12:08:17.816755 [debug]: Finished rendering [  0.00s] snapshot snapshots.snapshot_comptes [success]
12:08:17.817857 [info ]: Started analyzing (30 nodes)
12:08:17.818211 [debug]: Started analyzing snapshot snapshots.snapshot_comptes
12:08:17.819250 [debug]: Compiled SQL for node model.fintrack_analytics.stg_transactions at target\compiled\fintrack_analytics\models\staging\stg_transactions.sql
12:08:17.819310 [debug]: Compiled SQL for node model.fintrack_analytics.stg_comptes at target\compiled\fintrack_analytics\models\staging\stg_comptes.sql
12:08:17.819436 [debug]: Compiled SQL for node model.fintrack_analytics.stg_categories at target\compiled\fintrack_analytics\models\staging\stg_categories.sql
12:08:17.819493 [debug]: Compiled SQL for node model.fintrack_analytics.stg_budgets at target\compiled\fintrack_analytics\models\staging\stg_budgets.sql
12:08:17.819459 [debug]: Finished rendering [  0.01s] model STAGING.stg_transactions [success]
12:08:17.820253 [debug]: Started analyzing model STAGING.stg_transactions
12:08:17.820310 [debug]: Finished rendering [  0.01s] model STAGING.stg_comptes [success]
12:08:17.820839 [debug]: Started analyzing model STAGING.stg_comptes
12:08:17.820889 [debug]: Finished rendering [  0.01s] model STAGING.stg_categories [success]
12:08:17.821176 [debug]: Started analyzing model STAGING.stg_categories
12:08:17.821217 [debug]: Finished rendering [  0.01s] model STAGING.stg_budgets [success]
12:08:17.821515 [debug]: Started analyzing model STAGING.stg_budgets
12:08:17.825096 [debug]: Finished analyzing [  0.01s] snapshot snapshots.snapshot_comptes [success]
12:08:17.825711 [info ]: Started running (30 nodes)
12:08:17.825893 [info ]: Started running snapshot snapshots.snapshot_comptes
12:08:17.833332 [debug]: create_debug_span(...).entered() took 43.8µs
12:08:17.834953 [debug]: Finished analyzing [  0.01s] model STAGING.stg_categories [success]
12:08:17.835557 [info ]: Started running model STAGING.stg_categories
12:08:17.837755 [debug]: Finished analyzing [  0.02s] model STAGING.stg_budgets [success]
12:08:17.838031 [info ]: Started running model STAGING.stg_budgets
12:08:17.838079 [debug]: Started connection limit wait
12:08:17.838138 [debug]: Finished analyzing [  0.02s] model STAGING.stg_comptes [success]
12:08:17.838433 [info ]: Started running model STAGING.stg_comptes
12:08:17.838473 [debug]: Started connection limit wait
12:08:17.842062 [debug]: Finished analyzing [  0.02s] model STAGING.stg_transactions [success]
12:08:17.842306 [info ]: Started running model STAGING.stg_transactions
12:08:17.842349 [debug]: Started connection limit wait
12:08:18.412068 [debug]: stmt.execute() (submit+wait_for_completion, returns reader) took 578.5487ms
12:08:18.412095 [debug]: reader.schema() took 400ns
12:08:18.413037 [debug]: batch-consume loop (for res in reader) took 933.1µs
12:08:18.413817 [debug]: do_execute(conn) (closure: stmt.execute + schema + batch loop) took 580.4568ms
12:08:18.413864 [debug]: concat_batches + normalize_result_column_names took 30.8µs
12:08:18.413872 [debug]: record_current_span_status_from_attrs took 3.3µs
12:08:18.413880 [debug]: Query executed on node snapshot.fintrack_analytics.snapshot_comptes:
SHOW OBJECTS IN SCHEMA "FINTRACK_DB"."SNAPSHOTS" LIMIT 10000
12:08:18.413902 [debug]: drop(query_span_guard) (span exit/export) took 26.1µs
12:08:18.419767 [debug]: create_debug_span(...).entered() took 16.2µs
12:08:18.918056 [debug]: stmt.execute() (submit+wait_for_completion, returns reader) took 498.2078ms
12:08:18.918099 [debug]: reader.schema() took 500ns
12:08:18.919146 [debug]: batch-consume loop (for res in reader) took 1.0342ms
12:08:18.919872 [debug]: do_execute(conn) (closure: stmt.execute + schema + batch loop) took 500.0724ms
12:08:18.919923 [debug]: concat_batches + normalize_result_column_names took 23.1µs
12:08:18.919939 [debug]: record_current_span_status_from_attrs took 3.9µs
12:08:18.919962 [debug]: Query executed on node snapshot.fintrack_analytics.snapshot_comptes:
select * from (
        select statut, email, type_compte from (
                



select * from fintrack_db.raw.raw_comptes


            ) subq
    ) as __dbt_sbq
    where false
    limit 0
/* {"app": "dbt", "dbt_version": "2.0.0", "node_id": "snapshot.fintrack_analytics.snapshot_comptes", "profile_name": "fintrack_analytics", "target_name": "dev"} */
12:08:18.920006 [debug]: drop(query_span_guard) (span exit/export) took 48.5µs
12:08:18.923550 [debug]: create_debug_span(...).entered() took 14.4µs
12:08:19.381758 [debug]: create_debug_span(...).entered() took 80.3µs
12:08:19.483829 [debug]: stmt.execute() (submit+wait_for_completion, returns reader) took 560.1763ms
12:08:19.483923 [debug]: reader.schema() took 1.3µs
12:08:19.488189 [debug]: batch-consume loop (for res in reader) took 4.2147ms
12:08:19.492023 [debug]: do_execute(conn) (closure: stmt.execute + schema + batch loop) took 568.3696ms
12:08:19.492456 [debug]: concat_batches + normalize_result_column_names took 299.1µs
12:08:19.492623 [debug]: record_current_span_status_from_attrs took 10.7µs
12:08:19.492658 [debug]: Query executed on node snapshot.fintrack_analytics.snapshot_comptes:
describe table "FINTRACK_DB"."SNAPSHOTS"."SNAPSHOT_COMPTES"
/* {"app": "dbt", "dbt_version": "2.0.0", "node_id": "snapshot.fintrack_analytics.snapshot_comptes", "profile_name": "fintrack_analytics", "target_name": "dev"} */
12:08:19.492778 [debug]: drop(query_span_guard) (span exit/export) took 129.9µs
12:08:19.518364 [debug]: create_debug_span(...).entered() took 29.1µs
12:08:19.842716 [debug]: stmt.execute() (submit+wait_for_completion, returns reader) took 324.0569ms
12:08:19.842785 [debug]: reader.schema() took 900ns
12:08:19.846237 [debug]: batch-consume loop (for res in reader) took 3.419ms
12:08:19.850124 [debug]: do_execute(conn) (closure: stmt.execute + schema + batch loop) took 331.6917ms
12:08:19.850431 [debug]: concat_batches + normalize_result_column_names took 219.9µs
12:08:19.850503 [debug]: record_current_span_status_from_attrs took 9.7µs
12:08:19.850587 [debug]: Query executed on node snapshot.fintrack_analytics.snapshot_comptes:
describe table "FINTRACK_DB"."SNAPSHOTS"."SNAPSHOT_COMPTES"
/* {"app": "dbt", "dbt_version": "2.0.0", "node_id": "snapshot.fintrack_analytics.snapshot_comptes", "profile_name": "fintrack_analytics", "target_name": "dev"} */
12:08:19.850722 [debug]: drop(query_span_guard) (span exit/export) took 185.9µs
12:08:19.871536 [debug]: create_debug_span(...).entered() took 42.4µs
12:08:19.968738 [debug]: stmt.execute() (submit+wait_for_completion, returns reader) took 586.7229ms
12:08:19.968844 [debug]: reader.schema() took 1.5µs
12:08:19.973308 [debug]: batch-consume loop (for res in reader) took 4.3925ms
12:08:19.977152 [debug]: do_execute(conn) (closure: stmt.execute + schema + batch loop) took 595.2795ms
12:08:19.977386 [debug]: concat_batches + normalize_result_column_names took 151.7µs
12:08:19.977422 [debug]: record_current_span_status_from_attrs took 10.1µs
12:08:19.977452 [debug]: Query executed on node model.fintrack_analytics.stg_categories:
SHOW OBJECTS IN SCHEMA "FINTRACK_DB"."STAGING" LIMIT 10000
12:08:19.977552 [debug]: drop(query_span_guard) (span exit/export) took 105.5µs
12:08:19.986042 [debug]: Writing runtime sql for node "model.fintrack_analytics.stg_categories"
12:08:19.993889 [debug]: create_debug_span(...).entered() took 68.7µs
12:08:20.746329 [debug]: stmt.execute() (submit+wait_for_completion, returns reader) took 751.7395ms
12:08:20.746372 [debug]: reader.schema() took 900ns
12:08:20.749548 [debug]: do_execute(conn) (closure: stmt.execute + schema + batch loop) took 755.5368ms
12:08:20.749616 [debug]: concat_batches + normalize_result_column_names took 22.8µs
12:08:20.749637 [debug]: record_current_span_status_from_attrs took 3.7µs
12:08:20.749653 [debug]: Query executed on node model.fintrack_analytics.stg_categories:
create or replace   view fintrack_db.STAGING.stg_categories
  
  
  
  
  as (
    with source as (

    select * from fintrack_db.raw.raw_categories

),

renamed as (

    select
        id      as categorie_id,
        nom     as nom_categorie,
        type    as type_categorie,
        groupe

    from source

)

select * from renamed
  )
/* {"app": "dbt", "dbt_version": "2.0.0", "node_id": "model.fintrack_analytics.stg_categories", "profile_name": "fintrack_analytics", "target_name": "dev"} */
12:08:20.749704 [debug]: drop(query_span_guard) (span exit/export) took 54.7µs
12:08:20.752365 [debug]: Finished connection limit wait [  2.91s]
12:08:20.752326 [info ]: Finished running [  2.92s] model STAGING.stg_categories [success]
12:08:20.752930 [info ]:  Succeeded [  2.94s] model STAGING.stg_categories (view)
12:08:20.754100 [info ]: Started model MARTS.dim_categories
12:08:20.754125 [debug]: Started rendering model MARTS.dim_categories
12:08:20.754191 [info ]: Started test DBT_TEST__AUDIT.unique_stg_categories_categorie_id
12:08:20.754211 [debug]: Started rendering test DBT_TEST__AUDIT.unique_stg_categories_categorie_id
12:08:20.754248 [info ]: Started test DBT_TEST__AUDIT.not_null_stg_categories_categorie_id
12:08:20.754261 [debug]: Started rendering test DBT_TEST__AUDIT.not_null_stg_categories_categorie_id
12:08:20.757214 [debug]: Compiled SQL for node model.fintrack_analytics.dim_categories at target\compiled\fintrack_analytics\models\marts\dim_categories.sql
12:08:20.757396 [debug]: Finished rendering [  0.00s] model MARTS.dim_categories [success]
12:08:20.757602 [debug]: Started analyzing model MARTS.dim_categories
12:08:20.757918 [debug]: Finished analyzing [  0.00s] model MARTS.dim_categories [success]
12:08:20.758165 [debug]: Writing runtime sql for node "model.fintrack_analytics.stg_budgets"
12:08:20.758795 [debug]: Compiled SQL for node test.fintrack_analytics.unique_stg_categories_categorie_id.ab16992ac3 at target\compiled\fintrack_analytics\target\generic_tests\unique_stg_categories_categorie_id.sql
12:08:20.759119 [debug]: Compiled SQL for node test.fintrack_analytics.not_null_stg_categories_categorie_id.3e2fb4d400 at target\compiled\fintrack_analytics\target\generic_tests\not_null_stg_categories_categorie_id.sql
12:08:20.759018 [debug]: Finished rendering [  0.00s] test DBT_TEST__AUDIT.unique_stg_categories_categorie_id [success]
12:08:20.759905 [debug]: Started analyzing test DBT_TEST__AUDIT.unique_stg_categories_categorie_id
12:08:20.760502 [debug]: create_debug_span(...).entered() took 30.5µs
12:08:20.759964 [debug]: Finished rendering [  0.01s] test DBT_TEST__AUDIT.not_null_stg_categories_categorie_id [success]
12:08:20.761354 [debug]: Started analyzing test DBT_TEST__AUDIT.not_null_stg_categories_categorie_id
12:08:20.762110 [debug]: Finished analyzing [  0.00s] test DBT_TEST__AUDIT.not_null_stg_categories_categorie_id [success]
12:08:20.762323 [info ]: Started running test DBT_TEST__AUDIT.not_null_stg_categories_categorie_id
12:08:20.762397 [debug]: Started connection limit wait
12:08:20.765930 [debug]: Finished analyzing [  0.01s] test DBT_TEST__AUDIT.unique_stg_categories_categorie_id [success]
12:08:20.767588 [info ]: Started running test DBT_TEST__AUDIT.unique_stg_categories_categorie_id
12:08:20.767684 [debug]: Started connection limit wait
12:08:21.448096 [debug]: stmt.execute() (submit+wait_for_completion, returns reader) took 687.4757ms
12:08:21.448129 [debug]: reader.schema() took 500ns
12:08:21.450378 [debug]: do_execute(conn) (closure: stmt.execute + schema + batch loop) took 689.8346ms
12:08:21.450429 [debug]: concat_batches + normalize_result_column_names took 18.5µs
12:08:21.450442 [debug]: record_current_span_status_from_attrs took 3.9µs
12:08:21.450455 [debug]: Query executed on node model.fintrack_analytics.stg_budgets:
create or replace   view fintrack_db.STAGING.stg_budgets
  
  
  
  
  as (
    with source as (

    select * from fintrack_db.raw.raw_budgets

),

renamed as (

    select
        id             as budget_id,
        compte_id,
        categorie_id,
        cast(mois as date) as mois,
        montant_prevu

    from source

)

select * from renamed
  )
/* {"app": "dbt", "dbt_version": "2.0.0", "node_id": "model.fintrack_analytics.stg_budgets", "profile_name": "fintrack_analytics", "target_name": "dev"} */
12:08:21.450492 [debug]: drop(query_span_guard) (span exit/export) took 41.7µs
12:08:21.452869 [debug]: Finished connection limit wait [  3.61s]
12:08:21.452868 [info ]: Finished running [  0.70s] model STAGING.stg_budgets [success]
12:08:21.453486 [info ]:  Succeeded [  0.72s] model STAGING.stg_budgets (view)
12:08:21.454354 [info ]: Started test DBT_TEST__AUDIT.unique_stg_budgets_budget_id
12:08:21.454403 [debug]: Started rendering test DBT_TEST__AUDIT.unique_stg_budgets_budget_id
12:08:21.454458 [info ]: Started test DBT_TEST__AUDIT.not_null_stg_budgets_budget_id
12:08:21.454476 [debug]: Started rendering test DBT_TEST__AUDIT.not_null_stg_budgets_budget_id
12:08:21.457032 [debug]: Writing runtime sql for node "model.fintrack_analytics.stg_comptes"
12:08:21.458749 [debug]: Compiled SQL for node test.fintrack_analytics.unique_stg_budgets_budget_id.effb4c8d16 at target\compiled\fintrack_analytics\target\generic_tests\unique_stg_budgets_budget_id.sql
12:08:21.458936 [debug]: Compiled SQL for node test.fintrack_analytics.not_null_stg_budgets_budget_id.ad1ccf4381 at target\compiled\fintrack_analytics\target\generic_tests\not_null_stg_budgets_budget_id.sql
12:08:21.459332 [debug]: create_debug_span(...).entered() took 32.4µs
12:08:21.459765 [debug]: Finished rendering [  0.01s] test DBT_TEST__AUDIT.unique_stg_budgets_budget_id [success]
12:08:21.460097 [debug]: Started analyzing test DBT_TEST__AUDIT.unique_stg_budgets_budget_id
12:08:21.460139 [debug]: Finished rendering [  0.01s] test DBT_TEST__AUDIT.not_null_stg_budgets_budget_id [success]
12:08:21.461358 [debug]: Started analyzing test DBT_TEST__AUDIT.not_null_stg_budgets_budget_id
12:08:21.461424 [debug]: Finished analyzing [  0.00s] test DBT_TEST__AUDIT.unique_stg_budgets_budget_id [success]
12:08:21.461562 [info ]: Started running test DBT_TEST__AUDIT.unique_stg_budgets_budget_id
12:08:21.461613 [debug]: Started connection limit wait
12:08:21.461633 [debug]: Finished analyzing [  0.00s] test DBT_TEST__AUDIT.not_null_stg_budgets_budget_id [success]
12:08:21.461757 [info ]: Started running test DBT_TEST__AUDIT.not_null_stg_budgets_budget_id
12:08:21.461811 [debug]: Started connection limit wait
12:08:21.886490 [debug]: stmt.execute() (submit+wait_for_completion, returns reader) took 2.0146723s
12:08:21.886537 [debug]: reader.schema() took 700ns
12:08:21.890192 [debug]: do_execute(conn) (closure: stmt.execute + schema + batch loop) took 2.0185891s
12:08:21.890333 [debug]: concat_batches + normalize_result_column_names took 96.5µs
12:08:21.890351 [debug]: record_current_span_status_from_attrs took 5.2µs
12:08:21.890373 [debug]: Query executed on node snapshot.fintrack_analytics.snapshot_comptes:
create or replace temporary table "FINTRACK_DB"."SNAPSHOTS"."SNAPSHOT_COMPTES__dbt_tmp"
as (
    
    
    with snapshot_query as (

        



select * from fintrack_db.raw.raw_comptes



    ),

    snapshotted_data as (

        select *, 
    
        id as dbt_unique_key
    

        from "FINTRACK_DB"."SNAPSHOTS"."SNAPSHOT_COMPTES"
        where
            
                dbt_valid_to is null
            

    ),

    insertions_source_data as (

        select *, 
    
        id as dbt_unique_key
    
,
            to_timestamp_ntz(convert_timezone('UTC', current_timestamp())) as dbt_updated_at,
            to_timestamp_ntz(convert_timezone('UTC', current_timestamp())) as dbt_valid_from,
            
  
  coalesce(nullif(to_timestamp_ntz(convert_timezone('UTC', current_timestamp())), to_timestamp_ntz(convert_timezone('UTC', current_timestamp()))), null)
  as dbt_valid_to
,
            md5(coalesce(cast(id as varchar ), '')
         || '|' || coalesce(cast(to_timestamp_ntz(convert_timezone('UTC', current_timestamp())) as varchar ), '')
        ) as dbt_scd_id

        from snapshot_query
    ),

    updates_source_data as (

        select *, 
    
        id as dbt_unique_key
    
,
            to_timestamp_ntz(convert_timezone('UTC', current_timestamp())) as dbt_updated_at,
            to_timestamp_ntz(convert_timezone('UTC', current_timestamp())) as dbt_valid_from,
            to_timestamp_ntz(convert_timezone('UTC', current_timestamp())) as dbt_valid_to

        from snapshot_query
    ),

    insertions as (

        select
            'insert' as dbt_change_type,
            source_data.*

        from insertions_source_data as source_data
        left outer join snapshotted_data
            on 
    
        snapshotted_data.dbt_unique_key = source_data.dbt_unique_key
    

            where 
    
        snapshotted_data.dbt_unique_key is null
    

            or (
    
        snapshotted_data.dbt_unique_key is not null
    
 and (
               (snapshotted_data."STATUT" != source_data."STATUT"
        or
        (
            ((snapshotted_data."STATUT" is null) and not (source_data."STATUT" is null))
            or
            ((not snapshotted_data."STATUT" is null) and (source_data."STATUT" is null))
        ) or snapshotted_data."EMAIL" != source_data."EMAIL"
        or
        (
            ((snapshotted_data."EMAIL" is null) and not (source_data."EMAIL" is null))
            or
            ((not snapshotted_data."EMAIL" is null) and (source_data."EMAIL" is null))
        ) or snapshotted_data."TYPE_COMPTE" != source_data."TYPE_COMPTE"
        or
        (
            ((snapshotted_data."TYPE_COMPTE" is null) and not (source_data."TYPE_COMPTE" is null))
            or
            ((not snapshotted_data."TYPE_COMPTE" is null) and (source_data."TYPE_COMPTE" is null))
        ))
            )

        )

    ),

    updates as (

        select
            'update' as dbt_change_type,
            source_data.*,
            snapshotted_data.dbt_scd_id

        from updates_source_data as source_data
        join snapshotted_data
            on 
    
        snapshotted_data.dbt_unique_key = source_data.dbt_unique_key
    

        where (
            (snapshotted_data."STATUT" != source_data."STATUT"
        or
        (
            ((snapshotted_data."STATUT" is null) and not (source_data."STATUT" is null))
            or
            ((not snapshotted_data."STATUT" is null) and (source_data."STATUT" is null))
        ) or snapshotted_data."EMAIL" != source_data."EMAIL"
        or
        (
            ((snapshotted_data."EMAIL" is null) and not (source_data."EMAIL" is null))
            or
            ((not snapshotted_data."EMAIL" is null) and (source_data."EMAIL" is null))
        ) or snapshotted_data."TYPE_COMPTE" != source_data."TYPE_COMPTE"
        or
        (
            ((snapshotted_data."TYPE_COMPTE" is null) and not (source_data."TYPE_COMPTE" is null))
            or
            ((not snapshotted_data."TYPE_COMPTE" is null) and (source_data."TYPE_COMPTE" is null))
        ))
        )
    )

    select * from insertions
    union all
    select * from updates

    )

/* {"app": "dbt", "dbt_version": "2.0.0", "node_id": "snapshot.fintrack_analytics.snapshot_comptes", "profile_name": "fintrack_analytics", "target_name": "dev"} */
12:08:21.890439 [debug]: drop(query_span_guard) (span exit/export) took 73.3µs
12:08:21.896046 [debug]: create_debug_span(...).entered() took 19µs
12:08:22.219658 [debug]: stmt.execute() (submit+wait_for_completion, returns reader) took 760.1914ms
12:08:22.219775 [debug]: reader.schema() took 1.5µs
12:08:22.228468 [debug]: do_execute(conn) (closure: stmt.execute + schema + batch loop) took 769.0864ms
12:08:22.228598 [debug]: concat_batches + normalize_result_column_names took 51.9µs
12:08:22.228631 [debug]: record_current_span_status_from_attrs took 9.6µs
12:08:22.228670 [debug]: Query executed on node model.fintrack_analytics.stg_comptes:
create or replace   view fintrack_db.STAGING.stg_comptes
  
  
  
  
  as (
    with source as (

    select * from fintrack_db.raw.raw_comptes

),

renamed as (

    select
        id                 as compte_id,
        nom_client,
        email,
        type_compte,
        date_ouverture,
        solde_initial,
        lower(statut)      as statut

    from source

)

select * from renamed
  )
/* {"app": "dbt", "dbt_version": "2.0.0", "node_id": "model.fintrack_analytics.stg_comptes", "profile_name": "fintrack_analytics", "target_name": "dev"} */
12:08:22.228790 [debug]: drop(query_span_guard) (span exit/export) took 132.8µs
12:08:22.238152 [debug]: Finished connection limit wait [  4.40s]
12:08:22.238121 [info ]: Finished running [  0.79s] model STAGING.stg_comptes [success]
12:08:22.238777 [info ]:  Succeeded [  0.81s] model STAGING.stg_comptes (view)
12:08:22.242378 [info ]: Started test DBT_TEST__AUDIT.accepted_values_stg_comptes_statut__actif__inactif__cloture
12:08:22.242452 [debug]: Started rendering test DBT_TEST__AUDIT.accepted_values_stg_comptes_statut__actif__inactif__cloture
12:08:22.242592 [info ]: Started model MARTS.dim_comptes
12:08:22.242647 [debug]: Started rendering model MARTS.dim_comptes
12:08:22.242881 [info ]: Started test DBT_TEST__AUDIT.unique_stg_comptes_compte_id
12:08:22.243081 [debug]: Started rendering test DBT_TEST__AUDIT.unique_stg_comptes_compte_id
12:08:22.243238 [info ]: Started test DBT_TEST__AUDIT.not_null_stg_comptes_compte_id
12:08:22.243448 [debug]: Started rendering test DBT_TEST__AUDIT.not_null_stg_comptes_compte_id
12:08:22.243576 [info ]: Started test DBT_TEST__AUDIT.accepted_values_stg_comptes_type_compte__courant__epargne__joint
12:08:22.243631 [debug]: Started rendering test DBT_TEST__AUDIT.accepted_values_stg_comptes_type_compte__courant__epargne__joint
12:08:22.252515 [debug]: Writing runtime sql for node "model.fintrack_analytics.stg_transactions"
12:08:22.253150 [debug]: Compiled SQL for node model.fintrack_analytics.dim_comptes at target\compiled\fintrack_analytics\models\marts\dim_comptes.sql
12:08:22.253470 [debug]: Finished rendering [  0.01s] model MARTS.dim_comptes [success]
12:08:22.255886 [debug]: Started analyzing model MARTS.dim_comptes
12:08:22.256288 [debug]: create_debug_span(...).entered() took 30.9µs
12:08:22.259668 [debug]: Compiled SQL for node test.fintrack_analytics.accepted_values_stg_comptes_statut__actif__inactif__cloture.f56d9561d0 at target\compiled\fintrack_analytics\target\generic_tests\accepted_values_stg_comptes_statut__actif__inactif__cloture.sql
12:08:22.260225 [debug]: Compiled SQL for node test.fintrack_analytics.unique_stg_comptes_compte_id.ca647be308 at target\compiled\fintrack_analytics\target\generic_tests\unique_stg_comptes_compte_id.sql
12:08:22.260063 [debug]: Finished rendering [  0.02s] test DBT_TEST__AUDIT.accepted_values_stg_comptes_statut__actif__inactif__cloture [success]
12:08:22.262793 [debug]: Started analyzing test DBT_TEST__AUDIT.accepted_values_stg_comptes_statut__actif__inactif__cloture
12:08:22.262900 [debug]: Finished rendering [  0.02s] test DBT_TEST__AUDIT.unique_stg_comptes_compte_id [success]
12:08:22.265625 [debug]: Started analyzing test DBT_TEST__AUDIT.unique_stg_comptes_compte_id
12:08:22.266878 [debug]: Finished analyzing [  0.00s] test DBT_TEST__AUDIT.unique_stg_comptes_compte_id [success]
12:08:22.267254 [info ]: Started running test DBT_TEST__AUDIT.unique_stg_comptes_compte_id
12:08:22.267347 [debug]: Started connection limit wait
12:08:22.270366 [debug]: Compiled SQL for node test.fintrack_analytics.not_null_stg_comptes_compte_id.c12e0b3b3b at target\compiled\fintrack_analytics\target\generic_tests\not_null_stg_comptes_compte_id.sql
12:08:22.270709 [debug]: Compiled SQL for node test.fintrack_analytics.accepted_values_stg_comptes_type_compte__courant__epargne__joint.ff87077911 at target\compiled\fintrack_analytics\target\generic_tests\accepted_values_stg_comptes_f1faed08d9c87f7483d3a3bcc8a81daa.sql
12:08:22.269616 [debug]: Finished analyzing [  0.01s] test DBT_TEST__AUDIT.accepted_values_stg_comptes_statut__actif__inactif__cloture [success]
12:08:22.270918 [info ]: Started running test DBT_TEST__AUDIT.accepted_values_stg_comptes_statut__actif__inactif__cloture
12:08:22.271014 [debug]: Started connection limit wait
12:08:22.271067 [debug]: Finished rendering [  0.03s] test DBT_TEST__AUDIT.not_null_stg_comptes_compte_id [success]
12:08:22.271245 [debug]: Started analyzing test DBT_TEST__AUDIT.not_null_stg_comptes_compte_id
12:08:22.271562 [debug]: Finished analyzing [  0.00s] test DBT_TEST__AUDIT.not_null_stg_comptes_compte_id [success]
12:08:22.271713 [info ]: Started running test DBT_TEST__AUDIT.not_null_stg_comptes_compte_id
12:08:22.271770 [debug]: Started connection limit wait
12:08:22.271809 [debug]: Finished rendering [  0.03s] test DBT_TEST__AUDIT.accepted_values_stg_comptes_type_compte__courant__epargne__joint [success]
12:08:22.271954 [debug]: Started analyzing test DBT_TEST__AUDIT.accepted_values_stg_comptes_type_compte__courant__epargne__joint
12:08:22.272559 [debug]: Finished analyzing [  0.00s] test DBT_TEST__AUDIT.accepted_values_stg_comptes_type_compte__courant__epargne__joint [success]
12:08:22.272734 [info ]: Started running test DBT_TEST__AUDIT.accepted_values_stg_comptes_type_compte__courant__epargne__joint
12:08:22.272806 [debug]: Started connection limit wait
12:08:22.272882 [debug]: Finished analyzing [  0.02s] model MARTS.dim_comptes [success]
12:08:22.398042 [debug]: stmt.execute() (submit+wait_for_completion, returns reader) took 501.8958ms
12:08:22.398089 [debug]: reader.schema() took 700ns
12:08:22.400660 [debug]: batch-consume loop (for res in reader) took 2.533ms
12:08:22.403064 [debug]: do_execute(conn) (closure: stmt.execute + schema + batch loop) took 506.9785ms
12:08:22.403191 [debug]: concat_batches + normalize_result_column_names took 85.6µs
12:08:22.403208 [debug]: record_current_span_status_from_attrs took 4.9µs
12:08:22.403226 [debug]: Query executed on node snapshot.fintrack_analytics.snapshot_comptes:
describe table "FINTRACK_DB"."SNAPSHOTS"."SNAPSHOT_COMPTES__dbt_tmp"
/* {"app": "dbt", "dbt_version": "2.0.0", "node_id": "snapshot.fintrack_analytics.snapshot_comptes", "profile_name": "fintrack_analytics", "target_name": "dev"} */
12:08:22.403273 [debug]: drop(query_span_guard) (span exit/export) took 54.1µs
12:08:22.410685 [debug]: create_debug_span(...).entered() took 31.8µs
12:08:22.903571 [debug]: stmt.execute() (submit+wait_for_completion, returns reader) took 646.742ms
12:08:22.903596 [debug]: reader.schema() took 400ns
12:08:22.905420 [debug]: do_execute(conn) (closure: stmt.execute + schema + batch loop) took 649.094ms
12:08:22.905487 [debug]: concat_batches + normalize_result_column_names took 22.8µs
12:08:22.905502 [debug]: record_current_span_status_from_attrs took 3.4µs
12:08:22.905516 [debug]: Query executed on node model.fintrack_analytics.stg_transactions:
create or replace   view fintrack_db.STAGING.stg_transactions
  
  
  
  
  as (
    with source as (

    select * from fintrack_db.raw.raw_transactions

),

renamed as (

    select
        id                                      as transaction_id,
        compte_id,
        cast(date_transaction as timestamp_ntz) as date_transaction,
        montant,
        type_operation,
        categorie_id,
        description,
        lower(statut)                            as statut,
        case
            when type_operation = 'credit' then montant
            when type_operation = 'debit'  then -montant
        end                                       as montant_signe

    from source

)

select * from renamed
  )
/* {"app": "dbt", "dbt_version": "2.0.0", "node_id": "model.fintrack_analytics.stg_transactions", "profile_name": "fintrack_analytics", "target_name": "dev"} */
12:08:22.905570 [debug]: drop(query_span_guard) (span exit/export) took 59.8µs
12:08:22.908323 [debug]: Finished connection limit wait [  2.15s]
12:08:22.908312 [info ]: Finished running [  0.67s] model STAGING.stg_transactions [success]
12:08:22.908656 [info ]:  Succeeded [  0.70s] model STAGING.stg_transactions (view)
12:08:22.909305 [info ]: Started test DBT_TEST__AUDIT.relationships_stg_transactions_compte_id__compte_id__ref_stg_comptes_
12:08:22.909332 [debug]: Started rendering test DBT_TEST__AUDIT.relationships_stg_transactions_compte_id__compte_id__ref_stg_comptes_
12:08:22.909375 [info ]: Started model INTERMEDIATE.int_transactions_enrichies
12:08:22.909391 [debug]: Started rendering model INTERMEDIATE.int_transactions_enrichies
12:08:22.909427 [info ]: Started test DBT_TEST__AUDIT.unique_stg_transactions_transaction_id
12:08:22.909446 [debug]: Started rendering test DBT_TEST__AUDIT.unique_stg_transactions_transaction_id
12:08:22.909477 [info ]: Started test DBT_TEST__AUDIT.not_null_stg_transactions_transaction_id
12:08:22.909497 [debug]: Started rendering test DBT_TEST__AUDIT.not_null_stg_transactions_transaction_id
12:08:22.911145 [debug]: Writing runtime sql for node "test.fintrack_analytics.not_null_stg_categories_categorie_id.3e2fb4d400"
12:08:22.913008 [debug]: Compiled SQL for node model.fintrack_analytics.int_transactions_enrichies at target\compiled\fintrack_analytics\models\intermediate\int_transactions_enrichies.sql
12:08:22.913855 [debug]: create_debug_span(...).entered() took 31.4µs
12:08:22.915443 [debug]: Finished rendering [  0.01s] model INTERMEDIATE.int_transactions_enrichies [success]
12:08:22.916305 [debug]: Started analyzing model INTERMEDIATE.int_transactions_enrichies
12:08:22.921147 [debug]: Compiled SQL for node test.fintrack_analytics.relationships_stg_transactions_compte_id__compte_id__ref_stg_comptes_.6bb5c74007 at target\compiled\fintrack_analytics\target\generic_tests\relationships_stg_transactions_985ebbdbfd283785f0e58047e4f6b5ed.sql
12:08:22.921705 [debug]: Compiled SQL for node test.fintrack_analytics.unique_stg_transactions_transaction_id.ee9a78a396 at target\compiled\fintrack_analytics\target\generic_tests\unique_stg_transactions_transaction_id.sql
12:08:22.922046 [debug]: Compiled SQL for node test.fintrack_analytics.not_null_stg_transactions_transaction_id.1d00a8e2e4 at target\compiled\fintrack_analytics\target\generic_tests\not_null_stg_transactions_transaction_id.sql
12:08:22.921591 [debug]: Finished rendering [  0.01s] test DBT_TEST__AUDIT.relationships_stg_transactions_compte_id__compte_id__ref_stg_comptes_ [success]
12:08:22.923700 [debug]: Started analyzing test DBT_TEST__AUDIT.relationships_stg_transactions_compte_id__compte_id__ref_stg_comptes_
12:08:22.923809 [debug]: Finished rendering [  0.01s] test DBT_TEST__AUDIT.unique_stg_transactions_transaction_id [success]
12:08:22.924092 [debug]: Started analyzing test DBT_TEST__AUDIT.unique_stg_transactions_transaction_id
12:08:22.924146 [debug]: Finished rendering [  0.01s] test DBT_TEST__AUDIT.not_null_stg_transactions_transaction_id [success]
12:08:22.924304 [debug]: Started analyzing test DBT_TEST__AUDIT.not_null_stg_transactions_transaction_id
12:08:22.924566 [debug]: Finished analyzing [  0.00s] test DBT_TEST__AUDIT.not_null_stg_transactions_transaction_id [success]
12:08:22.924836 [info ]: Started running test DBT_TEST__AUDIT.not_null_stg_transactions_transaction_id
12:08:22.924937 [debug]: Started connection limit wait
12:08:22.924978 [debug]: Finished analyzing [  0.00s] test DBT_TEST__AUDIT.unique_stg_transactions_transaction_id [success]
12:08:22.925209 [info ]: Started running test DBT_TEST__AUDIT.unique_stg_transactions_transaction_id
12:08:22.925273 [debug]: Started connection limit wait
12:08:22.928259 [debug]: Finished analyzing [  0.00s] test DBT_TEST__AUDIT.relationships_stg_transactions_compte_id__compte_id__ref_stg_comptes_ [success]
12:08:22.928442 [info ]: Started running test DBT_TEST__AUDIT.relationships_stg_transactions_compte_id__compte_id__ref_stg_comptes_
12:08:22.928509 [debug]: Started connection limit wait
12:08:22.928472 [debug]: Finished analyzing [  0.01s] model INTERMEDIATE.int_transactions_enrichies [success]
12:08:23.004232 [debug]: stmt.execute() (submit+wait_for_completion, returns reader) took 593.3732ms
12:08:23.004265 [debug]: reader.schema() took 400ns
12:08:23.005130 [debug]: batch-consume loop (for res in reader) took 850.9µs
12:08:23.005801 [debug]: do_execute(conn) (closure: stmt.execute + schema + batch loop) took 595.0702ms
12:08:23.005855 [debug]: concat_batches + normalize_result_column_names took 39.2µs
12:08:23.005865 [debug]: record_current_span_status_from_attrs took 3µs
12:08:23.005872 [debug]: Query executed on node snapshot.fintrack_analytics.snapshot_comptes:
describe table "FINTRACK_DB"."SNAPSHOTS"."SNAPSHOT_COMPTES"
/* {"app": "dbt", "dbt_version": "2.0.0", "node_id": "snapshot.fintrack_analytics.snapshot_comptes", "profile_name": "fintrack_analytics", "target_name": "dev"} */
12:08:23.005894 [debug]: drop(query_span_guard) (span exit/export) took 24.3µs
12:08:23.008818 [debug]: create_debug_span(...).entered() took 11.3µs
12:08:23.346367 [debug]: stmt.execute() (submit+wait_for_completion, returns reader) took 337.493ms
12:08:23.346398 [debug]: reader.schema() took 400ns
12:08:23.347369 [debug]: batch-consume loop (for res in reader) took 958.3µs
12:08:23.348463 [debug]: do_execute(conn) (closure: stmt.execute + schema + batch loop) took 339.6244ms
12:08:23.348533 [debug]: concat_batches + normalize_result_column_names took 46.9µs
12:08:23.348543 [debug]: record_current_span_status_from_attrs took 3.4µs
12:08:23.348552 [debug]: Query executed on node snapshot.fintrack_analytics.snapshot_comptes:
describe table "FINTRACK_DB"."SNAPSHOTS"."SNAPSHOT_COMPTES__dbt_tmp"
/* {"app": "dbt", "dbt_version": "2.0.0", "node_id": "snapshot.fintrack_analytics.snapshot_comptes", "profile_name": "fintrack_analytics", "target_name": "dev"} */
12:08:23.348579 [debug]: drop(query_span_guard) (span exit/export) took 30.3µs
12:08:23.352569 [debug]: create_debug_span(...).entered() took 19.3µs
12:08:23.741684 [debug]: stmt.execute() (submit+wait_for_completion, returns reader) took 389.0197ms
12:08:23.741730 [debug]: reader.schema() took 700ns
12:08:23.744197 [debug]: batch-consume loop (for res in reader) took 2.4362ms
12:08:23.746731 [debug]: do_execute(conn) (closure: stmt.execute + schema + batch loop) took 394.1176ms
12:08:23.746927 [debug]: concat_batches + normalize_result_column_names took 140.7µs
12:08:23.746989 [debug]: record_current_span_status_from_attrs took 5.2µs
12:08:23.747023 [debug]: Query executed on node snapshot.fintrack_analytics.snapshot_comptes:
describe table "FINTRACK_DB"."SNAPSHOTS"."SNAPSHOT_COMPTES"
/* {"app": "dbt", "dbt_version": "2.0.0", "node_id": "snapshot.fintrack_analytics.snapshot_comptes", "profile_name": "fintrack_analytics", "target_name": "dev"} */
12:08:23.747113 [debug]: drop(query_span_guard) (span exit/export) took 96.8µs
12:08:23.755366 [debug]: create_debug_span(...).entered() took 25.2µs
12:08:23.894123 [debug]: stmt.execute() (submit+wait_for_completion, returns reader) took 980.1533ms
12:08:23.894159 [debug]: reader.schema() took 500ns
12:08:23.895728 [debug]: batch-consume loop (for res in reader) took 1.5545ms
12:08:23.896959 [debug]: do_execute(conn) (closure: stmt.execute + schema + batch loop) took 983.0697ms
12:08:23.896998 [debug]: concat_batches + normalize_result_column_names took 15.2µs
12:08:23.897012 [debug]: record_current_span_status_from_attrs took 3.7µs
12:08:23.897026 [debug]: Query executed on node test.fintrack_analytics.not_null_stg_categories_categorie_id.3e2fb4d400:
select
      count(*) as failures,
      count(*) != 0 as should_warn,
      count(*) != 0 as should_error
    from (
      
    
  
    
    



select categorie_id
from fintrack_db.STAGING.stg_categories
where categorie_id is null



  
  
      
    ) dbt_internal_test
/* {"app": "dbt", "dbt_version": "2.0.0", "node_id": "test.fintrack_analytics.not_null_stg_categories_categorie_id.3e2fb4d400", "profile_name": "fintrack_analytics", "target_name": "dev"} */
12:08:23.897070 [debug]: drop(query_span_guard) (span exit/export) took 45.5µs
12:08:23.898439 [debug]: Finished connection limit wait [  3.13s]
12:08:23.898450 [info ]: Finished running [  0.99s] test DBT_TEST__AUDIT.not_null_stg_categories_categorie_id [pass]
12:08:23.899119 [info ]:     Passed [  1.00s] test  not_null_stg_categories_categorie_id
12:08:23.901070 [debug]: Writing runtime sql for node "test.fintrack_analytics.unique_stg_categories_categorie_id.ab16992ac3"
12:08:23.902872 [debug]: create_debug_span(...).entered() took 21.5µs
12:08:24.090145 [debug]: stmt.execute() (submit+wait_for_completion, returns reader) took 334.6709ms
12:08:24.090253 [debug]: reader.schema() took 1µs
12:08:24.092313 [debug]: batch-consume loop (for res in reader) took 2.0341ms
12:08:24.093759 [debug]: do_execute(conn) (closure: stmt.execute + schema + batch loop) took 338.3542ms
12:08:24.093870 [debug]: concat_batches + normalize_result_column_names took 76.9µs
12:08:24.093895 [debug]: record_current_span_status_from_attrs took 5.2µs
12:08:24.093911 [debug]: Query executed on node snapshot.fintrack_analytics.snapshot_comptes:
describe table "FINTRACK_DB"."SNAPSHOTS"."SNAPSHOT_COMPTES__dbt_tmp"
/* {"app": "dbt", "dbt_version": "2.0.0", "node_id": "snapshot.fintrack_analytics.snapshot_comptes", "profile_name": "fintrack_analytics", "target_name": "dev"} */
12:08:24.093954 [debug]: drop(query_span_guard) (span exit/export) took 49µs
12:08:24.112503 [debug]: create_debug_span(...).entered() took 28.7µs
12:08:24.419788 [debug]: stmt.execute() (submit+wait_for_completion, returns reader) took 516.7613ms
12:08:24.419876 [debug]: reader.schema() took 1.3µs
12:08:24.424081 [debug]: batch-consume loop (for res in reader) took 4.161ms
12:08:24.428365 [debug]: do_execute(conn) (closure: stmt.execute + schema + batch loop) took 525.4403ms
12:08:24.428503 [debug]: concat_batches + normalize_result_column_names took 55.5µs
12:08:24.428547 [debug]: record_current_span_status_from_attrs took 10.1µs
12:08:24.428583 [debug]: Query executed on node test.fintrack_analytics.unique_stg_categories_categorie_id.ab16992ac3:
select
      count(*) as failures,
      count(*) != 0 as should_warn,
      count(*) != 0 as should_error
    from (
      
    
  
    
    

select
    categorie_id as unique_field,
    count(*) as n_records

from fintrack_db.STAGING.stg_categories
where categorie_id is not null
group by categorie_id
having count(*) > 1



  
  
      
    ) dbt_internal_test
/* {"app": "dbt", "dbt_version": "2.0.0", "node_id": "test.fintrack_analytics.unique_stg_categories_categorie_id.ab16992ac3", "profile_name": "fintrack_analytics", "target_name": "dev"} */
12:08:24.428691 [debug]: drop(query_span_guard) (span exit/export) took 115µs
12:08:24.434031 [debug]: Finished connection limit wait [  2.97s]
12:08:24.434053 [info ]: Finished running [  0.54s] test DBT_TEST__AUDIT.unique_stg_categories_categorie_id [pass]
12:08:24.436137 [info ]:     Passed [  0.55s] test  unique_stg_categories_categorie_id
12:08:24.439154 [info ]: Started running model MARTS.dim_categories
12:08:24.439309 [debug]: Started connection limit wait
12:08:24.443882 [debug]: Writing runtime sql for node "test.fintrack_analytics.unique_stg_budgets_budget_id.effb4c8d16"
12:08:24.453562 [debug]: create_debug_span(...).entered() took 88.4µs
12:08:24.505451 [debug]: stmt.execute() (submit+wait_for_completion, returns reader) took 392.6543ms
12:08:24.505488 [debug]: reader.schema() took 600ns
12:08:24.506851 [debug]: batch-consume loop (for res in reader) took 1.3442ms
12:08:24.508303 [debug]: do_execute(conn) (closure: stmt.execute + schema + batch loop) took 395.7592ms
12:08:24.508424 [debug]: concat_batches + normalize_result_column_names took 95.5µs
12:08:24.508443 [debug]: record_current_span_status_from_attrs took 4.4µs
12:08:24.508460 [debug]: Query executed on node snapshot.fintrack_analytics.snapshot_comptes:
select * from (
        
    
    with snapshot_query as (

        



select * from fintrack_db.raw.raw_comptes



    ),

    snapshotted_data as (

        select *, 
    
        id as dbt_unique_key
    

        from "FINTRACK_DB"."SNAPSHOTS"."SNAPSHOT_COMPTES"
        where
            
                dbt_valid_to is null
            

    ),

    insertions_source_data as (

        select *, 
    
        id as dbt_unique_key
    
,
            to_timestamp_ntz(convert_timezone('UTC', current_timestamp())) as dbt_updated_at,
            to_timestamp_ntz(convert_timezone('UTC', current_timestamp())) as dbt_valid_from,
            
  
  coalesce(nullif(to_timestamp_ntz(convert_timezone('UTC', current_timestamp())), to_timestamp_ntz(convert_timezone('UTC', current_timestamp()))), null)
  as dbt_valid_to
,
            md5(coalesce(cast(id as varchar ), '')
         || '|' || coalesce(cast(to_timestamp_ntz(convert_timezone('UTC', current_timestamp())) as varchar ), '')
        ) as dbt_scd_id

        from snapshot_query
    ),

    updates_source_data as (

        select *, 
    
        id as dbt_unique_key
    
,
            to_timestamp_ntz(convert_timezone('UTC', current_timestamp())) as dbt_updated_at,
            to_timestamp_ntz(convert_timezone('UTC', current_timestamp())) as dbt_valid_from,
            to_timestamp_ntz(convert_timezone('UTC', current_timestamp())) as dbt_valid_to

        from snapshot_query
    ),

    insertions as (

        select
            'insert' as dbt_change_type,
            source_data.*

        from insertions_source_data as source_data
        left outer join snapshotted_data
            on 
    
        snapshotted_data.dbt_unique_key = source_data.dbt_unique_key
    

            where 
    
        snapshotted_data.dbt_unique_key is null
    

            or (
    
        snapshotted_data.dbt_unique_key is not null
    
 and (
               (snapshotted_data."STATUT" != source_data."STATUT"
        or
        (
            ((snapshotted_data."STATUT" is null) and not (source_data."STATUT" is null))
            or
            ((not snapshotted_data."STATUT" is null) and (source_data."STATUT" is null))
        ) or snapshotted_data."EMAIL" != source_data."EMAIL"
        or
        (
            ((snapshotted_data."EMAIL" is null) and not (source_data."EMAIL" is null))
            or
            ((not snapshotted_data."EMAIL" is null) and (source_data."EMAIL" is null))
        ) or snapshotted_data."TYPE_COMPTE" != source_data."TYPE_COMPTE"
        or
        (
            ((snapshotted_data."TYPE_COMPTE" is null) and not (source_data."TYPE_COMPTE" is null))
            or
            ((not snapshotted_data."TYPE_COMPTE" is null) and (source_data."TYPE_COMPTE" is null))
        ))
            )

        )

    ),

    updates as (

        select
            'update' as dbt_change_type,
            source_data.*,
            snapshotted_data.dbt_scd_id

        from updates_source_data as source_data
        join snapshotted_data
            on 
    
        snapshotted_data.dbt_unique_key = source_data.dbt_unique_key
    

        where (
            (snapshotted_data."STATUT" != source_data."STATUT"
        or
        (
            ((snapshotted_data."STATUT" is null) and not (source_data."STATUT" is null))
            or
            ((not snapshotted_data."STATUT" is null) and (source_data."STATUT" is null))
        ) or snapshotted_data."EMAIL" != source_data."EMAIL"
        or
        (
            ((snapshotted_data."EMAIL" is null) and not (source_data."EMAIL" is null))
            or
            ((not snapshotted_data."EMAIL" is null) and (source_data."EMAIL" is null))
        ) or snapshotted_data."TYPE_COMPTE" != source_data."TYPE_COMPTE"
        or
        (
            ((snapshotted_data."TYPE_COMPTE" is null) and not (source_data."TYPE_COMPTE" is null))
            or
            ((not snapshotted_data."TYPE_COMPTE" is null) and (source_data."TYPE_COMPTE" is null))
        ))
        )
    )

    select * from insertions
    union all
    select * from updates

    ) as __dbt_sbq
    where false
    limit 0
/* {"app": "dbt", "dbt_version": "2.0.0", "node_id": "snapshot.fintrack_analytics.snapshot_comptes", "profile_name": "fintrack_analytics", "target_name": "dev"} */
12:08:24.508504 [debug]: drop(query_span_guard) (span exit/export) took 51.6µs
12:08:24.516158 [debug]: create_debug_span(...).entered() took 23.5µs
12:08:24.851536 [debug]: stmt.execute() (submit+wait_for_completion, returns reader) took 335.2501ms
12:08:24.851607 [debug]: reader.schema() took 1µs
12:08:24.854950 [debug]: batch-consume loop (for res in reader) took 3.3055ms
12:08:24.858008 [debug]: do_execute(conn) (closure: stmt.execute + schema + batch loop) took 341.7994ms
12:08:24.858085 [debug]: concat_batches + normalize_result_column_names took 26µs
12:08:24.858111 [debug]: record_current_span_status_from_attrs took 6.8µs
12:08:24.858136 [debug]: Query executed on node snapshot.fintrack_analytics.snapshot_comptes:
select * from (
        select to_timestamp_ntz(convert_timezone('UTC', current_timestamp())) as dbt_snapshot_time
    ) as __dbt_sbq
    where false
    limit 0
/* {"app": "dbt", "dbt_version": "2.0.0", "node_id": "snapshot.fintrack_analytics.snapshot_comptes", "profile_name": "fintrack_analytics", "target_name": "dev"} */
12:08:24.858201 [debug]: drop(query_span_guard) (span exit/export) took 75.3µs
12:08:24.862984 [debug]: Writing runtime sql for node "snapshot.fintrack_analytics.snapshot_comptes"
12:08:24.872854 [debug]: create_debug_span(...).entered() took 32.5µs
12:08:24.915073 [debug]: stmt.execute() (submit+wait_for_completion, returns reader) took 460.8983ms
12:08:24.915150 [debug]: reader.schema() took 1.5µs
12:08:24.918107 [debug]: batch-consume loop (for res in reader) took 2.9075ms
12:08:24.920675 [debug]: do_execute(conn) (closure: stmt.execute + schema + batch loop) took 466.9893ms
12:08:24.920768 [debug]: concat_batches + normalize_result_column_names took 32.9µs
12:08:24.920798 [debug]: record_current_span_status_from_attrs took 6.5µs
12:08:24.920829 [debug]: Query executed on node test.fintrack_analytics.unique_stg_budgets_budget_id.effb4c8d16:
select
      count(*) as failures,
      count(*) != 0 as should_warn,
      count(*) != 0 as should_error
    from (
      
    
  
    
    

select
    budget_id as unique_field,
    count(*) as n_records

from fintrack_db.STAGING.stg_budgets
where budget_id is not null
group by budget_id
having count(*) > 1



  
  
      
    ) dbt_internal_test
/* {"app": "dbt", "dbt_version": "2.0.0", "node_id": "test.fintrack_analytics.unique_stg_budgets_budget_id.effb4c8d16", "profile_name": "fintrack_analytics", "target_name": "dev"} */
12:08:24.920920 [debug]: drop(query_span_guard) (span exit/export) took 97.6µs
12:08:24.923534 [debug]: Finished connection limit wait [  3.46s]
12:08:24.923531 [info ]: Finished running [  0.49s] test DBT_TEST__AUDIT.unique_stg_budgets_budget_id [pass]
12:08:24.924846 [info ]:     Passed [  0.49s] test  unique_stg_budgets_budget_id
12:08:24.929702 [debug]: Writing runtime sql for node "test.fintrack_analytics.not_null_stg_budgets_budget_id.ad1ccf4381"
12:08:24.933510 [debug]: create_debug_span(...).entered() took 63µs
12:08:25.275080 [debug]: stmt.execute() (submit+wait_for_completion, returns reader) took 401.8752ms
12:08:25.275143 [debug]: reader.schema() took 800ns
12:08:25.280076 [debug]: do_execute(conn) (closure: stmt.execute + schema + batch loop) took 407.156ms
12:08:25.280183 [debug]: concat_batches + normalize_result_column_names took 31.5µs
12:08:25.280227 [debug]: record_current_span_status_from_attrs took 12.4µs
12:08:25.280264 [debug]: Query executed on node snapshot.fintrack_analytics.snapshot_comptes:
begin
/* {"app": "dbt", "dbt_version": "2.0.0", "node_id": "snapshot.fintrack_analytics.snapshot_comptes", "profile_name": "fintrack_analytics", "target_name": "dev"} */
12:08:25.280365 [debug]: drop(query_span_guard) (span exit/export) took 108.6µs
12:08:25.280824 [debug]: create_debug_span(...).entered() took 34.6µs
12:08:25.672473 [debug]: stmt.execute() (submit+wait_for_completion, returns reader) took 738.714ms
12:08:25.672514 [debug]: reader.schema() took 600ns
12:08:25.674436 [debug]: batch-consume loop (for res in reader) took 1.9021ms
12:08:25.675978 [debug]: do_execute(conn) (closure: stmt.execute + schema + batch loop) took 742.4109ms
12:08:25.676026 [debug]: concat_batches + normalize_result_column_names took 17.9µs
12:08:25.676040 [debug]: record_current_span_status_from_attrs took 4.5µs
12:08:25.676053 [debug]: Query executed on node test.fintrack_analytics.not_null_stg_budgets_budget_id.ad1ccf4381:
select
      count(*) as failures,
      count(*) != 0 as should_warn,
      count(*) != 0 as should_error
    from (
      
    
  
    
    



select budget_id
from fintrack_db.STAGING.stg_budgets
where budget_id is null



  
  
      
    ) dbt_internal_test
/* {"app": "dbt", "dbt_version": "2.0.0", "node_id": "test.fintrack_analytics.not_null_stg_budgets_budget_id.ad1ccf4381", "profile_name": "fintrack_analytics", "target_name": "dev"} */
12:08:25.676094 [debug]: drop(query_span_guard) (span exit/export) took 46.3µs
12:08:25.677723 [debug]: Finished connection limit wait [  3.41s]
12:08:25.677722 [info ]: Finished running [  0.75s] test DBT_TEST__AUDIT.not_null_stg_budgets_budget_id [pass]
12:08:25.678528 [info ]:     Passed [  0.76s] test  not_null_stg_budgets_budget_id
12:08:25.683145 [debug]: Writing runtime sql for node "test.fintrack_analytics.unique_stg_comptes_compte_id.ca647be308"
12:08:25.685955 [debug]: create_debug_span(...).entered() took 35.1µs
12:08:26.066306 [debug]: stmt.execute() (submit+wait_for_completion, returns reader) took 380.2276ms
12:08:26.066364 [debug]: reader.schema() took 400ns
12:08:26.067309 [debug]: batch-consume loop (for res in reader) took 927.3µs
12:08:26.068239 [debug]: do_execute(conn) (closure: stmt.execute + schema + batch loop) took 382.2458ms
12:08:26.068267 [debug]: concat_batches + normalize_result_column_names took 10.9µs
12:08:26.068275 [debug]: record_current_span_status_from_attrs took 3µs
12:08:26.068282 [debug]: Query executed on node test.fintrack_analytics.unique_stg_comptes_compte_id.ca647be308:
select
      count(*) as failures,
      count(*) != 0 as should_warn,
      count(*) != 0 as should_error
    from (
      
    
  
    
    

select
    compte_id as unique_field,
    count(*) as n_records

from fintrack_db.STAGING.stg_comptes
where compte_id is not null
group by compte_id
having count(*) > 1



  
  
      
    ) dbt_internal_test
/* {"app": "dbt", "dbt_version": "2.0.0", "node_id": "test.fintrack_analytics.unique_stg_comptes_compte_id.ca647be308", "profile_name": "fintrack_analytics", "target_name": "dev"} */
12:08:26.068311 [debug]: drop(query_span_guard) (span exit/export) took 31.9µs
12:08:26.069210 [debug]: Finished connection limit wait [  3.80s]
12:08:26.069205 [info ]: Finished running [  0.39s] test DBT_TEST__AUDIT.unique_stg_comptes_compte_id [pass]
12:08:26.069543 [info ]:     Passed [  0.41s] test  unique_stg_comptes_compte_id
12:08:26.071210 [debug]: Writing runtime sql for node "test.fintrack_analytics.accepted_values_stg_comptes_statut__actif__inactif__cloture.f56d9561d0"
12:08:26.072600 [debug]: create_debug_span(...).entered() took 20.5µs
12:08:26.652056 [debug]: stmt.execute() (submit+wait_for_completion, returns reader) took 579.366ms
12:08:26.652102 [debug]: reader.schema() took 700ns
12:08:26.653805 [debug]: batch-consume loop (for res in reader) took 1.6722ms
12:08:26.655513 [debug]: do_execute(conn) (closure: stmt.execute + schema + batch loop) took 582.871ms
12:08:26.655575 [debug]: concat_batches + normalize_result_column_names took 21.8µs
12:08:26.655590 [debug]: record_current_span_status_from_attrs took 4.4µs
12:08:26.655605 [debug]: Query executed on node test.fintrack_analytics.accepted_values_stg_comptes_statut__actif__inactif__cloture.f56d9561d0:
select
      count(*) as failures,
      count(*) != 0 as should_warn,
      count(*) != 0 as should_error
    from (
      
    
  
    
    

with all_values as (

    select
        statut as value_field,
        count(*) as n_records

    from fintrack_db.STAGING.stg_comptes
    group by statut

)

select *
from all_values
where value_field not in (
    'actif','inactif','cloture'
)



  
  
      
    ) dbt_internal_test
/* {"app": "dbt", "dbt_version": "2.0.0", "node_id": "test.fintrack_analytics.accepted_values_stg_comptes_statut__actif__inactif__cloture.f56d9561d0", "profile_name": "fintrack_analytics", "target_name": "dev"} */
12:08:26.655647 [debug]: drop(query_span_guard) (span exit/export) took 48.1µs
12:08:26.657308 [debug]: Finished connection limit wait [  4.39s]
12:08:26.657311 [info ]: Finished running [  0.59s] test DBT_TEST__AUDIT.accepted_values_stg_comptes_statut__actif__inactif__cloture [pass]
12:08:26.658066 [info ]:     Passed [  0.61s] test  accepted_values_stg_comptes_statut__actif__inactif__cloture
12:08:26.661419 [debug]: Writing runtime sql for node "test.fintrack_analytics.not_null_stg_comptes_compte_id.c12e0b3b3b"
12:08:26.664412 [debug]: create_debug_span(...).entered() took 28.2µs
12:08:26.954911 [debug]: stmt.execute() (submit+wait_for_completion, returns reader) took 1.6739317s
12:08:26.954963 [debug]: reader.schema() took 700ns
12:08:26.956747 [debug]: batch-consume loop (for res in reader) took 1.7616ms
12:08:26.958595 [debug]: do_execute(conn) (closure: stmt.execute + schema + batch loop) took 1.6777267s
12:08:26.958654 [debug]: concat_batches + normalize_result_column_names took 31µs
12:08:26.958672 [debug]: record_current_span_status_from_attrs took 5.1µs
12:08:26.958689 [debug]: Query executed on node snapshot.fintrack_analytics.snapshot_comptes:

    merge into "FINTRACK_DB"."SNAPSHOTS"."SNAPSHOT_COMPTES" as DBT_INTERNAL_DEST
    using "FINTRACK_DB"."SNAPSHOTS"."SNAPSHOT_COMPTES__dbt_tmp" as DBT_INTERNAL_SOURCE
    on DBT_INTERNAL_SOURCE.dbt_scd_id = DBT_INTERNAL_DEST.dbt_scd_id

    when matched
     
       and DBT_INTERNAL_DEST.dbt_valid_to is null
     
     and DBT_INTERNAL_SOURCE.dbt_change_type in ('update', 'delete')
        then update
        set dbt_valid_to = DBT_INTERNAL_SOURCE.dbt_valid_to

    when not matched
     and DBT_INTERNAL_SOURCE.dbt_change_type = 'insert'
        then insert ("ID", "NOM_CLIENT", "EMAIL", "TYPE_COMPTE", "DATE_OUVERTURE", "SOLDE_INITIAL", "STATUT", "DBT_UPDATED_AT", "DBT_VALID_FROM", "DBT_VALID_TO", "DBT_SCD_ID")
        values ("ID", "NOM_CLIENT", "EMAIL", "TYPE_COMPTE", "DATE_OUVERTURE", "SOLDE_INITIAL", "STATUT", "DBT_UPDATED_AT", "DBT_VALID_FROM", "DBT_VALID_TO", "DBT_SCD_ID")


/* {"app": "dbt", "dbt_version": "2.0.0", "node_id": "snapshot.fintrack_analytics.snapshot_comptes", "profile_name": "fintrack_analytics", "target_name": "dev"} */
12:08:26.958744 [debug]: drop(query_span_guard) (span exit/export) took 62.5µs
12:08:26.959087 [debug]: create_debug_span(...).entered() took 21.2µs
12:08:27.251472 [debug]: stmt.execute() (submit+wait_for_completion, returns reader) took 586.9023ms
12:08:27.251557 [debug]: reader.schema() took 1.2µs
12:08:27.255601 [debug]: batch-consume loop (for res in reader) took 3.9949ms
12:08:27.259530 [debug]: do_execute(conn) (closure: stmt.execute + schema + batch loop) took 594.8863ms
12:08:27.259691 [debug]: concat_batches + normalize_result_column_names took 54.4µs
12:08:27.259736 [debug]: record_current_span_status_from_attrs took 10.2µs
12:08:27.259767 [debug]: Query executed on node test.fintrack_analytics.not_null_stg_comptes_compte_id.c12e0b3b3b:
select
      count(*) as failures,
      count(*) != 0 as should_warn,
      count(*) != 0 as should_error
    from (
      
    
  
    
    



select compte_id
from fintrack_db.STAGING.stg_comptes
where compte_id is null



  
  
      
    ) dbt_internal_test
/* {"app": "dbt", "dbt_version": "2.0.0", "node_id": "test.fintrack_analytics.not_null_stg_comptes_compte_id.c12e0b3b3b", "profile_name": "fintrack_analytics", "target_name": "dev"} */
12:08:27.259861 [debug]: drop(query_span_guard) (span exit/export) took 104.6µs
12:08:27.265756 [debug]: Finished connection limit wait [  4.99s]
12:08:27.265696 [info ]: Finished running [  0.61s] test DBT_TEST__AUDIT.not_null_stg_comptes_compte_id [pass]
12:08:27.268549 [info ]:     Passed [  0.64s] test  not_null_stg_comptes_compte_id
12:08:27.280617 [debug]: Writing runtime sql for node "test.fintrack_analytics.accepted_values_stg_comptes_type_compte__courant__epargne__joint.ff87077911"
12:08:27.289379 [debug]: create_debug_span(...).entered() took 39.9µs
12:08:27.813942 [debug]: stmt.execute() (submit+wait_for_completion, returns reader) took 524.1789ms
12:08:27.813997 [debug]: reader.schema() took 900ns
12:08:27.815893 [debug]: batch-consume loop (for res in reader) took 1.8664ms
12:08:27.817776 [debug]: do_execute(conn) (closure: stmt.execute + schema + batch loop) took 528.3292ms
12:08:27.817835 [debug]: concat_batches + normalize_result_column_names took 23.4µs
12:08:27.817851 [debug]: record_current_span_status_from_attrs took 4.7µs
12:08:27.817871 [debug]: Query executed on node test.fintrack_analytics.accepted_values_stg_comptes_type_compte__courant__epargne__joint.ff87077911:
select
      count(*) as failures,
      count(*) != 0 as should_warn,
      count(*) != 0 as should_error
    from (
      
    
  
    
    

with all_values as (

    select
        type_compte as value_field,
        count(*) as n_records

    from fintrack_db.STAGING.stg_comptes
    group by type_compte

)

select *
from all_values
where value_field not in (
    'courant','epargne','joint'
)



  
  
      
    ) dbt_internal_test
/* {"app": "dbt", "dbt_version": "2.0.0", "node_id": "test.fintrack_analytics.accepted_values_stg_comptes_type_compte__courant__epargne__joint.ff87077911", "profile_name": "fintrack_analytics", "target_name": "dev"} */
12:08:27.817921 [debug]: drop(query_span_guard) (span exit/export) took 58.7µs
12:08:27.820061 [debug]: Finished connection limit wait [  4.90s]
12:08:27.820073 [info ]: Finished running [  0.56s] test DBT_TEST__AUDIT.accepted_values_stg_comptes_type_compte__courant__epargne__joint [pass]
12:08:27.821295 [info ]:     Passed [  0.58s] test  accepted_values_stg_comptes_type_compte__courant__epargne__joint
12:08:27.822958 [info ]: Started running model MARTS.dim_comptes
12:08:27.823085 [debug]: Started connection limit wait
12:08:27.825373 [debug]: Writing runtime sql for node "test.fintrack_analytics.not_null_stg_transactions_transaction_id.1d00a8e2e4"
12:08:27.829408 [debug]: create_debug_span(...).entered() took 34.6µs
12:08:28.011914 [debug]: stmt.execute() (submit+wait_for_completion, returns reader) took 1.0527031s
12:08:28.012006 [debug]: reader.schema() took 1.1µs
12:08:28.021891 [debug]: do_execute(conn) (closure: stmt.execute + schema + batch loop) took 1.0627459s
12:08:28.022007 [debug]: concat_batches + normalize_result_column_names took 36.5µs
12:08:28.022041 [debug]: record_current_span_status_from_attrs took 10.2µs
12:08:28.022073 [debug]: Query executed on node snapshot.fintrack_analytics.snapshot_comptes:

    commit
/* {"app": "dbt", "dbt_version": "2.0.0", "node_id": "snapshot.fintrack_analytics.snapshot_comptes", "profile_name": "fintrack_analytics", "target_name": "dev"} */
12:08:28.022171 [debug]: drop(query_span_guard) (span exit/export) took 108.5µs
12:08:28.041365 [debug]: Finished connection limit wait [  5.12s]
12:08:28.041309 [info ]: Finished running [ 10.22s] snapshot snapshots.snapshot_comptes [success]
12:08:28.041978 [info ]:  Succeeded [ 10.22s] snapshot snapshots.snapshot_comptes (snapshot)
12:08:28.052205 [debug]: Writing runtime sql for node "test.fintrack_analytics.unique_stg_transactions_transaction_id.ee9a78a396"
12:08:28.059654 [debug]: create_debug_span(...).entered() took 59µs
12:08:28.848404 [debug]: stmt.execute() (submit+wait_for_completion, returns reader) took 788.2298ms
12:08:28.848510 [debug]: reader.schema() took 1.4µs
12:08:28.853260 [debug]: batch-consume loop (for res in reader) took 4.6941ms
12:08:28.857432 [debug]: do_execute(conn) (closure: stmt.execute + schema + batch loop) took 797.6635ms
12:08:28.857562 [debug]: concat_batches + normalize_result_column_names took 42.3µs
12:08:28.857593 [debug]: record_current_span_status_from_attrs took 9.4µs
12:08:28.857623 [debug]: Query executed on node test.fintrack_analytics.unique_stg_transactions_transaction_id.ee9a78a396:
select
      count(*) as failures,
      count(*) != 0 as should_warn,
      count(*) != 0 as should_error
    from (
      
    
  
    
    

select
    transaction_id as unique_field,
    count(*) as n_records

from fintrack_db.STAGING.stg_transactions
where transaction_id is not null
group by transaction_id
having count(*) > 1



  
  
      
    ) dbt_internal_test
/* {"app": "dbt", "dbt_version": "2.0.0", "node_id": "test.fintrack_analytics.unique_stg_transactions_transaction_id.ee9a78a396", "profile_name": "fintrack_analytics", "target_name": "dev"} */
12:08:28.857715 [debug]: drop(query_span_guard) (span exit/export) took 103.6µs
12:08:28.861801 [debug]: Finished connection limit wait [  5.93s]
12:08:28.861763 [info ]: Finished running [  0.82s] test DBT_TEST__AUDIT.unique_stg_transactions_transaction_id [pass]
12:08:28.864537 [info ]:     Passed [  0.83s] test  unique_stg_transactions_transaction_id
12:08:28.870116 [debug]: Writing runtime sql for node "test.fintrack_analytics.relationships_stg_transactions_compte_id__compte_id__ref_stg_comptes_.6bb5c74007"
12:08:28.873860 [debug]: create_debug_span(...).entered() took 31.5µs
12:08:28.919375 [debug]: stmt.execute() (submit+wait_for_completion, returns reader) took 1.089707s
12:08:28.919404 [debug]: reader.schema() took 400ns
12:08:28.920393 [debug]: batch-consume loop (for res in reader) took 979.6µs
12:08:28.921289 [debug]: do_execute(conn) (closure: stmt.execute + schema + batch loop) took 1.0918337s
12:08:28.921313 [debug]: concat_batches + normalize_result_column_names took 9.9µs
12:08:28.921321 [debug]: record_current_span_status_from_attrs took 3.1µs
12:08:28.921330 [debug]: Query executed on node test.fintrack_analytics.not_null_stg_transactions_transaction_id.1d00a8e2e4:
select
      count(*) as failures,
      count(*) != 0 as should_warn,
      count(*) != 0 as should_error
    from (
      
    
  
    
    



select transaction_id
from fintrack_db.STAGING.stg_transactions
where transaction_id is null



  
  
      
    ) dbt_internal_test
/* {"app": "dbt", "dbt_version": "2.0.0", "node_id": "test.fintrack_analytics.not_null_stg_transactions_transaction_id.1d00a8e2e4", "profile_name": "fintrack_analytics", "target_name": "dev"} */
12:08:28.921360 [debug]: drop(query_span_guard) (span exit/export) took 33.7µs
12:08:28.922370 [debug]: Finished connection limit wait [  4.48s]
12:08:28.922372 [info ]: Finished running [  1.10s] test DBT_TEST__AUDIT.not_null_stg_transactions_transaction_id [pass]
12:08:28.922808 [info ]:     Passed [  1.12s] test  not_null_stg_transactions_transaction_id
12:08:28.923959 [debug]: create_debug_span(...).entered() took 12.8µs
12:08:29.300857 [debug]: stmt.execute() (submit+wait_for_completion, returns reader) took 376.8127ms
12:08:29.300940 [debug]: reader.schema() took 1.1µs
12:08:29.304403 [debug]: batch-consume loop (for res in reader) took 3.4168ms
12:08:29.307637 [debug]: do_execute(conn) (closure: stmt.execute + schema + batch loop) took 383.6298ms
12:08:29.307881 [debug]: concat_batches + normalize_result_column_names took 156µs
12:08:29.307954 [debug]: record_current_span_status_from_attrs took 10.7µs
12:08:29.307999 [debug]: Query executed on node model.fintrack_analytics.dim_categories:
SHOW OBJECTS IN SCHEMA "FINTRACK_DB"."MARTS" LIMIT 10000
12:08:29.308108 [debug]: drop(query_span_guard) (span exit/export) took 118.3µs
12:08:29.318597 [debug]: Writing runtime sql for node "model.fintrack_analytics.dim_categories"
12:08:29.322214 [debug]: create_debug_span(...).entered() took 34.5µs
12:08:29.550797 [debug]: stmt.execute() (submit+wait_for_completion, returns reader) took 676.6651ms
12:08:29.550895 [debug]: reader.schema() took 1.5µs
12:08:29.554689 [debug]: batch-consume loop (for res in reader) took 3.7348ms
12:08:29.558425 [debug]: do_execute(conn) (closure: stmt.execute + schema + batch loop) took 684.5018ms
12:08:29.558541 [debug]: concat_batches + normalize_result_column_names took 45.4µs
12:08:29.558572 [debug]: record_current_span_status_from_attrs took 8.9µs
12:08:29.558608 [debug]: Query executed on node test.fintrack_analytics.relationships_stg_transactions_compte_id__compte_id__ref_stg_comptes_.6bb5c74007:
select
      count(*) as failures,
      count(*) != 0 as should_warn,
      count(*) != 0 as should_error
    from (
      
    
  
    
    

with child as (
    select compte_id as from_field
    from fintrack_db.STAGING.stg_transactions
    where compte_id is not null
),

parent as (
    select compte_id as to_field
    from fintrack_db.STAGING.stg_comptes
)

select
    from_field

from child
left join parent
    on child.from_field = parent.to_field

where parent.to_field is null



  
  
      
    ) dbt_internal_test
/* {"app": "dbt", "dbt_version": "2.0.0", "node_id": "test.fintrack_analytics.relationships_stg_transactions_compte_id__compte_id__ref_stg_comptes_.6bb5c74007", "profile_name": "fintrack_analytics", "target_name": "dev"} */
12:08:29.558710 [debug]: drop(query_span_guard) (span exit/export) took 116.7µs
12:08:29.563112 [debug]: Finished connection limit wait [  1.74s]
12:08:29.562960 [info ]: Finished running [  0.70s] test DBT_TEST__AUDIT.relationships_stg_transactions_compte_id__compte_id__ref_stg_comptes_ [pass]
12:08:29.565324 [info ]:     Passed [  0.72s] test  relationships_stg_transactions_compte_id__compte_id__ref_stg_comptes_
12:08:29.569716 [info ]: Started running model INTERMEDIATE.int_transactions_enrichies
12:08:29.569878 [debug]: Started connection limit wait
12:08:29.578542 [debug]: Writing runtime sql for node "model.fintrack_analytics.dim_comptes"
12:08:29.584653 [debug]: create_debug_span(...).entered() took 79.1µs
12:08:30.701104 [debug]: stmt.execute() (submit+wait_for_completion, returns reader) took 1.1158999s
12:08:30.701138 [debug]: reader.schema() took 400ns
12:08:30.703065 [debug]: do_execute(conn) (closure: stmt.execute + schema + batch loop) took 1.118316s
12:08:30.703104 [debug]: concat_batches + normalize_result_column_names took 18.3µs
12:08:30.703115 [debug]: record_current_span_status_from_attrs took 3µs
12:08:30.703123 [debug]: Query executed on node model.fintrack_analytics.dim_comptes:
create or replace transient  table fintrack_db.MARTS.dim_comptes
    
    
    
    
    as (select
    compte_id,
    nom_client,
    email,
    type_compte,
    date_ouverture,
    solde_initial,
    statut,
    datediff('day', date_ouverture, current_date()) as anciennete_jours,

    -- Bonus 8.1 : clé de substitution via dbt-utils (nécessite `dbt deps`)
    md5(cast(coalesce(cast(compte_id as TEXT), '_dbt_utils_surrogate_key_null_') as TEXT)) as compte_sk

from fintrack_db.STAGING.stg_comptes
    )

/* {"app": "dbt", "dbt_version": "2.0.0", "node_id": "model.fintrack_analytics.dim_comptes", "profile_name": "fintrack_analytics", "target_name": "dev"} */
12:08:30.703151 [debug]: drop(query_span_guard) (span exit/export) took 31.3µs
12:08:30.704885 [debug]: Finished connection limit wait [  1.14s]
12:08:30.704889 [info ]: Finished running [  1.14s] model MARTS.dim_comptes [success]
12:08:30.705322 [info ]:  Succeeded [  1.17s] model MARTS.dim_comptes (table)
12:08:30.706169 [info ]: Started test DBT_TEST__AUDIT.not_null_dim_comptes_compte_id
12:08:30.706202 [debug]: Started rendering test DBT_TEST__AUDIT.not_null_dim_comptes_compte_id
12:08:30.706240 [info ]: Started test DBT_TEST__AUDIT.unique_dim_comptes_compte_id
12:08:30.706250 [debug]: Started rendering test DBT_TEST__AUDIT.unique_dim_comptes_compte_id
12:08:30.706278 [info ]: Finished running [  0.00s] model INTERMEDIATE.int_transactions_enrichies [no-op]
12:08:30.706446 [info ]:    Skipped [-------] model INTERMEDIATE.int_transactions_enrichies (ephemeral)
12:08:30.706488 [info ]: Started model MARTS.fct_transactions
12:08:30.706516 [debug]: Started rendering model MARTS.fct_transactions
12:08:30.710906 [debug]: Compiled SQL for node model.fintrack_analytics.fct_transactions at target\compiled\fintrack_analytics\models\marts\fct_transactions.sql
12:08:30.711177 [debug]: Finished rendering [  0.00s] model MARTS.fct_transactions [success]
12:08:30.711395 [debug]: Started analyzing model MARTS.fct_transactions
12:08:30.712786 [debug]: Compiled SQL for node test.fintrack_analytics.unique_dim_comptes_compte_id.31a8b2a237 at target\compiled\fintrack_analytics\target\generic_tests\unique_dim_comptes_compte_id.sql
12:08:30.714327 [debug]: Compiled SQL for node test.fintrack_analytics.not_null_dim_comptes_compte_id.2e372eb672 at target\compiled\fintrack_analytics\target\generic_tests\not_null_dim_comptes_compte_id.sql
12:08:30.714517 [debug]: Finished rendering [  0.01s] test DBT_TEST__AUDIT.unique_dim_comptes_compte_id [success]
12:08:30.716719 [debug]: Started analyzing test DBT_TEST__AUDIT.unique_dim_comptes_compte_id
12:08:30.716798 [debug]: Finished rendering [  0.01s] test DBT_TEST__AUDIT.not_null_dim_comptes_compte_id [success]
12:08:30.716961 [debug]: Started analyzing test DBT_TEST__AUDIT.not_null_dim_comptes_compte_id
12:08:30.717936 [debug]: Finished analyzing [  0.00s] test DBT_TEST__AUDIT.unique_dim_comptes_compte_id [success]
12:08:30.718114 [info ]: Started running test DBT_TEST__AUDIT.unique_dim_comptes_compte_id
12:08:30.718358 [debug]: Finished analyzing [  0.00s] test DBT_TEST__AUDIT.not_null_dim_comptes_compte_id [success]
12:08:30.718501 [info ]: Started running test DBT_TEST__AUDIT.not_null_dim_comptes_compte_id
12:08:30.718603 [debug]: Started connection limit wait
12:08:30.723394 [debug]: Writing runtime sql for node "test.fintrack_analytics.unique_dim_comptes_compte_id.31a8b2a237"
12:08:30.723955 [debug]: Finished analyzing [  0.01s] model MARTS.fct_transactions [success]
12:08:30.724156 [info ]: Started running model MARTS.fct_transactions
12:08:30.724222 [debug]: Started connection limit wait
12:08:30.725071 [debug]: create_debug_span(...).entered() took 16µs
12:08:31.286656 [debug]: stmt.execute() (submit+wait_for_completion, returns reader) took 561.4145ms
12:08:31.286680 [debug]: reader.schema() took 400ns
12:08:31.287549 [debug]: batch-consume loop (for res in reader) took 859.7µs
12:08:31.288333 [debug]: do_execute(conn) (closure: stmt.execute + schema + batch loop) took 563.2349ms
12:08:31.288361 [debug]: concat_batches + normalize_result_column_names took 10µs
12:08:31.288369 [debug]: record_current_span_status_from_attrs took 2.7µs
12:08:31.288377 [debug]: Query executed on node test.fintrack_analytics.unique_dim_comptes_compte_id.31a8b2a237:
select
      count(*) as failures,
      count(*) != 0 as should_warn,
      count(*) != 0 as should_error
    from (
      
    
  
    
    

select
    compte_id as unique_field,
    count(*) as n_records

from fintrack_db.MARTS.dim_comptes
where compte_id is not null
group by compte_id
having count(*) > 1



  
  
      
    ) dbt_internal_test
/* {"app": "dbt", "dbt_version": "2.0.0", "node_id": "test.fintrack_analytics.unique_dim_comptes_compte_id.31a8b2a237", "profile_name": "fintrack_analytics", "target_name": "dev"} */
12:08:31.288405 [debug]: drop(query_span_guard) (span exit/export) took 31.4µs
12:08:31.289317 [debug]: Finished connection limit wait [  0.57s]
12:08:31.289323 [info ]: Finished running [  0.57s] test DBT_TEST__AUDIT.unique_dim_comptes_compte_id [pass]
12:08:31.289446 [info ]:     Passed [  0.58s] test  unique_dim_comptes_compte_id
12:08:31.291461 [debug]: Writing runtime sql for node "test.fintrack_analytics.not_null_dim_comptes_compte_id.2e372eb672"
12:08:31.293117 [debug]: create_debug_span(...).entered() took 17.8µs
12:08:31.444435 [debug]: stmt.execute() (submit+wait_for_completion, returns reader) took 2.1218533s
12:08:31.444486 [debug]: reader.schema() took 700ns
12:08:31.449048 [debug]: do_execute(conn) (closure: stmt.execute + schema + batch loop) took 2.1267663s
12:08:31.449115 [debug]: concat_batches + normalize_result_column_names took 24.1µs
12:08:31.449133 [debug]: record_current_span_status_from_attrs took 5.3µs
12:08:31.449149 [debug]: Query executed on node model.fintrack_analytics.dim_categories:
create or replace transient  table fintrack_db.MARTS.dim_categories
    
    
    
    
    as (select
    categorie_id,
    nom_categorie,
    type_categorie,
    groupe
from fintrack_db.STAGING.stg_categories
    )

/* {"app": "dbt", "dbt_version": "2.0.0", "node_id": "model.fintrack_analytics.dim_categories", "profile_name": "fintrack_analytics", "target_name": "dev"} */
12:08:31.449205 [debug]: drop(query_span_guard) (span exit/export) took 60.2µs
12:08:31.452305 [debug]: Finished connection limit wait [  0.73s]
12:08:31.452305 [info ]: Finished running [  2.53s] model MARTS.dim_categories [success]
12:08:31.453211 [info ]:  Succeeded [  2.53s] model MARTS.dim_categories (table)
12:08:31.454560 [info ]: Started test DBT_TEST__AUDIT.unique_dim_categories_categorie_id
12:08:31.454613 [debug]: Started rendering test DBT_TEST__AUDIT.unique_dim_categories_categorie_id
12:08:31.454706 [info ]: Started test DBT_TEST__AUDIT.not_null_dim_categories_categorie_id
12:08:31.454768 [debug]: Started rendering test DBT_TEST__AUDIT.not_null_dim_categories_categorie_id
12:08:31.459464 [debug]: Writing runtime sql for node "model.fintrack_analytics.fct_transactions"
12:08:31.463889 [debug]: Compiled SQL for node test.fintrack_analytics.unique_dim_categories_categorie_id.86b0ecf635 at target\compiled\fintrack_analytics\target\generic_tests\unique_dim_categories_categorie_id.sql
12:08:31.464209 [debug]: Compiled SQL for node test.fintrack_analytics.not_null_dim_categories_categorie_id.93562953fd at target\compiled\fintrack_analytics\target\generic_tests\not_null_dim_categories_categorie_id.sql
12:08:31.464989 [debug]: create_debug_span(...).entered() took 36.4µs
12:08:31.464826 [debug]: Finished rendering [  0.01s] test DBT_TEST__AUDIT.unique_dim_categories_categorie_id [success]
12:08:31.465094 [debug]: Started analyzing test DBT_TEST__AUDIT.unique_dim_categories_categorie_id
12:08:31.465525 [debug]: Finished rendering [  0.01s] test DBT_TEST__AUDIT.not_null_dim_categories_categorie_id [success]
12:08:31.466352 [debug]: Started analyzing test DBT_TEST__AUDIT.not_null_dim_categories_categorie_id
12:08:31.466761 [debug]: Finished analyzing [  0.00s] test DBT_TEST__AUDIT.not_null_dim_categories_categorie_id [success]
12:08:31.467401 [info ]: Started running test DBT_TEST__AUDIT.not_null_dim_categories_categorie_id
12:08:31.467545 [debug]: Started connection limit wait
12:08:31.467464 [debug]: Finished analyzing [  0.00s] test DBT_TEST__AUDIT.unique_dim_categories_categorie_id [success]
12:08:31.467999 [info ]: Started running test DBT_TEST__AUDIT.unique_dim_categories_categorie_id
12:08:31.468166 [debug]: Started connection limit wait
12:08:31.784223 [debug]: stmt.execute() (submit+wait_for_completion, returns reader) took 491.0231ms
12:08:31.784251 [debug]: reader.schema() took 800ns
12:08:31.785169 [debug]: batch-consume loop (for res in reader) took 908µs
12:08:31.786133 [debug]: do_execute(conn) (closure: stmt.execute + schema + batch loop) took 492.9872ms
12:08:31.786159 [debug]: concat_batches + normalize_result_column_names took 9.6µs
12:08:31.786167 [debug]: record_current_span_status_from_attrs took 3µs
12:08:31.786178 [debug]: Query executed on node test.fintrack_analytics.not_null_dim_comptes_compte_id.2e372eb672:
select
      count(*) as failures,
      count(*) != 0 as should_warn,
      count(*) != 0 as should_error
    from (
      
    
  
    
    



select compte_id
from fintrack_db.MARTS.dim_comptes
where compte_id is null



  
  
      
    ) dbt_internal_test
/* {"app": "dbt", "dbt_version": "2.0.0", "node_id": "test.fintrack_analytics.not_null_dim_comptes_compte_id.2e372eb672", "profile_name": "fintrack_analytics", "target_name": "dev"} */
12:08:31.786202 [debug]: drop(query_span_guard) (span exit/export) took 30.1µs
12:08:31.787162 [debug]: Finished connection limit wait [  0.32s]
12:08:31.787171 [info ]: Finished running [  0.50s] test DBT_TEST__AUDIT.not_null_dim_comptes_compte_id [pass]
12:08:31.787700 [info ]:     Passed [  0.51s] test  not_null_dim_comptes_compte_id
12:08:31.789933 [debug]: Writing runtime sql for node "test.fintrack_analytics.not_null_dim_categories_categorie_id.93562953fd"
12:08:31.791268 [debug]: create_debug_span(...).entered() took 17µs
12:08:32.258957 [debug]: stmt.execute() (submit+wait_for_completion, returns reader) took 467.6024ms
12:08:32.259011 [debug]: reader.schema() took 600ns
12:08:32.260812 [debug]: batch-consume loop (for res in reader) took 1.7701ms
12:08:32.262276 [debug]: do_execute(conn) (closure: stmt.execute + schema + batch loop) took 470.9738ms
12:08:32.262350 [debug]: concat_batches + normalize_result_column_names took 26.5µs
12:08:32.262382 [debug]: record_current_span_status_from_attrs took 6.2µs
12:08:32.262426 [debug]: Query executed on node test.fintrack_analytics.not_null_dim_categories_categorie_id.93562953fd:
select
      count(*) as failures,
      count(*) != 0 as should_warn,
      count(*) != 0 as should_error
    from (
      
    
  
    
    



select categorie_id
from fintrack_db.MARTS.dim_categories
where categorie_id is null



  
  
      
    ) dbt_internal_test
/* {"app": "dbt", "dbt_version": "2.0.0", "node_id": "test.fintrack_analytics.not_null_dim_categories_categorie_id.93562953fd", "profile_name": "fintrack_analytics", "target_name": "dev"} */
12:08:32.262503 [debug]: drop(query_span_guard) (span exit/export) took 86.1µs
12:08:32.264273 [debug]: Finished connection limit wait [  0.80s]
12:08:32.264269 [info ]: Finished running [  0.48s] test DBT_TEST__AUDIT.not_null_dim_categories_categorie_id [pass]
12:08:32.265116 [info ]:     Passed [  0.49s] test  not_null_dim_categories_categorie_id
12:08:32.268698 [debug]: Writing runtime sql for node "test.fintrack_analytics.unique_dim_categories_categorie_id.86b0ecf635"
12:08:32.271354 [debug]: create_debug_span(...).entered() took 26.7µs
12:08:33.075594 [debug]: stmt.execute() (submit+wait_for_completion, returns reader) took 804.1207ms
12:08:33.075623 [debug]: reader.schema() took 400ns
12:08:33.090640 [debug]: batch-consume loop (for res in reader) took 14.9933ms
12:08:33.091564 [debug]: do_execute(conn) (closure: stmt.execute + schema + batch loop) took 820.1713ms
12:08:33.091607 [debug]: concat_batches + normalize_result_column_names took 11.5µs
12:08:33.091633 [debug]: record_current_span_status_from_attrs took 3.1µs
12:08:33.091641 [debug]: Query executed on node test.fintrack_analytics.unique_dim_categories_categorie_id.86b0ecf635:
select
      count(*) as failures,
      count(*) != 0 as should_warn,
      count(*) != 0 as should_error
    from (
      
    
  
    
    

select
    categorie_id as unique_field,
    count(*) as n_records

from fintrack_db.MARTS.dim_categories
where categorie_id is not null
group by categorie_id
having count(*) > 1



  
  
      
    ) dbt_internal_test
/* {"app": "dbt", "dbt_version": "2.0.0", "node_id": "test.fintrack_analytics.unique_dim_categories_categorie_id.86b0ecf635", "profile_name": "fintrack_analytics", "target_name": "dev"} */
12:08:33.091667 [debug]: drop(query_span_guard) (span exit/export) took 29.8µs
12:08:33.092566 [info ]: Finished running [  0.83s] test DBT_TEST__AUDIT.unique_dim_categories_categorie_id [pass]
12:08:33.092999 [info ]:     Passed [  0.84s] test  unique_dim_categories_categorie_id
12:08:33.406395 [debug]: stmt.execute() (submit+wait_for_completion, returns reader) took 1.9406188s
12:08:33.406479 [debug]: reader.schema() took 1µs
12:08:33.416788 [debug]: do_execute(conn) (closure: stmt.execute + schema + batch loop) took 1.9517357s
12:08:33.416958 [debug]: concat_batches + normalize_result_column_names took 88.6µs
12:08:33.416995 [debug]: record_current_span_status_from_attrs took 10.3µs
12:08:33.417031 [debug]: Query executed on node model.fintrack_analytics.fct_transactions:
create or replace transient  table fintrack_db.MARTS.fct_transactions
    
    
    
    
    as (with __dbt__cte__int_transactions_enrichies as (
-- Modèle éphémère : injecté comme CTE dans fct_transactions, ne crée pas d'objet en base.
with transactions as (

    select * from fintrack_db.STAGING.stg_transactions

),

comptes as (

    select * from fintrack_db.STAGING.stg_comptes

),

categories as (

    select * from fintrack_db.STAGING.stg_categories

),

enrichi as (

    select
        t.transaction_id,
        t.compte_id,
        c.nom_client,
        c.type_compte,
        t.date_transaction,
        date_trunc('month', t.date_transaction)::date as mois_transaction,
        t.montant,
        t.montant_signe,
        t.type_operation,
        t.categorie_id,
        cat.nom_categorie,
        cat.type_categorie,
        cat.groupe,
        t.description,
        t.statut

    from transactions t
    left join comptes    c   on t.compte_id    = c.compte_id
    left join categories cat on t.categorie_id = cat.categorie_id

)

select * from enrichi
)
--EPHEMERAL-SELECT-WRAPPER-START
select * from (
select
    transaction_id,
    compte_id,
    categorie_id,
    date_transaction,
    mois_transaction,
    montant,
    montant_signe,
    type_operation,
    nom_client,
    type_compte,
    nom_categorie,
    type_categorie,
    groupe,
    description,
    statut

from __dbt__cte__int_transactions_enrichies

-- On ne garde que les transactions confirmées dans les analyses financières
where statut = 'validee'
--EPHEMERAL-SELECT-WRAPPER-END
)
    )

/* {"app": "dbt", "dbt_version": "2.0.0", "node_id": "model.fintrack_analytics.fct_transactions", "profile_name": "fintrack_analytics", "target_name": "dev"} */
12:08:33.417148 [debug]: drop(query_span_guard) (span exit/export) took 128µs
12:08:33.422542 [info ]: Finished running [  1.97s] model MARTS.fct_transactions [success]
12:08:33.423761 [info ]:  Succeeded [  1.99s] model MARTS.fct_transactions (table)
12:08:33.425747 [info ]: Started test DBT_TEST__AUDIT.not_null_fct_transactions_transaction_id
12:08:33.425795 [debug]: Started rendering test DBT_TEST__AUDIT.not_null_fct_transactions_transaction_id
12:08:33.425915 [info ]: Started model MARTS.mart_budget_vs_reel
12:08:33.425978 [debug]: Started rendering model MARTS.mart_budget_vs_reel
12:08:33.426056 [info ]: Started model MARTS.mart_top_depenses
12:08:33.426096 [debug]: Started rendering model MARTS.mart_top_depenses
12:08:33.426199 [info ]: Started model MARTS.mart_solde_mensuel
12:08:33.426242 [debug]: Started rendering model MARTS.mart_solde_mensuel
12:08:33.426334 [info ]: Started test DBT_TEST__AUDIT.unique_fct_transactions_transaction_id
12:08:33.426387 [debug]: Started rendering test DBT_TEST__AUDIT.unique_fct_transactions_transaction_id
12:08:33.437643 [debug]: Compiled SQL for node test.fintrack_analytics.unique_fct_transactions_transaction_id.c963611c53 at target\compiled\fintrack_analytics\target\generic_tests\unique_fct_transactions_transaction_id.sql
12:08:33.438442 [debug]: Compiled SQL for node test.fintrack_analytics.not_null_fct_transactions_transaction_id.2c6b5372aa at target\compiled\fintrack_analytics\target\generic_tests\not_null_fct_transactions_transaction_id.sql
12:08:33.440836 [debug]: Compiled SQL for node model.fintrack_analytics.mart_solde_mensuel at target\compiled\fintrack_analytics\models\marts\mart_solde_mensuel.sql
12:08:33.441498 [debug]: Compiled SQL for node model.fintrack_analytics.mart_budget_vs_reel at target\compiled\fintrack_analytics\models\marts\mart_budget_vs_reel.sql
12:08:33.445511 [debug]: Compiled SQL for node model.fintrack_analytics.mart_top_depenses at target\compiled\fintrack_analytics\models\marts\mart_top_depenses.sql
12:08:33.442556 [debug]: Finished rendering [  0.02s] test DBT_TEST__AUDIT.unique_fct_transactions_transaction_id [success]
12:08:33.449435 [debug]: Started analyzing test DBT_TEST__AUDIT.unique_fct_transactions_transaction_id
12:08:33.449502 [debug]: Finished rendering [  0.02s] test DBT_TEST__AUDIT.not_null_fct_transactions_transaction_id [success]
12:08:33.450831 [debug]: Started analyzing test DBT_TEST__AUDIT.not_null_fct_transactions_transaction_id
12:08:33.450884 [debug]: Finished rendering [  0.02s] model MARTS.mart_solde_mensuel [success]
12:08:33.451804 [debug]: Started analyzing model MARTS.mart_solde_mensuel
12:08:33.451857 [debug]: Finished rendering [  0.03s] model MARTS.mart_budget_vs_reel [success]
12:08:33.452221 [debug]: Started analyzing model MARTS.mart_budget_vs_reel
12:08:33.452259 [debug]: Finished rendering [  0.03s] model MARTS.mart_top_depenses [success]
12:08:33.452779 [debug]: Started analyzing model MARTS.mart_top_depenses
12:08:33.452816 [debug]: Finished analyzing [  0.00s] test DBT_TEST__AUDIT.unique_fct_transactions_transaction_id [success]
12:08:33.453378 [info ]: Started running test DBT_TEST__AUDIT.unique_fct_transactions_transaction_id
12:08:33.453419 [debug]: Finished analyzing [  0.00s] test DBT_TEST__AUDIT.not_null_fct_transactions_transaction_id [success]
12:08:33.455173 [info ]: Started running test DBT_TEST__AUDIT.not_null_fct_transactions_transaction_id
12:08:33.458567 [debug]: Writing runtime sql for node "test.fintrack_analytics.unique_fct_transactions_transaction_id.c963611c53"
12:08:33.458740 [debug]: Writing runtime sql for node "test.fintrack_analytics.not_null_fct_transactions_transaction_id.2c6b5372aa"
12:08:33.459420 [debug]: Finished analyzing [  0.01s] model MARTS.mart_top_depenses [success]
12:08:33.461151 [debug]: create_debug_span(...).entered() took 25µs
12:08:33.461179 [debug]: create_debug_span(...).entered() took 15.7µs
12:08:33.465017 [debug]: Finished analyzing [  0.01s] model MARTS.mart_solde_mensuel [success]
12:08:33.470554 [debug]: Finished analyzing [  0.02s] model MARTS.mart_budget_vs_reel [success]
12:08:33.990013 [debug]: stmt.execute() (submit+wait_for_completion, returns reader) took 528.6541ms
12:08:33.990117 [debug]: reader.schema() took 1.3µs
12:08:33.995430 [debug]: batch-consume loop (for res in reader) took 5.2444ms
12:08:34.001901 [debug]: stmt.execute() (submit+wait_for_completion, returns reader) took 540.5521ms
12:08:34.002004 [debug]: reader.schema() took 1.5µs
12:08:34.002177 [debug]: do_execute(conn) (closure: stmt.execute + schema + batch loop) took 540.9502ms
12:08:34.002330 [debug]: concat_batches + normalize_result_column_names took 50.6µs
12:08:34.002389 [debug]: record_current_span_status_from_attrs took 13.4µs
12:08:34.002447 [debug]: Query executed on node test.fintrack_analytics.not_null_fct_transactions_transaction_id.2c6b5372aa:
select
      count(*) as failures,
      count(*) != 0 as should_warn,
      count(*) != 0 as should_error
    from (
      
    
  
    
    



select transaction_id
from fintrack_db.MARTS.fct_transactions
where transaction_id is null



  
  
      
    ) dbt_internal_test
/* {"app": "dbt", "dbt_version": "2.0.0", "node_id": "test.fintrack_analytics.not_null_fct_transactions_transaction_id.2c6b5372aa", "profile_name": "fintrack_analytics", "target_name": "dev"} */
12:08:34.002598 [debug]: drop(query_span_guard) (span exit/export) took 166.5µs
12:08:34.007574 [debug]: batch-consume loop (for res in reader) took 5.4921ms
12:08:34.012353 [debug]: do_execute(conn) (closure: stmt.execute + schema + batch loop) took 551.1376ms
12:08:34.012658 [debug]: concat_batches + normalize_result_column_names took 114µs
12:08:34.012780 [debug]: record_current_span_status_from_attrs took 14.8µs
12:08:34.012848 [debug]: Query executed on node test.fintrack_analytics.unique_fct_transactions_transaction_id.c963611c53:
select
      count(*) as failures,
      count(*) != 0 as should_warn,
      count(*) != 0 as should_error
    from (
      
    
  
    
    

select
    transaction_id as unique_field,
    count(*) as n_records

from fintrack_db.MARTS.fct_transactions
where transaction_id is not null
group by transaction_id
having count(*) > 1



  
  
      
    ) dbt_internal_test
/* {"app": "dbt", "dbt_version": "2.0.0", "node_id": "test.fintrack_analytics.unique_fct_transactions_transaction_id.c963611c53", "profile_name": "fintrack_analytics", "target_name": "dev"} */
12:08:34.009754 [info ]: Finished running [  0.55s] test DBT_TEST__AUDIT.not_null_fct_transactions_transaction_id [pass]
12:08:34.013003 [debug]: drop(query_span_guard) (span exit/export) took 166.5µs
12:08:34.013120 [info ]:     Passed [  0.58s] test  not_null_fct_transactions_transaction_id
12:08:34.020469 [info ]: Finished running [  0.57s] test DBT_TEST__AUDIT.unique_fct_transactions_transaction_id [pass]
12:08:34.021191 [info ]:     Passed [  0.59s] test  unique_fct_transactions_transaction_id
12:08:34.024065 [info ]: Started running model MARTS.mart_solde_mensuel
12:08:34.024150 [info ]: Started running model MARTS.mart_budget_vs_reel
12:08:34.024209 [info ]: Started running model MARTS.mart_top_depenses
12:08:34.024311 [debug]: Started connection limit wait
12:08:34.032842 [debug]: Writing runtime sql for node "model.fintrack_analytics.mart_solde_mensuel"
12:08:34.034582 [debug]: Writing runtime sql for node "model.fintrack_analytics.mart_budget_vs_reel"
12:08:34.036943 [debug]: create_debug_span(...).entered() took 32.9µs
12:08:34.038319 [debug]: create_debug_span(...).entered() took 27.4µs
12:08:35.342845 [debug]: stmt.execute() (submit+wait_for_completion, returns reader) took 1.3056464s
12:08:35.342874 [debug]: reader.schema() took 400ns
12:08:35.344656 [debug]: do_execute(conn) (closure: stmt.execute + schema + batch loop) took 1.3076554s
12:08:35.344711 [debug]: concat_batches + normalize_result_column_names took 28.1µs
12:08:35.344727 [debug]: record_current_span_status_from_attrs took 4.2µs
12:08:35.344741 [debug]: Query executed on node model.fintrack_analytics.mart_solde_mensuel:
create or replace transient  table fintrack_db.MARTS.mart_solde_mensuel
    
    
    
    
    as (with mensuel as (

    select
        compte_id,
        mois_transaction as mois,
        sum(case when type_operation = 'credit' then montant else 0 end) as total_credits,
        sum(case when type_operation = 'debit'  then montant else 0 end) as total_debits,
        sum(montant_signe) as solde_net_mois

    from fintrack_db.MARTS.fct_transactions
    group by compte_id, mois_transaction

),

avec_solde_initial as (

    select
        m.*,
        c.solde_initial

    from mensuel m
    left join fintrack_db.MARTS.dim_comptes c on m.compte_id = c.compte_id

)

select
    compte_id,
    mois,
    total_credits,
    total_debits,
    solde_net_mois,

    -- Solde cumulé depuis l'ouverture : solde initial + somme des soldes nets mensuels
    -- de tous les mois précédents (inclus) pour ce compte.
    solde_initial + sum(solde_net_mois) over (
        partition by compte_id
        order by mois
        rows between unbounded preceding and current row
    ) as solde_cumule

from avec_solde_initial
    )

/* {"app": "dbt", "dbt_version": "2.0.0", "node_id": "model.fintrack_analytics.mart_solde_mensuel", "profile_name": "fintrack_analytics", "target_name": "dev"} */
12:08:35.344812 [debug]: drop(query_span_guard) (span exit/export) took 74.7µs
12:08:35.346671 [debug]: Finished connection limit wait [  1.32s]
12:08:35.346678 [info ]: Finished running [  1.32s] model MARTS.mart_solde_mensuel [success]
12:08:35.346826 [info ]:  Succeeded [  1.36s] model MARTS.mart_solde_mensuel (table)
12:08:35.347474 [info ]: Started test DBT_TEST__AUDIT.assert_solde_mensuel_positif
12:08:35.347496 [debug]: Started rendering test DBT_TEST__AUDIT.assert_solde_mensuel_positif
12:08:35.348897 [debug]: Compiled SQL for node test.fintrack_analytics.assert_solde_mensuel_positif at target\compiled\fintrack_analytics\tests\assert_solde_mensuel_positif.sql
12:08:35.349022 [debug]: Finished rendering [  0.00s] test DBT_TEST__AUDIT.assert_solde_mensuel_positif [success]
12:08:35.349142 [info ]: Finished rendering [ 17.54s] (30 nodes, 0 skipped, 0 errors)
12:08:35.349765 [debug]: Started analyzing test DBT_TEST__AUDIT.assert_solde_mensuel_positif
12:08:35.350405 [debug]: Writing runtime sql for node "model.fintrack_analytics.mart_top_depenses"
12:08:35.351267 [debug]: Finished analyzing [  0.00s] test DBT_TEST__AUDIT.assert_solde_mensuel_positif [success]
12:08:35.351566 [info ]: Finished analyzing [ 17.53s] (30 nodes, 0 skipped, 0 errors)
12:08:35.352257 [debug]: create_debug_span(...).entered() took 22.4µs
12:08:35.352295 [info ]: Started running test DBT_TEST__AUDIT.assert_solde_mensuel_positif
12:08:35.352375 [debug]: Started connection limit wait
12:08:35.674176 [debug]: stmt.execute() (submit+wait_for_completion, returns reader) took 1.6356444s
12:08:35.674200 [debug]: reader.schema() took 300ns
12:08:35.676023 [debug]: do_execute(conn) (closure: stmt.execute + schema + batch loop) took 1.637663s
12:08:35.676066 [debug]: concat_batches + normalize_result_column_names took 22.9µs
12:08:35.676075 [debug]: record_current_span_status_from_attrs took 2.7µs
12:08:35.676083 [debug]: Query executed on node model.fintrack_analytics.mart_budget_vs_reel:
create or replace transient  table fintrack_db.MARTS.mart_budget_vs_reel
    
    
    
    
    as (with budgets_agreges as (

    select
        compte_id,
        categorie_id,
        mois,
        sum(montant_prevu) as montant_prevu

    from fintrack_db.STAGING.stg_budgets
    group by compte_id, categorie_id, mois

),

depenses_agregees as (

    select
        compte_id,
        categorie_id,
        mois_transaction as mois,
        sum(montant) as montant_reel

    from fintrack_db.MARTS.fct_transactions
    where type_operation = 'debit'
    group by compte_id, categorie_id, mois_transaction

),

rapproche as (

    select
        coalesce(b.compte_id, d.compte_id)       as compte_id,
        coalesce(b.categorie_id, d.categorie_id) as categorie_id,
        coalesce(b.mois, d.mois)                 as mois,
        coalesce(b.montant_prevu, 0)             as montant_prevu,
        coalesce(d.montant_reel, 0)              as montant_reel

    from budgets_agreges b
    full outer join depenses_agregees d
        on  b.compte_id    = d.compte_id
        and b.categorie_id = d.categorie_id
        and b.mois          = d.mois

)

select
    r.compte_id,
    c.nom_client,
    r.categorie_id,
    cat.nom_categorie,
    r.mois,
    r.montant_prevu,
    r.montant_reel,
    r.montant_reel - r.montant_prevu as ecart,
    r.montant_reel > r.montant_prevu as depassement

from rapproche r
left join fintrack_db.MARTS.dim_comptes    c   on r.compte_id    = c.compte_id
left join fintrack_db.MARTS.dim_categories cat on r.categorie_id = cat.categorie_id
    )

/* {"app": "dbt", "dbt_version": "2.0.0", "node_id": "model.fintrack_analytics.mart_budget_vs_reel", "profile_name": "fintrack_analytics", "target_name": "dev"} */
12:08:35.676110 [debug]: drop(query_span_guard) (span exit/export) took 31.2µs
12:08:35.678499 [debug]: Finished connection limit wait [  0.33s]
12:08:35.678545 [info ]: Finished running [  1.65s] model MARTS.mart_budget_vs_reel [success]
12:08:35.678944 [info ]:  Succeeded [  1.70s] model MARTS.mart_budget_vs_reel (table)
12:08:35.681280 [debug]: Writing runtime sql for node "test.fintrack_analytics.assert_solde_mensuel_positif"
12:08:35.682610 [debug]: create_debug_span(...).entered() took 18.4µs
12:08:36.556521 [debug]: stmt.execute() (submit+wait_for_completion, returns reader) took 1.2041636s
12:08:36.556569 [debug]: reader.schema() took 600ns
12:08:36.560390 [debug]: do_execute(conn) (closure: stmt.execute + schema + batch loop) took 1.2080951s
12:08:36.560458 [debug]: concat_batches + normalize_result_column_names took 30.4µs
12:08:36.560473 [debug]: record_current_span_status_from_attrs took 5µs
12:08:36.560488 [debug]: Query executed on node model.fintrack_analytics.mart_top_depenses:
create or replace transient  table fintrack_db.MARTS.mart_top_depenses
    
    
    
    
    as (-- Bonus 8.2 : top 3 des catégories de dépenses par compte.
with depenses_categorie as (

    select
        compte_id,
        nom_client,
        categorie_id,
        nom_categorie,
        sum(montant) as total_depense

    from fintrack_db.MARTS.fct_transactions
    where type_operation = 'debit'
    group by compte_id, nom_client, categorie_id, nom_categorie

),

classement as (

    select
        *,
        row_number() over (partition by compte_id order by total_depense desc) as rang

    from depenses_categorie

)

select *
from classement
where rang <= 3
    )

/* {"app": "dbt", "dbt_version": "2.0.0", "node_id": "model.fintrack_analytics.mart_top_depenses", "profile_name": "fintrack_analytics", "target_name": "dev"} */
12:08:36.560544 [debug]: drop(query_span_guard) (span exit/export) took 60.9µs
12:08:36.563885 [info ]: Finished running [  1.22s] model MARTS.mart_top_depenses [success]
12:08:36.564548 [info ]:  Succeeded [  1.25s] model MARTS.mart_top_depenses (table)
12:08:36.794053 [debug]: stmt.execute() (submit+wait_for_completion, returns reader) took 1.1113655s
12:08:36.794085 [debug]: reader.schema() took 400ns
12:08:36.795818 [debug]: batch-consume loop (for res in reader) took 1.7102ms
12:08:36.797080 [debug]: do_execute(conn) (closure: stmt.execute + schema + batch loop) took 1.1144369s
12:08:36.797127 [debug]: concat_batches + normalize_result_column_names took 16.7µs
12:08:36.797142 [debug]: record_current_span_status_from_attrs took 3.9µs
12:08:36.797163 [debug]: Query executed on node test.fintrack_analytics.assert_solde_mensuel_positif:
select
      count(*) as failures,
      count(*) != 0 as should_warn,
      count(*) != 0 as should_error
    from (
      
    
  -- Test singulier : aucun compte epargne ne doit avoir un solde cumulé négatif.
-- Un test dbt réussit quand cette requête ne retourne AUCUNE ligne.

select
    m.compte_id,
    c.nom_client,
    m.mois,
    m.solde_cumule

from fintrack_db.MARTS.mart_solde_mensuel m
inner join fintrack_db.MARTS.dim_comptes c on m.compte_id = c.compte_id
where c.type_compte = 'epargne'
  and m.solde_cumule < 0
  
  
      
    ) dbt_internal_test
/* {"app": "dbt", "dbt_version": "2.0.0", "node_id": "test.fintrack_analytics.assert_solde_mensuel_positif", "profile_name": "fintrack_analytics", "target_name": "dev"} */
12:08:36.797210 [debug]: drop(query_span_guard) (span exit/export) took 51.4µs
12:08:36.798787 [info ]: Finished running [  1.12s] test DBT_TEST__AUDIT.assert_solde_mensuel_positif [pass]
12:08:36.798960 [info ]: Finished running [ 18.97s] (30 nodes, 1 skipped, 0 errors)
12:08:36.799422 [info ]:     Passed [  1.12s] test  assert_solde_mensuel_positif
12:08:37.145931 [info ]: 
==================== Execution Summary =====================
Finished 'build' successfully for target 'dev' [22.4s]
Processed: 11 models | 18 tests | 1 snapshot
Summary: 30 total | 29 success | 1 no-op
==================== 2026-09-03T12:10:37.129764Z | 01a0672d-9ac5-7a41-878c-afa2c1b2b047 ====================
12:10:37.129990 [info ]: dbt-fusion 2.0.0-preview.218
12:10:37.130540 [info ]: Started loading project
12:10:37.135403 [info ]: Loading ~/.dbt/profiles.yml
12:10:37.148208 [info ]: Loading packages.yml
12:10:37.148619 [debug]:    Started loading packages
12:10:37.170313 [debug]:     Loaded [  0.02s] packages
12:10:37.171680 [info ]: Finished loading project [  0.04s]
12:10:37.172503 [info ]: Started parsing
12:10:37.234550 [debug]: Finished parsing models/marts/_marts_schema.yml [  0.00s]
12:10:37.235010 [debug]: Finished parsing models/staging/_stg_schema.yml [  0.00s]
12:10:37.235358 [debug]: Finished parsing models/staging/_stg_sources.yml [  0.00s]
12:10:37.246051 [debug]: Finished parsing snapshots\snapshot_comptes.sql [  0.01s]
12:10:37.251062 [debug]: Finished parsing models/intermediate/int_transactions_enrichies.sql [  0.00s]
12:10:37.251668 [debug]: Finished parsing models/marts/dim_categories.sql [  0.00s]
12:10:37.252931 [debug]: Finished parsing models/marts/dim_comptes.sql [  0.00s]
12:10:37.253676 [debug]: Finished parsing models/marts/fct_transactions.sql [  0.00s]
12:10:37.255118 [debug]: Finished parsing models/marts/mart_budget_vs_reel.sql [  0.00s]
12:10:37.256506 [debug]: Finished parsing models/marts/mart_solde_mensuel.sql [  0.00s]
12:10:37.257333 [debug]: Finished parsing models/marts/mart_top_depenses.sql [  0.00s]
12:10:37.258118 [debug]: Finished parsing models/staging/stg_budgets.sql [  0.00s]
12:10:37.258634 [debug]: Finished parsing models/staging/stg_categories.sql [  0.00s]
12:10:37.259194 [debug]: Finished parsing models/staging/stg_comptes.sql [  0.00s]
12:10:37.259703 [debug]: Finished parsing models/staging/stg_transactions.sql [  0.00s]
12:10:37.284517 [debug]: Finished parsing tests/assert_solde_mensuel_positif.sql [  0.00s]
12:10:37.285600 [debug]: Finished parsing target\generic_tests\unique_dim_categories_categorie_id.sql [  0.00s]
12:10:37.286432 [debug]: Finished parsing target\generic_tests\not_null_dim_categories_categorie_id.sql [  0.00s]
12:10:37.287273 [debug]: Finished parsing target\generic_tests\unique_dim_comptes_compte_id.sql [  0.00s]
12:10:37.288077 [debug]: Finished parsing target\generic_tests\not_null_dim_comptes_compte_id.sql [  0.00s]
12:10:37.288849 [debug]: Finished parsing target\generic_tests\unique_fct_transactions_transaction_id.sql [  0.00s]
12:10:37.289681 [debug]: Finished parsing target\generic_tests\not_null_fct_transactions_transaction_id.sql [  0.00s]
12:10:37.290449 [debug]: Finished parsing target\generic_tests\unique_stg_budgets_budget_id.sql [  0.00s]
12:10:37.291249 [debug]: Finished parsing target\generic_tests\not_null_stg_budgets_budget_id.sql [  0.00s]
12:10:37.292004 [debug]: Finished parsing target\generic_tests\unique_stg_categories_categorie_id.sql [  0.00s]
12:10:37.292788 [debug]: Finished parsing target\generic_tests\not_null_stg_categories_categorie_id.sql [  0.00s]
12:10:37.293495 [debug]: Finished parsing target\generic_tests\unique_stg_comptes_compte_id.sql [  0.00s]
12:10:37.294257 [debug]: Finished parsing target\generic_tests\not_null_stg_comptes_compte_id.sql [  0.00s]
12:10:37.295009 [debug]: Finished parsing target\generic_tests\accepted_values_stg_comptes_statut__actif__inactif__cloture.sql [  0.00s]
12:10:37.295659 [debug]: Finished parsing target\generic_tests\accepted_values_stg_comptes_f1faed08d9c87f7483d3a3bcc8a81daa.sql [  0.00s]
12:10:37.296431 [debug]: Finished parsing target\generic_tests\relationships_stg_transactions_985ebbdbfd283785f0e58047e4f6b5ed.sql [  0.00s]
12:10:37.297158 [debug]: Finished parsing target\generic_tests\unique_stg_transactions_transaction_id.sql [  0.00s]
12:10:37.297931 [debug]: Finished parsing target\generic_tests\not_null_stg_transactions_transaction_id.sql [  0.00s]
12:10:37.542702 [info ]: Finished parsing [  0.37s]
12:10:37.593932 [info ]: Started scheduling
12:10:37.594335 [info ]: Finished scheduling [  0.00s]
12:10:37.598597 [debug]: Initializing schema store with entry: Frontier(CanonicalFqn { catalog: "FINTRACK_DB", schema: "RAW", table: "RAW_BUDGETS" }) and interval: None
12:10:37.598621 [debug]: Initializing schema store with entry: Frontier(CanonicalFqn { catalog: "FINTRACK_DB", schema: "RAW", table: "RAW_CATEGORIES" }) and interval: None
12:10:37.598625 [debug]: Initializing schema store with entry: Frontier(CanonicalFqn { catalog: "FINTRACK_DB", schema: "RAW", table: "RAW_COMPTES" }) and interval: None
12:10:37.598629 [debug]: Initializing schema store with entry: Frontier(CanonicalFqn { catalog: "FINTRACK_DB", schema: "RAW", table: "RAW_TRANSACTIONS" }) and interval: None
12:10:37.652168 [info ]: Started building task graph
12:10:37.652927 [info ]: Finished building task graph [  0.00s]
12:10:37.661547 [debug]: Snowflake driver resolved: snowflake 0.21.0.dev+dbt0.21.17
12:10:40.114667 [debug]: create_debug_span(...).entered() took 34.4µs
12:10:40.624977 [debug]: stmt.execute() (submit+wait_for_completion, returns reader) took 510.1142ms
12:10:40.625038 [debug]: reader.schema() took 6.2µs
12:10:40.626699 [debug]: batch-consume loop (for res in reader) took 1.6417ms
12:10:40.627676 [debug]: do_execute(conn) (closure: stmt.execute + schema + batch loop) took 512.9725ms
12:10:40.627783 [debug]: concat_batches + normalize_result_column_names took 79µs
12:10:40.627803 [debug]: record_current_span_status_from_attrs took 7.4µs
12:10:40.627813 [debug]: Query executed on node unknown:
show terse schemas in database fintrack_db
    limit 10000
/* {"app": "dbt", "connection_name": "", "dbt_version": "2.0.0", "profile_name": "fintrack_analytics", "target_name": "dev"} */
12:10:40.627836 [debug]: drop(query_span_guard) (span exit/export) took 29.1µs
12:10:40.628266 [info ]: Started rendering (30 nodes)
12:10:40.628634 [info ]: Started snapshot snapshots.snapshot_comptes
12:10:40.630113 [debug]: Started rendering snapshot snapshots.snapshot_comptes
12:10:40.630184 [info ]: Started model STAGING.stg_budgets
12:10:40.630201 [debug]: Started rendering model STAGING.stg_budgets
12:10:40.630227 [info ]: Started model STAGING.stg_transactions
12:10:40.630241 [debug]: Started rendering model STAGING.stg_transactions
12:10:40.630266 [info ]: Started model STAGING.stg_comptes
12:10:40.630280 [debug]: Started rendering model STAGING.stg_comptes
12:10:40.630303 [info ]: Started model STAGING.stg_categories
12:10:40.630316 [debug]: Started rendering model STAGING.stg_categories
12:10:40.633279 [debug]: Compiled SQL for node snapshot.fintrack_analytics.snapshot_comptes at target\compiled\fintrack_analytics\snapshots\snapshot_comptes.sql\snapshot_comptes.sql
12:10:40.635063 [debug]: Compiled SQL for node model.fintrack_analytics.stg_budgets at target\compiled\fintrack_analytics\models\staging\stg_budgets.sql
12:10:40.633788 [debug]: Finished rendering [  0.00s] snapshot snapshots.snapshot_comptes [success]
12:10:40.637177 [info ]: Started analyzing (30 nodes)
12:10:40.637391 [debug]: Started analyzing snapshot snapshots.snapshot_comptes
12:10:40.637448 [debug]: Finished rendering [  0.01s] model STAGING.stg_budgets [success]
12:10:40.638537 [debug]: Started analyzing model STAGING.stg_budgets
12:10:40.639781 [debug]: Compiled SQL for node model.fintrack_analytics.stg_categories at target\compiled\fintrack_analytics\models\staging\stg_categories.sql
12:10:40.639835 [debug]: Compiled SQL for node model.fintrack_analytics.stg_comptes at target\compiled\fintrack_analytics\models\staging\stg_comptes.sql
12:10:40.640424 [debug]: Compiled SQL for node model.fintrack_analytics.stg_transactions at target\compiled\fintrack_analytics\models\staging\stg_transactions.sql
12:10:40.639997 [debug]: Finished rendering [  0.01s] model STAGING.stg_categories [success]
12:10:40.640904 [debug]: Started analyzing model STAGING.stg_categories
12:10:40.641056 [debug]: Finished rendering [  0.01s] model STAGING.stg_comptes [success]
12:10:40.641515 [debug]: Started analyzing model STAGING.stg_comptes
12:10:40.641565 [debug]: Finished rendering [  0.01s] model STAGING.stg_transactions [success]
12:10:40.641989 [debug]: Started analyzing model STAGING.stg_transactions
12:10:40.645872 [debug]: Finished analyzing [  0.01s] snapshot snapshots.snapshot_comptes [success]
12:10:40.646230 [info ]: Started running (30 nodes)
12:10:40.647293 [info ]: Started running snapshot snapshots.snapshot_comptes
12:10:40.657585 [debug]: create_debug_span(...).entered() took 33µs
12:10:40.661362 [debug]: Finished analyzing [  0.02s] model STAGING.stg_categories [success]
12:10:40.661754 [info ]: Started running model STAGING.stg_categories
12:10:40.663037 [debug]: Finished analyzing [  0.02s] model STAGING.stg_budgets [success]
12:10:40.663404 [info ]: Started running model STAGING.stg_budgets
12:10:40.663459 [debug]: Started connection limit wait
12:10:40.664294 [debug]: Finished analyzing [  0.02s] model STAGING.stg_comptes [success]
12:10:40.665212 [info ]: Started running model STAGING.stg_comptes
12:10:40.666089 [debug]: Started connection limit wait
12:10:40.672264 [debug]: Finished analyzing [  0.03s] model STAGING.stg_transactions [success]
12:10:40.673038 [info ]: Started running model STAGING.stg_transactions
12:10:40.673224 [debug]: Started connection limit wait
12:10:41.128606 [debug]: stmt.execute() (submit+wait_for_completion, returns reader) took 470.1274ms
12:10:41.128651 [debug]: reader.schema() took 500ns
12:10:41.135769 [debug]: batch-consume loop (for res in reader) took 7.0825ms
12:10:41.141964 [debug]: do_execute(conn) (closure: stmt.execute + schema + batch loop) took 484.3405ms
12:10:41.142066 [debug]: concat_batches + normalize_result_column_names took 68.5µs
12:10:41.142080 [debug]: record_current_span_status_from_attrs took 3.7µs
12:10:41.142092 [debug]: Query executed on node snapshot.fintrack_analytics.snapshot_comptes:
SHOW OBJECTS IN SCHEMA "FINTRACK_DB"."SNAPSHOTS" LIMIT 10000
12:10:41.142123 [debug]: drop(query_span_guard) (span exit/export) took 33.8µs
12:10:41.153024 [debug]: create_debug_span(...).entered() took 24.1µs
12:10:41.607365 [debug]: stmt.execute() (submit+wait_for_completion, returns reader) took 454.1595ms
12:10:41.607499 [debug]: reader.schema() took 1.4µs
12:10:41.612618 [debug]: batch-consume loop (for res in reader) took 5.0525ms
12:10:41.616912 [debug]: do_execute(conn) (closure: stmt.execute + schema + batch loop) took 463.8225ms
12:10:41.617049 [debug]: concat_batches + normalize_result_column_names took 56µs
12:10:41.617080 [debug]: record_current_span_status_from_attrs took 9µs
12:10:41.617112 [debug]: Query executed on node snapshot.fintrack_analytics.snapshot_comptes:
select * from (
        select statut, email, type_compte from (
                



select * from fintrack_db.raw.raw_comptes


            ) subq
    ) as __dbt_sbq
    where false
    limit 0
/* {"app": "dbt", "dbt_version": "2.0.0", "node_id": "snapshot.fintrack_analytics.snapshot_comptes", "profile_name": "fintrack_analytics", "target_name": "dev"} */
12:10:41.617279 [debug]: drop(query_span_guard) (span exit/export) took 165.2µs
12:10:41.640256 [debug]: create_debug_span(...).entered() took 40.5µs
12:10:41.968617 [debug]: stmt.execute() (submit+wait_for_completion, returns reader) took 327.9734ms
12:10:41.968713 [debug]: reader.schema() took 1.4µs
12:10:41.974521 [debug]: batch-consume loop (for res in reader) took 5.759ms
12:10:41.978440 [debug]: do_execute(conn) (closure: stmt.execute + schema + batch loop) took 338.0933ms
12:10:41.978924 [debug]: concat_batches + normalize_result_column_names took 291.1µs
12:10:41.979018 [debug]: record_current_span_status_from_attrs took 13.5µs
12:10:41.979093 [debug]: Query executed on node snapshot.fintrack_analytics.snapshot_comptes:
describe table "FINTRACK_DB"."SNAPSHOTS"."SNAPSHOT_COMPTES"
/* {"app": "dbt", "dbt_version": "2.0.0", "node_id": "snapshot.fintrack_analytics.snapshot_comptes", "profile_name": "fintrack_analytics", "target_name": "dev"} */
12:10:41.979254 [debug]: drop(query_span_guard) (span exit/export) took 172.5µs
12:10:42.013802 [debug]: create_debug_span(...).entered() took 28.4µs
12:10:42.290486 [debug]: create_debug_span(...).entered() took 27.5µs
12:10:42.396070 [debug]: stmt.execute() (submit+wait_for_completion, returns reader) took 382.0074ms
12:10:42.396102 [debug]: reader.schema() took 400ns
12:10:42.397306 [debug]: batch-consume loop (for res in reader) took 1.1871ms
12:10:42.398206 [debug]: do_execute(conn) (closure: stmt.execute + schema + batch loop) took 384.3563ms
12:10:42.398267 [debug]: concat_batches + normalize_result_column_names took 42.5µs
12:10:42.398280 [debug]: record_current_span_status_from_attrs took 3.4µs
12:10:42.398295 [debug]: Query executed on node snapshot.fintrack_analytics.snapshot_comptes:
describe table "FINTRACK_DB"."SNAPSHOTS"."SNAPSHOT_COMPTES"
/* {"app": "dbt", "dbt_version": "2.0.0", "node_id": "snapshot.fintrack_analytics.snapshot_comptes", "profile_name": "fintrack_analytics", "target_name": "dev"} */
12:10:42.398378 [debug]: drop(query_span_guard) (span exit/export) took 85.1µs
12:10:42.406603 [debug]: create_debug_span(...).entered() took 21.4µs
12:10:42.703746 [debug]: stmt.execute() (submit+wait_for_completion, returns reader) took 413.1622ms
12:10:42.703848 [debug]: reader.schema() took 1.3µs
12:10:42.714910 [debug]: batch-consume loop (for res in reader) took 10.9847ms
12:10:42.720774 [debug]: do_execute(conn) (closure: stmt.execute + schema + batch loop) took 430.218ms
12:10:42.721261 [debug]: concat_batches + normalize_result_column_names took 336.4µs
12:10:42.721391 [debug]: record_current_span_status_from_attrs took 25.3µs
12:10:42.721472 [debug]: Query executed on node model.fintrack_analytics.stg_categories:
SHOW OBJECTS IN SCHEMA "FINTRACK_DB"."STAGING" LIMIT 10000
12:10:42.721630 [debug]: drop(query_span_guard) (span exit/export) took 168µs
12:10:42.731244 [debug]: Writing runtime sql for node "model.fintrack_analytics.stg_categories"
12:10:42.742507 [debug]: create_debug_span(...).entered() took 60.4µs
12:10:43.300574 [debug]: stmt.execute() (submit+wait_for_completion, returns reader) took 557.7116ms
12:10:43.300621 [debug]: reader.schema() took 700ns
12:10:43.302698 [debug]: do_execute(conn) (closure: stmt.execute + schema + batch loop) took 560.1039ms
12:10:43.302743 [debug]: concat_batches + normalize_result_column_names took 18.8µs
12:10:43.302753 [debug]: record_current_span_status_from_attrs took 3.5µs
12:10:43.302762 [debug]: Query executed on node model.fintrack_analytics.stg_categories:
create or replace   view fintrack_db.STAGING.stg_categories
  
  
  
  
  as (
    with source as (

    select * from fintrack_db.raw.raw_categories

),

renamed as (

    select
        id      as categorie_id,
        nom     as nom_categorie,
        type    as type_categorie,
        groupe

    from source

)

select * from renamed
  )
/* {"app": "dbt", "dbt_version": "2.0.0", "node_id": "model.fintrack_analytics.stg_categories", "profile_name": "fintrack_analytics", "target_name": "dev"} */
12:10:43.302834 [debug]: drop(query_span_guard) (span exit/export) took 73.7µs
12:10:43.304699 [debug]: Finished connection limit wait [  2.64s]
12:10:43.304710 [info ]: Finished running [  2.64s] model STAGING.stg_categories [success]
12:10:43.305224 [info ]:  Succeeded [  2.67s] model STAGING.stg_categories (view)
12:10:43.306026 [info ]: Started test DBT_TEST__AUDIT.unique_stg_categories_categorie_id
12:10:43.306055 [debug]: Started rendering test DBT_TEST__AUDIT.unique_stg_categories_categorie_id
12:10:43.306102 [info ]: Started test DBT_TEST__AUDIT.not_null_stg_categories_categorie_id
12:10:43.306124 [debug]: Started rendering test DBT_TEST__AUDIT.not_null_stg_categories_categorie_id
12:10:43.306156 [info ]: Started model MARTS.dim_categories
12:10:43.306173 [debug]: Started rendering model MARTS.dim_categories
12:10:43.308077 [debug]: Compiled SQL for node model.fintrack_analytics.dim_categories at target\compiled\fintrack_analytics\models\marts\dim_categories.sql
12:10:43.308233 [debug]: Finished rendering [  0.00s] model MARTS.dim_categories [success]
12:10:43.308397 [debug]: Started analyzing model MARTS.dim_categories
12:10:43.308703 [debug]: Finished analyzing [  0.00s] model MARTS.dim_categories [success]
12:10:43.309279 [debug]: Writing runtime sql for node "model.fintrack_analytics.stg_budgets"
12:10:43.309666 [debug]: Compiled SQL for node test.fintrack_analytics.not_null_stg_categories_categorie_id.3e2fb4d400 at target\compiled\fintrack_analytics\target\generic_tests\not_null_stg_categories_categorie_id.sql
12:10:43.309735 [debug]: Compiled SQL for node test.fintrack_analytics.unique_stg_categories_categorie_id.ab16992ac3 at target\compiled\fintrack_analytics\target\generic_tests\unique_stg_categories_categorie_id.sql
12:10:43.309912 [debug]: Finished rendering [  0.00s] test DBT_TEST__AUDIT.not_null_stg_categories_categorie_id [success]
12:10:43.310112 [debug]: Started analyzing test DBT_TEST__AUDIT.not_null_stg_categories_categorie_id
12:10:43.310167 [debug]: Finished rendering [  0.00s] test DBT_TEST__AUDIT.unique_stg_categories_categorie_id [success]
12:10:43.310316 [debug]: Started analyzing test DBT_TEST__AUDIT.unique_stg_categories_categorie_id
12:10:43.310897 [debug]: Finished analyzing [  0.00s] test DBT_TEST__AUDIT.not_null_stg_categories_categorie_id [success]
12:10:43.311099 [info ]: Started running test DBT_TEST__AUDIT.not_null_stg_categories_categorie_id
12:10:43.311178 [debug]: Started connection limit wait
12:10:43.311418 [debug]: create_debug_span(...).entered() took 18.6µs
12:10:43.313914 [debug]: Finished analyzing [  0.00s] test DBT_TEST__AUDIT.unique_stg_categories_categorie_id [success]
12:10:43.314091 [info ]: Started running test DBT_TEST__AUDIT.unique_stg_categories_categorie_id
12:10:43.314163 [debug]: Started connection limit wait
12:10:43.960505 [debug]: stmt.execute() (submit+wait_for_completion, returns reader) took 649.0022ms
12:10:43.960544 [debug]: reader.schema() took 500ns
12:10:43.963060 [debug]: do_execute(conn) (closure: stmt.execute + schema + batch loop) took 651.6124ms
12:10:43.963105 [debug]: concat_batches + normalize_result_column_names took 18.1µs
12:10:43.963117 [debug]: record_current_span_status_from_attrs took 3.9µs
12:10:43.963127 [debug]: Query executed on node model.fintrack_analytics.stg_budgets:
create or replace   view fintrack_db.STAGING.stg_budgets
  
  
  
  
  as (
    with source as (

    select * from fintrack_db.raw.raw_budgets

),

renamed as (

    select
        id             as budget_id,
        compte_id,
        categorie_id,
        cast(mois as date) as mois,
        montant_prevu

    from source

)

select * from renamed
  )
/* {"app": "dbt", "dbt_version": "2.0.0", "node_id": "model.fintrack_analytics.stg_budgets", "profile_name": "fintrack_analytics", "target_name": "dev"} */
12:10:43.963159 [debug]: drop(query_span_guard) (span exit/export) took 35.6µs
12:10:43.965988 [debug]: Finished connection limit wait [  3.30s]
12:10:43.965989 [info ]: Finished running [  0.66s] model STAGING.stg_budgets [success]
12:10:43.966607 [info ]:  Succeeded [  0.69s] model STAGING.stg_budgets (view)
12:10:43.967844 [info ]: Started test DBT_TEST__AUDIT.unique_stg_budgets_budget_id
12:10:43.967878 [debug]: Started rendering test DBT_TEST__AUDIT.unique_stg_budgets_budget_id
12:10:43.967990 [info ]: Started test DBT_TEST__AUDIT.not_null_stg_budgets_budget_id
12:10:43.968035 [debug]: Started rendering test DBT_TEST__AUDIT.not_null_stg_budgets_budget_id
12:10:43.972528 [debug]: Writing runtime sql for node "model.fintrack_analytics.stg_comptes"
12:10:43.972928 [debug]: Compiled SQL for node test.fintrack_analytics.unique_stg_budgets_budget_id.effb4c8d16 at target\compiled\fintrack_analytics\target\generic_tests\unique_stg_budgets_budget_id.sql
12:10:43.972984 [debug]: Compiled SQL for node test.fintrack_analytics.not_null_stg_budgets_budget_id.ad1ccf4381 at target\compiled\fintrack_analytics\target\generic_tests\not_null_stg_budgets_budget_id.sql
12:10:43.973151 [debug]: Finished rendering [  0.01s] test DBT_TEST__AUDIT.unique_stg_budgets_budget_id [success]
12:10:43.973428 [debug]: Started analyzing test DBT_TEST__AUDIT.unique_stg_budgets_budget_id
12:10:43.973559 [debug]: Finished rendering [  0.01s] test DBT_TEST__AUDIT.not_null_stg_budgets_budget_id [success]
12:10:43.974083 [debug]: Started analyzing test DBT_TEST__AUDIT.not_null_stg_budgets_budget_id
12:10:43.974428 [debug]: Finished analyzing [  0.00s] test DBT_TEST__AUDIT.not_null_stg_budgets_budget_id [success]
12:10:43.974661 [info ]: Started running test DBT_TEST__AUDIT.not_null_stg_budgets_budget_id
12:10:43.974762 [debug]: Started connection limit wait
12:10:43.974789 [debug]: Finished analyzing [  0.00s] test DBT_TEST__AUDIT.unique_stg_budgets_budget_id [success]
12:10:43.974957 [info ]: Started running test DBT_TEST__AUDIT.unique_stg_budgets_budget_id
12:10:43.975039 [debug]: Started connection limit wait
12:10:43.975319 [debug]: create_debug_span(...).entered() took 16.1µs
12:10:44.991939 [debug]: stmt.execute() (submit+wait_for_completion, returns reader) took 1.0164237s
12:10:44.991974 [debug]: reader.schema() took 400ns
12:10:44.993695 [debug]: do_execute(conn) (closure: stmt.execute + schema + batch loop) took 1.018345s
12:10:44.993731 [debug]: concat_batches + normalize_result_column_names took 19.8µs
12:10:44.993750 [debug]: record_current_span_status_from_attrs took 3.5µs
12:10:44.993765 [debug]: Query executed on node model.fintrack_analytics.stg_comptes:
create or replace   view fintrack_db.STAGING.stg_comptes
  
  
  
  
  as (
    with source as (

    select * from fintrack_db.raw.raw_comptes

),

renamed as (

    select
        id                 as compte_id,
        nom_client,
        email,
        type_compte,
        date_ouverture,
        solde_initial,
        lower(statut)      as statut

    from source

)

select * from renamed
  )
/* {"app": "dbt", "dbt_version": "2.0.0", "node_id": "model.fintrack_analytics.stg_comptes", "profile_name": "fintrack_analytics", "target_name": "dev"} */
12:10:44.993814 [debug]: drop(query_span_guard) (span exit/export) took 51.7µs
12:10:44.995546 [debug]: Finished connection limit wait [  4.32s]
12:10:44.995551 [info ]: Finished running [  1.03s] model STAGING.stg_comptes [success]
12:10:44.996083 [info ]:  Succeeded [  1.06s] model STAGING.stg_comptes (view)
12:10:44.996774 [info ]: Started model MARTS.dim_comptes
12:10:44.996803 [debug]: Started rendering model MARTS.dim_comptes
12:10:44.996849 [info ]: Started test DBT_TEST__AUDIT.not_null_stg_comptes_compte_id
12:10:44.996866 [debug]: Started rendering test DBT_TEST__AUDIT.not_null_stg_comptes_compte_id
12:10:44.996901 [info ]: Started test DBT_TEST__AUDIT.unique_stg_comptes_compte_id
12:10:44.996920 [debug]: Started rendering test DBT_TEST__AUDIT.unique_stg_comptes_compte_id
12:10:44.996953 [info ]: Started test DBT_TEST__AUDIT.accepted_values_stg_comptes_type_compte__courant__epargne__joint
12:10:44.996971 [debug]: Started rendering test DBT_TEST__AUDIT.accepted_values_stg_comptes_type_compte__courant__epargne__joint
12:10:44.997007 [info ]: Started test DBT_TEST__AUDIT.accepted_values_stg_comptes_statut__actif__inactif__cloture
12:10:44.997027 [debug]: Started rendering test DBT_TEST__AUDIT.accepted_values_stg_comptes_statut__actif__inactif__cloture
12:10:44.999669 [debug]: Writing runtime sql for node "model.fintrack_analytics.stg_transactions"
12:10:45.001309 [debug]: Compiled SQL for node model.fintrack_analytics.dim_comptes at target\compiled\fintrack_analytics\models\marts\dim_comptes.sql
12:10:45.001820 [debug]: Finished rendering [  0.01s] model MARTS.dim_comptes [success]
12:10:45.002355 [debug]: Started analyzing model MARTS.dim_comptes
12:10:45.003045 [debug]: create_debug_span(...).entered() took 21.7µs
12:10:45.003910 [debug]: Compiled SQL for node test.fintrack_analytics.unique_stg_comptes_compte_id.ca647be308 at target\compiled\fintrack_analytics\target\generic_tests\unique_stg_comptes_compte_id.sql
12:10:45.004182 [debug]: Finished rendering [  0.01s] test DBT_TEST__AUDIT.unique_stg_comptes_compte_id [success]
12:10:45.004359 [debug]: Started analyzing test DBT_TEST__AUDIT.unique_stg_comptes_compte_id
12:10:45.004698 [debug]: Compiled SQL for node test.fintrack_analytics.accepted_values_stg_comptes_type_compte__courant__epargne__joint.ff87077911 at target\compiled\fintrack_analytics\target\generic_tests\accepted_values_stg_comptes_f1faed08d9c87f7483d3a3bcc8a81daa.sql
12:10:45.005337 [debug]: Compiled SQL for node test.fintrack_analytics.not_null_stg_comptes_compte_id.c12e0b3b3b at target\compiled\fintrack_analytics\target\generic_tests\not_null_stg_comptes_compte_id.sql
12:10:45.005472 [debug]: Compiled SQL for node test.fintrack_analytics.accepted_values_stg_comptes_statut__actif__inactif__cloture.f56d9561d0 at target\compiled\fintrack_analytics\target\generic_tests\accepted_values_stg_comptes_statut__actif__inactif__cloture.sql
12:10:45.004864 [debug]: Finished rendering [  0.01s] test DBT_TEST__AUDIT.accepted_values_stg_comptes_type_compte__courant__epargne__joint [success]
12:10:45.005787 [debug]: Started analyzing test DBT_TEST__AUDIT.accepted_values_stg_comptes_type_compte__courant__epargne__joint
12:10:45.005833 [debug]: Finished rendering [  0.01s] test DBT_TEST__AUDIT.not_null_stg_comptes_compte_id [success]
12:10:45.006128 [debug]: Started analyzing test DBT_TEST__AUDIT.not_null_stg_comptes_compte_id
12:10:45.006167 [debug]: Finished analyzing [  0.00s] test DBT_TEST__AUDIT.unique_stg_comptes_compte_id [success]
12:10:45.006296 [info ]: Started running test DBT_TEST__AUDIT.unique_stg_comptes_compte_id
12:10:45.006389 [debug]: Started connection limit wait
12:10:45.006334 [debug]: Finished rendering [  0.01s] test DBT_TEST__AUDIT.accepted_values_stg_comptes_statut__actif__inactif__cloture [success]
12:10:45.006464 [debug]: Started analyzing test DBT_TEST__AUDIT.accepted_values_stg_comptes_statut__actif__inactif__cloture
12:10:45.006514 [debug]: Finished analyzing [  0.00s] test DBT_TEST__AUDIT.not_null_stg_comptes_compte_id [success]
12:10:45.006678 [info ]: Started running test DBT_TEST__AUDIT.not_null_stg_comptes_compte_id
12:10:45.006734 [debug]: Started connection limit wait
12:10:45.008411 [debug]: Finished analyzing [  0.00s] test DBT_TEST__AUDIT.accepted_values_stg_comptes_type_compte__courant__epargne__joint [success]
12:10:45.008546 [info ]: Started running test DBT_TEST__AUDIT.accepted_values_stg_comptes_type_compte__courant__epargne__joint
12:10:45.008634 [debug]: Started connection limit wait
12:10:45.008589 [debug]: Finished analyzing [  0.00s] test DBT_TEST__AUDIT.accepted_values_stg_comptes_statut__actif__inactif__cloture [success]
12:10:45.008691 [info ]: Started running test DBT_TEST__AUDIT.accepted_values_stg_comptes_statut__actif__inactif__cloture
12:10:45.008748 [debug]: Started connection limit wait
12:10:45.013005 [debug]: Finished analyzing [  0.01s] model MARTS.dim_comptes [success]
12:10:45.399958 [debug]: stmt.execute() (submit+wait_for_completion, returns reader) took 2.9932222s
12:10:45.400047 [debug]: reader.schema() took 700ns
12:10:45.403472 [debug]: do_execute(conn) (closure: stmt.execute + schema + batch loop) took 2.9968328s
12:10:45.403594 [debug]: concat_batches + normalize_result_column_names took 89.3µs
12:10:45.403619 [debug]: record_current_span_status_from_attrs took 4.7µs
12:10:45.403645 [debug]: Query executed on node snapshot.fintrack_analytics.snapshot_comptes:
create or replace temporary table "FINTRACK_DB"."SNAPSHOTS"."SNAPSHOT_COMPTES__dbt_tmp"
as (
    
    
    with snapshot_query as (

        



select * from fintrack_db.raw.raw_comptes



    ),

    snapshotted_data as (

        select *, 
    
        id as dbt_unique_key
    

        from "FINTRACK_DB"."SNAPSHOTS"."SNAPSHOT_COMPTES"
        where
            
                dbt_valid_to is null
            

    ),

    insertions_source_data as (

        select *, 
    
        id as dbt_unique_key
    
,
            to_timestamp_ntz(convert_timezone('UTC', current_timestamp())) as dbt_updated_at,
            to_timestamp_ntz(convert_timezone('UTC', current_timestamp())) as dbt_valid_from,
            
  
  coalesce(nullif(to_timestamp_ntz(convert_timezone('UTC', current_timestamp())), to_timestamp_ntz(convert_timezone('UTC', current_timestamp()))), null)
  as dbt_valid_to
,
            md5(coalesce(cast(id as varchar ), '')
         || '|' || coalesce(cast(to_timestamp_ntz(convert_timezone('UTC', current_timestamp())) as varchar ), '')
        ) as dbt_scd_id

        from snapshot_query
    ),

    updates_source_data as (

        select *, 
    
        id as dbt_unique_key
    
,
            to_timestamp_ntz(convert_timezone('UTC', current_timestamp())) as dbt_updated_at,
            to_timestamp_ntz(convert_timezone('UTC', current_timestamp())) as dbt_valid_from,
            to_timestamp_ntz(convert_timezone('UTC', current_timestamp())) as dbt_valid_to

        from snapshot_query
    ),

    insertions as (

        select
            'insert' as dbt_change_type,
            source_data.*

        from insertions_source_data as source_data
        left outer join snapshotted_data
            on 
    
        snapshotted_data.dbt_unique_key = source_data.dbt_unique_key
    

            where 
    
        snapshotted_data.dbt_unique_key is null
    

            or (
    
        snapshotted_data.dbt_unique_key is not null
    
 and (
               (snapshotted_data."STATUT" != source_data."STATUT"
        or
        (
            ((snapshotted_data."STATUT" is null) and not (source_data."STATUT" is null))
            or
            ((not snapshotted_data."STATUT" is null) and (source_data."STATUT" is null))
        ) or snapshotted_data."EMAIL" != source_data."EMAIL"
        or
        (
            ((snapshotted_data."EMAIL" is null) and not (source_data."EMAIL" is null))
            or
            ((not snapshotted_data."EMAIL" is null) and (source_data."EMAIL" is null))
        ) or snapshotted_data."TYPE_COMPTE" != source_data."TYPE_COMPTE"
        or
        (
            ((snapshotted_data."TYPE_COMPTE" is null) and not (source_data."TYPE_COMPTE" is null))
            or
            ((not snapshotted_data."TYPE_COMPTE" is null) and (source_data."TYPE_COMPTE" is null))
        ))
            )

        )

    ),

    updates as (

        select
            'update' as dbt_change_type,
            source_data.*,
            snapshotted_data.dbt_scd_id

        from updates_source_data as source_data
        join snapshotted_data
            on 
    
        snapshotted_data.dbt_unique_key = source_data.dbt_unique_key
    

        where (
            (snapshotted_data."STATUT" != source_data."STATUT"
        or
        (
            ((snapshotted_data."STATUT" is null) and not (source_data."STATUT" is null))
            or
            ((not snapshotted_data."STATUT" is null) and (source_data."STATUT" is null))
        ) or snapshotted_data."EMAIL" != source_data."EMAIL"
        or
        (
            ((snapshotted_data."EMAIL" is null) and not (source_data."EMAIL" is null))
            or
            ((not snapshotted_data."EMAIL" is null) and (source_data."EMAIL" is null))
        ) or snapshotted_data."TYPE_COMPTE" != source_data."TYPE_COMPTE"
        or
        (
            ((snapshotted_data."TYPE_COMPTE" is null) and not (source_data."TYPE_COMPTE" is null))
            or
            ((not snapshotted_data."TYPE_COMPTE" is null) and (source_data."TYPE_COMPTE" is null))
        ))
        )
    )

    select * from insertions
    union all
    select * from updates

    )

/* {"app": "dbt", "dbt_version": "2.0.0", "node_id": "snapshot.fintrack_analytics.snapshot_comptes", "profile_name": "fintrack_analytics", "target_name": "dev"} */
12:10:45.403715 [debug]: drop(query_span_guard) (span exit/export) took 75.1µs
12:10:45.408594 [debug]: create_debug_span(...).entered() took 15.4µs
12:10:45.973166 [debug]: stmt.execute() (submit+wait_for_completion, returns reader) took 969.8301ms
12:10:45.973202 [debug]: reader.schema() took 600ns
12:10:45.997617 [debug]: do_execute(conn) (closure: stmt.execute + schema + batch loop) took 994.5107ms
12:10:45.997688 [debug]: concat_batches + normalize_result_column_names took 28.6µs
12:10:45.997706 [debug]: record_current_span_status_from_attrs took 6.1µs
12:10:45.997722 [debug]: Query executed on node model.fintrack_analytics.stg_transactions:
create or replace   view fintrack_db.STAGING.stg_transactions
  
  
  
  
  as (
    with source as (

    select * from fintrack_db.raw.raw_transactions

),

renamed as (

    select
        id                                      as transaction_id,
        compte_id,
        cast(date_transaction as timestamp_ntz) as date_transaction,
        montant,
        type_operation,
        categorie_id,
        description,
        lower(statut)                            as statut,
        case
            when type_operation = 'credit' then montant
            when type_operation = 'debit'  then -montant
        end                                       as montant_signe

    from source

)

select * from renamed
  )
/* {"app": "dbt", "dbt_version": "2.0.0", "node_id": "model.fintrack_analytics.stg_transactions", "profile_name": "fintrack_analytics", "target_name": "dev"} */
12:10:45.997779 [debug]: drop(query_span_guard) (span exit/export) took 62.9µs
12:10:46.004279 [debug]: Finished connection limit wait [  2.69s]
12:10:46.004304 [info ]: Finished running [  1.01s] model STAGING.stg_transactions [success]
12:10:46.004502 [info ]:  Succeeded [  1.05s] model STAGING.stg_transactions (view)
12:10:46.005782 [info ]: Started model INTERMEDIATE.int_transactions_enrichies
12:10:46.005810 [debug]: Started rendering model INTERMEDIATE.int_transactions_enrichies
12:10:46.005871 [info ]: Started test DBT_TEST__AUDIT.unique_stg_transactions_transaction_id
12:10:46.005888 [debug]: Started rendering test DBT_TEST__AUDIT.unique_stg_transactions_transaction_id
12:10:46.005921 [info ]: Started test DBT_TEST__AUDIT.not_null_stg_transactions_transaction_id
12:10:46.005936 [debug]: Started rendering test DBT_TEST__AUDIT.not_null_stg_transactions_transaction_id
12:10:46.005964 [info ]: Started test DBT_TEST__AUDIT.relationships_stg_transactions_compte_id__compte_id__ref_stg_comptes_
12:10:46.005982 [debug]: Started rendering test DBT_TEST__AUDIT.relationships_stg_transactions_compte_id__compte_id__ref_stg_comptes_
12:10:46.010416 [debug]: Writing runtime sql for node "test.fintrack_analytics.not_null_stg_categories_categorie_id.3e2fb4d400"
12:10:46.015189 [debug]: create_debug_span(...).entered() took 395.1µs
12:10:46.015549 [debug]: Compiled SQL for node model.fintrack_analytics.int_transactions_enrichies at target\compiled\fintrack_analytics\models\intermediate\int_transactions_enrichies.sql
12:10:46.018376 [debug]: Finished rendering [  0.01s] model INTERMEDIATE.int_transactions_enrichies [success]
12:10:46.022818 [debug]: Started analyzing model INTERMEDIATE.int_transactions_enrichies
12:10:46.030040 [debug]: Compiled SQL for node test.fintrack_analytics.relationships_stg_transactions_compte_id__compte_id__ref_stg_comptes_.6bb5c74007 at target\compiled\fintrack_analytics\target\generic_tests\relationships_stg_transactions_985ebbdbfd283785f0e58047e4f6b5ed.sql
12:10:46.031091 [debug]: Compiled SQL for node test.fintrack_analytics.unique_stg_transactions_transaction_id.ee9a78a396 at target\compiled\fintrack_analytics\target\generic_tests\unique_stg_transactions_transaction_id.sql
12:10:46.034120 [debug]: Compiled SQL for node test.fintrack_analytics.not_null_stg_transactions_transaction_id.1d00a8e2e4 at target\compiled\fintrack_analytics\target\generic_tests\not_null_stg_transactions_transaction_id.sql
12:10:46.031851 [debug]: Finished rendering [  0.03s] test DBT_TEST__AUDIT.relationships_stg_transactions_compte_id__compte_id__ref_stg_comptes_ [success]
12:10:46.034650 [debug]: Started analyzing test DBT_TEST__AUDIT.relationships_stg_transactions_compte_id__compte_id__ref_stg_comptes_
12:10:46.034706 [debug]: Finished rendering [  0.03s] test DBT_TEST__AUDIT.unique_stg_transactions_transaction_id [success]
12:10:46.034887 [debug]: Started analyzing test DBT_TEST__AUDIT.unique_stg_transactions_transaction_id
12:10:46.034927 [debug]: Finished rendering [  0.03s] test DBT_TEST__AUDIT.not_null_stg_transactions_transaction_id [success]
12:10:46.035048 [debug]: Started analyzing test DBT_TEST__AUDIT.not_null_stg_transactions_transaction_id
12:10:46.035886 [debug]: Finished analyzing [  0.00s] test DBT_TEST__AUDIT.unique_stg_transactions_transaction_id [success]
12:10:46.039589 [info ]: Started running test DBT_TEST__AUDIT.unique_stg_transactions_transaction_id
12:10:46.039798 [debug]: Started connection limit wait
12:10:46.039717 [debug]: Finished analyzing [  0.00s] test DBT_TEST__AUDIT.not_null_stg_transactions_transaction_id [success]
12:10:46.039966 [info ]: Started running test DBT_TEST__AUDIT.not_null_stg_transactions_transaction_id
12:10:46.040035 [debug]: Started connection limit wait
12:10:46.042217 [debug]: Finished analyzing [  0.02s] model INTERMEDIATE.int_transactions_enrichies [success]
12:10:46.042527 [debug]: Finished analyzing [  0.01s] test DBT_TEST__AUDIT.relationships_stg_transactions_compte_id__compte_id__ref_stg_comptes_ [success]
12:10:46.042753 [info ]: Started running test DBT_TEST__AUDIT.relationships_stg_transactions_compte_id__compte_id__ref_stg_comptes_
12:10:46.042823 [debug]: Started connection limit wait
12:10:46.379045 [debug]: stmt.execute() (submit+wait_for_completion, returns reader) took 970.3401ms
12:10:46.379068 [debug]: reader.schema() took 400ns
12:10:46.379890 [debug]: batch-consume loop (for res in reader) took 811.3µs
12:10:46.380592 [debug]: do_execute(conn) (closure: stmt.execute + schema + batch loop) took 971.9687ms
12:10:46.380652 [debug]: concat_batches + normalize_result_column_names took 43.4µs
12:10:46.380664 [debug]: record_current_span_status_from_attrs took 3.6µs
12:10:46.380672 [debug]: Query executed on node snapshot.fintrack_analytics.snapshot_comptes:
describe table "FINTRACK_DB"."SNAPSHOTS"."SNAPSHOT_COMPTES__dbt_tmp"
/* {"app": "dbt", "dbt_version": "2.0.0", "node_id": "snapshot.fintrack_analytics.snapshot_comptes", "profile_name": "fintrack_analytics", "target_name": "dev"} */
12:10:46.380692 [debug]: drop(query_span_guard) (span exit/export) took 23.9µs
12:10:46.383949 [debug]: create_debug_span(...).entered() took 15.2µs
12:10:46.537004 [debug]: stmt.execute() (submit+wait_for_completion, returns reader) took 516.9246ms
12:10:46.537034 [debug]: reader.schema() took 600ns
12:10:46.538971 [debug]: batch-consume loop (for res in reader) took 1.9168ms
12:10:46.540016 [debug]: do_execute(conn) (closure: stmt.execute + schema + batch loop) took 524.7906ms
12:10:46.540058 [debug]: concat_batches + normalize_result_column_names took 15.5µs
12:10:46.540070 [debug]: record_current_span_status_from_attrs took 3.8µs
12:10:46.540086 [debug]: Query executed on node test.fintrack_analytics.not_null_stg_categories_categorie_id.3e2fb4d400:
select
      count(*) as failures,
      count(*) != 0 as should_warn,
      count(*) != 0 as should_error
    from (
      
    
  
    
    



select categorie_id
from fintrack_db.STAGING.stg_categories
where categorie_id is null



  
  
      
    ) dbt_internal_test
/* {"app": "dbt", "dbt_version": "2.0.0", "node_id": "test.fintrack_analytics.not_null_stg_categories_categorie_id.3e2fb4d400", "profile_name": "fintrack_analytics", "target_name": "dev"} */
12:10:46.540118 [debug]: drop(query_span_guard) (span exit/export) took 36.3µs
12:10:46.541513 [debug]: Finished connection limit wait [  3.23s]
12:10:46.541511 [info ]: Finished running [  0.54s] test DBT_TEST__AUDIT.not_null_stg_categories_categorie_id [pass]
12:10:46.542004 [info ]:     Passed [  0.54s] test  not_null_stg_categories_categorie_id
12:10:46.545070 [debug]: Writing runtime sql for node "test.fintrack_analytics.unique_stg_categories_categorie_id.ab16992ac3"
12:10:46.547136 [debug]: create_debug_span(...).entered() took 21.9µs
12:10:46.736190 [debug]: stmt.execute() (submit+wait_for_completion, returns reader) took 352.1405ms
12:10:46.736218 [debug]: reader.schema() took 400ns
12:10:46.737593 [debug]: batch-consume loop (for res in reader) took 1.3525ms
12:10:46.738613 [debug]: do_execute(conn) (closure: stmt.execute + schema + batch loop) took 354.6342ms
12:10:46.738700 [debug]: concat_batches + normalize_result_column_names took 63.4µs
12:10:46.738718 [debug]: record_current_span_status_from_attrs took 3.6µs
12:10:46.738729 [debug]: Query executed on node snapshot.fintrack_analytics.snapshot_comptes:
describe table "FINTRACK_DB"."SNAPSHOTS"."SNAPSHOT_COMPTES"
/* {"app": "dbt", "dbt_version": "2.0.0", "node_id": "snapshot.fintrack_analytics.snapshot_comptes", "profile_name": "fintrack_analytics", "target_name": "dev"} */
12:10:46.738763 [debug]: drop(query_span_guard) (span exit/export) took 37.8µs
12:10:46.742532 [debug]: create_debug_span(...).entered() took 15.5µs
12:10:47.086265 [debug]: stmt.execute() (submit+wait_for_completion, returns reader) took 343.6463ms
12:10:47.086288 [debug]: reader.schema() took 300ns
12:10:47.087473 [debug]: batch-consume loop (for res in reader) took 1.1727ms
12:10:47.088724 [debug]: do_execute(conn) (closure: stmt.execute + schema + batch loop) took 346.1558ms
12:10:47.088891 [debug]: concat_batches + normalize_result_column_names took 127.7µs
12:10:47.088917 [debug]: record_current_span_status_from_attrs took 4.5µs
12:10:47.088931 [debug]: Query executed on node snapshot.fintrack_analytics.snapshot_comptes:
describe table "FINTRACK_DB"."SNAPSHOTS"."SNAPSHOT_COMPTES__dbt_tmp"
/* {"app": "dbt", "dbt_version": "2.0.0", "node_id": "snapshot.fintrack_analytics.snapshot_comptes", "profile_name": "fintrack_analytics", "target_name": "dev"} */
12:10:47.088965 [debug]: drop(query_span_guard) (span exit/export) took 38.8µs
12:10:47.094780 [debug]: create_debug_span(...).entered() took 17µs
12:10:47.177092 [debug]: stmt.execute() (submit+wait_for_completion, returns reader) took 629.855ms
12:10:47.177117 [debug]: reader.schema() took 400ns
12:10:47.178074 [debug]: batch-consume loop (for res in reader) took 945.6µs
12:10:47.178948 [debug]: do_execute(conn) (closure: stmt.execute + schema + batch loop) took 631.7749ms
12:10:47.178974 [debug]: concat_batches + normalize_result_column_names took 9.8µs
12:10:47.178981 [debug]: record_current_span_status_from_attrs took 3.1µs
12:10:47.178989 [debug]: Query executed on node test.fintrack_analytics.unique_stg_categories_categorie_id.ab16992ac3:
select
      count(*) as failures,
      count(*) != 0 as should_warn,
      count(*) != 0 as should_error
    from (
      
    
  
    
    

select
    categorie_id as unique_field,
    count(*) as n_records

from fintrack_db.STAGING.stg_categories
where categorie_id is not null
group by categorie_id
having count(*) > 1



  
  
      
    ) dbt_internal_test
/* {"app": "dbt", "dbt_version": "2.0.0", "node_id": "test.fintrack_analytics.unique_stg_categories_categorie_id.ab16992ac3", "profile_name": "fintrack_analytics", "target_name": "dev"} */
12:10:47.179012 [debug]: drop(query_span_guard) (span exit/export) took 26.8µs
12:10:47.179926 [debug]: Finished connection limit wait [  3.21s]
12:10:47.179897 [info ]: Finished running [  0.64s] test DBT_TEST__AUDIT.unique_stg_categories_categorie_id [pass]
12:10:47.180417 [info ]:     Passed [  0.65s] test  unique_stg_categories_categorie_id
12:10:47.181123 [info ]: Started running model MARTS.dim_categories
12:10:47.181194 [debug]: Started connection limit wait
12:10:47.183373 [debug]: Writing runtime sql for node "test.fintrack_analytics.not_null_stg_budgets_budget_id.ad1ccf4381"
12:10:47.185838 [debug]: create_debug_span(...).entered() took 26.9µs
12:10:47.460699 [debug]: stmt.execute() (submit+wait_for_completion, returns reader) took 365.8145ms
12:10:47.460722 [debug]: reader.schema() took 400ns
12:10:47.461564 [debug]: batch-consume loop (for res in reader) took 830.6µs
12:10:47.462349 [debug]: do_execute(conn) (closure: stmt.execute + schema + batch loop) took 367.5441ms
12:10:47.462428 [debug]: concat_batches + normalize_result_column_names took 60.2µs
12:10:47.462443 [debug]: record_current_span_status_from_attrs took 2.9µs
12:10:47.462450 [debug]: Query executed on node snapshot.fintrack_analytics.snapshot_comptes:
describe table "FINTRACK_DB"."SNAPSHOTS"."SNAPSHOT_COMPTES"
/* {"app": "dbt", "dbt_version": "2.0.0", "node_id": "snapshot.fintrack_analytics.snapshot_comptes", "profile_name": "fintrack_analytics", "target_name": "dev"} */
12:10:47.462473 [debug]: drop(query_span_guard) (span exit/export) took 25.6µs
12:10:47.466767 [debug]: create_debug_span(...).entered() took 18.9µs
12:10:47.779130 [debug]: stmt.execute() (submit+wait_for_completion, returns reader) took 312.2705ms
12:10:47.779154 [debug]: reader.schema() took 400ns
12:10:47.780244 [debug]: stmt.execute() (submit+wait_for_completion, returns reader) took 594.3076ms
12:10:47.780261 [debug]: reader.schema() took 500ns
12:10:47.784604 [debug]: batch-consume loop (for res in reader) took 5.4193ms
12:10:47.785461 [debug]: batch-consume loop (for res in reader) took 5.1874ms
12:10:47.786225 [debug]: do_execute(conn) (closure: stmt.execute + schema + batch loop) took 319.4275ms
12:10:47.786313 [debug]: concat_batches + normalize_result_column_names took 69.4µs
12:10:47.786329 [debug]: record_current_span_status_from_attrs took 3.4µs
12:10:47.786342 [debug]: Query executed on node snapshot.fintrack_analytics.snapshot_comptes:
describe table "FINTRACK_DB"."SNAPSHOTS"."SNAPSHOT_COMPTES__dbt_tmp"
/* {"app": "dbt", "dbt_version": "2.0.0", "node_id": "snapshot.fintrack_analytics.snapshot_comptes", "profile_name": "fintrack_analytics", "target_name": "dev"} */
12:10:47.786369 [debug]: drop(query_span_guard) (span exit/export) took 30.3µs
12:10:47.786917 [debug]: do_execute(conn) (closure: stmt.execute + schema + batch loop) took 601.0466ms
12:10:47.786945 [debug]: concat_batches + normalize_result_column_names took 10.4µs
12:10:47.786955 [debug]: record_current_span_status_from_attrs took 2.2µs
12:10:47.786967 [debug]: Query executed on node test.fintrack_analytics.not_null_stg_budgets_budget_id.ad1ccf4381:
select
      count(*) as failures,
      count(*) != 0 as should_warn,
      count(*) != 0 as should_error
    from (
      
    
  
    
    



select budget_id
from fintrack_db.STAGING.stg_budgets
where budget_id is null



  
  
      
    ) dbt_internal_test
/* {"app": "dbt", "dbt_version": "2.0.0", "node_id": "test.fintrack_analytics.not_null_stg_budgets_budget_id.ad1ccf4381", "profile_name": "fintrack_analytics", "target_name": "dev"} */
12:10:47.786998 [debug]: drop(query_span_guard) (span exit/export) took 34.6µs
12:10:47.788232 [debug]: Finished connection limit wait [  3.81s]
12:10:47.788240 [info ]: Finished running [  0.61s] test DBT_TEST__AUDIT.not_null_stg_budgets_budget_id [pass]
12:10:47.788377 [info ]:     Passed [  0.61s] test  not_null_stg_budgets_budget_id
12:10:47.791573 [debug]: Writing runtime sql for node "test.fintrack_analytics.unique_stg_budgets_budget_id.effb4c8d16"
12:10:47.793561 [debug]: create_debug_span(...).entered() took 27.9µs
12:10:47.798805 [debug]: create_debug_span(...).entered() took 25.8µs
12:10:48.315666 [debug]: stmt.execute() (submit+wait_for_completion, returns reader) took 522.0017ms
12:10:48.315693 [debug]: reader.schema() took 500ns
12:10:48.317244 [debug]: batch-consume loop (for res in reader) took 1.5253ms
12:10:48.318252 [debug]: do_execute(conn) (closure: stmt.execute + schema + batch loop) took 524.6526ms
12:10:48.318301 [debug]: concat_batches + normalize_result_column_names took 11µs
12:10:48.318311 [debug]: record_current_span_status_from_attrs took 4µs
12:10:48.318320 [debug]: Query executed on node test.fintrack_analytics.unique_stg_budgets_budget_id.effb4c8d16:
select
      count(*) as failures,
      count(*) != 0 as should_warn,
      count(*) != 0 as should_error
    from (
      
    
  
    
    

select
    budget_id as unique_field,
    count(*) as n_records

from fintrack_db.STAGING.stg_budgets
where budget_id is not null
group by budget_id
having count(*) > 1



  
  
      
    ) dbt_internal_test
/* {"app": "dbt", "dbt_version": "2.0.0", "node_id": "test.fintrack_analytics.unique_stg_budgets_budget_id.effb4c8d16", "profile_name": "fintrack_analytics", "target_name": "dev"} */
12:10:48.318373 [debug]: drop(query_span_guard) (span exit/export) took 56.3µs
12:10:48.319529 [debug]: Finished connection limit wait [  3.31s]
12:10:48.319533 [info ]: Finished running [  0.53s] test DBT_TEST__AUDIT.unique_stg_budgets_budget_id [pass]
12:10:48.319697 [info ]:     Passed [  0.54s] test  unique_stg_budgets_budget_id
12:10:48.321866 [debug]: Writing runtime sql for node "test.fintrack_analytics.unique_stg_comptes_compte_id.ca647be308"
12:10:48.323813 [debug]: create_debug_span(...).entered() took 38.9µs
12:10:48.463540 [debug]: stmt.execute() (submit+wait_for_completion, returns reader) took 664.4734ms
12:10:48.463564 [debug]: reader.schema() took 400ns
12:10:48.464972 [debug]: batch-consume loop (for res in reader) took 1.389ms
12:10:48.467053 [debug]: do_execute(conn) (closure: stmt.execute + schema + batch loop) took 668.2079ms
12:10:48.467181 [debug]: concat_batches + normalize_result_column_names took 94.9µs
12:10:48.467194 [debug]: record_current_span_status_from_attrs took 3.2µs
12:10:48.467209 [debug]: Query executed on node snapshot.fintrack_analytics.snapshot_comptes:
select * from (
        
    
    with snapshot_query as (

        



select * from fintrack_db.raw.raw_comptes



    ),

    snapshotted_data as (

        select *, 
    
        id as dbt_unique_key
    

        from "FINTRACK_DB"."SNAPSHOTS"."SNAPSHOT_COMPTES"
        where
            
                dbt_valid_to is null
            

    ),

    insertions_source_data as (

        select *, 
    
        id as dbt_unique_key
    
,
            to_timestamp_ntz(convert_timezone('UTC', current_timestamp())) as dbt_updated_at,
            to_timestamp_ntz(convert_timezone('UTC', current_timestamp())) as dbt_valid_from,
            
  
  coalesce(nullif(to_timestamp_ntz(convert_timezone('UTC', current_timestamp())), to_timestamp_ntz(convert_timezone('UTC', current_timestamp()))), null)
  as dbt_valid_to
,
            md5(coalesce(cast(id as varchar ), '')
         || '|' || coalesce(cast(to_timestamp_ntz(convert_timezone('UTC', current_timestamp())) as varchar ), '')
        ) as dbt_scd_id

        from snapshot_query
    ),

    updates_source_data as (

        select *, 
    
        id as dbt_unique_key
    
,
            to_timestamp_ntz(convert_timezone('UTC', current_timestamp())) as dbt_updated_at,
            to_timestamp_ntz(convert_timezone('UTC', current_timestamp())) as dbt_valid_from,
            to_timestamp_ntz(convert_timezone('UTC', current_timestamp())) as dbt_valid_to

        from snapshot_query
    ),

    insertions as (

        select
            'insert' as dbt_change_type,
            source_data.*

        from insertions_source_data as source_data
        left outer join snapshotted_data
            on 
    
        snapshotted_data.dbt_unique_key = source_data.dbt_unique_key
    

            where 
    
        snapshotted_data.dbt_unique_key is null
    

            or (
    
        snapshotted_data.dbt_unique_key is not null
    
 and (
               (snapshotted_data."STATUT" != source_data."STATUT"
        or
        (
            ((snapshotted_data."STATUT" is null) and not (source_data."STATUT" is null))
            or
            ((not snapshotted_data."STATUT" is null) and (source_data."STATUT" is null))
        ) or snapshotted_data."EMAIL" != source_data."EMAIL"
        or
        (
            ((snapshotted_data."EMAIL" is null) and not (source_data."EMAIL" is null))
            or
            ((not snapshotted_data."EMAIL" is null) and (source_data."EMAIL" is null))
        ) or snapshotted_data."TYPE_COMPTE" != source_data."TYPE_COMPTE"
        or
        (
            ((snapshotted_data."TYPE_COMPTE" is null) and not (source_data."TYPE_COMPTE" is null))
            or
            ((not snapshotted_data."TYPE_COMPTE" is null) and (source_data."TYPE_COMPTE" is null))
        ))
            )

        )

    ),

    updates as (

        select
            'update' as dbt_change_type,
            source_data.*,
            snapshotted_data.dbt_scd_id

        from updates_source_data as source_data
        join snapshotted_data
            on 
    
        snapshotted_data.dbt_unique_key = source_data.dbt_unique_key
    

        where (
            (snapshotted_data."STATUT" != source_data."STATUT"
        or
        (
            ((snapshotted_data."STATUT" is null) and not (source_data."STATUT" is null))
            or
            ((not snapshotted_data."STATUT" is null) and (source_data."STATUT" is null))
        ) or snapshotted_data."EMAIL" != source_data."EMAIL"
        or
        (
            ((snapshotted_data."EMAIL" is null) and not (source_data."EMAIL" is null))
            or
            ((not snapshotted_data."EMAIL" is null) and (source_data."EMAIL" is null))
        ) or snapshotted_data."TYPE_COMPTE" != source_data."TYPE_COMPTE"
        or
        (
            ((snapshotted_data."TYPE_COMPTE" is null) and not (source_data."TYPE_COMPTE" is null))
            or
            ((not snapshotted_data."TYPE_COMPTE" is null) and (source_data."TYPE_COMPTE" is null))
        ))
        )
    )

    select * from insertions
    union all
    select * from updates

    ) as __dbt_sbq
    where false
    limit 0
/* {"app": "dbt", "dbt_version": "2.0.0", "node_id": "snapshot.fintrack_analytics.snapshot_comptes", "profile_name": "fintrack_analytics", "target_name": "dev"} */
12:10:48.467245 [debug]: drop(query_span_guard) (span exit/export) took 42.1µs
12:10:48.472646 [debug]: create_debug_span(...).entered() took 19.1µs
12:10:48.767423 [debug]: stmt.execute() (submit+wait_for_completion, returns reader) took 443.491ms
12:10:48.767494 [debug]: reader.schema() took 500ns
12:10:48.768511 [debug]: batch-consume loop (for res in reader) took 1.0039ms
12:10:48.769371 [debug]: do_execute(conn) (closure: stmt.execute + schema + batch loop) took 445.5216ms
12:10:48.769417 [debug]: concat_batches + normalize_result_column_names took 13µs
12:10:48.769429 [debug]: record_current_span_status_from_attrs took 2.9µs
12:10:48.769441 [debug]: Query executed on node test.fintrack_analytics.unique_stg_comptes_compte_id.ca647be308:
select
      count(*) as failures,
      count(*) != 0 as should_warn,
      count(*) != 0 as should_error
    from (
      
    
  
    
    

select
    compte_id as unique_field,
    count(*) as n_records

from fintrack_db.STAGING.stg_comptes
where compte_id is not null
group by compte_id
having count(*) > 1



  
  
      
    ) dbt_internal_test
/* {"app": "dbt", "dbt_version": "2.0.0", "node_id": "test.fintrack_analytics.unique_stg_comptes_compte_id.ca647be308", "profile_name": "fintrack_analytics", "target_name": "dev"} */
12:10:48.769495 [debug]: drop(query_span_guard) (span exit/export) took 40.2µs
12:10:48.770945 [debug]: Finished connection limit wait [  3.76s]
12:10:48.770895 [info ]: Finished running [  0.45s] test DBT_TEST__AUDIT.unique_stg_comptes_compte_id [pass]
12:10:48.771353 [info ]:     Passed [  0.46s] test  unique_stg_comptes_compte_id
12:10:48.773049 [debug]: Writing runtime sql for node "test.fintrack_analytics.not_null_stg_comptes_compte_id.c12e0b3b3b"
12:10:48.774419 [debug]: create_debug_span(...).entered() took 19µs
12:10:48.783345 [debug]: stmt.execute() (submit+wait_for_completion, returns reader) took 310.6097ms
12:10:48.783369 [debug]: reader.schema() took 400ns
12:10:48.784313 [debug]: batch-consume loop (for res in reader) took 930.7µs
12:10:48.785142 [debug]: do_execute(conn) (closure: stmt.execute + schema + batch loop) took 312.4735ms
12:10:48.785165 [debug]: concat_batches + normalize_result_column_names took 9.5µs
12:10:48.785172 [debug]: record_current_span_status_from_attrs took 2.8µs
12:10:48.785180 [debug]: Query executed on node snapshot.fintrack_analytics.snapshot_comptes:
select * from (
        select to_timestamp_ntz(convert_timezone('UTC', current_timestamp())) as dbt_snapshot_time
    ) as __dbt_sbq
    where false
    limit 0
/* {"app": "dbt", "dbt_version": "2.0.0", "node_id": "snapshot.fintrack_analytics.snapshot_comptes", "profile_name": "fintrack_analytics", "target_name": "dev"} */
12:10:48.785200 [debug]: drop(query_span_guard) (span exit/export) took 23.2µs
12:10:48.786630 [debug]: Writing runtime sql for node "snapshot.fintrack_analytics.snapshot_comptes"
12:10:48.788960 [debug]: create_debug_span(...).entered() took 16.1µs
12:10:49.150462 [debug]: stmt.execute() (submit+wait_for_completion, returns reader) took 361.4018ms
12:10:49.150485 [debug]: reader.schema() took 400ns
12:10:49.152537 [debug]: do_execute(conn) (closure: stmt.execute + schema + batch loop) took 363.5456ms
12:10:49.152569 [debug]: concat_batches + normalize_result_column_names took 10.3µs
12:10:49.152577 [debug]: record_current_span_status_from_attrs took 2.7µs
12:10:49.152583 [debug]: Query executed on node snapshot.fintrack_analytics.snapshot_comptes:
begin
/* {"app": "dbt", "dbt_version": "2.0.0", "node_id": "snapshot.fintrack_analytics.snapshot_comptes", "profile_name": "fintrack_analytics", "target_name": "dev"} */
12:10:49.152605 [debug]: drop(query_span_guard) (span exit/export) took 24.2µs
12:10:49.152743 [debug]: create_debug_span(...).entered() took 13.4µs
12:10:49.265132 [debug]: stmt.execute() (submit+wait_for_completion, returns reader) took 490.6126ms
12:10:49.265170 [debug]: reader.schema() took 500ns
12:10:49.266297 [debug]: batch-consume loop (for res in reader) took 1.104ms
12:10:49.267692 [debug]: do_execute(conn) (closure: stmt.execute + schema + batch loop) took 493.2314ms
12:10:49.267729 [debug]: concat_batches + normalize_result_column_names took 11.4µs
12:10:49.267739 [debug]: record_current_span_status_from_attrs took 3.4µs
12:10:49.267748 [debug]: Query executed on node test.fintrack_analytics.not_null_stg_comptes_compte_id.c12e0b3b3b:
select
      count(*) as failures,
      count(*) != 0 as should_warn,
      count(*) != 0 as should_error
    from (
      
    
  
    
    



select compte_id
from fintrack_db.STAGING.stg_comptes
where compte_id is null



  
  
      
    ) dbt_internal_test
/* {"app": "dbt", "dbt_version": "2.0.0", "node_id": "test.fintrack_analytics.not_null_stg_comptes_compte_id.c12e0b3b3b", "profile_name": "fintrack_analytics", "target_name": "dev"} */
12:10:49.267771 [debug]: drop(query_span_guard) (span exit/export) took 27.1µs
12:10:49.269086 [debug]: Finished connection limit wait [  4.26s]
12:10:49.269101 [info ]: Finished running [  0.50s] test DBT_TEST__AUDIT.not_null_stg_comptes_compte_id [pass]
12:10:49.269267 [info ]:     Passed [  0.51s] test  not_null_stg_comptes_compte_id
12:10:49.271316 [debug]: Writing runtime sql for node "test.fintrack_analytics.accepted_values_stg_comptes_type_compte__courant__epargne__joint.ff87077911"
12:10:49.272669 [debug]: create_debug_span(...).entered() took 15.7µs
12:10:49.716557 [debug]: stmt.execute() (submit+wait_for_completion, returns reader) took 443.8114ms
12:10:49.716587 [debug]: reader.schema() took 400ns
12:10:49.722651 [debug]: batch-consume loop (for res in reader) took 6.0411ms
12:10:49.724012 [debug]: do_execute(conn) (closure: stmt.execute + schema + batch loop) took 451.311ms
12:10:49.724055 [debug]: concat_batches + normalize_result_column_names took 17.2µs
12:10:49.724066 [debug]: record_current_span_status_from_attrs took 3.6µs
12:10:49.724081 [debug]: Query executed on node test.fintrack_analytics.accepted_values_stg_comptes_type_compte__courant__epargne__joint.ff87077911:
select
      count(*) as failures,
      count(*) != 0 as should_warn,
      count(*) != 0 as should_error
    from (
      
    
  
    
    

with all_values as (

    select
        type_compte as value_field,
        count(*) as n_records

    from fintrack_db.STAGING.stg_comptes
    group by type_compte

)

select *
from all_values
where value_field not in (
    'courant','epargne','joint'
)



  
  
      
    ) dbt_internal_test
/* {"app": "dbt", "dbt_version": "2.0.0", "node_id": "test.fintrack_analytics.accepted_values_stg_comptes_type_compte__courant__epargne__joint.ff87077911", "profile_name": "fintrack_analytics", "target_name": "dev"} */
12:10:49.724113 [debug]: drop(query_span_guard) (span exit/export) took 38.5µs
12:10:49.725607 [debug]: Finished connection limit wait [  4.72s]
12:10:49.725600 [info ]: Finished running [  0.46s] test DBT_TEST__AUDIT.accepted_values_stg_comptes_type_compte__courant__epargne__joint [pass]
12:10:49.726273 [info ]:     Passed [  0.47s] test  accepted_values_stg_comptes_type_compte__courant__epargne__joint
12:10:49.730708 [debug]: Writing runtime sql for node "test.fintrack_analytics.accepted_values_stg_comptes_statut__actif__inactif__cloture.f56d9561d0"
12:10:49.733263 [debug]: create_debug_span(...).entered() took 23.9µs
12:10:49.932433 [debug]: stmt.execute() (submit+wait_for_completion, returns reader) took 779.6149ms
12:10:49.932472 [debug]: reader.schema() took 600ns
12:10:49.933503 [debug]: batch-consume loop (for res in reader) took 1.0107ms
12:10:49.934324 [debug]: do_execute(conn) (closure: stmt.execute + schema + batch loop) took 781.5592ms
12:10:49.934361 [debug]: concat_batches + normalize_result_column_names took 16.2µs
12:10:49.934370 [debug]: record_current_span_status_from_attrs took 3.1µs
12:10:49.934378 [debug]: Query executed on node snapshot.fintrack_analytics.snapshot_comptes:

    merge into "FINTRACK_DB"."SNAPSHOTS"."SNAPSHOT_COMPTES" as DBT_INTERNAL_DEST
    using "FINTRACK_DB"."SNAPSHOTS"."SNAPSHOT_COMPTES__dbt_tmp" as DBT_INTERNAL_SOURCE
    on DBT_INTERNAL_SOURCE.dbt_scd_id = DBT_INTERNAL_DEST.dbt_scd_id

    when matched
     
       and DBT_INTERNAL_DEST.dbt_valid_to is null
     
     and DBT_INTERNAL_SOURCE.dbt_change_type in ('update', 'delete')
        then update
        set dbt_valid_to = DBT_INTERNAL_SOURCE.dbt_valid_to

    when not matched
     and DBT_INTERNAL_SOURCE.dbt_change_type = 'insert'
        then insert ("ID", "NOM_CLIENT", "EMAIL", "TYPE_COMPTE", "DATE_OUVERTURE", "SOLDE_INITIAL", "STATUT", "DBT_UPDATED_AT", "DBT_VALID_FROM", "DBT_VALID_TO", "DBT_SCD_ID")
        values ("ID", "NOM_CLIENT", "EMAIL", "TYPE_COMPTE", "DATE_OUVERTURE", "SOLDE_INITIAL", "STATUT", "DBT_UPDATED_AT", "DBT_VALID_FROM", "DBT_VALID_TO", "DBT_SCD_ID")


/* {"app": "dbt", "dbt_version": "2.0.0", "node_id": "snapshot.fintrack_analytics.snapshot_comptes", "profile_name": "fintrack_analytics", "target_name": "dev"} */
12:10:49.934405 [debug]: drop(query_span_guard) (span exit/export) took 31.2µs
12:10:49.934537 [debug]: create_debug_span(...).entered() took 8.3µs
12:10:50.095757 [debug]: stmt.execute() (submit+wait_for_completion, returns reader) took 362.394ms
12:10:50.095786 [debug]: reader.schema() took 400ns
12:10:50.097358 [debug]: batch-consume loop (for res in reader) took 1.5018ms
12:10:50.098774 [debug]: do_execute(conn) (closure: stmt.execute + schema + batch loop) took 365.4734ms
12:10:50.098839 [debug]: concat_batches + normalize_result_column_names took 21.6µs
12:10:50.098854 [debug]: record_current_span_status_from_attrs took 3.9µs
12:10:50.098870 [debug]: Query executed on node test.fintrack_analytics.accepted_values_stg_comptes_statut__actif__inactif__cloture.f56d9561d0:
select
      count(*) as failures,
      count(*) != 0 as should_warn,
      count(*) != 0 as should_error
    from (
      
    
  
    
    

with all_values as (

    select
        statut as value_field,
        count(*) as n_records

    from fintrack_db.STAGING.stg_comptes
    group by statut

)

select *
from all_values
where value_field not in (
    'actif','inactif','cloture'
)



  
  
      
    ) dbt_internal_test
/* {"app": "dbt", "dbt_version": "2.0.0", "node_id": "test.fintrack_analytics.accepted_values_stg_comptes_statut__actif__inactif__cloture.f56d9561d0", "profile_name": "fintrack_analytics", "target_name": "dev"} */
12:10:50.098911 [debug]: drop(query_span_guard) (span exit/export) took 44.4µs
12:10:50.100519 [debug]: Finished connection limit wait [  4.06s]
12:10:50.100527 [info ]: Finished running [  0.38s] test DBT_TEST__AUDIT.accepted_values_stg_comptes_statut__actif__inactif__cloture [pass]
12:10:50.100682 [info ]:     Passed [  0.39s] test  accepted_values_stg_comptes_statut__actif__inactif__cloture
12:10:50.101608 [info ]: Started running model MARTS.dim_comptes
12:10:50.101679 [debug]: Started connection limit wait
12:10:50.104045 [debug]: Writing runtime sql for node "test.fintrack_analytics.unique_stg_transactions_transaction_id.ee9a78a396"
12:10:50.106047 [debug]: create_debug_span(...).entered() took 17.3µs
12:10:50.577181 [debug]: stmt.execute() (submit+wait_for_completion, returns reader) took 642.59ms
12:10:50.577226 [debug]: reader.schema() took 700ns
12:10:50.578754 [debug]: do_execute(conn) (closure: stmt.execute + schema + batch loop) took 644.2028ms
12:10:50.578782 [debug]: concat_batches + normalize_result_column_names took 11.6µs
12:10:50.578790 [debug]: record_current_span_status_from_attrs took 3µs
12:10:50.578796 [debug]: Query executed on node snapshot.fintrack_analytics.snapshot_comptes:

    commit
/* {"app": "dbt", "dbt_version": "2.0.0", "node_id": "snapshot.fintrack_analytics.snapshot_comptes", "profile_name": "fintrack_analytics", "target_name": "dev"} */
12:10:50.578825 [debug]: drop(query_span_guard) (span exit/export) took 30.7µs
12:10:50.582800 [debug]: Finished connection limit wait [  4.54s]
12:10:50.582800 [info ]: Finished running [  9.94s] snapshot snapshots.snapshot_comptes [success]
12:10:50.583212 [info ]:  Succeeded [  9.95s] snapshot snapshots.snapshot_comptes (snapshot)
12:10:50.584897 [debug]: Writing runtime sql for node "test.fintrack_analytics.not_null_stg_transactions_transaction_id.1d00a8e2e4"
12:10:50.586210 [debug]: create_debug_span(...).entered() took 13.6µs
12:10:50.604218 [debug]: stmt.execute() (submit+wait_for_completion, returns reader) took 498.0749ms
12:10:50.604243 [debug]: reader.schema() took 400ns
12:10:50.605129 [debug]: batch-consume loop (for res in reader) took 876.3µs
12:10:50.605957 [debug]: do_execute(conn) (closure: stmt.execute + schema + batch loop) took 499.8798ms
12:10:50.605981 [debug]: concat_batches + normalize_result_column_names took 10.1µs
12:10:50.605988 [debug]: record_current_span_status_from_attrs took 2.5µs
12:10:50.605995 [debug]: Query executed on node test.fintrack_analytics.unique_stg_transactions_transaction_id.ee9a78a396:
select
      count(*) as failures,
      count(*) != 0 as should_warn,
      count(*) != 0 as should_error
    from (
      
    
  
    
    

select
    transaction_id as unique_field,
    count(*) as n_records

from fintrack_db.STAGING.stg_transactions
where transaction_id is not null
group by transaction_id
having count(*) > 1



  
  
      
    ) dbt_internal_test
/* {"app": "dbt", "dbt_version": "2.0.0", "node_id": "test.fintrack_analytics.unique_stg_transactions_transaction_id.ee9a78a396", "profile_name": "fintrack_analytics", "target_name": "dev"} */
12:10:50.606020 [debug]: drop(query_span_guard) (span exit/export) took 27.9µs
12:10:50.606870 [debug]: Finished connection limit wait [  4.56s]
12:10:50.606880 [info ]: Finished running [  0.51s] test DBT_TEST__AUDIT.unique_stg_transactions_transaction_id [pass]
12:10:50.607015 [info ]:     Passed [  0.54s] test  unique_stg_transactions_transaction_id
12:10:50.609409 [debug]: Writing runtime sql for node "test.fintrack_analytics.relationships_stg_transactions_compte_id__compte_id__ref_stg_comptes_.6bb5c74007"
12:10:50.610868 [debug]: create_debug_span(...).entered() took 17.3µs
12:10:51.024300 [debug]: stmt.execute() (submit+wait_for_completion, returns reader) took 438.0219ms
12:10:51.024323 [debug]: reader.schema() took 300ns
12:10:51.025465 [debug]: batch-consume loop (for res in reader) took 1.1307ms
12:10:51.026232 [debug]: do_execute(conn) (closure: stmt.execute + schema + batch loop) took 440.0026ms
12:10:51.026255 [debug]: concat_batches + normalize_result_column_names took 9.1µs
12:10:51.026262 [debug]: record_current_span_status_from_attrs took 2.6µs
12:10:51.026269 [debug]: Query executed on node test.fintrack_analytics.not_null_stg_transactions_transaction_id.1d00a8e2e4:
select
      count(*) as failures,
      count(*) != 0 as should_warn,
      count(*) != 0 as should_error
    from (
      
    
  
    
    



select transaction_id
from fintrack_db.STAGING.stg_transactions
where transaction_id is null



  
  
      
    ) dbt_internal_test
/* {"app": "dbt", "dbt_version": "2.0.0", "node_id": "test.fintrack_analytics.not_null_stg_transactions_transaction_id.1d00a8e2e4", "profile_name": "fintrack_analytics", "target_name": "dev"} */
12:10:51.026290 [debug]: drop(query_span_guard) (span exit/export) took 24.2µs
12:10:51.027207 [debug]: Finished connection limit wait [  3.85s]
12:10:51.027211 [info ]: Finished running [  0.45s] test DBT_TEST__AUDIT.not_null_stg_transactions_transaction_id [pass]
12:10:51.027694 [info ]:     Passed [  0.48s] test  not_null_stg_transactions_transaction_id
12:10:51.029304 [debug]: create_debug_span(...).entered() took 16.1µs
12:10:51.107010 [debug]: stmt.execute() (submit+wait_for_completion, returns reader) took 496.0598ms
12:10:51.107037 [debug]: reader.schema() took 300ns
12:10:51.108108 [debug]: batch-consume loop (for res in reader) took 1.0608ms
12:10:51.109148 [debug]: do_execute(conn) (closure: stmt.execute + schema + batch loop) took 498.2549ms
12:10:51.109175 [debug]: concat_batches + normalize_result_column_names took 11.2µs
12:10:51.109195 [debug]: record_current_span_status_from_attrs took 2.5µs
12:10:51.109221 [debug]: Query executed on node test.fintrack_analytics.relationships_stg_transactions_compte_id__compte_id__ref_stg_comptes_.6bb5c74007:
select
      count(*) as failures,
      count(*) != 0 as should_warn,
      count(*) != 0 as should_error
    from (
      
    
  
    
    

with child as (
    select compte_id as from_field
    from fintrack_db.STAGING.stg_transactions
    where compte_id is not null
),

parent as (
    select compte_id as to_field
    from fintrack_db.STAGING.stg_comptes
)

select
    from_field

from child
left join parent
    on child.from_field = parent.to_field

where parent.to_field is null



  
  
      
    ) dbt_internal_test
/* {"app": "dbt", "dbt_version": "2.0.0", "node_id": "test.fintrack_analytics.relationships_stg_transactions_compte_id__compte_id__ref_stg_comptes_.6bb5c74007", "profile_name": "fintrack_analytics", "target_name": "dev"} */
12:10:51.109248 [debug]: drop(query_span_guard) (span exit/export) took 48.3µs
12:10:51.110163 [debug]: Finished connection limit wait [  1.01s]
12:10:51.110148 [info ]: Finished running [  0.50s] test DBT_TEST__AUDIT.relationships_stg_transactions_compte_id__compte_id__ref_stg_comptes_ [pass]
12:10:51.110296 [info ]:     Passed [  0.54s] test  relationships_stg_transactions_compte_id__compte_id__ref_stg_comptes_
12:10:51.110882 [info ]: Started running model INTERMEDIATE.int_transactions_enrichies
12:10:51.110934 [debug]: Started connection limit wait
12:10:51.112046 [debug]: create_debug_span(...).entered() took 14.6µs
12:10:51.409721 [debug]: stmt.execute() (submit+wait_for_completion, returns reader) took 380.3454ms
12:10:51.409745 [debug]: reader.schema() took 400ns
12:10:51.410677 [debug]: batch-consume loop (for res in reader) took 921.9µs
12:10:51.411563 [debug]: do_execute(conn) (closure: stmt.execute + schema + batch loop) took 382.2337ms
12:10:51.411611 [debug]: concat_batches + normalize_result_column_names took 33.5µs
12:10:51.411619 [debug]: record_current_span_status_from_attrs took 2.7µs
12:10:51.411627 [debug]: Query executed on node model.fintrack_analytics.dim_categories:
SHOW OBJECTS IN SCHEMA "FINTRACK_DB"."MARTS" LIMIT 10000
12:10:51.411650 [debug]: drop(query_span_guard) (span exit/export) took 25.2µs
12:10:51.414107 [debug]: Writing runtime sql for node "model.fintrack_analytics.dim_categories"
12:10:51.416584 [debug]: create_debug_span(...).entered() took 17.7µs
12:10:51.560942 [debug]: stmt.execute() (submit+wait_for_completion, returns reader) took 448.8225ms
12:10:51.560973 [debug]: reader.schema() took 400ns
12:10:51.562370 [debug]: batch-consume loop (for res in reader) took 1.3788ms
12:10:51.563278 [debug]: do_execute(conn) (closure: stmt.execute + schema + batch loop) took 451.2013ms
12:10:51.563369 [debug]: concat_batches + normalize_result_column_names took 62.5µs
12:10:51.563387 [debug]: record_current_span_status_from_attrs took 3.8µs
12:10:51.563399 [debug]: Query executed on node model.fintrack_analytics.dim_comptes:
SHOW OBJECTS IN SCHEMA "FINTRACK_DB"."MARTS" LIMIT 10000
12:10:51.563427 [debug]: drop(query_span_guard) (span exit/export) took 31.8µs
12:10:51.566639 [debug]: Writing runtime sql for node "model.fintrack_analytics.dim_comptes"
12:10:51.568269 [debug]: create_debug_span(...).entered() took 21.9µs
12:10:53.229230 [debug]: stmt.execute() (submit+wait_for_completion, returns reader) took 1.8125454s
12:10:53.229267 [debug]: reader.schema() took 500ns
12:10:53.231035 [debug]: do_execute(conn) (closure: stmt.execute + schema + batch loop) took 1.8144137s
12:10:53.231088 [debug]: concat_batches + normalize_result_column_names took 19.7µs
12:10:53.231102 [debug]: record_current_span_status_from_attrs took 4.3µs
12:10:53.231115 [debug]: Query executed on node model.fintrack_analytics.dim_categories:
create or replace transient  table fintrack_db.MARTS.dim_categories
    
    
    
    
    as (select
    categorie_id,
    nom_categorie,
    type_categorie,
    groupe
from fintrack_db.STAGING.stg_categories
    )

/* {"app": "dbt", "dbt_version": "2.0.0", "node_id": "model.fintrack_analytics.dim_categories", "profile_name": "fintrack_analytics", "target_name": "dev"} */
12:10:53.231157 [debug]: drop(query_span_guard) (span exit/export) took 45.8µs
12:10:53.233550 [debug]: Finished connection limit wait [  2.12s]
12:10:53.233558 [info ]: Finished running [  2.21s] model MARTS.dim_categories [success]
12:10:53.234097 [info ]:  Succeeded [  2.21s] model MARTS.dim_categories (table)
12:10:53.234729 [info ]: Started test DBT_TEST__AUDIT.unique_dim_categories_categorie_id
12:10:53.234742 [debug]: Started rendering test DBT_TEST__AUDIT.unique_dim_categories_categorie_id
12:10:53.234772 [info ]: Started test DBT_TEST__AUDIT.not_null_dim_categories_categorie_id
12:10:53.234791 [debug]: Started rendering test DBT_TEST__AUDIT.not_null_dim_categories_categorie_id
12:10:53.234821 [info ]: Finished running [  0.00s] model INTERMEDIATE.int_transactions_enrichies [no-op]
12:10:53.235286 [info ]:    Skipped [-------] model INTERMEDIATE.int_transactions_enrichies (ephemeral)
12:10:53.235330 [info ]: Started model MARTS.fct_transactions
12:10:53.235354 [debug]: Started rendering model MARTS.fct_transactions
12:10:53.237156 [debug]: Compiled SQL for node test.fintrack_analytics.unique_dim_categories_categorie_id.86b0ecf635 at target\compiled\fintrack_analytics\target\generic_tests\unique_dim_categories_categorie_id.sql
12:10:53.237304 [debug]: Finished rendering [  0.00s] test DBT_TEST__AUDIT.unique_dim_categories_categorie_id [success]
12:10:53.237626 [debug]: Started analyzing test DBT_TEST__AUDIT.unique_dim_categories_categorie_id
12:10:53.237850 [debug]: Compiled SQL for node test.fintrack_analytics.not_null_dim_categories_categorie_id.93562953fd at target\compiled\fintrack_analytics\target\generic_tests\not_null_dim_categories_categorie_id.sql
12:10:53.238316 [debug]: Compiled SQL for node model.fintrack_analytics.fct_transactions at target\compiled\fintrack_analytics\models\marts\fct_transactions.sql
12:10:53.238440 [debug]: Finished rendering [  0.00s] test DBT_TEST__AUDIT.not_null_dim_categories_categorie_id [success]
12:10:53.238642 [debug]: Started analyzing test DBT_TEST__AUDIT.not_null_dim_categories_categorie_id
12:10:53.238688 [debug]: Finished rendering [  0.00s] model MARTS.fct_transactions [success]
12:10:53.238771 [debug]: Started analyzing model MARTS.fct_transactions
12:10:53.238896 [debug]: Finished analyzing [  0.00s] test DBT_TEST__AUDIT.not_null_dim_categories_categorie_id [success]
12:10:53.239004 [info ]: Started running test DBT_TEST__AUDIT.not_null_dim_categories_categorie_id
12:10:53.239067 [debug]: Finished analyzing [  0.00s] test DBT_TEST__AUDIT.unique_dim_categories_categorie_id [success]
12:10:53.239734 [info ]: Started running test DBT_TEST__AUDIT.unique_dim_categories_categorie_id
12:10:53.239803 [debug]: Started connection limit wait
12:10:53.241639 [debug]: Writing runtime sql for node "test.fintrack_analytics.not_null_dim_categories_categorie_id.93562953fd"
12:10:53.243031 [debug]: create_debug_span(...).entered() took 16.9µs
12:10:53.243697 [debug]: Finished analyzing [  0.00s] model MARTS.fct_transactions [success]
12:10:53.243817 [info ]: Started running model MARTS.fct_transactions
12:10:53.243856 [debug]: Started connection limit wait
12:10:53.808341 [debug]: stmt.execute() (submit+wait_for_completion, returns reader) took 2.2399664s
12:10:53.808375 [debug]: reader.schema() took 400ns
12:10:53.811094 [debug]: do_execute(conn) (closure: stmt.execute + schema + batch loop) took 2.2427841s
12:10:53.811136 [debug]: concat_batches + normalize_result_column_names took 15.9µs
12:10:53.811146 [debug]: record_current_span_status_from_attrs took 3.7µs
12:10:53.811173 [debug]: Query executed on node model.fintrack_analytics.dim_comptes:
create or replace transient  table fintrack_db.MARTS.dim_comptes
    
    
    
    
    as (select
    compte_id,
    nom_client,
    email,
    type_compte,
    date_ouverture,
    solde_initial,
    statut,
    datediff('day', date_ouverture, current_date()) as anciennete_jours,

    -- Bonus 8.1 : clé de substitution via dbt-utils (nécessite `dbt deps`)
    md5(cast(coalesce(cast(compte_id as TEXT), '_dbt_utils_surrogate_key_null_') as TEXT)) as compte_sk

from fintrack_db.STAGING.stg_comptes
    )

/* {"app": "dbt", "dbt_version": "2.0.0", "node_id": "model.fintrack_analytics.dim_comptes", "profile_name": "fintrack_analytics", "target_name": "dev"} */
12:10:53.811204 [debug]: drop(query_span_guard) (span exit/export) took 34.5µs
12:10:53.813208 [debug]: Finished connection limit wait [  0.57s]
12:10:53.813211 [info ]: Finished running [  2.70s] model MARTS.dim_comptes [success]
12:10:53.813714 [info ]:  Succeeded [  2.72s] model MARTS.dim_comptes (table)
12:10:53.814466 [info ]: Started test DBT_TEST__AUDIT.unique_dim_comptes_compte_id
12:10:53.814495 [debug]: Started rendering test DBT_TEST__AUDIT.unique_dim_comptes_compte_id
12:10:53.814538 [info ]: Started test DBT_TEST__AUDIT.not_null_dim_comptes_compte_id
12:10:53.814560 [debug]: Started rendering test DBT_TEST__AUDIT.not_null_dim_comptes_compte_id
12:10:53.816161 [debug]: Writing runtime sql for node "test.fintrack_analytics.unique_dim_categories_categorie_id.86b0ecf635"
12:10:53.817445 [debug]: Compiled SQL for node test.fintrack_analytics.unique_dim_comptes_compte_id.31a8b2a237 at target\compiled\fintrack_analytics\target\generic_tests\unique_dim_comptes_compte_id.sql
12:10:53.818333 [debug]: create_debug_span(...).entered() took 21.1µs
12:10:53.818056 [debug]: Finished rendering [  0.00s] test DBT_TEST__AUDIT.unique_dim_comptes_compte_id [success]
12:10:53.818484 [debug]: Started analyzing test DBT_TEST__AUDIT.unique_dim_comptes_compte_id
12:10:53.818512 [debug]: Compiled SQL for node test.fintrack_analytics.not_null_dim_comptes_compte_id.2e372eb672 at target\compiled\fintrack_analytics\target\generic_tests\not_null_dim_comptes_compte_id.sql
12:10:53.818738 [debug]: Finished rendering [  0.00s] test DBT_TEST__AUDIT.not_null_dim_comptes_compte_id [success]
12:10:53.818883 [debug]: Started analyzing test DBT_TEST__AUDIT.not_null_dim_comptes_compte_id
12:10:53.819128 [debug]: Finished analyzing [  0.00s] test DBT_TEST__AUDIT.not_null_dim_comptes_compte_id [success]
12:10:53.819284 [info ]: Started running test DBT_TEST__AUDIT.not_null_dim_comptes_compte_id
12:10:53.819352 [debug]: Started connection limit wait
12:10:53.819365 [debug]: Finished analyzing [  0.00s] test DBT_TEST__AUDIT.unique_dim_comptes_compte_id [success]
12:10:53.819516 [info ]: Started running test DBT_TEST__AUDIT.unique_dim_comptes_compte_id
12:10:53.819579 [debug]: Started connection limit wait
12:10:54.268492 [debug]: stmt.execute() (submit+wait_for_completion, returns reader) took 450.0271ms
12:10:54.268526 [debug]: reader.schema() took 400ns
12:10:54.269483 [debug]: batch-consume loop (for res in reader) took 929.2µs
12:10:54.270838 [debug]: do_execute(conn) (closure: stmt.execute + schema + batch loop) took 452.4682ms
12:10:54.270877 [debug]: concat_batches + normalize_result_column_names took 12.9µs
12:10:54.270886 [debug]: record_current_span_status_from_attrs took 3.4µs
12:10:54.270895 [debug]: Query executed on node test.fintrack_analytics.unique_dim_categories_categorie_id.86b0ecf635:
select
      count(*) as failures,
      count(*) != 0 as should_warn,
      count(*) != 0 as should_error
    from (
      
    
  
    
    

select
    categorie_id as unique_field,
    count(*) as n_records

from fintrack_db.MARTS.dim_categories
where categorie_id is not null
group by categorie_id
having count(*) > 1



  
  
      
    ) dbt_internal_test
/* {"app": "dbt", "dbt_version": "2.0.0", "node_id": "test.fintrack_analytics.unique_dim_categories_categorie_id.86b0ecf635", "profile_name": "fintrack_analytics", "target_name": "dev"} */
12:10:54.270925 [debug]: drop(query_span_guard) (span exit/export) took 33.2µs
12:10:54.272440 [debug]: Finished connection limit wait [  1.03s]
12:10:54.272445 [info ]: Finished running [  0.46s] test DBT_TEST__AUDIT.unique_dim_categories_categorie_id [pass]
12:10:54.272620 [info ]:     Passed [  0.46s] test  unique_dim_categories_categorie_id
12:10:54.275762 [debug]: Writing runtime sql for node "model.fintrack_analytics.fct_transactions"
12:10:54.277856 [debug]: create_debug_span(...).entered() took 33.7µs
12:10:54.532981 [debug]: stmt.execute() (submit+wait_for_completion, returns reader) took 1.289805s
12:10:54.533023 [debug]: reader.schema() took 700ns
12:10:54.534195 [debug]: batch-consume loop (for res in reader) took 1.1479ms
12:10:54.535272 [debug]: do_execute(conn) (closure: stmt.execute + schema + batch loop) took 1.2921977s
12:10:54.535301 [debug]: concat_batches + normalize_result_column_names took 11.8µs
12:10:54.535311 [debug]: record_current_span_status_from_attrs took 3.9µs
12:10:54.535320 [debug]: Query executed on node test.fintrack_analytics.not_null_dim_categories_categorie_id.93562953fd:
select
      count(*) as failures,
      count(*) != 0 as should_warn,
      count(*) != 0 as should_error
    from (
      
    
  
    
    



select categorie_id
from fintrack_db.MARTS.dim_categories
where categorie_id is null



  
  
      
    ) dbt_internal_test
/* {"app": "dbt", "dbt_version": "2.0.0", "node_id": "test.fintrack_analytics.not_null_dim_categories_categorie_id.93562953fd", "profile_name": "fintrack_analytics", "target_name": "dev"} */
12:10:54.535347 [debug]: drop(query_span_guard) (span exit/export) took 31µs
12:10:54.536463 [debug]: Finished connection limit wait [  0.72s]
12:10:54.536472 [info ]: Finished running [  1.30s] test DBT_TEST__AUDIT.not_null_dim_categories_categorie_id [pass]
12:10:54.536990 [info ]:     Passed [  1.30s] test  not_null_dim_categories_categorie_id
12:10:54.538821 [debug]: Writing runtime sql for node "test.fintrack_analytics.not_null_dim_comptes_compte_id.2e372eb672"
12:10:54.540293 [debug]: create_debug_span(...).entered() took 16µs
12:10:55.031532 [debug]: stmt.execute() (submit+wait_for_completion, returns reader) took 491.1566ms
12:10:55.031567 [debug]: reader.schema() took 400ns
12:10:55.032826 [debug]: batch-consume loop (for res in reader) took 1.2377ms
12:10:55.033544 [debug]: do_execute(conn) (closure: stmt.execute + schema + batch loop) took 493.2269ms
12:10:55.033570 [debug]: concat_batches + normalize_result_column_names took 9.4µs
12:10:55.033577 [debug]: record_current_span_status_from_attrs took 3.2µs
12:10:55.033586 [debug]: Query executed on node test.fintrack_analytics.not_null_dim_comptes_compte_id.2e372eb672:
select
      count(*) as failures,
      count(*) != 0 as should_warn,
      count(*) != 0 as should_error
    from (
      
    
  
    
    



select compte_id
from fintrack_db.MARTS.dim_comptes
where compte_id is null



  
  
      
    ) dbt_internal_test
/* {"app": "dbt", "dbt_version": "2.0.0", "node_id": "test.fintrack_analytics.not_null_dim_comptes_compte_id.2e372eb672", "profile_name": "fintrack_analytics", "target_name": "dev"} */
12:10:55.033607 [debug]: drop(query_span_guard) (span exit/export) took 25µs
12:10:55.034455 [debug]: Finished connection limit wait [  1.21s]
12:10:55.034462 [info ]: Finished running [  0.50s] test DBT_TEST__AUDIT.not_null_dim_comptes_compte_id [pass]
12:10:55.034941 [info ]:     Passed [  0.50s] test  not_null_dim_comptes_compte_id
12:10:55.036681 [debug]: Writing runtime sql for node "test.fintrack_analytics.unique_dim_comptes_compte_id.31a8b2a237"
12:10:55.038061 [debug]: create_debug_span(...).entered() took 15.6µs
12:10:55.904782 [debug]: stmt.execute() (submit+wait_for_completion, returns reader) took 866.6385ms
12:10:55.904836 [debug]: reader.schema() took 800ns
12:10:55.907360 [debug]: batch-consume loop (for res in reader) took 2.4709ms
12:10:55.909386 [debug]: do_execute(conn) (closure: stmt.execute + schema + batch loop) took 871.2978ms
12:10:55.909436 [debug]: concat_batches + normalize_result_column_names took 19.6µs
12:10:55.909452 [debug]: record_current_span_status_from_attrs took 4.6µs
12:10:55.909469 [debug]: Query executed on node test.fintrack_analytics.unique_dim_comptes_compte_id.31a8b2a237:
select
      count(*) as failures,
      count(*) != 0 as should_warn,
      count(*) != 0 as should_error
    from (
      
    
  
    
    

select
    compte_id as unique_field,
    count(*) as n_records

from fintrack_db.MARTS.dim_comptes
where compte_id is not null
group by compte_id
having count(*) > 1



  
  
      
    ) dbt_internal_test
/* {"app": "dbt", "dbt_version": "2.0.0", "node_id": "test.fintrack_analytics.unique_dim_comptes_compte_id.31a8b2a237", "profile_name": "fintrack_analytics", "target_name": "dev"} */
12:10:55.909521 [debug]: drop(query_span_guard) (span exit/export) took 58.2µs
12:10:55.911113 [info ]: Finished running [  0.88s] test DBT_TEST__AUDIT.unique_dim_comptes_compte_id [pass]
12:10:55.911798 [info ]:     Passed [  0.88s] test  unique_dim_comptes_compte_id
12:10:56.088556 [debug]: stmt.execute() (submit+wait_for_completion, returns reader) took 1.8105881s
12:10:56.088588 [debug]: reader.schema() took 400ns
12:10:56.090328 [debug]: do_execute(conn) (closure: stmt.execute + schema + batch loop) took 1.8124414s
12:10:56.090373 [debug]: concat_batches + normalize_result_column_names took 24.9µs
12:10:56.090381 [debug]: record_current_span_status_from_attrs took 2.9µs
12:10:56.090391 [debug]: Query executed on node model.fintrack_analytics.fct_transactions:
create or replace transient  table fintrack_db.MARTS.fct_transactions
    
    
    
    
    as (with __dbt__cte__int_transactions_enrichies as (
-- Modèle éphémère : injecté comme CTE dans fct_transactions, ne crée pas d'objet en base.
with transactions as (

    select * from fintrack_db.STAGING.stg_transactions

),

comptes as (

    select * from fintrack_db.STAGING.stg_comptes

),

categories as (

    select * from fintrack_db.STAGING.stg_categories

),

enrichi as (

    select
        t.transaction_id,
        t.compte_id,
        c.nom_client,
        c.type_compte,
        t.date_transaction,
        date_trunc('month', t.date_transaction)::date as mois_transaction,
        t.montant,
        t.montant_signe,
        t.type_operation,
        t.categorie_id,
        cat.nom_categorie,
        cat.type_categorie,
        cat.groupe,
        t.description,
        t.statut

    from transactions t
    left join comptes    c   on t.compte_id    = c.compte_id
    left join categories cat on t.categorie_id = cat.categorie_id

)

select * from enrichi
)
--EPHEMERAL-SELECT-WRAPPER-START
select * from (
select
    transaction_id,
    compte_id,
    categorie_id,
    date_transaction,
    mois_transaction,
    montant,
    montant_signe,
    type_operation,
    nom_client,
    type_compte,
    nom_categorie,
    type_categorie,
    groupe,
    description,
    statut

from __dbt__cte__int_transactions_enrichies

-- On ne garde que les transactions confirmées dans les analyses financières
where statut = 'validee'
--EPHEMERAL-SELECT-WRAPPER-END
)
    )

/* {"app": "dbt", "dbt_version": "2.0.0", "node_id": "model.fintrack_analytics.fct_transactions", "profile_name": "fintrack_analytics", "target_name": "dev"} */
12:10:56.090418 [debug]: drop(query_span_guard) (span exit/export) took 32.1µs
12:10:56.092040 [info ]: Finished running [  1.82s] model MARTS.fct_transactions [success]
12:10:56.092514 [info ]:  Succeeded [  1.83s] model MARTS.fct_transactions (table)
12:10:56.093137 [info ]: Started test DBT_TEST__AUDIT.unique_fct_transactions_transaction_id
12:10:56.093151 [debug]: Started rendering test DBT_TEST__AUDIT.unique_fct_transactions_transaction_id
12:10:56.093194 [info ]: Started test DBT_TEST__AUDIT.not_null_fct_transactions_transaction_id
12:10:56.093220 [debug]: Started rendering test DBT_TEST__AUDIT.not_null_fct_transactions_transaction_id
12:10:56.093252 [info ]: Started model MARTS.mart_top_depenses
12:10:56.093276 [debug]: Started rendering model MARTS.mart_top_depenses
12:10:56.093311 [info ]: Started model MARTS.mart_solde_mensuel
12:10:56.093336 [debug]: Started rendering model MARTS.mart_solde_mensuel
12:10:56.093371 [info ]: Started model MARTS.mart_budget_vs_reel
12:10:56.093392 [debug]: Started rendering model MARTS.mart_budget_vs_reel
12:10:56.097508 [debug]: Compiled SQL for node test.fintrack_analytics.not_null_fct_transactions_transaction_id.2c6b5372aa at target\compiled\fintrack_analytics\target\generic_tests\not_null_fct_transactions_transaction_id.sql
12:10:56.098204 [debug]: Compiled SQL for node test.fintrack_analytics.unique_fct_transactions_transaction_id.c963611c53 at target\compiled\fintrack_analytics\target\generic_tests\unique_fct_transactions_transaction_id.sql
12:10:56.097879 [debug]: Finished rendering [  0.00s] test DBT_TEST__AUDIT.not_null_fct_transactions_transaction_id [success]
12:10:56.099065 [debug]: Started analyzing test DBT_TEST__AUDIT.not_null_fct_transactions_transaction_id
12:10:56.099125 [debug]: Finished rendering [  0.01s] test DBT_TEST__AUDIT.unique_fct_transactions_transaction_id [success]
12:10:56.099694 [debug]: Started analyzing test DBT_TEST__AUDIT.unique_fct_transactions_transaction_id
12:10:56.099806 [debug]: Compiled SQL for node model.fintrack_analytics.mart_solde_mensuel at target\compiled\fintrack_analytics\models\marts\mart_solde_mensuel.sql
12:10:56.099972 [debug]: Compiled SQL for node model.fintrack_analytics.mart_top_depenses at target\compiled\fintrack_analytics\models\marts\mart_top_depenses.sql
12:10:56.100031 [debug]: Compiled SQL for node model.fintrack_analytics.mart_budget_vs_reel at target\compiled\fintrack_analytics\models\marts\mart_budget_vs_reel.sql
12:10:56.099765 [debug]: Finished analyzing [  0.00s] test DBT_TEST__AUDIT.not_null_fct_transactions_transaction_id [success]
12:10:56.100778 [info ]: Started running test DBT_TEST__AUDIT.not_null_fct_transactions_transaction_id
12:10:56.100832 [debug]: Finished rendering [  0.01s] model MARTS.mart_solde_mensuel [success]
12:10:56.100989 [debug]: Started analyzing model MARTS.mart_solde_mensuel
12:10:56.101022 [debug]: Finished rendering [  0.01s] model MARTS.mart_top_depenses [success]
12:10:56.101240 [debug]: Started analyzing model MARTS.mart_top_depenses
12:10:56.101286 [debug]: Finished rendering [  0.01s] model MARTS.mart_budget_vs_reel [success]
12:10:56.101404 [debug]: Started analyzing model MARTS.mart_budget_vs_reel
12:10:56.101449 [debug]: Finished analyzing [  0.00s] test DBT_TEST__AUDIT.unique_fct_transactions_transaction_id [success]
12:10:56.101585 [info ]: Started running test DBT_TEST__AUDIT.unique_fct_transactions_transaction_id
12:10:56.104921 [debug]: Writing runtime sql for node "test.fintrack_analytics.unique_fct_transactions_transaction_id.c963611c53"
12:10:56.104969 [debug]: Writing runtime sql for node "test.fintrack_analytics.not_null_fct_transactions_transaction_id.2c6b5372aa"
12:10:56.107669 [debug]: create_debug_span(...).entered() took 15.7µs
12:10:56.107670 [debug]: create_debug_span(...).entered() took 24.3µs
12:10:56.108216 [debug]: Finished analyzing [  0.01s] model MARTS.mart_top_depenses [success]
12:10:56.115213 [debug]: Finished analyzing [  0.01s] model MARTS.mart_solde_mensuel [success]
12:10:56.116629 [debug]: Finished analyzing [  0.02s] model MARTS.mart_budget_vs_reel [success]
12:10:56.561928 [debug]: stmt.execute() (submit+wait_for_completion, returns reader) took 454.1172ms
12:10:56.561957 [debug]: reader.schema() took 600ns
12:10:56.563033 [debug]: batch-consume loop (for res in reader) took 1.0579ms
12:10:56.564260 [debug]: do_execute(conn) (closure: stmt.execute + schema + batch loop) took 456.5527ms
12:10:56.564328 [debug]: concat_batches + normalize_result_column_names took 28µs
12:10:56.564354 [debug]: record_current_span_status_from_attrs took 11.6µs
12:10:56.564384 [debug]: Query executed on node test.fintrack_analytics.not_null_fct_transactions_transaction_id.2c6b5372aa:
select
      count(*) as failures,
      count(*) != 0 as should_warn,
      count(*) != 0 as should_error
    from (
      
    
  
    
    



select transaction_id
from fintrack_db.MARTS.fct_transactions
where transaction_id is null



  
  
      
    ) dbt_internal_test
/* {"app": "dbt", "dbt_version": "2.0.0", "node_id": "test.fintrack_analytics.not_null_fct_transactions_transaction_id.2c6b5372aa", "profile_name": "fintrack_analytics", "target_name": "dev"} */
12:10:56.564483 [debug]: drop(query_span_guard) (span exit/export) took 116.9µs
12:10:56.565984 [info ]: Finished running [  0.47s] test DBT_TEST__AUDIT.not_null_fct_transactions_transaction_id [pass]
12:10:56.566130 [info ]:     Passed [  0.47s] test  not_null_fct_transactions_transaction_id
12:10:56.712934 [debug]: stmt.execute() (submit+wait_for_completion, returns reader) took 605.0696ms
12:10:56.712981 [debug]: reader.schema() took 1µs
12:10:56.714615 [debug]: batch-consume loop (for res in reader) took 1.6144ms
12:10:56.715844 [debug]: do_execute(conn) (closure: stmt.execute + schema + batch loop) took 608.1389ms
12:10:56.715886 [debug]: concat_batches + normalize_result_column_names took 15.9µs
12:10:56.715901 [debug]: record_current_span_status_from_attrs took 3.8µs
12:10:56.715916 [debug]: Query executed on node test.fintrack_analytics.unique_fct_transactions_transaction_id.c963611c53:
select
      count(*) as failures,
      count(*) != 0 as should_warn,
      count(*) != 0 as should_error
    from (
      
    
  
    
    

select
    transaction_id as unique_field,
    count(*) as n_records

from fintrack_db.MARTS.fct_transactions
where transaction_id is not null
group by transaction_id
having count(*) > 1



  
  
      
    ) dbt_internal_test
/* {"app": "dbt", "dbt_version": "2.0.0", "node_id": "test.fintrack_analytics.unique_fct_transactions_transaction_id.c963611c53", "profile_name": "fintrack_analytics", "target_name": "dev"} */
12:10:56.715959 [debug]: drop(query_span_guard) (span exit/export) took 47.9µs
12:10:56.717207 [info ]: Finished running [  0.62s] test DBT_TEST__AUDIT.unique_fct_transactions_transaction_id [pass]
12:10:56.717340 [info ]:     Passed [  0.62s] test  unique_fct_transactions_transaction_id
12:10:56.718051 [info ]: Started running model MARTS.mart_budget_vs_reel
12:10:56.718094 [info ]: Started running model MARTS.mart_top_depenses
12:10:56.718146 [info ]: Started running model MARTS.mart_solde_mensuel
12:10:56.718274 [debug]: Started connection limit wait
12:10:56.721982 [debug]: Writing runtime sql for node "model.fintrack_analytics.mart_solde_mensuel"
12:10:56.723474 [debug]: create_debug_span(...).entered() took 17.7µs
12:10:56.723569 [debug]: Writing runtime sql for node "model.fintrack_analytics.mart_budget_vs_reel"
12:10:56.725403 [debug]: create_debug_span(...).entered() took 19µs
12:10:57.891888 [debug]: stmt.execute() (submit+wait_for_completion, returns reader) took 1.1683039s
12:10:57.891931 [debug]: reader.schema() took 500ns
12:10:57.900914 [debug]: do_execute(conn) (closure: stmt.execute + schema + batch loop) took 1.1774007s
12:10:57.901010 [debug]: concat_batches + normalize_result_column_names took 39.4µs
12:10:57.901045 [debug]: record_current_span_status_from_attrs took 7.1µs
12:10:57.901066 [debug]: Query executed on node model.fintrack_analytics.mart_solde_mensuel:
create or replace transient  table fintrack_db.MARTS.mart_solde_mensuel
    
    
    
    
    as (with mensuel as (

    select
        compte_id,
        mois_transaction as mois,
        sum(case when type_operation = 'credit' then montant else 0 end) as total_credits,
        sum(case when type_operation = 'debit'  then montant else 0 end) as total_debits,
        sum(montant_signe) as solde_net_mois

    from fintrack_db.MARTS.fct_transactions
    group by compte_id, mois_transaction

),

avec_solde_initial as (

    select
        m.*,
        c.solde_initial

    from mensuel m
    left join fintrack_db.MARTS.dim_comptes c on m.compte_id = c.compte_id

)

select
    compte_id,
    mois,
    total_credits,
    total_debits,
    solde_net_mois,

    -- Solde cumulé depuis l'ouverture : solde initial + somme des soldes nets mensuels
    -- de tous les mois précédents (inclus) pour ce compte.
    solde_initial + sum(solde_net_mois) over (
        partition by compte_id
        order by mois
        rows between unbounded preceding and current row
    ) as solde_cumule

from avec_solde_initial
    )

/* {"app": "dbt", "dbt_version": "2.0.0", "node_id": "model.fintrack_analytics.mart_solde_mensuel", "profile_name": "fintrack_analytics", "target_name": "dev"} */
12:10:57.901138 [debug]: drop(query_span_guard) (span exit/export) took 76.8µs
12:10:57.905163 [debug]: Finished connection limit wait [  1.19s]
12:10:57.905097 [info ]: Finished running [  1.19s] model MARTS.mart_solde_mensuel [success]
12:10:57.905364 [info ]:  Succeeded [  1.21s] model MARTS.mart_solde_mensuel (table)
12:10:57.907698 [info ]: Started test DBT_TEST__AUDIT.assert_solde_mensuel_positif
12:10:57.907767 [debug]: Started rendering test DBT_TEST__AUDIT.assert_solde_mensuel_positif
12:10:57.912184 [debug]: Writing runtime sql for node "model.fintrack_analytics.mart_top_depenses"
12:10:57.920634 [debug]: create_debug_span(...).entered() took 31.7µs
12:10:57.929113 [debug]: Compiled SQL for node test.fintrack_analytics.assert_solde_mensuel_positif at target\compiled\fintrack_analytics\tests\assert_solde_mensuel_positif.sql
12:10:57.930629 [debug]: Finished rendering [  0.02s] test DBT_TEST__AUDIT.assert_solde_mensuel_positif [success]
12:10:57.933114 [info ]: Finished rendering [ 17.30s] (30 nodes, 0 skipped, 0 errors)
12:10:57.934406 [debug]: Started analyzing test DBT_TEST__AUDIT.assert_solde_mensuel_positif
12:10:57.937964 [debug]: Finished analyzing [  0.00s] test DBT_TEST__AUDIT.assert_solde_mensuel_positif [success]
12:10:57.938193 [info ]: Finished analyzing [ 17.30s] (30 nodes, 0 skipped, 0 errors)
12:10:57.941900 [info ]: Started running test DBT_TEST__AUDIT.assert_solde_mensuel_positif
12:10:57.942416 [debug]: Started connection limit wait
12:10:58.445960 [debug]: stmt.execute() (submit+wait_for_completion, returns reader) took 1.720396s
12:10:58.445996 [debug]: reader.schema() took 600ns
12:10:58.448650 [debug]: do_execute(conn) (closure: stmt.execute + schema + batch loop) took 1.7232066s
12:10:58.448709 [debug]: concat_batches + normalize_result_column_names took 29.7µs
12:10:58.448718 [debug]: record_current_span_status_from_attrs took 3.1µs
12:10:58.448729 [debug]: Query executed on node model.fintrack_analytics.mart_budget_vs_reel:
create or replace transient  table fintrack_db.MARTS.mart_budget_vs_reel
    
    
    
    
    as (with budgets_agreges as (

    select
        compte_id,
        categorie_id,
        mois,
        sum(montant_prevu) as montant_prevu

    from fintrack_db.STAGING.stg_budgets
    group by compte_id, categorie_id, mois

),

depenses_agregees as (

    select
        compte_id,
        categorie_id,
        mois_transaction as mois,
        sum(montant) as montant_reel

    from fintrack_db.MARTS.fct_transactions
    where type_operation = 'debit'
    group by compte_id, categorie_id, mois_transaction

),

rapproche as (

    select
        coalesce(b.compte_id, d.compte_id)       as compte_id,
        coalesce(b.categorie_id, d.categorie_id) as categorie_id,
        coalesce(b.mois, d.mois)                 as mois,
        coalesce(b.montant_prevu, 0)             as montant_prevu,
        coalesce(d.montant_reel, 0)              as montant_reel

    from budgets_agreges b
    full outer join depenses_agregees d
        on  b.compte_id    = d.compte_id
        and b.categorie_id = d.categorie_id
        and b.mois          = d.mois

)

select
    r.compte_id,
    c.nom_client,
    r.categorie_id,
    cat.nom_categorie,
    r.mois,
    r.montant_prevu,
    r.montant_reel,
    r.montant_reel - r.montant_prevu as ecart,
    r.montant_reel > r.montant_prevu as depassement

from rapproche r
left join fintrack_db.MARTS.dim_comptes    c   on r.compte_id    = c.compte_id
left join fintrack_db.MARTS.dim_categories cat on r.categorie_id = cat.categorie_id
    )

/* {"app": "dbt", "dbt_version": "2.0.0", "node_id": "model.fintrack_analytics.mart_budget_vs_reel", "profile_name": "fintrack_analytics", "target_name": "dev"} */
12:10:58.448758 [debug]: drop(query_span_guard) (span exit/export) took 35µs
12:10:58.450654 [debug]: Finished connection limit wait [  0.51s]
12:10:58.450659 [info ]: Finished running [  1.73s] model MARTS.mart_budget_vs_reel [success]
12:10:58.451046 [info ]:  Succeeded [  1.75s] model MARTS.mart_budget_vs_reel (table)
12:10:58.453671 [debug]: Writing runtime sql for node "test.fintrack_analytics.assert_solde_mensuel_positif"
12:10:58.455875 [debug]: create_debug_span(...).entered() took 38.1µs
12:10:59.017837 [debug]: stmt.execute() (submit+wait_for_completion, returns reader) took 561.7416ms
12:10:59.017878 [debug]: reader.schema() took 400ns
12:10:59.019024 [debug]: batch-consume loop (for res in reader) took 1.122ms
12:10:59.019833 [debug]: do_execute(conn) (closure: stmt.execute + schema + batch loop) took 563.8998ms
12:10:59.019875 [debug]: concat_batches + normalize_result_column_names took 18.1µs
12:10:59.019892 [debug]: record_current_span_status_from_attrs took 3.6µs
12:10:59.019908 [debug]: Query executed on node test.fintrack_analytics.assert_solde_mensuel_positif:
select
      count(*) as failures,
      count(*) != 0 as should_warn,
      count(*) != 0 as should_error
    from (
      
    
  -- Test singulier : aucun compte epargne ne doit avoir un solde cumulé négatif.
-- Un test dbt réussit quand cette requête ne retourne AUCUNE ligne.

select
    m.compte_id,
    c.nom_client,
    m.mois,
    m.solde_cumule

from fintrack_db.MARTS.mart_solde_mensuel m
inner join fintrack_db.MARTS.dim_comptes c on m.compte_id = c.compte_id
where c.type_compte = 'epargne'
  and m.solde_cumule < 0
  
  
      
    ) dbt_internal_test
/* {"app": "dbt", "dbt_version": "2.0.0", "node_id": "test.fintrack_analytics.assert_solde_mensuel_positif", "profile_name": "fintrack_analytics", "target_name": "dev"} */
12:10:59.019957 [debug]: drop(query_span_guard) (span exit/export) took 52.9µs
12:10:59.021402 [info ]: Finished running [  0.57s] test DBT_TEST__AUDIT.assert_solde_mensuel_positif [pass]
12:10:59.021555 [info ]:     Passed [  0.60s] test  assert_solde_mensuel_positif
12:10:59.051788 [debug]: stmt.execute() (submit+wait_for_completion, returns reader) took 1.1215177s
12:10:59.051827 [debug]: reader.schema() took 600ns
12:10:59.054762 [debug]: do_execute(conn) (closure: stmt.execute + schema + batch loop) took 1.1340865s
12:10:59.054812 [debug]: concat_batches + normalize_result_column_names took 21.2µs
12:10:59.054822 [debug]: record_current_span_status_from_attrs took 3.8µs
12:10:59.054833 [debug]: Query executed on node model.fintrack_analytics.mart_top_depenses:
create or replace transient  table fintrack_db.MARTS.mart_top_depenses
    
    
    
    
    as (-- Bonus 8.2 : top 3 des catégories de dépenses par compte.
with depenses_categorie as (

    select
        compte_id,
        nom_client,
        categorie_id,
        nom_categorie,
        sum(montant) as total_depense

    from fintrack_db.MARTS.fct_transactions
    where type_operation = 'debit'
    group by compte_id, nom_client, categorie_id, nom_categorie

),

classement as (

    select
        *,
        row_number() over (partition by compte_id order by total_depense desc) as rang

    from depenses_categorie

)

select *
from classement
where rang <= 3
    )

/* {"app": "dbt", "dbt_version": "2.0.0", "node_id": "model.fintrack_analytics.mart_top_depenses", "profile_name": "fintrack_analytics", "target_name": "dev"} */
12:10:59.054868 [debug]: drop(query_span_guard) (span exit/export) took 40.5µs
12:10:59.057079 [info ]: Finished running [  1.15s] model MARTS.mart_top_depenses [success]
12:10:59.057526 [info ]: Finished running [ 18.41s] (30 nodes, 1 skipped, 0 errors)
12:10:59.058240 [info ]:  Succeeded [  1.17s] model MARTS.mart_top_depenses (table)
12:10:59.504445 [info ]: 
==================== Execution Summary =====================
Finished 'build' successfully for target 'dev' [22.4s]
Processed: 11 models | 18 tests | 1 snapshot
Summary: 30 total | 29 success | 1 no-op
==================== 2026-09-03T20:28:14.006853Z | 01a068f5-2f2c-74b3-b93a-0a0cbef5db69 ====================
20:28:14.008297 [info ]: dbt-fusion 2.0.0-preview.218
20:28:14.010526 [info ]: Started loading project
20:28:14.017551 [info ]: Loading ~/.dbt/profiles.yml
20:28:14.041887 [info ]: Loading packages.yml
20:28:14.042393 [debug]:    Started loading packages
20:28:14.066577 [debug]:     Loaded [  0.02s] packages
20:28:14.067639 [info ]: Finished loading project [  0.06s]
20:28:14.076006 [info ]: Started parsing
20:28:14.136901 [debug]: Finished parsing models/marts/_marts_schema.yml [  0.00s]
20:28:14.144176 [debug]: Finished parsing models/staging/_stg_schema.yml [  0.01s]
20:28:14.150347 [debug]: Finished parsing models/staging/_stg_sources.yml [  0.01s]
20:28:14.156216 [debug]: Finished parsing snapshots\snapshot_comptes.sql [  0.00s]
20:28:14.166634 [debug]: Finished parsing models/intermediate/int_transactions_enrichies.sql [  0.01s]
20:28:14.167474 [debug]: Finished parsing models/marts/dim_categories.sql [  0.00s]
20:28:14.168382 [debug]: Finished parsing models/marts/dim_comptes.sql [  0.00s]
20:28:14.169093 [debug]: Finished parsing models/marts/fct_transactions.sql [  0.00s]
20:28:14.169988 [debug]: Finished parsing models/marts/mart_budget_vs_reel.sql [  0.00s]
20:28:14.170763 [debug]: Finished parsing models/marts/mart_solde_mensuel.sql [  0.00s]
20:28:14.171497 [debug]: Finished parsing models/marts/mart_top_depenses.sql [  0.00s]
20:28:14.177907 [debug]: Finished parsing models/staging/stg_budgets.sql [  0.01s]
20:28:14.186614 [debug]: Finished parsing models/staging/stg_categories.sql [  0.01s]
20:28:14.196130 [debug]: Finished parsing models/staging/stg_comptes.sql [  0.01s]
20:28:14.204984 [debug]: Finished parsing models/staging/stg_transactions.sql [  0.01s]
20:28:14.255374 [debug]: Finished parsing tests/assert_solde_mensuel_positif.sql [  0.00s]
20:28:14.257428 [debug]: Finished parsing target\generic_tests\unique_dim_categories_categorie_id.sql [  0.00s]
20:28:14.259536 [debug]: Finished parsing target\generic_tests\not_null_dim_categories_categorie_id.sql [  0.00s]
20:28:14.261411 [debug]: Finished parsing target\generic_tests\unique_dim_comptes_compte_id.sql [  0.00s]
20:28:14.262769 [debug]: Finished parsing target\generic_tests\not_null_dim_comptes_compte_id.sql [  0.00s]
20:28:14.263763 [debug]: Finished parsing target\generic_tests\unique_fct_transactions_transaction_id.sql [  0.00s]
20:28:14.264793 [debug]: Finished parsing target\generic_tests\not_null_fct_transactions_transaction_id.sql [  0.00s]
20:28:14.265528 [debug]: Finished parsing target\generic_tests\unique_stg_budgets_budget_id.sql [  0.00s]
20:28:14.266421 [debug]: Finished parsing target\generic_tests\not_null_stg_budgets_budget_id.sql [  0.00s]
20:28:14.267199 [debug]: Finished parsing target\generic_tests\unique_stg_categories_categorie_id.sql [  0.00s]
20:28:14.267961 [debug]: Finished parsing target\generic_tests\not_null_stg_categories_categorie_id.sql [  0.00s]
20:28:14.268672 [debug]: Finished parsing target\generic_tests\unique_stg_comptes_compte_id.sql [  0.00s]
20:28:14.269445 [debug]: Finished parsing target\generic_tests\not_null_stg_comptes_compte_id.sql [  0.00s]
20:28:14.270222 [debug]: Finished parsing target\generic_tests\accepted_values_stg_comptes_statut__actif__inactif__cloture.sql [  0.00s]
20:28:14.271495 [debug]: Finished parsing target\generic_tests\accepted_values_stg_comptes_f1faed08d9c87f7483d3a3bcc8a81daa.sql [  0.00s]
20:28:14.272612 [debug]: Finished parsing target\generic_tests\relationships_stg_transactions_985ebbdbfd283785f0e58047e4f6b5ed.sql [  0.00s]
20:28:14.273655 [debug]: Finished parsing target\generic_tests\unique_stg_transactions_transaction_id.sql [  0.00s]
20:28:14.274720 [debug]: Finished parsing target\generic_tests\not_null_stg_transactions_transaction_id.sql [  0.00s]
20:28:14.489541 [info ]: Finished parsing [  0.41s]
20:28:14.636377 [info ]: Started scheduling
20:28:14.636742 [info ]: Finished scheduling [  0.00s]
20:28:14.636860 [warn ]: [NoNodesForSelectionCriteria (dbt1092)]: The selection criterion 'path:tests\assert_solde_mensuel_positif.sql' does not match any enabled nodes
20:28:14.637572 [warn ]: [NoNodesSelected (dbt1601)]: Nothing to do. Try checking your model configs and model specification args
20:28:15.382876 [info ]: 
==================== Execution Summary =====================
Finished 'run' with 2 warnings for target 'dev' [1.4s]
==================== 2026-09-03T20:28:32.618094Z | 01a068f5-77e6-70d3-9aba-3e1ae28de5d8 ====================
20:28:32.618393 [info ]: dbt-fusion 2.0.0-preview.218
20:28:32.618907 [info ]: Started loading project
20:28:32.623713 [info ]: Loading ~/.dbt/profiles.yml
20:28:32.634149 [info ]: Loading packages.yml
20:28:32.634554 [debug]:    Started loading packages
20:28:32.657863 [debug]:     Loaded [  0.02s] packages
20:28:32.658994 [info ]: Finished loading project [  0.04s]
20:28:32.660009 [info ]: Started parsing
20:28:32.722339 [debug]: Finished parsing models/marts/_marts_schema.yml [  0.00s]
20:28:32.722939 [debug]: Finished parsing models/staging/_stg_schema.yml [  0.00s]
20:28:32.723321 [debug]: Finished parsing models/staging/_stg_sources.yml [  0.00s]
20:28:32.727186 [debug]: Finished parsing snapshots\snapshot_comptes.sql [  0.00s]
20:28:32.729707 [debug]: Finished parsing models/intermediate/int_transactions_enrichies.sql [  0.00s]
20:28:32.730482 [debug]: Finished parsing models/marts/dim_categories.sql [  0.00s]
20:28:32.731843 [debug]: Finished parsing models/marts/dim_comptes.sql [  0.00s]
20:28:32.732638 [debug]: Finished parsing models/marts/fct_transactions.sql [  0.00s]
20:28:32.733338 [debug]: Finished parsing models/marts/mart_budget_vs_reel.sql [  0.00s]
20:28:32.733914 [debug]: Finished parsing models/marts/mart_solde_mensuel.sql [  0.00s]
20:28:32.734590 [debug]: Finished parsing models/marts/mart_top_depenses.sql [  0.00s]
20:28:32.735165 [debug]: Finished parsing models/staging/stg_budgets.sql [  0.00s]
20:28:32.735661 [debug]: Finished parsing models/staging/stg_categories.sql [  0.00s]
20:28:32.736353 [debug]: Finished parsing models/staging/stg_comptes.sql [  0.00s]
20:28:32.737025 [debug]: Finished parsing models/staging/stg_transactions.sql [  0.00s]
20:28:32.764446 [debug]: Finished parsing tests/assert_solde_mensuel_positif.sql [  0.00s]
20:28:32.765339 [debug]: Finished parsing target\generic_tests\unique_dim_categories_categorie_id.sql [  0.00s]
20:28:32.766620 [debug]: Finished parsing target\generic_tests\not_null_dim_categories_categorie_id.sql [  0.00s]
20:28:32.767333 [debug]: Finished parsing target\generic_tests\unique_dim_comptes_compte_id.sql [  0.00s]
20:28:32.768391 [debug]: Finished parsing target\generic_tests\not_null_dim_comptes_compte_id.sql [  0.00s]
20:28:32.769515 [debug]: Finished parsing target\generic_tests\unique_fct_transactions_transaction_id.sql [  0.00s]
20:28:32.770592 [debug]: Finished parsing target\generic_tests\not_null_fct_transactions_transaction_id.sql [  0.00s]
20:28:32.771285 [debug]: Finished parsing target\generic_tests\unique_stg_budgets_budget_id.sql [  0.00s]
20:28:32.772250 [debug]: Finished parsing target\generic_tests\not_null_stg_budgets_budget_id.sql [  0.00s]
20:28:32.772955 [debug]: Finished parsing target\generic_tests\unique_stg_categories_categorie_id.sql [  0.00s]
20:28:32.774022 [debug]: Finished parsing target\generic_tests\not_null_stg_categories_categorie_id.sql [  0.00s]
20:28:32.774741 [debug]: Finished parsing target\generic_tests\unique_stg_comptes_compte_id.sql [  0.00s]
20:28:32.775534 [debug]: Finished parsing target\generic_tests\not_null_stg_comptes_compte_id.sql [  0.00s]
20:28:32.776531 [debug]: Finished parsing target\generic_tests\accepted_values_stg_comptes_statut__actif__inactif__cloture.sql [  0.00s]
20:28:32.777326 [debug]: Finished parsing target\generic_tests\accepted_values_stg_comptes_f1faed08d9c87f7483d3a3bcc8a81daa.sql [  0.00s]
20:28:32.778057 [debug]: Finished parsing target\generic_tests\relationships_stg_transactions_985ebbdbfd283785f0e58047e4f6b5ed.sql [  0.00s]
20:28:32.778643 [debug]: Finished parsing target\generic_tests\unique_stg_transactions_transaction_id.sql [  0.00s]
20:28:32.779439 [debug]: Finished parsing target\generic_tests\not_null_stg_transactions_transaction_id.sql [  0.00s]
20:28:33.068038 [info ]: Finished parsing [  0.41s]
20:28:33.069248 [info ]: Started scheduling
20:28:33.069588 [info ]: Finished scheduling [  0.00s]
20:28:33.073231 [debug]: Initializing schema store with entry: Frontier(CanonicalFqn { catalog: "FINTRACK_DB", schema: "MARTS", table: "DIM_COMPTES" }) and interval: None
20:28:33.073257 [debug]: Initializing schema store with entry: Frontier(CanonicalFqn { catalog: "FINTRACK_DB", schema: "MARTS", table: "MART_SOLDE_MENSUEL" }) and interval: None
20:28:33.130298 [info ]: Started building task graph
20:28:33.134831 [info ]: Finished building task graph [  0.00s]
20:28:33.148463 [info ]: Started rendering (1 nodes)
20:28:33.148696 [info ]: Started test DBT_TEST__AUDIT.assert_solde_mensuel_positif
20:28:33.148708 [debug]: Started rendering test DBT_TEST__AUDIT.assert_solde_mensuel_positif
20:28:33.150857 [debug]: Compiled SQL for node test.fintrack_analytics.assert_solde_mensuel_positif at target\compiled\fintrack_analytics\tests\assert_solde_mensuel_positif.sql
20:28:33.151025 [debug]: Finished rendering [  0.00s] test DBT_TEST__AUDIT.assert_solde_mensuel_positif [success]
20:28:33.151708 [info ]: Finished rendering [  0.00s] (1 nodes, 0 skipped, 0 errors)
20:28:33.152441 [info ]: Started analyzing (1 nodes)
20:28:33.152547 [debug]: Started analyzing test DBT_TEST__AUDIT.assert_solde_mensuel_positif
20:28:33.169491 [debug]: Finished analyzing [  0.02s] test DBT_TEST__AUDIT.assert_solde_mensuel_positif [success]
20:28:33.169867 [info ]: Finished analyzing [  0.02s] (1 nodes, 0 skipped, 0 errors)
20:28:33.170223 [info ]: Started running (1 nodes)
20:28:33.170378 [info ]: Started running test DBT_TEST__AUDIT.assert_solde_mensuel_positif
20:28:33.201146 [debug]: Writing runtime sql for node "test.fintrack_analytics.assert_solde_mensuel_positif"
20:28:33.212260 [debug]: Snowflake driver resolved: snowflake 0.21.0.dev+dbt0.21.17
20:28:36.166062 [debug]: create_debug_span(...).entered() took 1.1037ms
20:28:37.010188 [debug]: stmt.execute() (submit+wait_for_completion, returns reader) took 840.7461ms
20:28:37.010602 [debug]: reader.schema() took 385.3µs
20:28:37.028331 [debug]: batch-consume loop (for res in reader) took 17.7007ms
20:28:37.030105 [debug]: do_execute(conn) (closure: stmt.execute + schema + batch loop) took 864.0099ms
20:28:37.030972 [debug]: concat_batches + normalize_result_column_names took 836.2µs
20:28:37.031342 [debug]: record_current_span_status_from_attrs took 344.9µs
20:28:37.031704 [debug]: Query executed on node test.fintrack_analytics.assert_solde_mensuel_positif:
select
      count(*) as failures,
      count(*) != 0 as should_warn,
      count(*) != 0 as should_error
    from (
      
    
  -- Test singulier : aucun compte epargne ne doit avoir un solde cumulé négatif.
-- Un test dbt réussit quand cette requête ne retourne AUCUNE ligne.

select
    m.compte_id,
    c.nom_client,
    m.mois,
    m.solde_cumule

from fintrack_db.MARTS.mart_solde_mensuel m
inner join fintrack_db.MARTS.dim_comptes c on m.compte_id = c.compte_id
where c.type_compte = 'epargne'
  and m.solde_cumule < 0
  
  
      
    ) dbt_internal_test
/* {"app": "dbt", "dbt_version": "2.0.0", "node_id": "test.fintrack_analytics.assert_solde_mensuel_positif", "profile_name": "fintrack_analytics", "target_name": "dev"} */
20:28:37.031753 [debug]: drop(query_span_guard) (span exit/export) took 390.8µs
20:28:37.049691 [info ]: Finished running [  3.88s] test DBT_TEST__AUDIT.assert_solde_mensuel_positif [pass]
20:28:37.050036 [info ]: Finished running [  3.88s] (1 nodes, 0 skipped, 0 errors)
20:28:37.050509 [info ]:     Passed [  3.90s] test  assert_solde_mensuel_positif
20:28:37.226721 [info ]: 
==================== Execution Summary =====================
Finished 'test' successfully for target 'dev' [4.6s]
Processed: 1 test
Summary: 1 total | 1 success
==================== 2026-09-03T20:28:59.962798Z | 01a068f5-e2b6-7ff2-ad7a-f8a055ccb224 ====================
20:28:59.963051 [info ]: dbt-fusion 2.0.0-preview.218
20:28:59.963764 [info ]: Started loading project
20:28:59.968209 [info ]: Loading ~/.dbt/profiles.yml
20:28:59.977192 [info ]: Loading packages.yml
20:28:59.977557 [debug]:    Started loading packages
20:28:59.996768 [debug]:     Loaded [  0.02s] packages
20:28:59.998024 [info ]: Finished loading project [  0.03s]
20:28:59.998791 [info ]: Started parsing
20:29:00.070126 [debug]: Finished parsing models/marts/_marts_schema.yml [  0.00s]
20:29:00.070743 [debug]: Finished parsing models/staging/_stg_schema.yml [  0.00s]
20:29:00.071370 [debug]: Finished parsing models/staging/_stg_sources.yml [  0.00s]
20:29:00.075309 [debug]: Finished parsing snapshots\snapshot_comptes.sql [  0.00s]
20:29:00.077664 [debug]: Finished parsing models/intermediate/int_transactions_enrichies.sql [  0.00s]
20:29:00.078255 [debug]: Finished parsing models/marts/dim_categories.sql [  0.00s]
20:29:00.079094 [debug]: Finished parsing models/marts/dim_comptes.sql [  0.00s]
20:29:00.079590 [debug]: Finished parsing models/marts/fct_transactions.sql [  0.00s]
20:29:00.080086 [debug]: Finished parsing models/marts/mart_budget_vs_reel.sql [  0.00s]
20:29:00.080549 [debug]: Finished parsing models/marts/mart_solde_mensuel.sql [  0.00s]
20:29:00.080974 [debug]: Finished parsing models/marts/mart_top_depenses.sql [  0.00s]
20:29:00.081412 [debug]: Finished parsing models/staging/stg_budgets.sql [  0.00s]
20:29:00.081844 [debug]: Finished parsing models/staging/stg_categories.sql [  0.00s]
20:29:00.082365 [debug]: Finished parsing models/staging/stg_comptes.sql [  0.00s]
20:29:00.082843 [debug]: Finished parsing models/staging/stg_transactions.sql [  0.00s]
20:29:00.112075 [debug]: Finished parsing tests/assert_solde_mensuel_positif.sql [  0.00s]
20:29:00.112725 [debug]: Finished parsing target\generic_tests\unique_dim_categories_categorie_id.sql [  0.00s]
20:29:00.113351 [debug]: Finished parsing target\generic_tests\not_null_dim_categories_categorie_id.sql [  0.00s]
20:29:00.113923 [debug]: Finished parsing target\generic_tests\unique_dim_comptes_compte_id.sql [  0.00s]
20:29:00.114513 [debug]: Finished parsing target\generic_tests\not_null_dim_comptes_compte_id.sql [  0.00s]
20:29:00.115085 [debug]: Finished parsing target\generic_tests\unique_fct_transactions_transaction_id.sql [  0.00s]
20:29:00.115644 [debug]: Finished parsing target\generic_tests\not_null_fct_transactions_transaction_id.sql [  0.00s]
20:29:00.116185 [debug]: Finished parsing target\generic_tests\unique_stg_budgets_budget_id.sql [  0.00s]
20:29:00.116758 [debug]: Finished parsing target\generic_tests\not_null_stg_budgets_budget_id.sql [  0.00s]
20:29:00.117290 [debug]: Finished parsing target\generic_tests\unique_stg_categories_categorie_id.sql [  0.00s]
20:29:00.117854 [debug]: Finished parsing target\generic_tests\not_null_stg_categories_categorie_id.sql [  0.00s]
20:29:00.118393 [debug]: Finished parsing target\generic_tests\unique_stg_comptes_compte_id.sql [  0.00s]
20:29:00.118953 [debug]: Finished parsing target\generic_tests\not_null_stg_comptes_compte_id.sql [  0.00s]
20:29:00.119516 [debug]: Finished parsing target\generic_tests\accepted_values_stg_comptes_statut__actif__inactif__cloture.sql [  0.00s]
20:29:00.120068 [debug]: Finished parsing target\generic_tests\accepted_values_stg_comptes_f1faed08d9c87f7483d3a3bcc8a81daa.sql [  0.00s]
20:29:00.120631 [debug]: Finished parsing target\generic_tests\relationships_stg_transactions_985ebbdbfd283785f0e58047e4f6b5ed.sql [  0.00s]
20:29:00.121250 [debug]: Finished parsing target\generic_tests\unique_stg_transactions_transaction_id.sql [  0.00s]
20:29:00.122254 [debug]: Finished parsing target\generic_tests\not_null_stg_transactions_transaction_id.sql [  0.00s]
20:29:00.361631 [info ]: Finished parsing [  0.36s]
20:29:00.418806 [info ]: Started scheduling
20:29:00.419130 [info ]: Finished scheduling [  0.00s]
20:29:00.419273 [warn ]: [NoNodesForSelectionCriteria (dbt1092)]: The selection criterion 'path:tests\assert_solde_mensuel_positif.sql' does not match any enabled nodes
20:29:00.419308 [warn ]: [NoNodesSelected (dbt1601)]: Nothing to do. Try checking your model configs and model specification args
20:29:00.985143 [info ]: 
==================== Execution Summary =====================
Finished 'run' with 2 warnings for target 'dev' [1.0s]
==================== 2026-09-03T20:29:06.444576Z | 01a068f5-fc08-7b60-8b73-61157fa2b7ca ====================
20:29:06.444924 [info ]: dbt-fusion 2.0.0-preview.218
20:29:06.445599 [info ]: Started loading project
20:29:06.451513 [info ]: Loading ~/.dbt/profiles.yml
20:29:06.461868 [info ]: Loading packages.yml
20:29:06.462249 [debug]:    Started loading packages
20:29:06.479362 [debug]:     Loaded [  0.02s] packages
20:29:06.480439 [info ]: Finished loading project [  0.03s]
20:29:06.481143 [info ]: Started parsing
20:29:06.544894 [debug]: Finished parsing models/marts/_marts_schema.yml [  0.00s]
20:29:06.545296 [debug]: Finished parsing models/staging/_stg_schema.yml [  0.00s]
20:29:06.545577 [debug]: Finished parsing models/staging/_stg_sources.yml [  0.00s]
20:29:06.548763 [debug]: Finished parsing snapshots\snapshot_comptes.sql [  0.00s]
20:29:06.551123 [debug]: Finished parsing models/intermediate/int_transactions_enrichies.sql [  0.00s]
20:29:06.551717 [debug]: Finished parsing models/marts/dim_categories.sql [  0.00s]
20:29:06.552541 [debug]: Finished parsing models/marts/dim_comptes.sql [  0.00s]
20:29:06.553239 [debug]: Finished parsing models/marts/fct_transactions.sql [  0.00s]
20:29:06.553878 [debug]: Finished parsing models/marts/mart_budget_vs_reel.sql [  0.00s]
20:29:06.554488 [debug]: Finished parsing models/marts/mart_solde_mensuel.sql [  0.00s]
20:29:06.555006 [debug]: Finished parsing models/marts/mart_top_depenses.sql [  0.00s]
20:29:06.555544 [debug]: Finished parsing models/staging/stg_budgets.sql [  0.00s]
20:29:06.556270 [debug]: Finished parsing models/staging/stg_categories.sql [  0.00s]
20:29:06.556964 [debug]: Finished parsing models/staging/stg_comptes.sql [  0.00s]
20:29:06.557586 [debug]: Finished parsing models/staging/stg_transactions.sql [  0.00s]
20:29:06.582319 [debug]: Finished parsing tests/assert_solde_mensuel_positif.sql [  0.00s]
20:29:06.582953 [debug]: Finished parsing target\generic_tests\unique_dim_categories_categorie_id.sql [  0.00s]
20:29:06.583548 [debug]: Finished parsing target\generic_tests\not_null_dim_categories_categorie_id.sql [  0.00s]
20:29:06.584154 [debug]: Finished parsing target\generic_tests\unique_dim_comptes_compte_id.sql [  0.00s]
20:29:06.584735 [debug]: Finished parsing target\generic_tests\not_null_dim_comptes_compte_id.sql [  0.00s]
20:29:06.585280 [debug]: Finished parsing target\generic_tests\unique_fct_transactions_transaction_id.sql [  0.00s]
20:29:06.586077 [debug]: Finished parsing target\generic_tests\not_null_fct_transactions_transaction_id.sql [  0.00s]
20:29:06.586796 [debug]: Finished parsing target\generic_tests\unique_stg_budgets_budget_id.sql [  0.00s]
20:29:06.588645 [debug]: Finished parsing target\generic_tests\not_null_stg_budgets_budget_id.sql [  0.00s]
20:29:06.590172 [debug]: Finished parsing target\generic_tests\unique_stg_categories_categorie_id.sql [  0.00s]
20:29:06.591071 [debug]: Finished parsing target\generic_tests\not_null_stg_categories_categorie_id.sql [  0.00s]
20:29:06.591776 [debug]: Finished parsing target\generic_tests\unique_stg_comptes_compte_id.sql [  0.00s]
20:29:06.592531 [debug]: Finished parsing target\generic_tests\not_null_stg_comptes_compte_id.sql [  0.00s]
20:29:06.593396 [debug]: Finished parsing target\generic_tests\accepted_values_stg_comptes_statut__actif__inactif__cloture.sql [  0.00s]
20:29:06.594460 [debug]: Finished parsing target\generic_tests\accepted_values_stg_comptes_f1faed08d9c87f7483d3a3bcc8a81daa.sql [  0.00s]
20:29:06.595250 [debug]: Finished parsing target\generic_tests\relationships_stg_transactions_985ebbdbfd283785f0e58047e4f6b5ed.sql [  0.00s]
20:29:06.596192 [debug]: Finished parsing target\generic_tests\unique_stg_transactions_transaction_id.sql [  0.00s]
20:29:06.597232 [debug]: Finished parsing target\generic_tests\not_null_stg_transactions_transaction_id.sql [  0.00s]
20:29:06.900186 [info ]: Finished parsing [  0.42s]
20:29:06.901471 [info ]: Started scheduling
20:29:06.901853 [info ]: Finished scheduling [  0.00s]
20:29:06.908248 [debug]: Initializing schema store with entry: Frontier(CanonicalFqn { catalog: "FINTRACK_DB", schema: "MARTS", table: "DIM_COMPTES" }) and interval: None
20:29:06.908273 [debug]: Initializing schema store with entry: Frontier(CanonicalFqn { catalog: "FINTRACK_DB", schema: "MARTS", table: "MART_SOLDE_MENSUEL" }) and interval: None
20:29:06.970978 [info ]: Started building task graph
20:29:06.971472 [info ]: Finished building task graph [  0.00s]
20:29:06.980937 [info ]: Started rendering (1 nodes)
20:29:06.981136 [info ]: Started test DBT_TEST__AUDIT.assert_solde_mensuel_positif
20:29:06.981149 [debug]: Started rendering test DBT_TEST__AUDIT.assert_solde_mensuel_positif
20:29:06.982651 [debug]: Compiled SQL for node test.fintrack_analytics.assert_solde_mensuel_positif at target\compiled\fintrack_analytics\tests\assert_solde_mensuel_positif.sql
20:29:06.982783 [debug]: Finished rendering [  0.00s] test DBT_TEST__AUDIT.assert_solde_mensuel_positif [success]
20:29:06.983014 [info ]: Finished rendering [  0.00s] (1 nodes, 0 skipped, 0 errors)
20:29:06.983357 [info ]: Started analyzing (1 nodes)
20:29:06.983541 [debug]: Started analyzing test DBT_TEST__AUDIT.assert_solde_mensuel_positif
20:29:06.998200 [debug]: Finished analyzing [  0.01s] test DBT_TEST__AUDIT.assert_solde_mensuel_positif [success]
20:29:06.998515 [info ]: Finished analyzing [  0.02s] (1 nodes, 0 skipped, 0 errors)
20:29:06.998767 [info ]: Started running (1 nodes)
20:29:06.998868 [info ]: Started running test DBT_TEST__AUDIT.assert_solde_mensuel_positif
20:29:07.002218 [debug]: Writing runtime sql for node "test.fintrack_analytics.assert_solde_mensuel_positif"
20:29:07.003698 [debug]: Snowflake driver resolved: snowflake 0.21.0.dev+dbt0.21.17
20:29:08.888391 [debug]: create_debug_span(...).entered() took 38.7µs
20:29:10.598723 [debug]: stmt.execute() (submit+wait_for_completion, returns reader) took 1.7101892s
20:29:10.598764 [debug]: reader.schema() took 5.6µs
20:29:10.602166 [debug]: batch-consume loop (for res in reader) took 3.3744ms
20:29:10.603672 [debug]: do_execute(conn) (closure: stmt.execute + schema + batch loop) took 1.7152446s
20:29:10.603783 [debug]: concat_batches + normalize_result_column_names took 75.2µs
20:29:10.603819 [debug]: record_current_span_status_from_attrs took 16.3µs
20:29:10.603853 [debug]: Query executed on node test.fintrack_analytics.assert_solde_mensuel_positif:
select
      count(*) as failures,
      count(*) != 0 as should_warn,
      count(*) != 0 as should_error
    from (
      
    
  -- Test singulier : aucun compte epargne ne doit avoir un solde cumulé négatif.
-- Un test dbt réussit quand cette requête ne retourne AUCUNE ligne.

select
    m.compte_id,
    c.nom_client,
    m.mois,
    m.solde_cumule

from fintrack_db.MARTS.mart_solde_mensuel m
left join fintrack_db.MARTS.dim_comptes c on m.compte_id = c.compte_id
where c.type_compte = 'epargne'
  and m.solde_cumule < 0
  
  
      
    ) dbt_internal_test
/* {"app": "dbt", "dbt_version": "2.0.0", "node_id": "test.fintrack_analytics.assert_solde_mensuel_positif", "profile_name": "fintrack_analytics", "target_name": "dev"} */
20:29:10.603901 [debug]: drop(query_span_guard) (span exit/export) took 59.2µs
20:29:10.605895 [info ]: Finished running [  3.61s] test DBT_TEST__AUDIT.assert_solde_mensuel_positif [pass]
20:29:10.606387 [info ]: Finished running [  3.61s] (1 nodes, 0 skipped, 0 errors)
20:29:10.607152 [info ]:     Passed [  3.62s] test  assert_solde_mensuel_positif
20:29:10.787986 [info ]: 
==================== Execution Summary =====================
Finished 'test' successfully for target 'dev' [4.3s]
Processed: 1 test
Summary: 1 total | 1 success
==================== 2026-09-03T20:32:17.662099Z | 01a068f8-e6fa-75b3-8af8-f7c2c2e30fc6 ====================
20:32:17.662319 [info ]: dbt-fusion 2.0.0-preview.218
20:32:17.663048 [info ]: Started loading project
20:32:17.668350 [info ]: Loading ~/.dbt/profiles.yml
20:32:17.681043 [info ]: Loading packages.yml
20:32:17.681952 [debug]:    Started loading packages
20:32:17.699081 [debug]:     Loaded [  0.02s] packages
20:32:17.700111 [info ]: Finished loading project [  0.04s]
20:32:17.700908 [info ]: Started parsing
20:32:17.760149 [debug]: Finished parsing models/marts/_marts_schema.yml [  0.00s]
20:32:17.760647 [debug]: Finished parsing models/staging/_stg_schema.yml [  0.00s]
20:32:17.761008 [debug]: Finished parsing models/staging/_stg_sources.yml [  0.00s]
20:32:17.764888 [debug]: Finished parsing snapshots\snapshot_comptes.sql [  0.00s]
20:32:17.767794 [debug]: Finished parsing models/intermediate/int_transactions_enrichies.sql [  0.00s]
20:32:17.768355 [debug]: Finished parsing models/marts/dim_categories.sql [  0.00s]
20:32:17.769594 [debug]: Finished parsing models/marts/dim_comptes.sql [  0.00s]
20:32:17.770393 [debug]: Finished parsing models/marts/fct_transactions.sql [  0.00s]
20:32:17.771173 [debug]: Finished parsing models/marts/mart_budget_vs_reel.sql [  0.00s]
20:32:17.771872 [debug]: Finished parsing models/marts/mart_solde_mensuel.sql [  0.00s]
20:32:17.772685 [debug]: Finished parsing models/marts/mart_top_depenses.sql [  0.00s]
20:32:17.773612 [debug]: Finished parsing models/staging/stg_budgets.sql [  0.00s]
20:32:17.774291 [debug]: Finished parsing models/staging/stg_categories.sql [  0.00s]
20:32:17.774950 [debug]: Finished parsing models/staging/stg_comptes.sql [  0.00s]
20:32:17.775497 [debug]: Finished parsing models/staging/stg_transactions.sql [  0.00s]
20:32:17.801058 [debug]: Finished parsing tests/assert_solde_mensuel_positif.sql [  0.00s]
20:32:17.801684 [debug]: Finished parsing target\generic_tests\unique_dim_categories_categorie_id.sql [  0.00s]
20:32:17.802274 [debug]: Finished parsing target\generic_tests\not_null_dim_categories_categorie_id.sql [  0.00s]
20:32:17.802798 [debug]: Finished parsing target\generic_tests\unique_dim_comptes_compte_id.sql [  0.00s]
20:32:17.803352 [debug]: Finished parsing target\generic_tests\not_null_dim_comptes_compte_id.sql [  0.00s]
20:32:17.803878 [debug]: Finished parsing target\generic_tests\unique_fct_transactions_transaction_id.sql [  0.00s]
20:32:17.804427 [debug]: Finished parsing target\generic_tests\not_null_fct_transactions_transaction_id.sql [  0.00s]
20:32:17.805368 [debug]: Finished parsing target\generic_tests\unique_stg_budgets_budget_id.sql [  0.00s]
20:32:17.806094 [debug]: Finished parsing target\generic_tests\not_null_stg_budgets_budget_id.sql [  0.00s]
20:32:17.806723 [debug]: Finished parsing target\generic_tests\unique_stg_categories_categorie_id.sql [  0.00s]
20:32:17.807277 [debug]: Finished parsing target\generic_tests\not_null_stg_categories_categorie_id.sql [  0.00s]
20:32:17.807791 [debug]: Finished parsing target\generic_tests\unique_stg_comptes_compte_id.sql [  0.00s]
20:32:17.808338 [debug]: Finished parsing target\generic_tests\not_null_stg_comptes_compte_id.sql [  0.00s]
20:32:17.808886 [debug]: Finished parsing target\generic_tests\accepted_values_stg_comptes_statut__actif__inactif__cloture.sql [  0.00s]
20:32:17.809508 [debug]: Finished parsing target\generic_tests\accepted_values_stg_comptes_f1faed08d9c87f7483d3a3bcc8a81daa.sql [  0.00s]
20:32:17.810123 [debug]: Finished parsing target\generic_tests\relationships_stg_transactions_985ebbdbfd283785f0e58047e4f6b5ed.sql [  0.00s]
20:32:17.810649 [debug]: Finished parsing target\generic_tests\unique_stg_transactions_transaction_id.sql [  0.00s]
20:32:17.811220 [debug]: Finished parsing target\generic_tests\not_null_stg_transactions_transaction_id.sql [  0.00s]
20:32:18.032195 [info ]: Finished parsing [  0.33s]
20:32:18.033273 [info ]: Started scheduling
20:32:18.033946 [info ]: Finished scheduling [  0.00s]
20:32:18.038009 [debug]: Initializing schema store with entry: Frontier(CanonicalFqn { catalog: "FINTRACK_DB", schema: "MARTS", table: "DIM_COMPTES" }) and interval: None
20:32:18.038038 [debug]: Initializing schema store with entry: Frontier(CanonicalFqn { catalog: "FINTRACK_DB", schema: "MARTS", table: "MART_SOLDE_MENSUEL" }) and interval: None
20:32:18.103259 [info ]: Started building task graph
20:32:18.104755 [info ]: Finished building task graph [  0.00s]
20:32:18.119570 [info ]: Started rendering (1 nodes)
20:32:18.155659 [info ]: Started test DBT_TEST__AUDIT.assert_solde_mensuel_positif
20:32:18.155689 [debug]: Started rendering test DBT_TEST__AUDIT.assert_solde_mensuel_positif
20:32:18.157866 [debug]: Compiled SQL for node test.fintrack_analytics.assert_solde_mensuel_positif at target\compiled\fintrack_analytics\tests\assert_solde_mensuel_positif.sql
20:32:18.158336 [debug]: Finished rendering [  0.00s] test DBT_TEST__AUDIT.assert_solde_mensuel_positif [success]
20:32:18.158718 [info ]: Finished rendering [  0.04s] (1 nodes, 0 skipped, 0 errors)
20:32:18.159133 [info ]: Started analyzing (1 nodes)
20:32:18.159284 [debug]: Started analyzing test DBT_TEST__AUDIT.assert_solde_mensuel_positif
20:32:18.180350 [debug]: Finished analyzing [  0.02s] test DBT_TEST__AUDIT.assert_solde_mensuel_positif [success]
20:32:18.182469 [info ]: Finished analyzing [  0.02s] (1 nodes, 0 skipped, 0 errors)
20:32:18.183511 [info ]: Started running (1 nodes)
20:32:18.183703 [info ]: Started running test DBT_TEST__AUDIT.assert_solde_mensuel_positif
20:32:18.185336 [debug]: Snowflake driver resolved: snowflake 0.21.0.dev+dbt0.21.17
20:32:22.065086 [debug]: Query executed on node unknown:

  
  -- Test singulier : aucun compte epargne ne doit avoir un solde cumulé négatif.
-- Un test dbt réussit quand cette requête ne retourne AUCUNE ligne.

select
    m.compte_id,
    c.nom_client,
    m.mois,
    m.solde_cumule

from fintrack_db.MARTS.mart_solde_mensuel m
left join fintrack_db.MARTS.dim_comptes c on m.compte_id = c.compte_id
where c.type_compte = 'epargne'
  and m.solde_cumule < 0
  
  limit 10

20:32:22.389191 [info ]: [34m[1mQuery[0m [1mshow_test_fintrack_analytics_assert_solde_mensuel_positif[0m
┌───────────┬────────────┬──────┬──────────────┐
│[1m COMPTE_ID [0m┆[1m NOM_CLIENT [0m┆[1m MOIS [0m┆[1m SOLDE_CUMULE [0m│
╞═══════════╪════════════╪══════╪══════════════╡
└───────────┴────────────┴──────┴──────────────┘
0 rows.
20:32:22.390658 [info ]: Finished running [  4.21s] test DBT_TEST__AUDIT.assert_solde_mensuel_positif [success]
20:32:22.390936 [info ]: Finished running [  4.21s] (1 nodes, 0 skipped, 0 errors)
20:32:22.391334 [info ]:  Succeeded [  4.23s] test  assert_solde_mensuel_positif (tests/assert_solde_mensuel_positif.sql)
20:32:22.570800 [info ]: 
==================== Execution Summary =====================
Finished 'show' successfully for target 'dev' [4.9s]
==================== 2026-09-03T20:32:39.927397Z | 01a068f9-3df4-7f93-940e-9c068bf2186f ====================
20:32:39.927598 [info ]: dbt-fusion 2.0.0-preview.218
20:32:39.928113 [info ]: Started loading project
20:32:39.933680 [info ]: Loading ~/.dbt/profiles.yml
20:32:39.945089 [info ]: Loading packages.yml
20:32:39.945542 [debug]:    Started loading packages
20:32:39.985363 [debug]:     Loaded [  0.04s] packages
20:32:39.990704 [info ]: Finished loading project [  0.06s]
20:32:40.020381 [info ]: Started parsing
20:32:40.083808 [debug]: Finished parsing models/marts/_marts_schema.yml [  0.00s]
20:32:40.084193 [debug]: Finished parsing models/staging/_stg_schema.yml [  0.00s]
20:32:40.084467 [debug]: Finished parsing models/staging/_stg_sources.yml [  0.00s]
20:32:40.087520 [debug]: Finished parsing snapshots\snapshot_comptes.sql [  0.00s]
20:32:40.089765 [debug]: Finished parsing models/intermediate/int_transactions_enrichies.sql [  0.00s]
20:32:40.090195 [debug]: Finished parsing models/marts/dim_categories.sql [  0.00s]
20:32:40.090894 [debug]: Finished parsing models/marts/dim_comptes.sql [  0.00s]
20:32:40.091312 [debug]: Finished parsing models/marts/fct_transactions.sql [  0.00s]
20:32:40.091773 [debug]: Finished parsing models/marts/mart_budget_vs_reel.sql [  0.00s]
20:32:40.092230 [debug]: Finished parsing models/marts/mart_solde_mensuel.sql [  0.00s]
20:32:40.092632 [debug]: Finished parsing models/marts/mart_top_depenses.sql [  0.00s]
20:32:40.093047 [debug]: Finished parsing models/staging/stg_budgets.sql [  0.00s]
20:32:40.093459 [debug]: Finished parsing models/staging/stg_categories.sql [  0.00s]
20:32:40.093934 [debug]: Finished parsing models/staging/stg_comptes.sql [  0.00s]
20:32:40.094385 [debug]: Finished parsing models/staging/stg_transactions.sql [  0.00s]
20:32:40.117520 [debug]: Finished parsing tests/assert_solde_mensuel_positif.sql [  0.00s]
20:32:40.118115 [debug]: Finished parsing target\generic_tests\unique_dim_categories_categorie_id.sql [  0.00s]
20:32:40.118693 [debug]: Finished parsing target\generic_tests\not_null_dim_categories_categorie_id.sql [  0.00s]
20:32:40.119220 [debug]: Finished parsing target\generic_tests\unique_dim_comptes_compte_id.sql [  0.00s]
20:32:40.120102 [debug]: Finished parsing target\generic_tests\not_null_dim_comptes_compte_id.sql [  0.00s]
20:32:40.120916 [debug]: Finished parsing target\generic_tests\unique_fct_transactions_transaction_id.sql [  0.00s]
20:32:40.121697 [debug]: Finished parsing target\generic_tests\not_null_fct_transactions_transaction_id.sql [  0.00s]
20:32:40.122264 [debug]: Finished parsing target\generic_tests\unique_stg_budgets_budget_id.sql [  0.00s]
20:32:40.122842 [debug]: Finished parsing target\generic_tests\not_null_stg_budgets_budget_id.sql [  0.00s]
20:32:40.123389 [debug]: Finished parsing target\generic_tests\unique_stg_categories_categorie_id.sql [  0.00s]
20:32:40.123942 [debug]: Finished parsing target\generic_tests\not_null_stg_categories_categorie_id.sql [  0.00s]
20:32:40.124465 [debug]: Finished parsing target\generic_tests\unique_stg_comptes_compte_id.sql [  0.00s]
20:32:40.125002 [debug]: Finished parsing target\generic_tests\not_null_stg_comptes_compte_id.sql [  0.00s]
20:32:40.125557 [debug]: Finished parsing target\generic_tests\accepted_values_stg_comptes_statut__actif__inactif__cloture.sql [  0.00s]
20:32:40.126102 [debug]: Finished parsing target\generic_tests\accepted_values_stg_comptes_f1faed08d9c87f7483d3a3bcc8a81daa.sql [  0.00s]
20:32:40.126653 [debug]: Finished parsing target\generic_tests\relationships_stg_transactions_985ebbdbfd283785f0e58047e4f6b5ed.sql [  0.00s]
20:32:40.127252 [debug]: Finished parsing target\generic_tests\unique_stg_transactions_transaction_id.sql [  0.00s]
20:32:40.127836 [debug]: Finished parsing target\generic_tests\not_null_stg_transactions_transaction_id.sql [  0.00s]
20:32:40.344175 [info ]: Finished parsing [  0.32s]
20:32:40.345470 [info ]: Started scheduling
20:32:40.345747 [info ]: Finished scheduling [  0.00s]
20:32:40.349709 [debug]: Initializing schema store with entry: Frontier(CanonicalFqn { catalog: "FINTRACK_DB", schema: "MARTS", table: "DIM_COMPTES" }) and interval: None
20:32:40.349752 [debug]: Initializing schema store with entry: Frontier(CanonicalFqn { catalog: "FINTRACK_DB", schema: "MARTS", table: "MART_SOLDE_MENSUEL" }) and interval: None
20:32:40.408793 [info ]: Started building task graph
20:32:40.409167 [info ]: Finished building task graph [  0.00s]
20:32:40.418178 [info ]: Started rendering (1 nodes)
20:32:40.418487 [info ]: Started test DBT_TEST__AUDIT.assert_solde_mensuel_positif
20:32:40.418505 [debug]: Started rendering test DBT_TEST__AUDIT.assert_solde_mensuel_positif
20:32:40.420164 [debug]: Compiled SQL for node test.fintrack_analytics.assert_solde_mensuel_positif at target\compiled\fintrack_analytics\tests\assert_solde_mensuel_positif.sql
20:32:40.420318 [debug]: Finished rendering [  0.00s] test DBT_TEST__AUDIT.assert_solde_mensuel_positif [success]
20:32:40.420610 [info ]: Finished rendering [  0.00s] (1 nodes, 0 skipped, 0 errors)
20:32:40.420999 [info ]: Started analyzing (1 nodes)
20:32:40.421099 [debug]: Started analyzing test DBT_TEST__AUDIT.assert_solde_mensuel_positif
20:32:40.434987 [debug]: Finished analyzing [  0.01s] test DBT_TEST__AUDIT.assert_solde_mensuel_positif [success]
20:32:40.435543 [info ]: Finished analyzing [  0.01s] (1 nodes, 0 skipped, 0 errors)
20:32:40.436222 [info ]: Started running (1 nodes)
20:32:40.436409 [info ]: Started running test DBT_TEST__AUDIT.assert_solde_mensuel_positif
20:32:40.436813 [debug]: Snowflake driver resolved: snowflake 0.21.0.dev+dbt0.21.17
20:32:43.374428 [debug]: Query executed on node unknown:

  
  -- Test singulier : aucun compte epargne ne doit avoir un solde cumulé négatif.
-- Un test dbt réussit quand cette requête ne retourne AUCUNE ligne.

select
    m.compte_id,
    c.nom_client,
    m.mois,
    m.solde_cumule

from fintrack_db.MARTS.mart_solde_mensuel m
inner join fintrack_db.MARTS.dim_comptes c on m.compte_id = c.compte_id
where c.type_compte = 'epargne'
  and m.solde_cumule < 0
  
  limit 10

20:32:43.811922 [info ]: [34m[1mQuery[0m [1mshow_test_fintrack_analytics_assert_solde_mensuel_positif[0m
┌───────────┬────────────┬──────┬──────────────┐
│[1m COMPTE_ID [0m┆[1m NOM_CLIENT [0m┆[1m MOIS [0m┆[1m SOLDE_CUMULE [0m│
╞═══════════╪════════════╪══════╪══════════════╡
└───────────┴────────────┴──────┴──────────────┘
0 rows.
20:32:43.814304 [info ]: Finished running [  3.38s] test DBT_TEST__AUDIT.assert_solde_mensuel_positif [success]
20:32:43.815035 [info ]: Finished running [  3.38s] (1 nodes, 0 skipped, 0 errors)
20:32:43.816198 [info ]:  Succeeded [  3.39s] test  assert_solde_mensuel_positif (tests/assert_solde_mensuel_positif.sql)
20:32:44.003848 [info ]: 
==================== Execution Summary =====================
Finished 'show' successfully for target 'dev' [4.1s]
==================== 2026-09-03T20:33:00.520829Z | 01a068f9-8e65-7492-b35f-203373a3e8c7 ====================
20:33:00.521048 [info ]: dbt-fusion 2.0.0-preview.218
20:33:00.521567 [info ]: Started loading project
20:33:00.527179 [info ]: Loading ~/.dbt/profiles.yml
20:33:00.538268 [info ]: Loading packages.yml
20:33:00.538648 [debug]:    Started loading packages
20:33:00.558462 [debug]:     Loaded [  0.02s] packages
20:33:00.559645 [info ]: Finished loading project [  0.04s]
20:33:00.560439 [info ]: Started parsing
20:33:00.628794 [debug]: Finished parsing models/marts/_marts_schema.yml [  0.00s]
20:33:00.629389 [debug]: Finished parsing models/staging/_stg_schema.yml [  0.00s]
20:33:00.629778 [debug]: Finished parsing models/staging/_stg_sources.yml [  0.00s]
20:33:00.635027 [debug]: Finished parsing snapshots\snapshot_comptes.sql [  0.00s]
20:33:00.637320 [debug]: Finished parsing models/intermediate/int_transactions_enrichies.sql [  0.00s]
20:33:00.637807 [debug]: Finished parsing models/marts/dim_categories.sql [  0.00s]
20:33:00.638539 [debug]: Finished parsing models/marts/dim_comptes.sql [  0.00s]
20:33:00.639011 [debug]: Finished parsing models/marts/fct_transactions.sql [  0.00s]
20:33:00.639525 [debug]: Finished parsing models/marts/mart_budget_vs_reel.sql [  0.00s]
20:33:00.640024 [debug]: Finished parsing models/marts/mart_solde_mensuel.sql [  0.00s]
20:33:00.640559 [debug]: Finished parsing models/marts/mart_top_depenses.sql [  0.00s]
20:33:00.641625 [debug]: Finished parsing models/staging/stg_budgets.sql [  0.00s]
20:33:00.642623 [debug]: Finished parsing models/staging/stg_categories.sql [  0.00s]
20:33:00.643831 [debug]: Finished parsing models/staging/stg_comptes.sql [  0.00s]
20:33:00.644524 [debug]: Finished parsing models/staging/stg_transactions.sql [  0.00s]
20:33:00.666330 [debug]: Finished parsing tests/assert_solde_mensuel_positif.sql [  0.00s]
20:33:00.666895 [debug]: Finished parsing target\generic_tests\unique_dim_categories_categorie_id.sql [  0.00s]
20:33:00.667439 [debug]: Finished parsing target\generic_tests\not_null_dim_categories_categorie_id.sql [  0.00s]
20:33:00.667938 [debug]: Finished parsing target\generic_tests\unique_dim_comptes_compte_id.sql [  0.00s]
20:33:00.668473 [debug]: Finished parsing target\generic_tests\not_null_dim_comptes_compte_id.sql [  0.00s]
20:33:00.668972 [debug]: Finished parsing target\generic_tests\unique_fct_transactions_transaction_id.sql [  0.00s]
20:33:00.669498 [debug]: Finished parsing target\generic_tests\not_null_fct_transactions_transaction_id.sql [  0.00s]
20:33:00.669996 [debug]: Finished parsing target\generic_tests\unique_stg_budgets_budget_id.sql [  0.00s]
20:33:00.670526 [debug]: Finished parsing target\generic_tests\not_null_stg_budgets_budget_id.sql [  0.00s]
20:33:00.671021 [debug]: Finished parsing target\generic_tests\unique_stg_categories_categorie_id.sql [  0.00s]
20:33:00.671544 [debug]: Finished parsing target\generic_tests\not_null_stg_categories_categorie_id.sql [  0.00s]
20:33:00.672037 [debug]: Finished parsing target\generic_tests\unique_stg_comptes_compte_id.sql [  0.00s]
20:33:00.672647 [debug]: Finished parsing target\generic_tests\not_null_stg_comptes_compte_id.sql [  0.00s]
20:33:00.673196 [debug]: Finished parsing target\generic_tests\accepted_values_stg_comptes_statut__actif__inactif__cloture.sql [  0.00s]
20:33:00.674043 [debug]: Finished parsing target\generic_tests\accepted_values_stg_comptes_f1faed08d9c87f7483d3a3bcc8a81daa.sql [  0.00s]
20:33:00.674644 [debug]: Finished parsing target\generic_tests\relationships_stg_transactions_985ebbdbfd283785f0e58047e4f6b5ed.sql [  0.00s]
20:33:00.675259 [debug]: Finished parsing target\generic_tests\unique_stg_transactions_transaction_id.sql [  0.00s]
20:33:00.675882 [debug]: Finished parsing target\generic_tests\not_null_stg_transactions_transaction_id.sql [  0.00s]
20:33:00.936937 [info ]: Finished parsing [  0.38s]
20:33:00.938154 [info ]: Started scheduling
20:33:00.939291 [info ]: Finished scheduling [  0.00s]
20:33:00.943796 [debug]: Initializing schema store with entry: Frontier(CanonicalFqn { catalog: "FINTRACK_DB", schema: "MARTS", table: "DIM_COMPTES" }) and interval: None
20:33:00.943821 [debug]: Initializing schema store with entry: Frontier(CanonicalFqn { catalog: "FINTRACK_DB", schema: "STAGING", table: "STG_TRANSACTIONS" }) and interval: None
20:33:00.943825 [debug]: Initializing schema store with entry: Frontier(CanonicalFqn { catalog: "FINTRACK_DB", schema: "MARTS", table: "MART_SOLDE_MENSUEL" }) and interval: None
20:33:00.943829 [debug]: Initializing schema store with entry: Frontier(CanonicalFqn { catalog: "FINTRACK_DB", schema: "STAGING", table: "STG_CATEGORIES" }) and interval: None
20:33:00.943833 [debug]: Initializing schema store with entry: Frontier(CanonicalFqn { catalog: "FINTRACK_DB", schema: "MARTS", table: "FCT_TRANSACTIONS" }) and interval: None
20:33:00.943836 [debug]: Initializing schema store with entry: Frontier(CanonicalFqn { catalog: "FINTRACK_DB", schema: "MARTS", table: "DIM_CATEGORIES" }) and interval: None
20:33:00.943839 [debug]: Initializing schema store with entry: Frontier(CanonicalFqn { catalog: "FINTRACK_DB", schema: "STAGING", table: "STG_COMPTES" }) and interval: None
20:33:00.943843 [debug]: Initializing schema store with entry: Frontier(CanonicalFqn { catalog: "FINTRACK_DB", schema: "STAGING", table: "STG_BUDGETS" }) and interval: None
20:33:01.002055 [info ]: Started building task graph
20:33:01.002719 [info ]: Finished building task graph [  0.00s]
20:33:01.011996 [info ]: Started rendering (18 nodes)
20:33:01.012197 [info ]: Started test DBT_TEST__AUDIT.unique_stg_transactions_transaction_id
20:33:01.012213 [debug]: Started rendering test DBT_TEST__AUDIT.unique_stg_transactions_transaction_id
20:33:01.012251 [info ]: Started test DBT_TEST__AUDIT.unique_stg_comptes_compte_id
20:33:01.012260 [debug]: Started rendering test DBT_TEST__AUDIT.unique_stg_comptes_compte_id
20:33:01.012275 [info ]: Started test DBT_TEST__AUDIT.unique_stg_categories_categorie_id
20:33:01.012281 [debug]: Started rendering test DBT_TEST__AUDIT.unique_stg_categories_categorie_id
20:33:01.012293 [info ]: Started test DBT_TEST__AUDIT.unique_stg_budgets_budget_id
20:33:01.012299 [debug]: Started rendering test DBT_TEST__AUDIT.unique_stg_budgets_budget_id
20:33:01.012313 [info ]: Started test DBT_TEST__AUDIT.unique_fct_transactions_transaction_id
20:33:01.012318 [debug]: Started rendering test DBT_TEST__AUDIT.unique_fct_transactions_transaction_id
20:33:01.012330 [info ]: Started test DBT_TEST__AUDIT.unique_dim_comptes_compte_id
20:33:01.012340 [debug]: Started rendering test DBT_TEST__AUDIT.unique_dim_comptes_compte_id
20:33:01.012357 [info ]: Started test DBT_TEST__AUDIT.unique_dim_categories_categorie_id
20:33:01.012367 [debug]: Started rendering test DBT_TEST__AUDIT.unique_dim_categories_categorie_id
20:33:01.012414 [info ]: Started test DBT_TEST__AUDIT.relationships_stg_transactions_compte_id__compte_id__ref_stg_comptes_
20:33:01.012436 [debug]: Started rendering test DBT_TEST__AUDIT.relationships_stg_transactions_compte_id__compte_id__ref_stg_comptes_
20:33:01.012493 [info ]: Started test DBT_TEST__AUDIT.not_null_stg_transactions_transaction_id
20:33:01.012517 [debug]: Started rendering test DBT_TEST__AUDIT.not_null_stg_transactions_transaction_id
20:33:01.012549 [info ]: Started test DBT_TEST__AUDIT.not_null_stg_comptes_compte_id
20:33:01.012587 [debug]: Started rendering test DBT_TEST__AUDIT.not_null_stg_comptes_compte_id
20:33:01.012650 [info ]: Started test DBT_TEST__AUDIT.not_null_stg_categories_categorie_id
20:33:01.012675 [debug]: Started rendering test DBT_TEST__AUDIT.not_null_stg_categories_categorie_id
20:33:01.012769 [info ]: Started test DBT_TEST__AUDIT.not_null_stg_budgets_budget_id
20:33:01.012795 [debug]: Started rendering test DBT_TEST__AUDIT.not_null_stg_budgets_budget_id
20:33:01.012882 [info ]: Started test DBT_TEST__AUDIT.not_null_fct_transactions_transaction_id
20:33:01.012960 [debug]: Started rendering test DBT_TEST__AUDIT.not_null_fct_transactions_transaction_id
20:33:01.013061 [info ]: Started test DBT_TEST__AUDIT.not_null_dim_comptes_compte_id
20:33:01.013121 [debug]: Started rendering test DBT_TEST__AUDIT.not_null_dim_comptes_compte_id
20:33:01.013256 [info ]: Started test DBT_TEST__AUDIT.not_null_dim_categories_categorie_id
20:33:01.013278 [debug]: Started rendering test DBT_TEST__AUDIT.not_null_dim_categories_categorie_id
20:33:01.013366 [info ]: Started test DBT_TEST__AUDIT.assert_solde_mensuel_positif
20:33:01.013390 [debug]: Started rendering test DBT_TEST__AUDIT.assert_solde_mensuel_positif
20:33:01.013429 [info ]: Started test DBT_TEST__AUDIT.accepted_values_stg_comptes_type_compte__courant__epargne__joint
20:33:01.013489 [debug]: Started rendering test DBT_TEST__AUDIT.accepted_values_stg_comptes_type_compte__courant__epargne__joint
20:33:01.013533 [info ]: Started test DBT_TEST__AUDIT.accepted_values_stg_comptes_statut__actif__inactif__cloture
20:33:01.013592 [debug]: Started rendering test DBT_TEST__AUDIT.accepted_values_stg_comptes_statut__actif__inactif__cloture
20:33:01.016460 [debug]: Compiled SQL for node test.fintrack_analytics.assert_solde_mensuel_positif at target\compiled\fintrack_analytics\tests\assert_solde_mensuel_positif.sql
20:33:01.017143 [debug]: Finished rendering [  0.00s] test DBT_TEST__AUDIT.assert_solde_mensuel_positif [success]
20:33:01.017483 [info ]: Started analyzing (18 nodes)
20:33:01.017758 [debug]: Started analyzing test DBT_TEST__AUDIT.assert_solde_mensuel_positif
20:33:01.044192 [debug]: Compiled SQL for node test.fintrack_analytics.not_null_dim_comptes_compte_id.2e372eb672 at target\compiled\fintrack_analytics\target\generic_tests\not_null_dim_comptes_compte_id.sql
20:33:01.044339 [debug]: Compiled SQL for node test.fintrack_analytics.relationships_stg_transactions_compte_id__compte_id__ref_stg_comptes_.6bb5c74007 at target\compiled\fintrack_analytics\target\generic_tests\relationships_stg_transactions_985ebbdbfd283785f0e58047e4f6b5ed.sql
20:33:01.044840 [debug]: Compiled SQL for node test.fintrack_analytics.unique_fct_transactions_transaction_id.c963611c53 at target\compiled\fintrack_analytics\target\generic_tests\unique_fct_transactions_transaction_id.sql
20:33:01.044842 [debug]: Compiled SQL for node test.fintrack_analytics.unique_dim_comptes_compte_id.31a8b2a237 at target\compiled\fintrack_analytics\target\generic_tests\unique_dim_comptes_compte_id.sql
20:33:01.045215 [debug]: Compiled SQL for node test.fintrack_analytics.unique_stg_budgets_budget_id.effb4c8d16 at target\compiled\fintrack_analytics\target\generic_tests\unique_stg_budgets_budget_id.sql
20:33:01.045473 [debug]: Compiled SQL for node test.fintrack_analytics.accepted_values_stg_comptes_type_compte__courant__epargne__joint.ff87077911 at target\compiled\fintrack_analytics\target\generic_tests\accepted_values_stg_comptes_f1faed08d9c87f7483d3a3bcc8a81daa.sql
20:33:01.045755 [debug]: Compiled SQL for node test.fintrack_analytics.unique_stg_comptes_compte_id.ca647be308 at target\compiled\fintrack_analytics\target\generic_tests\unique_stg_comptes_compte_id.sql
20:33:01.047889 [debug]: Compiled SQL for node test.fintrack_analytics.unique_stg_transactions_transaction_id.ee9a78a396 at target\compiled\fintrack_analytics\target\generic_tests\unique_stg_transactions_transaction_id.sql
20:33:01.047961 [debug]: Compiled SQL for node test.fintrack_analytics.unique_dim_categories_categorie_id.86b0ecf635 at target\compiled\fintrack_analytics\target\generic_tests\unique_dim_categories_categorie_id.sql
20:33:01.048123 [debug]: Compiled SQL for node test.fintrack_analytics.not_null_fct_transactions_transaction_id.2c6b5372aa at target\compiled\fintrack_analytics\target\generic_tests\not_null_fct_transactions_transaction_id.sql
20:33:01.049459 [debug]: Compiled SQL for node test.fintrack_analytics.accepted_values_stg_comptes_statut__actif__inactif__cloture.f56d9561d0 at target\compiled\fintrack_analytics\target\generic_tests\accepted_values_stg_comptes_statut__actif__inactif__cloture.sql
20:33:01.053601 [debug]: Compiled SQL for node test.fintrack_analytics.not_null_stg_budgets_budget_id.ad1ccf4381 at target\compiled\fintrack_analytics\target\generic_tests\not_null_stg_budgets_budget_id.sql
20:33:01.038508 [debug]: Finished analyzing [  0.02s] test DBT_TEST__AUDIT.assert_solde_mensuel_positif [success]
20:33:01.054060 [info ]: Started running (18 nodes)
20:33:01.055105 [info ]: Started running test DBT_TEST__AUDIT.assert_solde_mensuel_positif
20:33:01.055155 [debug]: Finished rendering [  0.04s] test DBT_TEST__AUDIT.not_null_dim_comptes_compte_id [success]
20:33:01.055559 [debug]: Started analyzing test DBT_TEST__AUDIT.not_null_dim_comptes_compte_id
20:33:01.055592 [debug]: Finished rendering [  0.04s] test DBT_TEST__AUDIT.relationships_stg_transactions_compte_id__compte_id__ref_stg_comptes_ [success]
20:33:01.058564 [debug]: Started analyzing test DBT_TEST__AUDIT.relationships_stg_transactions_compte_id__compte_id__ref_stg_comptes_
20:33:01.061569 [debug]: Compiled SQL for node test.fintrack_analytics.not_null_stg_transactions_transaction_id.1d00a8e2e4 at target\compiled\fintrack_analytics\target\generic_tests\not_null_stg_transactions_transaction_id.sql
20:33:01.061570 [debug]: Compiled SQL for node test.fintrack_analytics.not_null_dim_categories_categorie_id.93562953fd at target\compiled\fintrack_analytics\target\generic_tests\not_null_dim_categories_categorie_id.sql
20:33:01.062340 [debug]: Writing runtime sql for node "test.fintrack_analytics.assert_solde_mensuel_positif"
20:33:01.064010 [debug]: Snowflake driver resolved: snowflake 0.21.0.dev+dbt0.21.17
20:33:01.072727 [debug]: Compiled SQL for node test.fintrack_analytics.unique_stg_categories_categorie_id.ab16992ac3 at target\compiled\fintrack_analytics\target\generic_tests\unique_stg_categories_categorie_id.sql
20:33:01.075000 [debug]: Compiled SQL for node test.fintrack_analytics.not_null_stg_categories_categorie_id.3e2fb4d400 at target\compiled\fintrack_analytics\target\generic_tests\not_null_stg_categories_categorie_id.sql
20:33:01.075847 [debug]: Compiled SQL for node test.fintrack_analytics.not_null_stg_comptes_compte_id.c12e0b3b3b at target\compiled\fintrack_analytics\target\generic_tests\not_null_stg_comptes_compte_id.sql
20:33:01.058622 [debug]: Finished rendering [  0.05s] test DBT_TEST__AUDIT.unique_dim_comptes_compte_id [success]
20:33:01.084351 [debug]: Started analyzing test DBT_TEST__AUDIT.unique_dim_comptes_compte_id
20:33:01.084409 [debug]: Finished rendering [  0.07s] test DBT_TEST__AUDIT.unique_fct_transactions_transaction_id [success]
20:33:01.085172 [debug]: Started analyzing test DBT_TEST__AUDIT.unique_fct_transactions_transaction_id
20:33:01.085227 [debug]: Finished rendering [  0.07s] test DBT_TEST__AUDIT.accepted_values_stg_comptes_type_compte__courant__epargne__joint [success]
20:33:01.085639 [debug]: Started analyzing test DBT_TEST__AUDIT.accepted_values_stg_comptes_type_compte__courant__epargne__joint
20:33:01.085684 [debug]: Finished rendering [  0.07s] test DBT_TEST__AUDIT.unique_stg_comptes_compte_id [success]
20:33:01.086064 [debug]: Started analyzing test DBT_TEST__AUDIT.unique_stg_comptes_compte_id
20:33:01.086630 [debug]: Finished rendering [  0.07s] test DBT_TEST__AUDIT.unique_stg_budgets_budget_id [success]
20:33:01.094363 [debug]: Started analyzing test DBT_TEST__AUDIT.unique_stg_budgets_budget_id
20:33:01.094502 [debug]: Finished rendering [  0.08s] test DBT_TEST__AUDIT.unique_dim_categories_categorie_id [success]
20:33:01.095501 [debug]: Started analyzing test DBT_TEST__AUDIT.unique_dim_categories_categorie_id
20:33:01.095569 [debug]: Finished rendering [  0.08s] test DBT_TEST__AUDIT.unique_stg_transactions_transaction_id [success]
20:33:01.096121 [debug]: Started analyzing test DBT_TEST__AUDIT.unique_stg_transactions_transaction_id
20:33:01.096205 [debug]: Finished rendering [  0.08s] test DBT_TEST__AUDIT.not_null_fct_transactions_transaction_id [success]
20:33:01.097014 [debug]: Started analyzing test DBT_TEST__AUDIT.not_null_fct_transactions_transaction_id
20:33:01.097138 [debug]: Finished rendering [  0.08s] test DBT_TEST__AUDIT.accepted_values_stg_comptes_statut__actif__inactif__cloture [success]
20:33:01.097816 [debug]: Started analyzing test DBT_TEST__AUDIT.accepted_values_stg_comptes_statut__actif__inactif__cloture
20:33:01.097866 [debug]: Finished rendering [  0.09s] test DBT_TEST__AUDIT.not_null_stg_budgets_budget_id [success]
20:33:01.098277 [debug]: Started analyzing test DBT_TEST__AUDIT.not_null_stg_budgets_budget_id
20:33:01.098317 [debug]: Finished analyzing [  0.04s] test DBT_TEST__AUDIT.not_null_dim_comptes_compte_id [success]
20:33:01.098714 [info ]: Started running test DBT_TEST__AUDIT.not_null_dim_comptes_compte_id
20:33:01.098764 [debug]: Finished rendering [  0.09s] test DBT_TEST__AUDIT.not_null_stg_transactions_transaction_id [success]
20:33:01.099130 [debug]: Started analyzing test DBT_TEST__AUDIT.not_null_stg_transactions_transaction_id
20:33:01.099195 [debug]: Finished rendering [  0.09s] test DBT_TEST__AUDIT.not_null_dim_categories_categorie_id [success]
20:33:01.099677 [debug]: Started analyzing test DBT_TEST__AUDIT.not_null_dim_categories_categorie_id
20:33:01.099722 [debug]: Finished rendering [  0.09s] test DBT_TEST__AUDIT.unique_stg_categories_categorie_id [success]
20:33:01.100242 [debug]: Started analyzing test DBT_TEST__AUDIT.unique_stg_categories_categorie_id
20:33:01.100294 [debug]: Finished rendering [  0.09s] test DBT_TEST__AUDIT.not_null_stg_categories_categorie_id [success]
20:33:01.100767 [debug]: Started analyzing test DBT_TEST__AUDIT.not_null_stg_categories_categorie_id
20:33:01.100816 [debug]: Finished rendering [  0.09s] test DBT_TEST__AUDIT.not_null_stg_comptes_compte_id [success]
20:33:01.100979 [info ]: Finished rendering [  0.09s] (18 nodes, 0 skipped, 0 errors)
20:33:01.101708 [debug]: Started analyzing test DBT_TEST__AUDIT.not_null_stg_comptes_compte_id
20:33:01.101768 [debug]: Finished analyzing [  0.04s] test DBT_TEST__AUDIT.relationships_stg_transactions_compte_id__compte_id__ref_stg_comptes_ [success]
20:33:01.102109 [info ]: Started running test DBT_TEST__AUDIT.relationships_stg_transactions_compte_id__compte_id__ref_stg_comptes_
20:33:01.102156 [debug]: Finished analyzing [  0.02s] test DBT_TEST__AUDIT.unique_dim_comptes_compte_id [success]
20:33:01.102313 [info ]: Started running test DBT_TEST__AUDIT.unique_dim_comptes_compte_id
20:33:01.102351 [debug]: Finished analyzing [  0.02s] test DBT_TEST__AUDIT.unique_fct_transactions_transaction_id [success]
20:33:01.102483 [info ]: Started running test DBT_TEST__AUDIT.unique_fct_transactions_transaction_id
20:33:01.102527 [debug]: Finished analyzing [  0.02s] test DBT_TEST__AUDIT.unique_stg_comptes_compte_id [success]
20:33:01.102657 [info ]: Started running test DBT_TEST__AUDIT.unique_stg_comptes_compte_id
20:33:01.102395 [debug]: Started connection limit wait
20:33:01.102569 [debug]: Started connection limit wait
20:33:01.102210 [debug]: Started connection limit wait
20:33:01.102699 [debug]: Finished analyzing [  0.01s] test DBT_TEST__AUDIT.unique_stg_budgets_budget_id [success]
20:33:01.102799 [info ]: Started running test DBT_TEST__AUDIT.unique_stg_budgets_budget_id
20:33:01.102815 [debug]: Started connection limit wait
20:33:01.102886 [debug]: Started connection limit wait
20:33:01.102831 [debug]: Finished analyzing [  0.01s] test DBT_TEST__AUDIT.unique_dim_categories_categorie_id [success]
20:33:01.102931 [debug]: Writing runtime sql for node "test.fintrack_analytics.not_null_dim_comptes_compte_id.2e372eb672"
20:33:01.102946 [info ]: Started running test DBT_TEST__AUDIT.unique_dim_categories_categorie_id
20:33:01.102982 [debug]: Finished analyzing [  0.02s] test DBT_TEST__AUDIT.accepted_values_stg_comptes_type_compte__courant__epargne__joint [success]
20:33:01.103064 [debug]: Started connection limit wait
20:33:01.103137 [info ]: Started running test DBT_TEST__AUDIT.accepted_values_stg_comptes_type_compte__courant__epargne__joint
20:33:01.103223 [debug]: Started connection limit wait
20:33:01.103208 [debug]: Finished analyzing [  0.01s] test DBT_TEST__AUDIT.unique_stg_transactions_transaction_id [success]
20:33:01.103383 [info ]: Started running test DBT_TEST__AUDIT.unique_stg_transactions_transaction_id
20:33:01.103460 [debug]: Started connection limit wait
20:33:01.103430 [debug]: Finished analyzing [  0.01s] test DBT_TEST__AUDIT.not_null_fct_transactions_transaction_id [success]
20:33:01.103562 [info ]: Started running test DBT_TEST__AUDIT.not_null_fct_transactions_transaction_id
20:33:01.103651 [debug]: Started connection limit wait
20:33:01.103601 [debug]: Finished analyzing [  0.01s] test DBT_TEST__AUDIT.accepted_values_stg_comptes_statut__actif__inactif__cloture [success]
20:33:01.103732 [info ]: Started running test DBT_TEST__AUDIT.accepted_values_stg_comptes_statut__actif__inactif__cloture
20:33:01.103797 [debug]: Started connection limit wait
20:33:01.103768 [debug]: Finished analyzing [  0.01s] test DBT_TEST__AUDIT.not_null_stg_budgets_budget_id [success]
20:33:01.103875 [info ]: Started running test DBT_TEST__AUDIT.not_null_stg_budgets_budget_id
20:33:01.103909 [debug]: Finished analyzing [  0.00s] test DBT_TEST__AUDIT.not_null_stg_transactions_transaction_id [success]
20:33:01.103970 [debug]: Started connection limit wait
20:33:01.104016 [info ]: Started running test DBT_TEST__AUDIT.not_null_stg_transactions_transaction_id
20:33:01.104053 [debug]: Finished analyzing [  0.00s] test DBT_TEST__AUDIT.not_null_dim_categories_categorie_id [success]
20:33:01.104163 [info ]: Started running test DBT_TEST__AUDIT.not_null_dim_categories_categorie_id
20:33:01.104192 [debug]: Finished analyzing [  0.00s] test DBT_TEST__AUDIT.unique_stg_categories_categorie_id [success]
20:33:01.104230 [info ]: Started running test DBT_TEST__AUDIT.unique_stg_categories_categorie_id
20:33:01.104258 [debug]: Finished analyzing [  0.00s] test DBT_TEST__AUDIT.not_null_stg_categories_categorie_id [success]
20:33:01.104267 [debug]: Started connection limit wait
20:33:01.104296 [info ]: Started running test DBT_TEST__AUDIT.not_null_stg_categories_categorie_id
20:33:01.104304 [debug]: Started connection limit wait
20:33:01.104329 [debug]: Finished analyzing [  0.00s] test DBT_TEST__AUDIT.not_null_stg_comptes_compte_id [success]
20:33:01.104337 [debug]: Started connection limit wait
20:33:01.104365 [debug]: Started connection limit wait
20:33:01.104349 [info ]: Finished analyzing [  0.09s] (18 nodes, 0 skipped, 0 errors)
20:33:01.104736 [info ]: Started running test DBT_TEST__AUDIT.not_null_stg_comptes_compte_id
20:33:01.104793 [debug]: Started connection limit wait
20:33:02.942231 [debug]: create_debug_span(...).entered() took 159.1µs
20:33:03.513046 [debug]: create_debug_span(...).entered() took 78.7µs
20:33:03.706747 [debug]: stmt.execute() (submit+wait_for_completion, returns reader) took 763.8771ms
20:33:03.706783 [debug]: reader.schema() took 4µs
20:33:03.708653 [debug]: batch-consume loop (for res in reader) took 1.8486ms
20:33:03.709879 [debug]: do_execute(conn) (closure: stmt.execute + schema + batch loop) took 767.5439ms
20:33:03.709979 [debug]: concat_batches + normalize_result_column_names took 53.9µs
20:33:03.710002 [debug]: record_current_span_status_from_attrs took 8.9µs
20:33:03.710018 [debug]: Query executed on node test.fintrack_analytics.not_null_dim_comptes_compte_id.2e372eb672:
select
      count(*) as failures,
      count(*) != 0 as should_warn,
      count(*) != 0 as should_error
    from (
      
    
  
    
    



select compte_id
from fintrack_db.MARTS.dim_comptes
where compte_id is null



  
  
      
    ) dbt_internal_test
/* {"app": "dbt", "dbt_version": "2.0.0", "node_id": "test.fintrack_analytics.not_null_dim_comptes_compte_id.2e372eb672", "profile_name": "fintrack_analytics", "target_name": "dev"} */
20:33:03.710061 [debug]: drop(query_span_guard) (span exit/export) took 48.9µs
20:33:03.711747 [info ]: Finished running [  2.61s] test DBT_TEST__AUDIT.not_null_dim_comptes_compte_id [pass]
20:33:03.711542 [debug]: Finished connection limit wait [  2.61s]
20:33:03.711861 [info ]:     Passed [  2.70s] test  not_null_dim_comptes_compte_id
20:33:03.715396 [debug]: Writing runtime sql for node "test.fintrack_analytics.unique_dim_comptes_compte_id.31a8b2a237"
20:33:03.718573 [debug]: create_debug_span(...).entered() took 22.4µs
20:33:04.834315 [debug]: stmt.execute() (submit+wait_for_completion, returns reader) took 1.3209925s
20:33:04.834350 [debug]: reader.schema() took 400ns
20:33:04.835426 [debug]: batch-consume loop (for res in reader) took 1.0551ms
20:33:04.836376 [debug]: do_execute(conn) (closure: stmt.execute + schema + batch loop) took 1.3232473s
20:33:04.836419 [debug]: concat_batches + normalize_result_column_names took 22µs
20:33:04.836431 [debug]: record_current_span_status_from_attrs took 3.8µs
20:33:04.836443 [debug]: Query executed on node test.fintrack_analytics.assert_solde_mensuel_positif:
select
      count(*) as failures,
      count(*) != 0 as should_warn,
      count(*) != 0 as should_error
    from (
      
    
  -- Test singulier : aucun compte epargne ne doit avoir un solde cumulé négatif.
-- Un test dbt réussit quand cette requête ne retourne AUCUNE ligne.

select
    m.compte_id,
    c.nom_client,
    m.mois,
    m.solde_cumule

from fintrack_db.MARTS.mart_solde_mensuel m
inner join fintrack_db.MARTS.dim_comptes c on m.compte_id = c.compte_id
where c.type_compte = 'epargne'
  and m.solde_cumule < 0
  
  
      
    ) dbt_internal_test
/* {"app": "dbt", "dbt_version": "2.0.0", "node_id": "test.fintrack_analytics.assert_solde_mensuel_positif", "profile_name": "fintrack_analytics", "target_name": "dev"} */
20:33:04.836475 [debug]: drop(query_span_guard) (span exit/export) took 35.6µs
20:33:04.837540 [debug]: Finished connection limit wait [  3.73s]
20:33:04.837523 [info ]: Finished running [  3.78s] test DBT_TEST__AUDIT.assert_solde_mensuel_positif [pass]
20:33:04.837887 [info ]:     Passed [  3.81s] test  assert_solde_mensuel_positif
20:33:04.842032 [debug]: Writing runtime sql for node "test.fintrack_analytics.unique_fct_transactions_transaction_id.c963611c53"
20:33:04.844430 [debug]: create_debug_span(...).entered() took 30.3µs
20:33:05.063995 [debug]: stmt.execute() (submit+wait_for_completion, returns reader) took 1.3453053s
20:33:05.064082 [debug]: reader.schema() took 1.5µs
20:33:05.067741 [debug]: batch-consume loop (for res in reader) took 3.6131ms
20:33:05.071759 [debug]: do_execute(conn) (closure: stmt.execute + schema + batch loop) took 1.3531287s
20:33:05.071941 [debug]: concat_batches + normalize_result_column_names took 58µs
20:33:05.071996 [debug]: record_current_span_status_from_attrs took 18.3µs
20:33:05.072045 [debug]: Query executed on node test.fintrack_analytics.unique_dim_comptes_compte_id.31a8b2a237:
select
      count(*) as failures,
      count(*) != 0 as should_warn,
      count(*) != 0 as should_error
    from (
      
    
  
    
    

select
    compte_id as unique_field,
    count(*) as n_records

from fintrack_db.MARTS.dim_comptes
where compte_id is not null
group by compte_id
having count(*) > 1



  
  
      
    ) dbt_internal_test
/* {"app": "dbt", "dbt_version": "2.0.0", "node_id": "test.fintrack_analytics.unique_dim_comptes_compte_id.31a8b2a237", "profile_name": "fintrack_analytics", "target_name": "dev"} */
20:33:05.072217 [debug]: drop(query_span_guard) (span exit/export) took 181.6µs
20:33:05.076623 [debug]: Finished connection limit wait [  3.97s]
20:33:05.076603 [info ]: Finished running [  1.37s] test DBT_TEST__AUDIT.unique_dim_comptes_compte_id [pass]
20:33:05.077165 [info ]:     Passed [  1.43s] test  unique_dim_comptes_compte_id
20:33:05.090132 [debug]: Writing runtime sql for node "test.fintrack_analytics.relationships_stg_transactions_compte_id__compte_id__ref_stg_comptes_.6bb5c74007"
20:33:05.099534 [debug]: create_debug_span(...).entered() took 86µs
20:33:05.268428 [debug]: stmt.execute() (submit+wait_for_completion, returns reader) took 423.8759ms
20:33:05.268517 [debug]: reader.schema() took 1.2µs
20:33:05.272310 [debug]: batch-consume loop (for res in reader) took 3.6338ms
20:33:05.277484 [debug]: do_execute(conn) (closure: stmt.execute + schema + batch loop) took 432.9815ms
20:33:05.277664 [debug]: concat_batches + normalize_result_column_names took 58.7µs
20:33:05.277721 [debug]: record_current_span_status_from_attrs took 11.5µs
20:33:05.277795 [debug]: Query executed on node test.fintrack_analytics.unique_fct_transactions_transaction_id.c963611c53:
select
      count(*) as failures,
      count(*) != 0 as should_warn,
      count(*) != 0 as should_error
    from (
      
    
  
    
    

select
    transaction_id as unique_field,
    count(*) as n_records

from fintrack_db.MARTS.fct_transactions
where transaction_id is not null
group by transaction_id
having count(*) > 1



  
  
      
    ) dbt_internal_test
/* {"app": "dbt", "dbt_version": "2.0.0", "node_id": "test.fintrack_analytics.unique_fct_transactions_transaction_id.c963611c53", "profile_name": "fintrack_analytics", "target_name": "dev"} */
20:33:05.278019 [debug]: drop(query_span_guard) (span exit/export) took 251.9µs
20:33:05.283659 [debug]: Finished connection limit wait [  4.18s]
20:33:05.283605 [info ]: Finished running [  0.45s] test DBT_TEST__AUDIT.unique_fct_transactions_transaction_id [pass]
20:33:05.285287 [info ]:     Passed [  0.54s] test  unique_fct_transactions_transaction_id
20:33:05.296069 [debug]: Writing runtime sql for node "test.fintrack_analytics.unique_stg_comptes_compte_id.ca647be308"
20:33:05.300050 [debug]: create_debug_span(...).entered() took 39.5µs
20:33:06.007789 [debug]: stmt.execute() (submit+wait_for_completion, returns reader) took 707.4228ms
20:33:06.007816 [debug]: reader.schema() took 400ns
20:33:06.008750 [debug]: batch-consume loop (for res in reader) took 918.8µs
20:33:06.009729 [debug]: do_execute(conn) (closure: stmt.execute + schema + batch loop) took 709.6267ms
20:33:06.009762 [debug]: concat_batches + normalize_result_column_names took 11.5µs
20:33:06.009771 [debug]: record_current_span_status_from_attrs took 3.3µs
20:33:06.009780 [debug]: Query executed on node test.fintrack_analytics.unique_stg_comptes_compte_id.ca647be308:
select
      count(*) as failures,
      count(*) != 0 as should_warn,
      count(*) != 0 as should_error
    from (
      
    
  
    
    

select
    compte_id as unique_field,
    count(*) as n_records

from fintrack_db.STAGING.stg_comptes
where compte_id is not null
group by compte_id
having count(*) > 1



  
  
      
    ) dbt_internal_test
/* {"app": "dbt", "dbt_version": "2.0.0", "node_id": "test.fintrack_analytics.unique_stg_comptes_compte_id.ca647be308", "profile_name": "fintrack_analytics", "target_name": "dev"} */
20:33:06.009805 [debug]: drop(query_span_guard) (span exit/export) took 29.8µs
20:33:06.010796 [debug]: Finished connection limit wait [  4.91s]
20:33:06.010798 [info ]: Finished running [  0.73s] test DBT_TEST__AUDIT.unique_stg_comptes_compte_id [pass]
20:33:06.010948 [info ]:     Passed [  0.82s] test  unique_stg_comptes_compte_id
20:33:06.013257 [debug]: Writing runtime sql for node "test.fintrack_analytics.unique_stg_budgets_budget_id.effb4c8d16"
20:33:06.015100 [debug]: create_debug_span(...).entered() took 24.9µs
20:33:06.236829 [debug]: stmt.execute() (submit+wait_for_completion, returns reader) took 1.1365613s
20:33:06.236920 [debug]: reader.schema() took 1.3µs
20:33:06.242351 [debug]: batch-consume loop (for res in reader) took 5.3679ms
20:33:06.245972 [debug]: do_execute(conn) (closure: stmt.execute + schema + batch loop) took 1.1463209s
20:33:06.246126 [debug]: concat_batches + normalize_result_column_names took 46.5µs
20:33:06.246157 [debug]: record_current_span_status_from_attrs took 9.2µs
20:33:06.246189 [debug]: Query executed on node test.fintrack_analytics.relationships_stg_transactions_compte_id__compte_id__ref_stg_comptes_.6bb5c74007:
select
      count(*) as failures,
      count(*) != 0 as should_warn,
      count(*) != 0 as should_error
    from (
      
    
  
    
    

with child as (
    select compte_id as from_field
    from fintrack_db.STAGING.stg_transactions
    where compte_id is not null
),

parent as (
    select compte_id as to_field
    from fintrack_db.STAGING.stg_comptes
)

select
    from_field

from child
left join parent
    on child.from_field = parent.to_field

where parent.to_field is null



  
  
      
    ) dbt_internal_test
/* {"app": "dbt", "dbt_version": "2.0.0", "node_id": "test.fintrack_analytics.relationships_stg_transactions_compte_id__compte_id__ref_stg_comptes_.6bb5c74007", "profile_name": "fintrack_analytics", "target_name": "dev"} */
20:33:06.246301 [debug]: drop(query_span_guard) (span exit/export) took 123.4µs
20:33:06.250417 [debug]: Finished connection limit wait [  5.15s]
20:33:06.250337 [info ]: Finished running [  1.17s] test DBT_TEST__AUDIT.relationships_stg_transactions_compte_id__compte_id__ref_stg_comptes_ [pass]
20:33:06.251859 [info ]:     Passed [  1.26s] test  relationships_stg_transactions_compte_id__compte_id__ref_stg_comptes_
20:33:06.262364 [debug]: Writing runtime sql for node "test.fintrack_analytics.unique_dim_categories_categorie_id.86b0ecf635"
20:33:06.267186 [debug]: create_debug_span(...).entered() took 52.3µs
20:33:06.506448 [debug]: stmt.execute() (submit+wait_for_completion, returns reader) took 491.2221ms
20:33:06.506546 [debug]: reader.schema() took 1.5µs
20:33:06.509839 [debug]: batch-consume loop (for res in reader) took 3.2442ms
20:33:06.513511 [debug]: do_execute(conn) (closure: stmt.execute + schema + batch loop) took 498.3605ms
20:33:06.513626 [debug]: concat_batches + normalize_result_column_names took 40.6µs
20:33:06.513658 [debug]: record_current_span_status_from_attrs took 9.4µs
20:33:06.513689 [debug]: Query executed on node test.fintrack_analytics.unique_stg_budgets_budget_id.effb4c8d16:
select
      count(*) as failures,
      count(*) != 0 as should_warn,
      count(*) != 0 as should_error
    from (
      
    
  
    
    

select
    budget_id as unique_field,
    count(*) as n_records

from fintrack_db.STAGING.stg_budgets
where budget_id is not null
group by budget_id
having count(*) > 1



  
  
      
    ) dbt_internal_test
/* {"app": "dbt", "dbt_version": "2.0.0", "node_id": "test.fintrack_analytics.unique_stg_budgets_budget_id.effb4c8d16", "profile_name": "fintrack_analytics", "target_name": "dev"} */
20:33:06.513784 [debug]: drop(query_span_guard) (span exit/export) took 104.3µs
20:33:06.517745 [debug]: Finished connection limit wait [  5.41s]
20:33:06.517660 [info ]: Finished running [  0.51s] test DBT_TEST__AUDIT.unique_stg_budgets_budget_id [pass]
20:33:06.518345 [info ]:     Passed [  0.59s] test  unique_stg_budgets_budget_id
20:33:06.533538 [debug]: Writing runtime sql for node "test.fintrack_analytics.accepted_values_stg_comptes_type_compte__courant__epargne__joint.ff87077911"
20:33:06.537963 [debug]: create_debug_span(...).entered() took 51.2µs
20:33:06.683794 [debug]: stmt.execute() (submit+wait_for_completion, returns reader) took 416.2336ms
20:33:06.683905 [debug]: reader.schema() took 1.4µs
20:33:06.690587 [debug]: batch-consume loop (for res in reader) took 6.6055ms
20:33:06.694901 [debug]: do_execute(conn) (closure: stmt.execute + schema + batch loop) took 427.6228ms
20:33:06.695097 [debug]: concat_batches + normalize_result_column_names took 64.9µs
20:33:06.695165 [debug]: record_current_span_status_from_attrs took 14.9µs
20:33:06.695223 [debug]: Query executed on node test.fintrack_analytics.unique_dim_categories_categorie_id.86b0ecf635:
select
      count(*) as failures,
      count(*) != 0 as should_warn,
      count(*) != 0 as should_error
    from (
      
    
  
    
    

select
    categorie_id as unique_field,
    count(*) as n_records

from fintrack_db.MARTS.dim_categories
where categorie_id is not null
group by categorie_id
having count(*) > 1



  
  
      
    ) dbt_internal_test
/* {"app": "dbt", "dbt_version": "2.0.0", "node_id": "test.fintrack_analytics.unique_dim_categories_categorie_id.86b0ecf635", "profile_name": "fintrack_analytics", "target_name": "dev"} */
20:33:06.695445 [debug]: drop(query_span_guard) (span exit/export) took 236.8µs
20:33:06.701985 [debug]: Finished connection limit wait [  5.60s]
20:33:06.702000 [info ]: Finished running [  0.45s] test DBT_TEST__AUDIT.unique_dim_categories_categorie_id [pass]
20:33:06.702520 [info ]:     Passed [  0.54s] test  unique_dim_categories_categorie_id
20:33:06.712622 [debug]: Writing runtime sql for node "test.fintrack_analytics.unique_stg_transactions_transaction_id.ee9a78a396"
20:33:06.717920 [debug]: create_debug_span(...).entered() took 44.2µs
20:33:07.173983 [debug]: stmt.execute() (submit+wait_for_completion, returns reader) took 455.8194ms
20:33:07.174014 [debug]: reader.schema() took 500ns
20:33:07.174966 [debug]: batch-consume loop (for res in reader) took 938µs
20:33:07.176050 [debug]: do_execute(conn) (closure: stmt.execute + schema + batch loop) took 458.0808ms
20:33:07.176082 [debug]: concat_batches + normalize_result_column_names took 11.9µs
20:33:07.176090 [debug]: record_current_span_status_from_attrs took 3.4µs
20:33:07.176099 [debug]: Query executed on node test.fintrack_analytics.unique_stg_transactions_transaction_id.ee9a78a396:
select
      count(*) as failures,
      count(*) != 0 as should_warn,
      count(*) != 0 as should_error
    from (
      
    
  
    
    

select
    transaction_id as unique_field,
    count(*) as n_records

from fintrack_db.STAGING.stg_transactions
where transaction_id is not null
group by transaction_id
having count(*) > 1



  
  
      
    ) dbt_internal_test
/* {"app": "dbt", "dbt_version": "2.0.0", "node_id": "test.fintrack_analytics.unique_stg_transactions_transaction_id.ee9a78a396", "profile_name": "fintrack_analytics", "target_name": "dev"} */
20:33:07.176129 [debug]: drop(query_span_guard) (span exit/export) took 33.9µs
20:33:07.177128 [debug]: Finished connection limit wait [  6.07s]
20:33:07.177134 [info ]: Finished running [  0.48s] test DBT_TEST__AUDIT.unique_stg_transactions_transaction_id [pass]
20:33:07.177522 [info ]:     Passed [  0.56s] test  unique_stg_transactions_transaction_id
20:33:07.179811 [debug]: Writing runtime sql for node "test.fintrack_analytics.not_null_fct_transactions_transaction_id.2c6b5372aa"
20:33:07.182461 [debug]: create_debug_span(...).entered() took 27.9µs
20:33:07.541615 [debug]: stmt.execute() (submit+wait_for_completion, returns reader) took 1.0032732s
20:33:07.541713 [debug]: reader.schema() took 1.2µs
20:33:07.546199 [debug]: batch-consume loop (for res in reader) took 4.4311ms
20:33:07.550428 [debug]: do_execute(conn) (closure: stmt.execute + schema + batch loop) took 1.0123985s
20:33:07.550542 [debug]: concat_batches + normalize_result_column_names took 42.8µs
20:33:07.550573 [debug]: record_current_span_status_from_attrs took 9.4µs
20:33:07.550618 [debug]: Query executed on node test.fintrack_analytics.accepted_values_stg_comptes_type_compte__courant__epargne__joint.ff87077911:
select
      count(*) as failures,
      count(*) != 0 as should_warn,
      count(*) != 0 as should_error
    from (
      
    
  
    
    

with all_values as (

    select
        type_compte as value_field,
        count(*) as n_records

    from fintrack_db.STAGING.stg_comptes
    group by type_compte

)

select *
from all_values
where value_field not in (
    'courant','epargne','joint'
)



  
  
      
    ) dbt_internal_test
/* {"app": "dbt", "dbt_version": "2.0.0", "node_id": "test.fintrack_analytics.accepted_values_stg_comptes_type_compte__courant__epargne__joint.ff87077911", "profile_name": "fintrack_analytics", "target_name": "dev"} */
20:33:07.550780 [debug]: drop(query_span_guard) (span exit/export) took 185.3µs
20:33:07.555388 [debug]: Finished connection limit wait [  6.45s]
20:33:07.555824 [info ]: Finished running [  1.04s] test DBT_TEST__AUDIT.accepted_values_stg_comptes_type_compte__courant__epargne__joint [pass]
20:33:07.559235 [info ]:     Passed [  1.13s] test  accepted_values_stg_comptes_type_compte__courant__epargne__joint
20:33:07.568317 [debug]: Writing runtime sql for node "test.fintrack_analytics.accepted_values_stg_comptes_statut__actif__inactif__cloture.f56d9561d0"
20:33:07.575062 [debug]: create_debug_span(...).entered() took 53.8µs
20:33:07.613954 [debug]: stmt.execute() (submit+wait_for_completion, returns reader) took 431.3978ms
20:33:07.613987 [debug]: reader.schema() took 500ns
20:33:07.615611 [debug]: batch-consume loop (for res in reader) took 1.6094ms
20:33:07.616811 [debug]: do_execute(conn) (closure: stmt.execute + schema + batch loop) took 434.3185ms
20:33:07.616849 [debug]: concat_batches + normalize_result_column_names took 13.1µs
20:33:07.616860 [debug]: record_current_span_status_from_attrs took 3.9µs
20:33:07.616872 [debug]: Query executed on node test.fintrack_analytics.not_null_fct_transactions_transaction_id.2c6b5372aa:
select
      count(*) as failures,
      count(*) != 0 as should_warn,
      count(*) != 0 as should_error
    from (
      
    
  
    
    



select transaction_id
from fintrack_db.MARTS.fct_transactions
where transaction_id is null



  
  
      
    ) dbt_internal_test
/* {"app": "dbt", "dbt_version": "2.0.0", "node_id": "test.fintrack_analytics.not_null_fct_transactions_transaction_id.2c6b5372aa", "profile_name": "fintrack_analytics", "target_name": "dev"} */
20:33:07.616908 [debug]: drop(query_span_guard) (span exit/export) took 40.8µs
20:33:07.618212 [debug]: Finished connection limit wait [  6.51s]
20:33:07.618220 [info ]: Finished running [  0.44s] test DBT_TEST__AUDIT.not_null_fct_transactions_transaction_id [pass]
20:33:07.618697 [info ]:     Passed [  0.53s] test  not_null_fct_transactions_transaction_id
20:33:07.621737 [debug]: Writing runtime sql for node "test.fintrack_analytics.not_null_stg_budgets_budget_id.ad1ccf4381"
20:33:07.623875 [debug]: create_debug_span(...).entered() took 27.8µs
20:33:08.090224 [debug]: stmt.execute() (submit+wait_for_completion, returns reader) took 514.7353ms
20:33:08.090397 [debug]: reader.schema() took 1.3µs
20:33:08.094365 [debug]: batch-consume loop (for res in reader) took 3.897ms
20:33:08.098702 [debug]: do_execute(conn) (closure: stmt.execute + schema + batch loop) took 523.5581ms
20:33:08.098818 [debug]: concat_batches + normalize_result_column_names took 41µs
20:33:08.098849 [debug]: record_current_span_status_from_attrs took 9µs
20:33:08.098885 [debug]: Query executed on node test.fintrack_analytics.accepted_values_stg_comptes_statut__actif__inactif__cloture.f56d9561d0:
select
      count(*) as failures,
      count(*) != 0 as should_warn,
      count(*) != 0 as should_error
    from (
      
    
  
    
    

with all_values as (

    select
        statut as value_field,
        count(*) as n_records

    from fintrack_db.STAGING.stg_comptes
    group by statut

)

select *
from all_values
where value_field not in (
    'actif','inactif','cloture'
)



  
  
      
    ) dbt_internal_test
/* {"app": "dbt", "dbt_version": "2.0.0", "node_id": "test.fintrack_analytics.accepted_values_stg_comptes_statut__actif__inactif__cloture.f56d9561d0", "profile_name": "fintrack_analytics", "target_name": "dev"} */
20:33:08.098976 [debug]: drop(query_span_guard) (span exit/export) took 104.3µs
20:33:08.103347 [debug]: Finished connection limit wait [  7.00s]
20:33:08.103240 [info ]: Finished running [  0.55s] test DBT_TEST__AUDIT.accepted_values_stg_comptes_statut__actif__inactif__cloture [pass]
20:33:08.105016 [info ]:     Passed [  0.64s] test  accepted_values_stg_comptes_statut__actif__inactif__cloture
20:33:08.114894 [debug]: Writing runtime sql for node "test.fintrack_analytics.not_null_stg_transactions_transaction_id.1d00a8e2e4"
20:33:08.118201 [debug]: create_debug_span(...).entered() took 39.9µs
20:33:08.802287 [debug]: stmt.execute() (submit+wait_for_completion, returns reader) took 1.1783041s
20:33:08.802329 [debug]: reader.schema() took 600ns
20:33:08.804284 [debug]: batch-consume loop (for res in reader) took 1.9342ms
20:33:08.806600 [debug]: do_execute(conn) (closure: stmt.execute + schema + batch loop) took 1.1826773s
20:33:08.806685 [debug]: concat_batches + normalize_result_column_names took 20.9µs
20:33:08.806702 [debug]: record_current_span_status_from_attrs took 5.2µs
20:33:08.806716 [debug]: Query executed on node test.fintrack_analytics.not_null_stg_budgets_budget_id.ad1ccf4381:
select
      count(*) as failures,
      count(*) != 0 as should_warn,
      count(*) != 0 as should_error
    from (
      
    
  
    
    



select budget_id
from fintrack_db.STAGING.stg_budgets
where budget_id is null



  
  
      
    ) dbt_internal_test
/* {"app": "dbt", "dbt_version": "2.0.0", "node_id": "test.fintrack_analytics.not_null_stg_budgets_budget_id.ad1ccf4381", "profile_name": "fintrack_analytics", "target_name": "dev"} */
20:33:08.806777 [debug]: drop(query_span_guard) (span exit/export) took 66.1µs
20:33:08.808619 [debug]: Finished connection limit wait [  7.70s]
20:33:08.808570 [info ]: Finished running [  1.19s] test DBT_TEST__AUDIT.not_null_stg_budgets_budget_id [pass]
20:33:08.808767 [info ]:     Passed [  1.28s] test  not_null_stg_budgets_budget_id
20:33:08.812532 [debug]: Writing runtime sql for node "test.fintrack_analytics.not_null_dim_categories_categorie_id.93562953fd"
20:33:08.815867 [debug]: create_debug_span(...).entered() took 32.6µs
20:33:09.062530 [debug]: stmt.execute() (submit+wait_for_completion, returns reader) took 943.9606ms
20:33:09.062566 [debug]: reader.schema() took 500ns
20:33:09.063740 [debug]: batch-consume loop (for res in reader) took 1.1576ms
20:33:09.064928 [debug]: do_execute(conn) (closure: stmt.execute + schema + batch loop) took 946.6842ms
20:33:09.064962 [debug]: concat_batches + normalize_result_column_names took 14.5µs
20:33:09.064971 [debug]: record_current_span_status_from_attrs took 3.4µs
20:33:09.064982 [debug]: Query executed on node test.fintrack_analytics.not_null_stg_transactions_transaction_id.1d00a8e2e4:
select
      count(*) as failures,
      count(*) != 0 as should_warn,
      count(*) != 0 as should_error
    from (
      
    
  
    
    



select transaction_id
from fintrack_db.STAGING.stg_transactions
where transaction_id is null



  
  
      
    ) dbt_internal_test
/* {"app": "dbt", "dbt_version": "2.0.0", "node_id": "test.fintrack_analytics.not_null_stg_transactions_transaction_id.1d00a8e2e4", "profile_name": "fintrack_analytics", "target_name": "dev"} */
20:33:09.065018 [debug]: drop(query_span_guard) (span exit/export) took 40.1µs
20:33:09.066258 [debug]: Finished connection limit wait [  7.96s]
20:33:09.066243 [info ]: Finished running [  0.96s] test DBT_TEST__AUDIT.not_null_stg_transactions_transaction_id [pass]
20:33:09.066691 [info ]:     Passed [  1.05s] test  not_null_stg_transactions_transaction_id
20:33:09.069497 [debug]: Writing runtime sql for node "test.fintrack_analytics.unique_stg_categories_categorie_id.ab16992ac3"
20:33:09.073110 [debug]: create_debug_span(...).entered() took 40.8µs
20:33:09.271388 [debug]: stmt.execute() (submit+wait_for_completion, returns reader) took 455.3683ms
20:33:09.271501 [debug]: reader.schema() took 1.5µs
20:33:09.279330 [debug]: batch-consume loop (for res in reader) took 7.6652ms
20:33:09.286344 [debug]: do_execute(conn) (closure: stmt.execute + schema + batch loop) took 470.4028ms
20:33:09.286546 [debug]: concat_batches + normalize_result_column_names took 57µs
20:33:09.286655 [debug]: record_current_span_status_from_attrs took 12.6µs
20:33:09.286728 [debug]: Query executed on node test.fintrack_analytics.not_null_dim_categories_categorie_id.93562953fd:
select
      count(*) as failures,
      count(*) != 0 as should_warn,
      count(*) != 0 as should_error
    from (
      
    
  
    
    



select categorie_id
from fintrack_db.MARTS.dim_categories
where categorie_id is null



  
  
      
    ) dbt_internal_test
/* {"app": "dbt", "dbt_version": "2.0.0", "node_id": "test.fintrack_analytics.not_null_dim_categories_categorie_id.93562953fd", "profile_name": "fintrack_analytics", "target_name": "dev"} */
20:33:09.286943 [debug]: drop(query_span_guard) (span exit/export) took 221.8µs
20:33:09.295744 [debug]: Finished connection limit wait [  8.19s]
20:33:09.295754 [info ]: Finished running [  0.49s] test DBT_TEST__AUDIT.not_null_dim_categories_categorie_id [pass]
20:33:09.302675 [info ]:     Passed [  0.58s] test  not_null_dim_categories_categorie_id
20:33:09.308137 [debug]: Writing runtime sql for node "test.fintrack_analytics.not_null_stg_categories_categorie_id.3e2fb4d400"
20:33:09.312285 [debug]: create_debug_span(...).entered() took 45µs
20:33:09.526454 [debug]: stmt.execute() (submit+wait_for_completion, returns reader) took 453.1991ms
20:33:09.526498 [debug]: reader.schema() took 1.1µs
20:33:09.528114 [debug]: batch-consume loop (for res in reader) took 1.5915ms
20:33:09.529936 [debug]: do_execute(conn) (closure: stmt.execute + schema + batch loop) took 456.7729ms
20:33:09.529987 [debug]: concat_batches + normalize_result_column_names took 19µs
20:33:09.530004 [debug]: record_current_span_status_from_attrs took 4.9µs
20:33:09.530023 [debug]: Query executed on node test.fintrack_analytics.unique_stg_categories_categorie_id.ab16992ac3:
select
      count(*) as failures,
      count(*) != 0 as should_warn,
      count(*) != 0 as should_error
    from (
      
    
  
    
    

select
    categorie_id as unique_field,
    count(*) as n_records

from fintrack_db.STAGING.stg_categories
where categorie_id is not null
group by categorie_id
having count(*) > 1



  
  
      
    ) dbt_internal_test
/* {"app": "dbt", "dbt_version": "2.0.0", "node_id": "test.fintrack_analytics.unique_stg_categories_categorie_id.ab16992ac3", "profile_name": "fintrack_analytics", "target_name": "dev"} */
20:33:09.530069 [debug]: drop(query_span_guard) (span exit/export) took 52.8µs
20:33:09.531522 [debug]: Finished connection limit wait [  8.43s]
20:33:09.531510 [info ]: Finished running [  0.47s] test DBT_TEST__AUDIT.unique_stg_categories_categorie_id [pass]
20:33:09.531896 [info ]:     Passed [  0.56s] test  unique_stg_categories_categorie_id
20:33:09.534976 [debug]: Writing runtime sql for node "test.fintrack_analytics.not_null_stg_comptes_compte_id.c12e0b3b3b"
20:33:09.537187 [debug]: create_debug_span(...).entered() took 24.8µs
20:33:09.899805 [debug]: stmt.execute() (submit+wait_for_completion, returns reader) took 362.5056ms
20:33:09.899897 [debug]: reader.schema() took 1.4µs
20:33:09.904710 [debug]: batch-consume loop (for res in reader) took 4.7598ms
20:33:09.910432 [debug]: do_execute(conn) (closure: stmt.execute + schema + batch loop) took 373.1868ms
20:33:09.910551 [debug]: concat_batches + normalize_result_column_names took 37.9µs
20:33:09.910585 [debug]: record_current_span_status_from_attrs took 9.7µs
20:33:09.910616 [debug]: Query executed on node test.fintrack_analytics.not_null_stg_comptes_compte_id.c12e0b3b3b:
select
      count(*) as failures,
      count(*) != 0 as should_warn,
      count(*) != 0 as should_error
    from (
      
    
  
    
    



select compte_id
from fintrack_db.STAGING.stg_comptes
where compte_id is null



  
  
      
    ) dbt_internal_test
/* {"app": "dbt", "dbt_version": "2.0.0", "node_id": "test.fintrack_analytics.not_null_stg_comptes_compte_id.c12e0b3b3b", "profile_name": "fintrack_analytics", "target_name": "dev"} */
20:33:09.910719 [debug]: drop(query_span_guard) (span exit/export) took 112.6µs
20:33:09.912645 [debug]: stmt.execute() (submit+wait_for_completion, returns reader) took 600.117ms
20:33:09.912721 [debug]: reader.schema() took 1.2µs
20:33:09.916487 [debug]: batch-consume loop (for res in reader) took 3.7198ms
20:33:09.915791 [info ]: Finished running [  0.39s] test DBT_TEST__AUDIT.not_null_stg_comptes_compte_id [pass]
20:33:09.920949 [debug]: do_execute(conn) (closure: stmt.execute + schema + batch loop) took 608.5753ms
20:33:09.921273 [debug]: concat_batches + normalize_result_column_names took 206.6µs
20:33:09.921351 [debug]: record_current_span_status_from_attrs took 12.9µs
20:33:09.921408 [debug]: Query executed on node test.fintrack_analytics.not_null_stg_categories_categorie_id.3e2fb4d400:
select
      count(*) as failures,
      count(*) != 0 as should_warn,
      count(*) != 0 as should_error
    from (
      
    
  
    
    



select categorie_id
from fintrack_db.STAGING.stg_categories
where categorie_id is null



  
  
      
    ) dbt_internal_test
/* {"app": "dbt", "dbt_version": "2.0.0", "node_id": "test.fintrack_analytics.not_null_stg_categories_categorie_id.3e2fb4d400", "profile_name": "fintrack_analytics", "target_name": "dev"} */
20:33:09.921587 [debug]: drop(query_span_guard) (span exit/export) took 187.2µs
20:33:09.917702 [info ]:     Passed [  0.47s] test  not_null_stg_comptes_compte_id
20:33:09.928580 [info ]: Finished running [  0.63s] test DBT_TEST__AUDIT.not_null_stg_categories_categorie_id [pass]
20:33:09.929306 [info ]: Finished running [  8.88s] (18 nodes, 0 skipped, 0 errors)
20:33:09.932064 [info ]:     Passed [  0.72s] test  not_null_stg_categories_categorie_id
20:33:10.226925 [info ]: 
==================== Execution Summary =====================
Finished 'test' successfully for target 'dev' [9.7s]
Processed: 18 tests
Summary: 18 total | 18 success
==================== 2026-09-03T20:41:07.125873Z | 01a06900-fb32-7e22-afd3-9fcb65955384 ====================
20:41:07.291490 [info ]: Running `compile --write-index`; pass `--no-compile` to export the existing index instead.
20:41:07.293935 [info ]: dbt-fusion 2.0.0-preview.218
20:41:07.295889 [debug]: Partial parse: kind filter = None, unique_id filter = None
20:41:07.365010 [debug]: Partial parse: non-incremental file changed, falling back to full parse
20:41:07.367654 [info ]: Started loading project
20:41:07.371910 [info ]: Loading ~/.dbt/profiles.yml
20:41:07.381748 [info ]: Loading packages.yml
20:41:07.382416 [debug]:    Started loading packages
20:41:07.404160 [debug]:     Loaded [  0.02s] packages
20:41:07.405272 [info ]: Finished loading project [  0.04s]
20:41:07.406256 [info ]: Started parsing
20:41:07.473830 [debug]: Finished parsing models/marts/_marts_schema.yml [  0.00s]
20:41:07.474559 [debug]: Finished parsing models/staging/_stg_schema.yml [  0.00s]
20:41:07.475045 [debug]: Finished parsing models/staging/_stg_sources.yml [  0.00s]
20:41:07.479370 [debug]: Finished parsing snapshots\snapshot_comptes.sql [  0.00s]
20:41:07.482168 [debug]: Finished parsing models/intermediate/int_transactions_enrichies.sql [  0.00s]
20:41:07.482749 [debug]: Finished parsing models/marts/dim_categories.sql [  0.00s]
20:41:07.483604 [debug]: Finished parsing models/marts/dim_comptes.sql [  0.00s]
20:41:07.484188 [debug]: Finished parsing models/marts/fct_transactions.sql [  0.00s]
20:41:07.484745 [debug]: Finished parsing models/marts/mart_budget_vs_reel.sql [  0.00s]
20:41:07.485313 [debug]: Finished parsing models/marts/mart_solde_mensuel.sql [  0.00s]
20:41:07.485828 [debug]: Finished parsing models/marts/mart_top_depenses.sql [  0.00s]
20:41:07.486385 [debug]: Finished parsing models/staging/stg_budgets.sql [  0.00s]
20:41:07.486910 [debug]: Finished parsing models/staging/stg_categories.sql [  0.00s]
20:41:07.487563 [debug]: Finished parsing models/staging/stg_comptes.sql [  0.00s]
20:41:07.488207 [debug]: Finished parsing models/staging/stg_transactions.sql [  0.00s]
20:41:07.517862 [debug]: Finished parsing tests/assert_solde_mensuel_positif.sql [  0.00s]
20:41:07.518513 [debug]: Finished parsing target\generic_tests\unique_dim_categories_categorie_id.sql [  0.00s]
20:41:07.519220 [debug]: Finished parsing target\generic_tests\not_null_dim_categories_categorie_id.sql [  0.00s]
20:41:07.519804 [debug]: Finished parsing target\generic_tests\unique_dim_comptes_compte_id.sql [  0.00s]
20:41:07.520383 [debug]: Finished parsing target\generic_tests\not_null_dim_comptes_compte_id.sql [  0.00s]
20:41:07.520922 [debug]: Finished parsing target\generic_tests\unique_fct_transactions_transaction_id.sql [  0.00s]
20:41:07.521486 [debug]: Finished parsing target\generic_tests\not_null_fct_transactions_transaction_id.sql [  0.00s]
20:41:07.522017 [debug]: Finished parsing target\generic_tests\unique_stg_budgets_budget_id.sql [  0.00s]
20:41:07.522581 [debug]: Finished parsing target\generic_tests\not_null_stg_budgets_budget_id.sql [  0.00s]
20:41:07.523405 [debug]: Finished parsing target\generic_tests\unique_stg_categories_categorie_id.sql [  0.00s]
20:41:07.524536 [debug]: Finished parsing target\generic_tests\not_null_stg_categories_categorie_id.sql [  0.00s]
20:41:07.525503 [debug]: Finished parsing target\generic_tests\unique_stg_comptes_compte_id.sql [  0.00s]
20:41:07.526178 [debug]: Finished parsing target\generic_tests\not_null_stg_comptes_compte_id.sql [  0.00s]
20:41:07.527000 [debug]: Finished parsing target\generic_tests\accepted_values_stg_comptes_statut__actif__inactif__cloture.sql [  0.00s]
20:41:07.527903 [debug]: Finished parsing target\generic_tests\accepted_values_stg_comptes_f1faed08d9c87f7483d3a3bcc8a81daa.sql [  0.00s]
20:41:07.529066 [debug]: Finished parsing target\generic_tests\relationships_stg_transactions_985ebbdbfd283785f0e58047e4f6b5ed.sql [  0.00s]
20:41:07.529938 [debug]: Finished parsing target\generic_tests\unique_stg_transactions_transaction_id.sql [  0.00s]
20:41:07.530674 [debug]: Finished parsing target\generic_tests\not_null_stg_transactions_transaction_id.sql [  0.00s]
20:41:07.772945 [info ]: Finished parsing [  0.37s]
20:41:07.834100 [info ]: Started scheduling
20:41:07.834974 [info ]: Finished scheduling [  0.00s]
20:41:07.840220 [debug]: Initializing schema store with entry: Frontier(CanonicalFqn { catalog: "FINTRACK_DB", schema: "RAW", table: "RAW_CATEGORIES" }) and interval: None
20:41:07.840245 [debug]: Initializing schema store with entry: Frontier(CanonicalFqn { catalog: "FINTRACK_DB", schema: "RAW", table: "RAW_BUDGETS" }) and interval: None
20:41:07.840251 [debug]: Initializing schema store with entry: Frontier(CanonicalFqn { catalog: "FINTRACK_DB", schema: "RAW", table: "RAW_COMPTES" }) and interval: None
20:41:07.840255 [debug]: Initializing schema store with entry: Frontier(CanonicalFqn { catalog: "FINTRACK_DB", schema: "RAW", table: "RAW_TRANSACTIONS" }) and interval: None
20:41:07.901342 [info ]: Started building task graph
20:41:07.901826 [info ]: Finished building task graph [  0.00s]
20:41:07.911905 [info ]: Started rendering (30 nodes)
20:41:07.912211 [info ]: Started test DBT_TEST__AUDIT.unique_stg_transactions_transaction_id
20:41:07.912226 [debug]: Started rendering test DBT_TEST__AUDIT.unique_stg_transactions_transaction_id
20:41:07.912274 [info ]: Started test DBT_TEST__AUDIT.unique_stg_comptes_compte_id
20:41:07.912289 [debug]: Started rendering test DBT_TEST__AUDIT.unique_stg_comptes_compte_id
20:41:07.912309 [info ]: Started test DBT_TEST__AUDIT.unique_stg_categories_categorie_id
20:41:07.912316 [debug]: Started rendering test DBT_TEST__AUDIT.unique_stg_categories_categorie_id
20:41:07.912331 [info ]: Started test DBT_TEST__AUDIT.unique_stg_budgets_budget_id
20:41:07.912339 [debug]: Started rendering test DBT_TEST__AUDIT.unique_stg_budgets_budget_id
20:41:07.912354 [info ]: Started test DBT_TEST__AUDIT.unique_fct_transactions_transaction_id
20:41:07.912366 [debug]: Started rendering test DBT_TEST__AUDIT.unique_fct_transactions_transaction_id
20:41:07.912405 [info ]: Started test DBT_TEST__AUDIT.unique_dim_comptes_compte_id
20:41:07.912426 [debug]: Started rendering test DBT_TEST__AUDIT.unique_dim_comptes_compte_id
20:41:07.912456 [info ]: Started test DBT_TEST__AUDIT.unique_dim_categories_categorie_id
20:41:07.912478 [debug]: Started rendering test DBT_TEST__AUDIT.unique_dim_categories_categorie_id
20:41:07.912515 [info ]: Started test DBT_TEST__AUDIT.relationships_stg_transactions_compte_id__compte_id__ref_stg_comptes_
20:41:07.912538 [debug]: Started rendering test DBT_TEST__AUDIT.relationships_stg_transactions_compte_id__compte_id__ref_stg_comptes_
20:41:07.912577 [info ]: Started test DBT_TEST__AUDIT.not_null_stg_transactions_transaction_id
20:41:07.912600 [debug]: Started rendering test DBT_TEST__AUDIT.not_null_stg_transactions_transaction_id
20:41:07.912639 [info ]: Started test DBT_TEST__AUDIT.not_null_stg_comptes_compte_id
20:41:07.912664 [debug]: Started rendering test DBT_TEST__AUDIT.not_null_stg_comptes_compte_id
20:41:07.912703 [info ]: Started test DBT_TEST__AUDIT.not_null_stg_categories_categorie_id
20:41:07.912726 [debug]: Started rendering test DBT_TEST__AUDIT.not_null_stg_categories_categorie_id
20:41:07.912761 [info ]: Started test DBT_TEST__AUDIT.not_null_stg_budgets_budget_id
20:41:07.912779 [debug]: Started rendering test DBT_TEST__AUDIT.not_null_stg_budgets_budget_id
20:41:07.912816 [info ]: Started test DBT_TEST__AUDIT.not_null_fct_transactions_transaction_id
20:41:07.912832 [debug]: Started rendering test DBT_TEST__AUDIT.not_null_fct_transactions_transaction_id
20:41:07.912872 [info ]: Started test DBT_TEST__AUDIT.not_null_dim_comptes_compte_id
20:41:07.912891 [debug]: Started rendering test DBT_TEST__AUDIT.not_null_dim_comptes_compte_id
20:41:07.912922 [info ]: Started test DBT_TEST__AUDIT.not_null_dim_categories_categorie_id
20:41:07.912941 [debug]: Started rendering test DBT_TEST__AUDIT.not_null_dim_categories_categorie_id
20:41:07.913015 [info ]: Started test DBT_TEST__AUDIT.assert_solde_mensuel_positif
20:41:07.913041 [debug]: Started rendering test DBT_TEST__AUDIT.assert_solde_mensuel_positif
20:41:07.913085 [info ]: Started test DBT_TEST__AUDIT.accepted_values_stg_comptes_type_compte__courant__epargne__joint
20:41:07.913106 [debug]: Started rendering test DBT_TEST__AUDIT.accepted_values_stg_comptes_type_compte__courant__epargne__joint
20:41:07.913156 [info ]: Started test DBT_TEST__AUDIT.accepted_values_stg_comptes_statut__actif__inactif__cloture
20:41:07.913178 [debug]: Started rendering test DBT_TEST__AUDIT.accepted_values_stg_comptes_statut__actif__inactif__cloture
20:41:07.913207 [info ]: Started snapshot snapshots.snapshot_comptes
20:41:07.913228 [debug]: Started rendering snapshot snapshots.snapshot_comptes
20:41:07.913261 [info ]: Started model MARTS.mart_top_depenses
20:41:07.913293 [debug]: Started rendering model MARTS.mart_top_depenses
20:41:07.913320 [info ]: Started model MARTS.mart_solde_mensuel
20:41:07.913345 [debug]: Started rendering model MARTS.mart_solde_mensuel
20:41:07.913379 [info ]: Started model MARTS.mart_budget_vs_reel
20:41:07.913401 [debug]: Started rendering model MARTS.mart_budget_vs_reel
20:41:07.913427 [info ]: Started model STAGING.stg_budgets
20:41:07.913451 [debug]: Started rendering model STAGING.stg_budgets
20:41:07.913474 [info ]: Started model INTERMEDIATE.int_transactions_enrichies
20:41:07.913498 [debug]: Started rendering model INTERMEDIATE.int_transactions_enrichies
20:41:07.913555 [info ]: Started model STAGING.stg_transactions
20:41:07.913581 [debug]: Started rendering model STAGING.stg_transactions
20:41:07.913611 [info ]: Started model MARTS.dim_comptes
20:41:07.914067 [debug]: Started rendering model MARTS.dim_comptes
20:41:07.914104 [info ]: Started model STAGING.stg_comptes
20:41:07.914121 [debug]: Started rendering model STAGING.stg_comptes
20:41:07.914147 [info ]: Started model MARTS.dim_categories
20:41:07.914159 [debug]: Started rendering model MARTS.dim_categories
20:41:07.914177 [info ]: Started model STAGING.stg_categories
20:41:07.914190 [debug]: Started rendering model STAGING.stg_categories
20:41:07.919459 [debug]: Compiled SQL for node test.fintrack_analytics.unique_stg_budgets_budget_id.effb4c8d16 at target\compiled\fintrack_analytics\target\generic_tests\unique_stg_budgets_budget_id.sql
20:41:07.919532 [debug]: Compiled SQL for node test.fintrack_analytics.unique_stg_transactions_transaction_id.ee9a78a396 at target\compiled\fintrack_analytics\target\generic_tests\unique_stg_transactions_transaction_id.sql
20:41:07.919777 [debug]: Compiled SQL for node test.fintrack_analytics.unique_stg_comptes_compte_id.ca647be308 at target\compiled\fintrack_analytics\target\generic_tests\unique_stg_comptes_compte_id.sql
20:41:07.920183 [debug]: Compiled SQL for node test.fintrack_analytics.unique_stg_categories_categorie_id.ab16992ac3 at target\compiled\fintrack_analytics\target\generic_tests\unique_stg_categories_categorie_id.sql
20:41:07.921763 [debug]: Compiled SQL for node test.fintrack_analytics.not_null_stg_transactions_transaction_id.1d00a8e2e4 at target\compiled\fintrack_analytics\target\generic_tests\not_null_stg_transactions_transaction_id.sql
20:41:07.921871 [debug]: Compiled SQL for node test.fintrack_analytics.assert_solde_mensuel_positif at target\compiled\fintrack_analytics\tests\assert_solde_mensuel_positif.sql
20:41:07.922054 [debug]: Compiled SQL for node test.fintrack_analytics.unique_dim_categories_categorie_id.86b0ecf635 at target\compiled\fintrack_analytics\target\generic_tests\unique_dim_categories_categorie_id.sql
20:41:07.923041 [debug]: Compiled SQL for node snapshot.fintrack_analytics.snapshot_comptes at target\compiled\fintrack_analytics\snapshots\snapshot_comptes.sql\snapshot_comptes.sql
20:41:07.923230 [debug]: Compiled SQL for node test.fintrack_analytics.not_null_stg_budgets_budget_id.ad1ccf4381 at target\compiled\fintrack_analytics\target\generic_tests\not_null_stg_budgets_budget_id.sql
20:41:07.924510 [debug]: Compiled SQL for node model.fintrack_analytics.stg_budgets at target\compiled\fintrack_analytics\models\staging\stg_budgets.sql
20:41:07.924850 [debug]: Compiled SQL for node model.fintrack_analytics.mart_top_depenses at target\compiled\fintrack_analytics\models\marts\mart_top_depenses.sql
20:41:07.925339 [debug]: Compiled SQL for node model.fintrack_analytics.mart_solde_mensuel at target\compiled\fintrack_analytics\models\marts\mart_solde_mensuel.sql
20:41:07.926019 [debug]: Compiled SQL for node test.fintrack_analytics.not_null_stg_categories_categorie_id.3e2fb4d400 at target\compiled\fintrack_analytics\target\generic_tests\not_null_stg_categories_categorie_id.sql
20:41:07.926118 [debug]: Compiled SQL for node test.fintrack_analytics.not_null_fct_transactions_transaction_id.2c6b5372aa at target\compiled\fintrack_analytics\target\generic_tests\not_null_fct_transactions_transaction_id.sql
20:41:07.926550 [debug]: Compiled SQL for node model.fintrack_analytics.int_transactions_enrichies at target\compiled\fintrack_analytics\models\intermediate\int_transactions_enrichies.sql
20:41:07.926668 [debug]: Compiled SQL for node model.fintrack_analytics.stg_transactions at target\compiled\fintrack_analytics\models\staging\stg_transactions.sql
20:41:07.927432 [debug]: Compiled SQL for node model.fintrack_analytics.stg_comptes at target\compiled\fintrack_analytics\models\staging\stg_comptes.sql
20:41:07.927899 [debug]: Compiled SQL for node model.fintrack_analytics.stg_categories at target\compiled\fintrack_analytics\models\staging\stg_categories.sql
20:41:07.928733 [debug]: Compiled SQL for node test.fintrack_analytics.not_null_dim_categories_categorie_id.93562953fd at target\compiled\fintrack_analytics\target\generic_tests\not_null_dim_categories_categorie_id.sql
20:41:07.928993 [debug]: Compiled SQL for node model.fintrack_analytics.mart_budget_vs_reel at target\compiled\fintrack_analytics\models\marts\mart_budget_vs_reel.sql
20:41:07.919676 [debug]: Finished rendering [  0.01s] test DBT_TEST__AUDIT.unique_stg_budgets_budget_id [success]
20:41:07.929904 [debug]: Compiled SQL for node model.fintrack_analytics.dim_categories at target\compiled\fintrack_analytics\models\marts\dim_categories.sql
20:41:07.930011 [info ]: Started analyzing (30 nodes)
20:41:07.930317 [debug]: Started analyzing test DBT_TEST__AUDIT.unique_stg_budgets_budget_id
20:41:07.934371 [debug]: Compiled SQL for node model.fintrack_analytics.dim_comptes at target\compiled\fintrack_analytics\models\marts\dim_comptes.sql
20:41:07.930365 [debug]: Finished rendering [  0.02s] test DBT_TEST__AUDIT.unique_stg_transactions_transaction_id [success]
20:41:07.936366 [debug]: Started analyzing test DBT_TEST__AUDIT.unique_stg_transactions_transaction_id
20:41:07.943188 [debug]: Compiled SQL for node test.fintrack_analytics.not_null_dim_comptes_compte_id.2e372eb672 at target\compiled\fintrack_analytics\target\generic_tests\not_null_dim_comptes_compte_id.sql
20:41:07.943710 [debug]: Compiled SQL for node test.fintrack_analytics.not_null_stg_comptes_compte_id.c12e0b3b3b at target\compiled\fintrack_analytics\target\generic_tests\not_null_stg_comptes_compte_id.sql
20:41:07.943779 [debug]: Compiled SQL for node test.fintrack_analytics.relationships_stg_transactions_compte_id__compte_id__ref_stg_comptes_.6bb5c74007 at target\compiled\fintrack_analytics\target\generic_tests\relationships_stg_transactions_985ebbdbfd283785f0e58047e4f6b5ed.sql
20:41:07.936412 [debug]: Finished rendering [  0.02s] test DBT_TEST__AUDIT.unique_stg_comptes_compte_id [success]
20:41:07.951885 [debug]: Started analyzing test DBT_TEST__AUDIT.unique_stg_comptes_compte_id
20:41:07.955135 [debug]: Compiled SQL for node test.fintrack_analytics.accepted_values_stg_comptes_type_compte__courant__epargne__joint.ff87077911 at target\compiled\fintrack_analytics\target\generic_tests\accepted_values_stg_comptes_f1faed08d9c87f7483d3a3bcc8a81daa.sql
20:41:07.959976 [debug]: Compiled SQL for node test.fintrack_analytics.unique_dim_comptes_compte_id.31a8b2a237 at target\compiled\fintrack_analytics\target\generic_tests\unique_dim_comptes_compte_id.sql
20:41:07.961936 [debug]: Compiled SQL for node test.fintrack_analytics.accepted_values_stg_comptes_statut__actif__inactif__cloture.f56d9561d0 at target\compiled\fintrack_analytics\target\generic_tests\accepted_values_stg_comptes_statut__actif__inactif__cloture.sql
20:41:07.962011 [debug]: Compiled SQL for node test.fintrack_analytics.unique_fct_transactions_transaction_id.c963611c53 at target\compiled\fintrack_analytics\target\generic_tests\unique_fct_transactions_transaction_id.sql
20:41:07.951930 [debug]: Finished rendering [  0.04s] test DBT_TEST__AUDIT.unique_stg_categories_categorie_id [success]
20:41:07.964439 [debug]: Started analyzing test DBT_TEST__AUDIT.unique_stg_categories_categorie_id
20:41:07.964489 [debug]: Finished rendering [  0.05s] test DBT_TEST__AUDIT.not_null_stg_transactions_transaction_id [success]
20:41:07.966543 [debug]: Started analyzing test DBT_TEST__AUDIT.not_null_stg_transactions_transaction_id
20:41:07.966607 [debug]: Finished rendering [  0.05s] test DBT_TEST__AUDIT.assert_solde_mensuel_positif [success]
20:41:07.967999 [debug]: Started analyzing test DBT_TEST__AUDIT.assert_solde_mensuel_positif
20:41:07.968058 [debug]: Finished rendering [  0.06s] test DBT_TEST__AUDIT.unique_dim_categories_categorie_id [success]
20:41:07.968412 [debug]: Started analyzing test DBT_TEST__AUDIT.unique_dim_categories_categorie_id
20:41:07.968456 [debug]: Finished rendering [  0.06s] snapshot snapshots.snapshot_comptes [success]
20:41:07.968926 [debug]: Started analyzing snapshot snapshots.snapshot_comptes
20:41:07.968970 [debug]: Finished rendering [  0.06s] test DBT_TEST__AUDIT.not_null_stg_budgets_budget_id [success]
20:41:07.969449 [debug]: Started analyzing test DBT_TEST__AUDIT.not_null_stg_budgets_budget_id
20:41:07.969491 [debug]: Finished rendering [  0.06s] model STAGING.stg_budgets [success]
20:41:07.969887 [debug]: Started analyzing model STAGING.stg_budgets
20:41:07.969931 [debug]: Finished rendering [  0.06s] model MARTS.mart_top_depenses [success]
20:41:07.970435 [debug]: Started analyzing model MARTS.mart_top_depenses
20:41:07.970481 [debug]: Finished rendering [  0.06s] model MARTS.mart_solde_mensuel [success]
20:41:07.971059 [debug]: Started analyzing model MARTS.mart_solde_mensuel
20:41:07.971120 [debug]: Finished rendering [  0.06s] test DBT_TEST__AUDIT.not_null_stg_categories_categorie_id [success]
20:41:07.971540 [debug]: Started analyzing test DBT_TEST__AUDIT.not_null_stg_categories_categorie_id
20:41:07.971600 [debug]: Finished rendering [  0.06s] test DBT_TEST__AUDIT.not_null_fct_transactions_transaction_id [success]
20:41:07.972105 [debug]: Started analyzing test DBT_TEST__AUDIT.not_null_fct_transactions_transaction_id
20:41:07.972144 [debug]: Finished rendering [  0.06s] model INTERMEDIATE.int_transactions_enrichies [success]
20:41:07.974354 [debug]: Started analyzing model INTERMEDIATE.int_transactions_enrichies
20:41:07.974408 [info ]: Started model MARTS.fct_transactions
20:41:07.974430 [debug]: Started rendering model MARTS.fct_transactions
20:41:07.974462 [debug]: Finished rendering [  0.06s] model STAGING.stg_transactions [success]
20:41:07.976897 [debug]: Started analyzing model STAGING.stg_transactions
20:41:07.976939 [debug]: Finished rendering [  0.06s] model STAGING.stg_comptes [success]
20:41:07.980163 [debug]: Started analyzing model STAGING.stg_comptes
20:41:07.980871 [debug]: Compiled SQL for node model.fintrack_analytics.fct_transactions at target\compiled\fintrack_analytics\models\marts\fct_transactions.sql
20:41:07.980264 [debug]: Finished rendering [  0.07s] model STAGING.stg_categories [success]
20:41:07.984943 [debug]: Started analyzing model STAGING.stg_categories
20:41:07.984995 [debug]: Finished rendering [  0.07s] test DBT_TEST__AUDIT.not_null_dim_categories_categorie_id [success]
20:41:07.986205 [debug]: Started analyzing test DBT_TEST__AUDIT.not_null_dim_categories_categorie_id
20:41:07.986258 [debug]: Finished rendering [  0.07s] model MARTS.mart_budget_vs_reel [success]
20:41:07.986502 [debug]: Started analyzing model MARTS.mart_budget_vs_reel
20:41:07.986541 [debug]: Finished rendering [  0.07s] model MARTS.dim_categories [success]
20:41:07.986665 [debug]: Started analyzing model MARTS.dim_categories
20:41:07.986707 [debug]: Finished rendering [  0.07s] model MARTS.dim_comptes [success]
20:41:07.986805 [debug]: Started analyzing model MARTS.dim_comptes
20:41:07.986841 [debug]: Finished rendering [  0.07s] test DBT_TEST__AUDIT.not_null_dim_comptes_compte_id [success]
20:41:07.987743 [debug]: Started analyzing test DBT_TEST__AUDIT.not_null_dim_comptes_compte_id
20:41:07.987789 [debug]: Finished rendering [  0.08s] test DBT_TEST__AUDIT.not_null_stg_comptes_compte_id [success]
20:41:07.988074 [debug]: Started analyzing test DBT_TEST__AUDIT.not_null_stg_comptes_compte_id
20:41:07.988113 [debug]: Finished rendering [  0.08s] test DBT_TEST__AUDIT.relationships_stg_transactions_compte_id__compte_id__ref_stg_comptes_ [success]
20:41:07.988418 [debug]: Started analyzing test DBT_TEST__AUDIT.relationships_stg_transactions_compte_id__compte_id__ref_stg_comptes_
20:41:07.988458 [debug]: Finished analyzing [  0.06s] test DBT_TEST__AUDIT.unique_stg_budgets_budget_id [success]
20:41:07.988542 [info ]:  Succeeded [  0.07s] test  unique_stg_budgets_budget_id (models/staging/_stg_schema.yml:56:13)
20:41:07.992556 [debug]: Finished rendering [  0.08s] test DBT_TEST__AUDIT.accepted_values_stg_comptes_type_compte__courant__epargne__joint [success]
20:41:07.993444 [debug]: Started analyzing test DBT_TEST__AUDIT.accepted_values_stg_comptes_type_compte__courant__epargne__joint
20:41:07.993506 [debug]: Finished analyzing [  0.06s] test DBT_TEST__AUDIT.unique_stg_transactions_transaction_id [success]
20:41:07.993607 [info ]:  Succeeded [  0.07s] test  unique_stg_transactions_transaction_id (models/staging/_stg_schema.yml:31:13)
20:41:07.994264 [debug]: Finished rendering [  0.08s] test DBT_TEST__AUDIT.unique_dim_comptes_compte_id [success]
20:41:07.994403 [debug]: Started analyzing test DBT_TEST__AUDIT.unique_dim_comptes_compte_id
20:41:07.994452 [debug]: Finished rendering [  0.08s] test DBT_TEST__AUDIT.accepted_values_stg_comptes_statut__actif__inactif__cloture [success]
20:41:07.994583 [debug]: Started analyzing test DBT_TEST__AUDIT.accepted_values_stg_comptes_statut__actif__inactif__cloture
20:41:07.994621 [debug]: Finished rendering [  0.08s] test DBT_TEST__AUDIT.unique_fct_transactions_transaction_id [success]
20:41:07.995197 [debug]: Started analyzing test DBT_TEST__AUDIT.unique_fct_transactions_transaction_id
20:41:07.995242 [debug]: Finished analyzing [  0.04s] test DBT_TEST__AUDIT.unique_stg_comptes_compte_id [success]
20:41:07.995334 [info ]:  Succeeded [  0.07s] test  unique_stg_comptes_compte_id (models/staging/_stg_schema.yml:10:13)
20:41:07.995923 [debug]: Finished analyzing [  0.03s] test DBT_TEST__AUDIT.unique_stg_categories_categorie_id [success]
20:41:07.996071 [info ]:  Succeeded [  0.07s] test  unique_stg_categories_categorie_id (models/staging/_stg_schema.yml:47:13)
20:41:07.996724 [debug]: Finished analyzing [  0.03s] test DBT_TEST__AUDIT.not_null_stg_transactions_transaction_id [success]
20:41:07.996885 [info ]:  Succeeded [  0.08s] test  not_null_stg_transactions_transaction_id (models/staging/_stg_schema.yml:32:13)
20:41:07.997537 [debug]: Finished analyzing [  0.03s] test DBT_TEST__AUDIT.unique_dim_categories_categorie_id [success]
20:41:07.997657 [info ]:  Succeeded [  0.08s] test  unique_dim_categories_categorie_id (models/marts/_marts_schema.yml:19:13)
20:41:07.998345 [debug]: Finished analyzing [  0.03s] snapshot snapshots.snapshot_comptes [success]
20:41:07.998457 [info ]:  Succeeded [  0.08s] snapshot snapshots.snapshot_comptes (snapshot)
20:41:07.999052 [debug]: Finished analyzing [  0.03s] test DBT_TEST__AUDIT.not_null_stg_budgets_budget_id [success]
20:41:07.999160 [info ]:  Succeeded [  0.09s] test  not_null_stg_budgets_budget_id (models/staging/_stg_schema.yml:57:13)
20:41:07.999864 [debug]: Finished analyzing [  0.03s] test DBT_TEST__AUDIT.not_null_stg_categories_categorie_id [success]
20:41:07.999979 [info ]:  Succeeded [  0.09s] test  not_null_stg_categories_categorie_id (models/staging/_stg_schema.yml:48:13)
20:41:08.000669 [debug]: Finished analyzing [  0.03s] test DBT_TEST__AUDIT.not_null_fct_transactions_transaction_id [success]
20:41:08.000769 [info ]:  Succeeded [  0.09s] test  not_null_fct_transactions_transaction_id (models/marts/_marts_schema.yml:29:13)
20:41:08.001348 [debug]: Finished analyzing [  0.03s] test DBT_TEST__AUDIT.assert_solde_mensuel_positif [success]
20:41:08.001468 [info ]:  Succeeded [  0.09s] test  assert_solde_mensuel_positif (tests/assert_solde_mensuel_positif.sql)
20:41:08.002112 [debug]: Finished analyzing [  0.03s] model STAGING.stg_budgets [success]
20:41:08.002249 [info ]:  Succeeded [  0.09s] model STAGING.stg_budgets (view)
20:41:08.002970 [debug]: Finished rendering [  0.03s] model MARTS.fct_transactions [success]
20:41:08.003097 [info ]: Finished rendering [  0.09s] (30 nodes, 0 skipped, 0 errors)
20:41:08.003776 [debug]: Started analyzing model MARTS.fct_transactions
20:41:08.003826 [debug]: Finished analyzing [  0.03s] model STAGING.stg_transactions [success]
20:41:08.003953 [info ]:  Succeeded [  0.09s] model STAGING.stg_transactions (view)
20:41:08.004603 [debug]: Finished analyzing [  0.02s] model STAGING.stg_comptes [success]
20:41:08.004733 [info ]:  Succeeded [  0.09s] model STAGING.stg_comptes (view)
20:41:08.005352 [debug]: Finished analyzing [  0.03s] model INTERMEDIATE.int_transactions_enrichies [success]
20:41:08.005476 [info ]:  Succeeded [  0.09s] model INTERMEDIATE.int_transactions_enrichies (ephemeral)
20:41:08.006029 [debug]: Finished analyzing [  0.02s] model STAGING.stg_categories [success]
20:41:08.006303 [info ]:  Succeeded [  0.09s] model STAGING.stg_categories (view)
20:41:08.007742 [debug]: Finished analyzing [  0.02s] test DBT_TEST__AUDIT.not_null_dim_categories_categorie_id [success]
20:41:08.008186 [info ]:  Succeeded [  0.09s] test  not_null_dim_categories_categorie_id (models/marts/_marts_schema.yml:20:13)
20:41:08.009024 [debug]: Finished analyzing [  0.02s] model MARTS.dim_categories [success]
20:41:08.009186 [info ]:  Succeeded [  0.09s] model MARTS.dim_categories (table)
20:41:08.009915 [debug]: Finished analyzing [  0.04s] model MARTS.mart_top_depenses [success]
20:41:08.010047 [info ]:  Succeeded [  0.10s] model MARTS.mart_top_depenses (table)
20:41:08.010681 [debug]: Finished analyzing [  0.02s] test DBT_TEST__AUDIT.not_null_dim_comptes_compte_id [success]
20:41:08.010805 [info ]:  Succeeded [  0.10s] test  not_null_dim_comptes_compte_id (models/marts/_marts_schema.yml:11:13)
20:41:08.011449 [debug]: Finished analyzing [  0.02s] test DBT_TEST__AUDIT.not_null_stg_comptes_compte_id [success]
20:41:08.011569 [info ]:  Succeeded [  0.10s] test  not_null_stg_comptes_compte_id (models/staging/_stg_schema.yml:11:13)
20:41:08.012030 [debug]: Finished analyzing [  0.04s] model MARTS.mart_solde_mensuel [success]
20:41:08.012148 [info ]:  Succeeded [  0.10s] model MARTS.mart_solde_mensuel (table)
20:41:08.012689 [debug]: Finished analyzing [  0.02s] test DBT_TEST__AUDIT.relationships_stg_transactions_compte_id__compte_id__ref_stg_comptes_ [success]
20:41:08.012803 [info ]:  Succeeded [  0.10s] test  relationships_stg_transactions_compte_id__compte_id__ref_stg_comptes_ (models/staging/_stg_schema.yml:36:13)
20:41:08.013400 [debug]: Finished analyzing [  0.02s] test DBT_TEST__AUDIT.unique_dim_comptes_compte_id [success]
20:41:08.013523 [info ]:  Succeeded [  0.10s] test  unique_dim_comptes_compte_id (models/marts/_marts_schema.yml:10:13)
20:41:08.014069 [debug]: Finished analyzing [  0.02s] test DBT_TEST__AUDIT.accepted_values_stg_comptes_statut__actif__inactif__cloture [success]
20:41:08.014174 [info ]:  Succeeded [  0.10s] test  accepted_values_stg_comptes_statut__actif__inactif__cloture (models/staging/_stg_schema.yml:21:13)
20:41:08.014736 [debug]: Finished analyzing [  0.02s] test DBT_TEST__AUDIT.accepted_values_stg_comptes_type_compte__courant__epargne__joint [success]
20:41:08.014828 [info ]:  Succeeded [  0.10s] test  accepted_values_stg_comptes_type_compte__courant__epargne__joint (models/staging/_stg_schema.yml:15:13)
20:41:08.015361 [debug]: Finished analyzing [  0.03s] model MARTS.dim_comptes [success]
20:41:08.015452 [info ]:  Succeeded [  0.10s] model MARTS.dim_comptes (table)
20:41:08.016004 [debug]: Finished analyzing [  0.03s] model MARTS.mart_budget_vs_reel [success]
20:41:08.016115 [info ]:  Succeeded [  0.10s] model MARTS.mart_budget_vs_reel (table)
20:41:08.016651 [debug]: Finished analyzing [  0.02s] test DBT_TEST__AUDIT.unique_fct_transactions_transaction_id [success]
20:41:08.016787 [info ]:  Succeeded [  0.10s] test  unique_fct_transactions_transaction_id (models/marts/_marts_schema.yml:28:13)
20:41:08.017633 [debug]: Finished analyzing [  0.01s] model MARTS.fct_transactions [success]
20:41:08.017782 [info ]: Finished analyzing [  0.09s] (30 nodes, 0 skipped, 0 errors)
20:41:08.018403 [info ]:  Succeeded [  0.04s] model MARTS.fct_transactions (table)
20:41:08.333744 [debug]: DuckDB driver resolved: duckdb_extended 0.21.0.dev+dbt0.0.28
20:41:13.003817 [info ]: Generated C:\Users\Josfrid\Downloads\ProjetFintrack\01-debutant\fintrack_analytics\target (reading index/) — no column lineage; rerun the compile or build with `--write-index --static-analysis strict` to include it
20:41:13.016409 [info ]: Host the contents of C:\Users\Josfrid\Downloads\ProjetFintrack\01-debutant\fintrack_analytics\target on any static file server. Note that this publishes everything else in the target directory too, including compiled SQL and any stored test failures.
20:41:13.169655 [info ]: 
==================== Execution Summary =====================
Finished 'docs' successfully for target 'dev' [6.0s]
==================== 2026-09-03T20:43:02.913288Z | 01a06902-bf7e-7ac1-a704-312d7e45b6f2 ====================
20:43:03.054797 [debug]: DuckDB driver resolved: duckdb_extended 0.21.0.dev+dbt0.0.28
20:43:04.586072 [info ]: started
==================== 2026-09-03T21:08:00.566952Z | 01a06919-99b2-7b93-a0fb-f1bd41aa56a2 ====================
21:08:00.567215 [info ]: dbt-fusion 2.0.0-preview.218
21:08:00.567530 [info ]: Started loading project
21:08:00.573199 [info ]: Loading ~/.dbt/profiles.yml
21:08:00.585144 [info ]: Loading packages.yml
21:08:00.585411 [debug]:    Started loading packages
21:08:00.611986 [debug]:     Loaded [  0.03s] packages
21:08:00.614101 [info ]: Finished loading project [  0.05s]
21:08:00.614930 [info ]: Started parsing
21:08:00.703360 [debug]: Finished parsing models/marts/_marts_schema.yml [  0.00s]
21:08:00.704128 [debug]: Finished parsing models/staging/_stg_schema.yml [  0.00s]
21:08:00.704614 [debug]: Finished parsing models/staging/_stg_sources.yml [  0.00s]
21:08:00.714414 [debug]: Finished parsing snapshots\snapshot_comptes.sql [  0.01s]
21:08:00.717487 [debug]: Finished parsing models/intermediate/int_transactions_enrichies.sql [  0.00s]
21:08:00.718077 [debug]: Finished parsing models/marts/dim_categories.sql [  0.00s]
21:08:00.719038 [debug]: Finished parsing models/marts/dim_comptes.sql [  0.00s]
21:08:00.719610 [debug]: Finished parsing models/marts/fct_transactions.sql [  0.00s]
21:08:00.720526 [debug]: Finished parsing models/marts/mart_budget_vs_reel.sql [  0.00s]
21:08:00.721247 [debug]: Finished parsing models/marts/mart_solde_mensuel.sql [  0.00s]
21:08:00.721798 [debug]: Finished parsing models/marts/mart_top_depenses.sql [  0.00s]
21:08:00.722369 [debug]: Finished parsing models/staging/stg_budgets.sql [  0.00s]
21:08:00.722931 [debug]: Finished parsing models/staging/stg_categories.sql [  0.00s]
21:08:00.723603 [debug]: Finished parsing models/staging/stg_comptes.sql [  0.00s]
21:08:00.724217 [debug]: Finished parsing models/staging/stg_transactions.sql [  0.00s]
21:08:00.753926 [debug]: Finished parsing tests/assert_solde_mensuel_positif.sql [  0.00s]
21:08:00.754690 [debug]: Finished parsing target\generic_tests\unique_dim_categories_categorie_id.sql [  0.00s]
21:08:00.755436 [debug]: Finished parsing target\generic_tests\not_null_dim_categories_categorie_id.sql [  0.00s]
21:08:00.756106 [debug]: Finished parsing target\generic_tests\unique_dim_comptes_compte_id.sql [  0.00s]
21:08:00.756804 [debug]: Finished parsing target\generic_tests\not_null_dim_comptes_compte_id.sql [  0.00s]
21:08:00.757486 [debug]: Finished parsing target\generic_tests\unique_fct_transactions_transaction_id.sql [  0.00s]
21:08:00.758187 [debug]: Finished parsing target\generic_tests\not_null_fct_transactions_transaction_id.sql [  0.00s]
21:08:00.758848 [debug]: Finished parsing target\generic_tests\unique_stg_budgets_budget_id.sql [  0.00s]
21:08:00.759544 [debug]: Finished parsing target\generic_tests\not_null_stg_budgets_budget_id.sql [  0.00s]
21:08:00.760225 [debug]: Finished parsing target\generic_tests\unique_stg_categories_categorie_id.sql [  0.00s]
21:08:00.760925 [debug]: Finished parsing target\generic_tests\not_null_stg_categories_categorie_id.sql [  0.00s]
21:08:00.761589 [debug]: Finished parsing target\generic_tests\unique_stg_comptes_compte_id.sql [  0.00s]
21:08:00.762832 [debug]: Finished parsing target\generic_tests\not_null_stg_comptes_compte_id.sql [  0.00s]
21:08:00.763605 [debug]: Finished parsing target\generic_tests\accepted_values_stg_comptes_statut__actif__inactif__cloture.sql [  0.00s]
21:08:00.764309 [debug]: Finished parsing target\generic_tests\accepted_values_stg_comptes_f1faed08d9c87f7483d3a3bcc8a81daa.sql [  0.00s]
21:08:00.764999 [debug]: Finished parsing target\generic_tests\relationships_stg_transactions_985ebbdbfd283785f0e58047e4f6b5ed.sql [  0.00s]
21:08:00.765652 [debug]: Finished parsing target\generic_tests\unique_stg_transactions_transaction_id.sql [  0.00s]
21:08:00.766383 [debug]: Finished parsing target\generic_tests\not_null_stg_transactions_transaction_id.sql [  0.00s]
21:08:01.091743 [info ]: Finished parsing [  0.48s]
21:08:01.649668 [info ]: 
==================== Execution Summary =====================
Finished 'parse' successfully for target 'dev' [1.1s]
==================== 2026-09-03T21:08:25.395008Z | 01a06919-faaf-7041-ad94-df7479bd9887 ====================
21:08:25.395260 [info ]: dbt-fusion 2.0.0-preview.218
21:08:25.395536 [info ]: Started loading project
21:08:25.399918 [info ]: Loading ~/.dbt/profiles.yml
21:08:25.410725 [info ]: Loading packages.yml
21:08:25.410916 [debug]:    Started loading packages
21:08:25.429601 [debug]:     Loaded [  0.02s] packages
21:08:25.430890 [info ]: Finished loading project [  0.04s]
21:08:25.431727 [info ]: Started parsing
21:08:25.505801 [debug]: Finished parsing models/marts/_marts_schema.yml [  0.00s]
21:08:25.506616 [debug]: Finished parsing models/staging/_stg_schema.yml [  0.00s]
21:08:25.507112 [debug]: Finished parsing models/staging/_stg_sources.yml [  0.00s]
21:08:25.512046 [debug]: Finished parsing snapshots\snapshot_comptes.sql [  0.00s]
21:08:25.514956 [debug]: Finished parsing models/intermediate/int_transactions_enrichies.sql [  0.00s]
21:08:25.515532 [debug]: Finished parsing models/marts/dim_categories.sql [  0.00s]
21:08:25.516392 [debug]: Finished parsing models/marts/dim_comptes.sql [  0.00s]
21:08:25.516916 [debug]: Finished parsing models/marts/fct_transactions.sql [  0.00s]
21:08:25.517487 [debug]: Finished parsing models/marts/mart_budget_vs_reel.sql [  0.00s]
21:08:25.518243 [debug]: Finished parsing models/marts/mart_solde_mensuel.sql [  0.00s]
21:08:25.518867 [debug]: Finished parsing models/marts/mart_top_depenses.sql [  0.00s]
21:08:25.519468 [debug]: Finished parsing models/staging/stg_budgets.sql [  0.00s]
21:08:25.520093 [debug]: Finished parsing models/staging/stg_categories.sql [  0.00s]
21:08:25.520812 [debug]: Finished parsing models/staging/stg_comptes.sql [  0.00s]
21:08:25.521459 [debug]: Finished parsing models/staging/stg_transactions.sql [  0.00s]
21:08:25.553182 [debug]: Finished parsing tests/assert_solde_mensuel_positif.sql [  0.00s]
21:08:25.554035 [debug]: Finished parsing target\generic_tests\unique_dim_categories_categorie_id.sql [  0.00s]
21:08:25.554984 [debug]: Finished parsing target\generic_tests\not_null_dim_categories_categorie_id.sql [  0.00s]
21:08:25.555727 [debug]: Finished parsing target\generic_tests\unique_dim_comptes_compte_id.sql [  0.00s]
21:08:25.556483 [debug]: Finished parsing target\generic_tests\not_null_dim_comptes_compte_id.sql [  0.00s]
21:08:25.557164 [debug]: Finished parsing target\generic_tests\unique_fct_transactions_transaction_id.sql [  0.00s]
21:08:25.557900 [debug]: Finished parsing target\generic_tests\not_null_fct_transactions_transaction_id.sql [  0.00s]
21:08:25.558621 [debug]: Finished parsing target\generic_tests\unique_stg_budgets_budget_id.sql [  0.00s]
21:08:25.559377 [debug]: Finished parsing target\generic_tests\not_null_stg_budgets_budget_id.sql [  0.00s]
21:08:25.560102 [debug]: Finished parsing target\generic_tests\unique_stg_categories_categorie_id.sql [  0.00s]
21:08:25.560815 [debug]: Finished parsing target\generic_tests\not_null_stg_categories_categorie_id.sql [  0.00s]
21:08:25.561524 [debug]: Finished parsing target\generic_tests\unique_stg_comptes_compte_id.sql [  0.00s]
21:08:25.562299 [debug]: Finished parsing target\generic_tests\not_null_stg_comptes_compte_id.sql [  0.00s]
21:08:25.563032 [debug]: Finished parsing target\generic_tests\accepted_values_stg_comptes_statut__actif__inactif__cloture.sql [  0.00s]
21:08:25.563765 [debug]: Finished parsing target\generic_tests\accepted_values_stg_comptes_f1faed08d9c87f7483d3a3bcc8a81daa.sql [  0.00s]
21:08:25.564481 [debug]: Finished parsing target\generic_tests\relationships_stg_transactions_985ebbdbfd283785f0e58047e4f6b5ed.sql [  0.00s]
21:08:25.565176 [debug]: Finished parsing target\generic_tests\unique_stg_transactions_transaction_id.sql [  0.00s]
21:08:25.565948 [debug]: Finished parsing target\generic_tests\not_null_stg_transactions_transaction_id.sql [  0.00s]
21:08:26.023514 [info ]: Finished parsing [  0.59s]
21:08:26.390407 [info ]: 
==================== Execution Summary =====================
Finished 'parse' successfully for target 'dev' [995ms]
==================== 2026-09-04T06:17:02.241613Z | 01a06b10-4018-7fc0-89c4-88d2bdde328e ====================
06:17:02.478856 [info ]: Running `compile --write-index`; pass `--no-compile` to export the existing index instead.
06:17:02.486699 [info ]: dbt-fusion 2.0.0-preview.218
06:17:02.489612 [debug]: Partial parse: kind filter = None, unique_id filter = None
06:17:02.580574 [debug]: Partial parse: partial-load fast path — no file changes
06:17:02.651192 [info ]: Started scheduling
06:17:02.655711 [info ]: Finished scheduling [  0.00s]
06:17:02.661726 [debug]: Initializing schema store with entry: Frontier(CanonicalFqn { catalog: "FINTRACK_DB", schema: "RAW", table: "RAW_BUDGETS" }) and interval: None
06:17:02.661755 [debug]: Initializing schema store with entry: Frontier(CanonicalFqn { catalog: "FINTRACK_DB", schema: "RAW", table: "RAW_CATEGORIES" }) and interval: None
06:17:02.661761 [debug]: Initializing schema store with entry: Frontier(CanonicalFqn { catalog: "FINTRACK_DB", schema: "RAW", table: "RAW_COMPTES" }) and interval: None
06:17:02.661766 [debug]: Initializing schema store with entry: Frontier(CanonicalFqn { catalog: "FINTRACK_DB", schema: "RAW", table: "RAW_TRANSACTIONS" }) and interval: None
06:17:02.745157 [info ]: Started building task graph
06:17:02.745739 [info ]: Finished building task graph [  0.00s]
06:17:02.764843 [info ]: Started rendering (30 nodes)
06:17:02.765083 [info ]: Started test DBT_TEST__AUDIT.unique_stg_transactions_transaction_id
06:17:02.765099 [debug]: Started rendering test DBT_TEST__AUDIT.unique_stg_transactions_transaction_id
06:17:02.765146 [info ]: Started test DBT_TEST__AUDIT.unique_stg_comptes_compte_id
06:17:02.765156 [debug]: Started rendering test DBT_TEST__AUDIT.unique_stg_comptes_compte_id
06:17:02.765175 [info ]: Started test DBT_TEST__AUDIT.unique_stg_categories_categorie_id
06:17:02.765186 [debug]: Started rendering test DBT_TEST__AUDIT.unique_stg_categories_categorie_id
06:17:02.765204 [info ]: Started test DBT_TEST__AUDIT.unique_stg_budgets_budget_id
06:17:02.765211 [debug]: Started rendering test DBT_TEST__AUDIT.unique_stg_budgets_budget_id
06:17:02.765228 [info ]: Started test DBT_TEST__AUDIT.unique_fct_transactions_transaction_id
06:17:02.765236 [debug]: Started rendering test DBT_TEST__AUDIT.unique_fct_transactions_transaction_id
06:17:02.765262 [info ]: Started test DBT_TEST__AUDIT.unique_dim_comptes_compte_id
06:17:02.765275 [debug]: Started rendering test DBT_TEST__AUDIT.unique_dim_comptes_compte_id
06:17:02.765303 [info ]: Started test DBT_TEST__AUDIT.unique_dim_categories_categorie_id
06:17:02.765328 [debug]: Started rendering test DBT_TEST__AUDIT.unique_dim_categories_categorie_id
06:17:02.765371 [info ]: Started test DBT_TEST__AUDIT.relationships_stg_transactions_compte_id__compte_id__ref_stg_comptes_
06:17:02.765405 [debug]: Started rendering test DBT_TEST__AUDIT.relationships_stg_transactions_compte_id__compte_id__ref_stg_comptes_
06:17:02.765455 [info ]: Started test DBT_TEST__AUDIT.not_null_stg_transactions_transaction_id
06:17:02.765488 [debug]: Started rendering test DBT_TEST__AUDIT.not_null_stg_transactions_transaction_id
06:17:02.765531 [info ]: Started test DBT_TEST__AUDIT.not_null_stg_comptes_compte_id
06:17:02.765568 [debug]: Started rendering test DBT_TEST__AUDIT.not_null_stg_comptes_compte_id
06:17:02.765605 [info ]: Started test DBT_TEST__AUDIT.not_null_stg_categories_categorie_id
06:17:02.765636 [debug]: Started rendering test DBT_TEST__AUDIT.not_null_stg_categories_categorie_id
06:17:02.765687 [info ]: Started test DBT_TEST__AUDIT.not_null_stg_budgets_budget_id
06:17:02.765709 [debug]: Started rendering test DBT_TEST__AUDIT.not_null_stg_budgets_budget_id
06:17:02.765747 [info ]: Started test DBT_TEST__AUDIT.not_null_fct_transactions_transaction_id
06:17:02.765774 [debug]: Started rendering test DBT_TEST__AUDIT.not_null_fct_transactions_transaction_id
06:17:02.765808 [info ]: Started test DBT_TEST__AUDIT.not_null_dim_comptes_compte_id
06:17:02.765835 [debug]: Started rendering test DBT_TEST__AUDIT.not_null_dim_comptes_compte_id
06:17:02.765863 [info ]: Started test DBT_TEST__AUDIT.not_null_dim_categories_categorie_id
06:17:02.765890 [debug]: Started rendering test DBT_TEST__AUDIT.not_null_dim_categories_categorie_id
06:17:02.765937 [info ]: Started test DBT_TEST__AUDIT.assert_solde_mensuel_positif
06:17:02.765964 [debug]: Started rendering test DBT_TEST__AUDIT.assert_solde_mensuel_positif
06:17:02.766012 [info ]: Started test DBT_TEST__AUDIT.accepted_values_stg_comptes_type_compte__courant__epargne__joint
06:17:02.766035 [debug]: Started rendering test DBT_TEST__AUDIT.accepted_values_stg_comptes_type_compte__courant__epargne__joint
06:17:02.766084 [info ]: Started test DBT_TEST__AUDIT.accepted_values_stg_comptes_statut__actif__inactif__cloture
06:17:02.766109 [debug]: Started rendering test DBT_TEST__AUDIT.accepted_values_stg_comptes_statut__actif__inactif__cloture
06:17:02.766151 [info ]: Started snapshot snapshots.snapshot_comptes
06:17:02.766179 [debug]: Started rendering snapshot snapshots.snapshot_comptes
06:17:02.766219 [info ]: Started model MARTS.mart_top_depenses
06:17:02.766244 [debug]: Started rendering model MARTS.mart_top_depenses
06:17:02.766282 [info ]: Started model MARTS.mart_solde_mensuel
06:17:02.766310 [debug]: Started rendering model MARTS.mart_solde_mensuel
06:17:02.766340 [info ]: Started model MARTS.mart_budget_vs_reel
06:17:02.766369 [debug]: Started rendering model MARTS.mart_budget_vs_reel
06:17:02.766402 [info ]: Started model STAGING.stg_budgets
06:17:02.766421 [debug]: Started rendering model STAGING.stg_budgets
06:17:02.766510 [info ]: Started model INTERMEDIATE.int_transactions_enrichies
06:17:02.766528 [debug]: Started rendering model INTERMEDIATE.int_transactions_enrichies
06:17:02.766563 [info ]: Started model STAGING.stg_transactions
06:17:02.766589 [debug]: Started rendering model STAGING.stg_transactions
06:17:02.766666 [info ]: Started model MARTS.dim_comptes
06:17:02.766689 [debug]: Started rendering model MARTS.dim_comptes
06:17:02.767753 [info ]: Started model STAGING.stg_comptes
06:17:02.769064 [debug]: Started rendering model STAGING.stg_comptes
06:17:02.769163 [info ]: Started model MARTS.dim_categories
06:17:02.769186 [debug]: Started rendering model MARTS.dim_categories
06:17:02.769226 [info ]: Started model STAGING.stg_categories
06:17:02.769247 [debug]: Started rendering model STAGING.stg_categories
06:17:02.775204 [debug]: Compiled SQL for node model.fintrack_analytics.mart_solde_mensuel at target\compiled\fintrack_analytics\models\marts\mart_solde_mensuel.sql
06:17:02.775694 [debug]: Compiled SQL for node test.fintrack_analytics.assert_solde_mensuel_positif at target\compiled\fintrack_analytics\tests\assert_solde_mensuel_positif.sql
06:17:02.778180 [debug]: Compiled SQL for node model.fintrack_analytics.stg_budgets at target\compiled\fintrack_analytics\models\staging\stg_budgets.sql
06:17:02.779737 [debug]: Compiled SQL for node model.fintrack_analytics.stg_transactions at target\compiled\fintrack_analytics\models\staging\stg_transactions.sql
06:17:02.779741 [debug]: Compiled SQL for node model.fintrack_analytics.int_transactions_enrichies at target\compiled\fintrack_analytics\models\intermediate\int_transactions_enrichies.sql
06:17:02.781366 [debug]: Compiled SQL for node model.fintrack_analytics.stg_comptes at target\compiled\fintrack_analytics\models\staging\stg_comptes.sql
06:17:02.783076 [debug]: Compiled SQL for node model.fintrack_analytics.stg_categories at target\compiled\fintrack_analytics\models\staging\stg_categories.sql
06:17:02.783855 [debug]: Compiled SQL for node model.fintrack_analytics.mart_budget_vs_reel at target\compiled\fintrack_analytics\models\marts\mart_budget_vs_reel.sql
06:17:02.784171 [debug]: Compiled SQL for node model.fintrack_analytics.mart_top_depenses at target\compiled\fintrack_analytics\models\marts\mart_top_depenses.sql
06:17:02.784520 [debug]: Compiled SQL for node model.fintrack_analytics.dim_categories at target\compiled\fintrack_analytics\models\marts\dim_categories.sql
06:17:02.786784 [debug]: Compiled SQL for node snapshot.fintrack_analytics.snapshot_comptes at target\compiled\fintrack_analytics\snapshots\snapshot_comptes.sql\snapshot_comptes.sql
06:17:02.788946 [debug]: Compiled SQL for node model.fintrack_analytics.dim_comptes at target\compiled\fintrack_analytics\models\marts\dim_comptes.sql
06:17:02.795221 [debug]: Compiled SQL for node test.fintrack_analytics.unique_stg_transactions_transaction_id.ee9a78a396 at target\compiled\fintrack_analytics\target\generic_tests\unique_stg_transactions_transaction_id.sql
06:17:02.796050 [debug]: Compiled SQL for node test.fintrack_analytics.unique_stg_categories_categorie_id.ab16992ac3 at target\compiled\fintrack_analytics\target\generic_tests\unique_stg_categories_categorie_id.sql
06:17:02.797216 [debug]: Compiled SQL for node test.fintrack_analytics.not_null_fct_transactions_transaction_id.2c6b5372aa at target\compiled\fintrack_analytics\target\generic_tests\not_null_fct_transactions_transaction_id.sql
06:17:02.775794 [debug]: Finished rendering [  0.01s] model MARTS.mart_solde_mensuel [success]
06:17:02.799164 [info ]: Started analyzing (30 nodes)
06:17:02.799746 [debug]: Started analyzing model MARTS.mart_solde_mensuel
06:17:02.801153 [debug]: Compiled SQL for node test.fintrack_analytics.unique_dim_comptes_compte_id.31a8b2a237 at target\compiled\fintrack_analytics\target\generic_tests\unique_dim_comptes_compte_id.sql
06:17:02.801400 [debug]: Compiled SQL for node test.fintrack_analytics.unique_dim_categories_categorie_id.86b0ecf635 at target\compiled\fintrack_analytics\target\generic_tests\unique_dim_categories_categorie_id.sql
06:17:02.799816 [debug]: Finished rendering [  0.03s] test DBT_TEST__AUDIT.assert_solde_mensuel_positif [success]
06:17:02.804885 [debug]: Started analyzing test DBT_TEST__AUDIT.assert_solde_mensuel_positif
06:17:02.806453 [debug]: Compiled SQL for node test.fintrack_analytics.relationships_stg_transactions_compte_id__compte_id__ref_stg_comptes_.6bb5c74007 at target\compiled\fintrack_analytics\target\generic_tests\relationships_stg_transactions_985ebbdbfd283785f0e58047e4f6b5ed.sql
06:17:02.804968 [debug]: Finished rendering [  0.04s] model STAGING.stg_budgets [success]
06:17:02.808716 [debug]: Started analyzing model STAGING.stg_budgets
06:17:02.809222 [debug]: Compiled SQL for node test.fintrack_analytics.accepted_values_stg_comptes_statut__actif__inactif__cloture.f56d9561d0 at target\compiled\fintrack_analytics\target\generic_tests\accepted_values_stg_comptes_statut__actif__inactif__cloture.sql
06:17:02.808785 [debug]: Finished rendering [  0.04s] model INTERMEDIATE.int_transactions_enrichies [success]
06:17:02.809391 [debug]: Started analyzing model INTERMEDIATE.int_transactions_enrichies
06:17:02.809437 [info ]: Started model MARTS.fct_transactions
06:17:02.809458 [debug]: Started rendering model MARTS.fct_transactions
06:17:02.824672 [debug]: Compiled SQL for node test.fintrack_analytics.unique_stg_budgets_budget_id.effb4c8d16 at target\compiled\fintrack_analytics\target\generic_tests\unique_stg_budgets_budget_id.sql
06:17:02.825941 [debug]: Compiled SQL for node model.fintrack_analytics.fct_transactions at target\compiled\fintrack_analytics\models\marts\fct_transactions.sql
06:17:02.829717 [debug]: Compiled SQL for node test.fintrack_analytics.accepted_values_stg_comptes_type_compte__courant__epargne__joint.ff87077911 at target\compiled\fintrack_analytics\target\generic_tests\accepted_values_stg_comptes_f1faed08d9c87f7483d3a3bcc8a81daa.sql
06:17:02.831104 [debug]: Compiled SQL for node test.fintrack_analytics.not_null_dim_categories_categorie_id.93562953fd at target\compiled\fintrack_analytics\target\generic_tests\not_null_dim_categories_categorie_id.sql
06:17:02.837268 [debug]: Compiled SQL for node test.fintrack_analytics.unique_stg_comptes_compte_id.ca647be308 at target\compiled\fintrack_analytics\target\generic_tests\unique_stg_comptes_compte_id.sql
06:17:02.809493 [debug]: Finished rendering [  0.04s] model STAGING.stg_transactions [success]
06:17:02.840927 [debug]: Compiled SQL for node test.fintrack_analytics.not_null_stg_budgets_budget_id.ad1ccf4381 at target\compiled\fintrack_analytics\target\generic_tests\not_null_stg_budgets_budget_id.sql
06:17:02.840924 [debug]: Started analyzing model STAGING.stg_transactions
06:17:02.843050 [debug]: Compiled SQL for node test.fintrack_analytics.not_null_stg_categories_categorie_id.3e2fb4d400 at target\compiled\fintrack_analytics\target\generic_tests\not_null_stg_categories_categorie_id.sql
06:17:02.840985 [debug]: Finished rendering [  0.07s] model STAGING.stg_comptes [success]
06:17:02.844912 [debug]: Started analyzing model STAGING.stg_comptes
06:17:02.850848 [debug]: Compiled SQL for node test.fintrack_analytics.not_null_stg_transactions_transaction_id.1d00a8e2e4 at target\compiled\fintrack_analytics\target\generic_tests\not_null_stg_transactions_transaction_id.sql
06:17:02.851003 [debug]: Compiled SQL for node test.fintrack_analytics.not_null_dim_comptes_compte_id.2e372eb672 at target\compiled\fintrack_analytics\target\generic_tests\not_null_dim_comptes_compte_id.sql
06:17:02.852362 [debug]: Compiled SQL for node test.fintrack_analytics.not_null_stg_comptes_compte_id.c12e0b3b3b at target\compiled\fintrack_analytics\target\generic_tests\not_null_stg_comptes_compte_id.sql
06:17:02.852820 [debug]: Compiled SQL for node test.fintrack_analytics.unique_fct_transactions_transaction_id.c963611c53 at target\compiled\fintrack_analytics\target\generic_tests\unique_fct_transactions_transaction_id.sql
06:17:02.845013 [debug]: Finished rendering [  0.08s] model STAGING.stg_categories [success]
06:17:02.854978 [debug]: Started analyzing model STAGING.stg_categories
06:17:02.855067 [debug]: Finished rendering [  0.09s] model MARTS.mart_budget_vs_reel [success]
06:17:02.855921 [debug]: Started analyzing model MARTS.mart_budget_vs_reel
06:17:02.855985 [debug]: Finished rendering [  0.09s] model MARTS.mart_top_depenses [success]
06:17:02.860083 [debug]: Started analyzing model MARTS.mart_top_depenses
06:17:02.860185 [debug]: Finished rendering [  0.09s] model MARTS.dim_categories [success]
06:17:02.862798 [debug]: Started analyzing model MARTS.dim_categories
06:17:02.862858 [debug]: Finished rendering [  0.10s] snapshot snapshots.snapshot_comptes [success]
06:17:02.864644 [debug]: Started analyzing snapshot snapshots.snapshot_comptes
06:17:02.864742 [debug]: Finished rendering [  0.10s] model MARTS.dim_comptes [success]
06:17:02.865806 [debug]: Started analyzing model MARTS.dim_comptes
06:17:02.865867 [debug]: Finished rendering [  0.10s] test DBT_TEST__AUDIT.unique_stg_transactions_transaction_id [success]
06:17:02.871778 [debug]: Started analyzing test DBT_TEST__AUDIT.unique_stg_transactions_transaction_id
06:17:02.871857 [debug]: Finished rendering [  0.11s] test DBT_TEST__AUDIT.unique_stg_categories_categorie_id [success]
06:17:02.875209 [debug]: Started analyzing test DBT_TEST__AUDIT.unique_stg_categories_categorie_id
06:17:02.875309 [debug]: Finished rendering [  0.11s] test DBT_TEST__AUDIT.not_null_fct_transactions_transaction_id [success]
06:17:02.875646 [debug]: Started analyzing test DBT_TEST__AUDIT.not_null_fct_transactions_transaction_id
06:17:02.875694 [debug]: Finished rendering [  0.11s] test DBT_TEST__AUDIT.unique_dim_comptes_compte_id [success]
06:17:02.876040 [debug]: Started analyzing test DBT_TEST__AUDIT.unique_dim_comptes_compte_id
06:17:02.876084 [debug]: Finished rendering [  0.11s] test DBT_TEST__AUDIT.unique_dim_categories_categorie_id [success]
06:17:02.876445 [debug]: Started analyzing test DBT_TEST__AUDIT.unique_dim_categories_categorie_id
06:17:02.876482 [debug]: Finished rendering [  0.11s] test DBT_TEST__AUDIT.relationships_stg_transactions_compte_id__compte_id__ref_stg_comptes_ [success]
06:17:02.877151 [debug]: Started analyzing test DBT_TEST__AUDIT.relationships_stg_transactions_compte_id__compte_id__ref_stg_comptes_
06:17:02.877207 [debug]: Finished rendering [  0.11s] test DBT_TEST__AUDIT.accepted_values_stg_comptes_statut__actif__inactif__cloture [success]
06:17:02.877804 [debug]: Started analyzing test DBT_TEST__AUDIT.accepted_values_stg_comptes_statut__actif__inactif__cloture
06:17:02.877856 [debug]: Finished rendering [  0.11s] test DBT_TEST__AUDIT.unique_stg_budgets_budget_id [success]
06:17:02.878332 [debug]: Started analyzing test DBT_TEST__AUDIT.unique_stg_budgets_budget_id
06:17:02.878390 [debug]: Finished rendering [  0.11s] test DBT_TEST__AUDIT.accepted_values_stg_comptes_type_compte__courant__epargne__joint [success]
06:17:02.878922 [debug]: Started analyzing test DBT_TEST__AUDIT.accepted_values_stg_comptes_type_compte__courant__epargne__joint
06:17:02.878985 [debug]: Finished analyzing [  0.07s] model STAGING.stg_budgets [success]
06:17:02.879263 [info ]:  Succeeded [  0.11s] model STAGING.stg_budgets (view)
06:17:02.880186 [debug]: Finished rendering [  0.11s] test DBT_TEST__AUDIT.not_null_dim_categories_categorie_id [success]
06:17:02.880369 [debug]: Started analyzing test DBT_TEST__AUDIT.not_null_dim_categories_categorie_id
06:17:02.880432 [debug]: Finished rendering [  0.12s] test DBT_TEST__AUDIT.unique_stg_comptes_compte_id [success]
06:17:02.880619 [debug]: Started analyzing test DBT_TEST__AUDIT.unique_stg_comptes_compte_id
06:17:02.880672 [debug]: Finished analyzing [  0.07s] model INTERMEDIATE.int_transactions_enrichies [success]
06:17:02.880834 [info ]:  Succeeded [  0.11s] model INTERMEDIATE.int_transactions_enrichies (ephemeral)
06:17:02.882510 [debug]: Finished rendering [  0.12s] test DBT_TEST__AUDIT.not_null_stg_budgets_budget_id [success]
06:17:02.882667 [debug]: Started analyzing test DBT_TEST__AUDIT.not_null_stg_budgets_budget_id
06:17:02.882724 [debug]: Finished rendering [  0.07s] model MARTS.fct_transactions [success]
06:17:02.882866 [debug]: Started analyzing model MARTS.fct_transactions
06:17:02.882918 [debug]: Finished analyzing [  0.08s] test DBT_TEST__AUDIT.assert_solde_mensuel_positif [success]
06:17:02.883193 [info ]:  Succeeded [  0.11s] test  assert_solde_mensuel_positif (tests/assert_solde_mensuel_positif.sql)
06:17:02.883897 [debug]: Finished rendering [  0.12s] test DBT_TEST__AUDIT.not_null_stg_categories_categorie_id [success]
06:17:02.884104 [debug]: Started analyzing test DBT_TEST__AUDIT.not_null_stg_categories_categorie_id
06:17:02.884168 [debug]: Finished rendering [  0.12s] test DBT_TEST__AUDIT.not_null_stg_transactions_transaction_id [success]
06:17:02.884405 [debug]: Started analyzing test DBT_TEST__AUDIT.not_null_stg_transactions_transaction_id
06:17:02.884461 [debug]: Finished rendering [  0.12s] test DBT_TEST__AUDIT.not_null_dim_comptes_compte_id [success]
06:17:02.884595 [debug]: Started analyzing test DBT_TEST__AUDIT.not_null_dim_comptes_compte_id
06:17:02.884638 [debug]: Finished rendering [  0.12s] test DBT_TEST__AUDIT.not_null_stg_comptes_compte_id [success]
06:17:02.884806 [debug]: Started analyzing test DBT_TEST__AUDIT.not_null_stg_comptes_compte_id
06:17:02.884857 [debug]: Finished analyzing [  0.04s] model STAGING.stg_transactions [success]
06:17:02.885042 [info ]:  Succeeded [  0.09s] model STAGING.stg_transactions (view)
06:17:02.885978 [debug]: Finished rendering [  0.12s] test DBT_TEST__AUDIT.unique_fct_transactions_transaction_id [success]
06:17:02.886484 [info ]: Finished rendering [  0.12s] (30 nodes, 0 skipped, 0 errors)
06:17:02.887338 [debug]: Started analyzing test DBT_TEST__AUDIT.unique_fct_transactions_transaction_id
06:17:02.887413 [debug]: Finished analyzing [  0.04s] model STAGING.stg_comptes [success]
06:17:02.887831 [info ]:  Succeeded [  0.11s] model STAGING.stg_comptes (view)
06:17:02.889035 [debug]: Finished analyzing [  0.03s] model STAGING.stg_categories [success]
06:17:02.889230 [info ]:  Succeeded [  0.11s] model STAGING.stg_categories (view)
06:17:02.889862 [debug]: Finished analyzing [  0.03s] model MARTS.dim_categories [success]
06:17:02.890028 [info ]:  Succeeded [  0.12s] model MARTS.dim_categories (table)
06:17:02.890913 [debug]: Finished analyzing [  0.03s] snapshot snapshots.snapshot_comptes [success]
06:17:02.891242 [info ]:  Succeeded [  0.12s] snapshot snapshots.snapshot_comptes (snapshot)
06:17:02.891982 [debug]: Finished analyzing [  0.09s] model MARTS.mart_solde_mensuel [success]
06:17:02.892147 [info ]:  Succeeded [  0.10s] model MARTS.mart_solde_mensuel (table)
06:17:02.892818 [debug]: Finished analyzing [  0.03s] model MARTS.mart_top_depenses [success]
06:17:02.892959 [info ]:  Succeeded [  0.12s] model MARTS.mart_top_depenses (table)
06:17:02.893747 [debug]: Finished analyzing [  0.02s] test DBT_TEST__AUDIT.not_null_fct_transactions_transaction_id [success]
06:17:02.893858 [info ]:  Succeeded [  0.13s] test  not_null_fct_transactions_transaction_id (models/marts/_marts_schema.yml:29:13)
06:17:02.894730 [debug]: Finished analyzing [  0.04s] model MARTS.mart_budget_vs_reel [success]
06:17:02.894865 [info ]:  Succeeded [  0.13s] model MARTS.mart_budget_vs_reel (table)
06:17:02.895634 [debug]: Finished analyzing [  0.02s] test DBT_TEST__AUDIT.unique_stg_categories_categorie_id [success]
06:17:02.895801 [info ]:  Succeeded [  0.13s] test  unique_stg_categories_categorie_id (models/staging/_stg_schema.yml:47:13)
06:17:02.896662 [debug]: Finished analyzing [  0.02s] test DBT_TEST__AUDIT.unique_dim_comptes_compte_id [success]
06:17:02.896842 [info ]:  Succeeded [  0.13s] test  unique_dim_comptes_compte_id (models/marts/_marts_schema.yml:10:13)
06:17:02.897787 [debug]: Finished analyzing [  0.03s] test DBT_TEST__AUDIT.unique_stg_transactions_transaction_id [success]
06:17:02.897969 [info ]:  Succeeded [  0.12s] test  unique_stg_transactions_transaction_id (models/staging/_stg_schema.yml:31:13)
06:17:02.899003 [debug]: Finished analyzing [  0.02s] test DBT_TEST__AUDIT.unique_dim_categories_categorie_id [success]
06:17:02.899284 [info ]:  Succeeded [  0.13s] test  unique_dim_categories_categorie_id (models/marts/_marts_schema.yml:19:13)
06:17:02.900303 [debug]: Finished analyzing [  0.03s] model MARTS.dim_comptes [success]
06:17:02.900563 [info ]:  Succeeded [  0.13s] model MARTS.dim_comptes (table)
06:17:02.901212 [debug]: Finished analyzing [  0.02s] test DBT_TEST__AUDIT.unique_stg_budgets_budget_id [success]
06:17:02.901419 [info ]:  Succeeded [  0.13s] test  unique_stg_budgets_budget_id (models/staging/_stg_schema.yml:56:13)
06:17:02.902403 [debug]: Finished analyzing [  0.03s] test DBT_TEST__AUDIT.relationships_stg_transactions_compte_id__compte_id__ref_stg_comptes_ [success]
06:17:02.902579 [info ]:  Succeeded [  0.14s] test  relationships_stg_transactions_compte_id__compte_id__ref_stg_comptes_ (models/staging/_stg_schema.yml:36:13)
06:17:02.903579 [debug]: Finished analyzing [  0.03s] test DBT_TEST__AUDIT.accepted_values_stg_comptes_statut__actif__inactif__cloture [success]
06:17:02.903771 [info ]:  Succeeded [  0.14s] test  accepted_values_stg_comptes_statut__actif__inactif__cloture (models/staging/_stg_schema.yml:21:13)
06:17:02.904776 [debug]: Finished analyzing [  0.02s] test DBT_TEST__AUDIT.not_null_dim_categories_categorie_id [success]
06:17:02.904955 [info ]:  Succeeded [  0.14s] test  not_null_dim_categories_categorie_id (models/marts/_marts_schema.yml:20:13)
06:17:02.905799 [debug]: Finished analyzing [  0.03s] test DBT_TEST__AUDIT.accepted_values_stg_comptes_type_compte__courant__epargne__joint [success]
06:17:02.906062 [info ]:  Succeeded [  0.14s] test  accepted_values_stg_comptes_type_compte__courant__epargne__joint (models/staging/_stg_schema.yml:15:13)
06:17:02.906826 [debug]: Finished analyzing [  0.03s] test DBT_TEST__AUDIT.unique_stg_comptes_compte_id [success]
06:17:02.906977 [info ]:  Succeeded [  0.14s] test  unique_stg_comptes_compte_id (models/staging/_stg_schema.yml:10:13)
06:17:02.907722 [debug]: Finished analyzing [  0.03s] test DBT_TEST__AUDIT.not_null_stg_budgets_budget_id [success]
06:17:02.907913 [info ]:  Succeeded [  0.14s] test  not_null_stg_budgets_budget_id (models/staging/_stg_schema.yml:57:13)
06:17:02.908719 [debug]: Finished analyzing [  0.02s] test DBT_TEST__AUDIT.not_null_stg_categories_categorie_id [success]
06:17:02.908875 [info ]:  Succeeded [  0.14s] test  not_null_stg_categories_categorie_id (models/staging/_stg_schema.yml:48:13)
06:17:02.909713 [debug]: Finished analyzing [  0.03s] test DBT_TEST__AUDIT.not_null_stg_transactions_transaction_id [success]
06:17:02.909886 [info ]:  Succeeded [  0.14s] test  not_null_stg_transactions_transaction_id (models/staging/_stg_schema.yml:32:13)
06:17:02.910731 [debug]: Finished analyzing [  0.03s] test DBT_TEST__AUDIT.not_null_dim_comptes_compte_id [success]
06:17:02.910899 [info ]:  Succeeded [  0.14s] test  not_null_dim_comptes_compte_id (models/marts/_marts_schema.yml:11:13)
06:17:02.911791 [debug]: Finished analyzing [  0.03s] test DBT_TEST__AUDIT.not_null_stg_comptes_compte_id [success]
06:17:02.911976 [info ]:  Succeeded [  0.14s] test  not_null_stg_comptes_compte_id (models/staging/_stg_schema.yml:11:13)
06:17:02.912714 [debug]: Finished analyzing [  0.03s] model MARTS.fct_transactions [success]
06:17:02.912910 [info ]:  Succeeded [  0.10s] model MARTS.fct_transactions (table)
06:17:02.913797 [debug]: Finished analyzing [  0.03s] test DBT_TEST__AUDIT.unique_fct_transactions_transaction_id [success]
06:17:02.914161 [info ]: Finished analyzing [  0.11s] (30 nodes, 0 skipped, 0 errors)
06:17:02.914877 [info ]:  Succeeded [  0.15s] test  unique_fct_transactions_transaction_id (models/marts/_marts_schema.yml:28:13)
06:17:03.479199 [debug]: DuckDB driver resolved: duckdb_extended 0.21.0.dev+dbt0.0.28
06:17:06.938424 [info ]: Generated C:\Users\Josfrid\Downloads\ProjetFintrack\01-debutant\fintrack_analytics\target (reading index/) — no column lineage; rerun the compile or build with `--write-index --static-analysis strict` to include it
06:17:06.996315 [info ]: Host the contents of C:\Users\Josfrid\Downloads\ProjetFintrack\01-debutant\fintrack_analytics\target on any static file server. Note that this publishes everything else in the target directory too, including compiled SQL and any stored test failures.
06:17:07.149921 [info ]: 
==================== Execution Summary =====================
Finished 'docs' successfully [4.9s]
==================== 2026-09-04T06:17:21.939401Z | 01a06b10-8d0e-7ca0-83f1-2f2681e01179 ====================
06:17:22.167484 [debug]: DuckDB driver resolved: duckdb_extended 0.21.0.dev+dbt0.0.28
06:17:24.564198 [info ]: started
==================== 2026-09-04T10:02:36.054856Z | 01a06bde-c28e-7510-8fbb-c5c18ea5bd6d ====================
10:02:36.352907 [info ]: Running `compile --write-index`; pass `--no-compile` to export the existing index instead.
10:02:36.363904 [info ]: dbt-fusion 2.0.0-preview.218
10:02:36.369066 [debug]: Partial parse: kind filter = None, unique_id filter = None
10:02:36.527812 [debug]: Partial parse: partial-load fast path — no file changes
10:02:36.613169 [info ]: Started scheduling
10:02:36.620060 [info ]: Finished scheduling [  0.01s]
10:02:36.629543 [debug]: Initializing schema store with entry: Frontier(CanonicalFqn { catalog: "FINTRACK_DB", schema: "RAW", table: "RAW_TRANSACTIONS" }) and interval: None
10:02:36.629584 [debug]: Initializing schema store with entry: Frontier(CanonicalFqn { catalog: "FINTRACK_DB", schema: "RAW", table: "RAW_CATEGORIES" }) and interval: None
10:02:36.629592 [debug]: Initializing schema store with entry: Frontier(CanonicalFqn { catalog: "FINTRACK_DB", schema: "RAW", table: "RAW_BUDGETS" }) and interval: None
10:02:36.629600 [debug]: Initializing schema store with entry: Frontier(CanonicalFqn { catalog: "FINTRACK_DB", schema: "RAW", table: "RAW_COMPTES" }) and interval: None
10:02:36.755729 [info ]: Started building task graph
10:02:36.756562 [info ]: Finished building task graph [  0.00s]
10:02:36.804116 [info ]: Started rendering (30 nodes)
10:02:36.804593 [info ]: Started test DBT_TEST__AUDIT.unique_stg_transactions_transaction_id
10:02:36.804631 [debug]: Started rendering test DBT_TEST__AUDIT.unique_stg_transactions_transaction_id
10:02:36.804713 [info ]: Started test DBT_TEST__AUDIT.unique_stg_comptes_compte_id
10:02:36.804745 [debug]: Started rendering test DBT_TEST__AUDIT.unique_stg_comptes_compte_id
10:02:36.804818 [info ]: Started test DBT_TEST__AUDIT.unique_stg_categories_categorie_id
10:02:36.804841 [debug]: Started rendering test DBT_TEST__AUDIT.unique_stg_categories_categorie_id
10:02:36.804867 [info ]: Started test DBT_TEST__AUDIT.unique_stg_budgets_budget_id
10:02:36.804879 [debug]: Started rendering test DBT_TEST__AUDIT.unique_stg_budgets_budget_id
10:02:36.804910 [info ]: Started test DBT_TEST__AUDIT.unique_fct_transactions_transaction_id
10:02:36.804923 [debug]: Started rendering test DBT_TEST__AUDIT.unique_fct_transactions_transaction_id
10:02:36.804948 [info ]: Started test DBT_TEST__AUDIT.unique_dim_comptes_compte_id
10:02:36.804970 [debug]: Started rendering test DBT_TEST__AUDIT.unique_dim_comptes_compte_id
10:02:36.805040 [info ]: Started test DBT_TEST__AUDIT.unique_dim_categories_categorie_id
10:02:36.805082 [debug]: Started rendering test DBT_TEST__AUDIT.unique_dim_categories_categorie_id
10:02:36.805156 [info ]: Started test DBT_TEST__AUDIT.relationships_stg_transactions_compte_id__compte_id__ref_stg_comptes_
10:02:36.805196 [debug]: Started rendering test DBT_TEST__AUDIT.relationships_stg_transactions_compte_id__compte_id__ref_stg_comptes_
10:02:36.805254 [info ]: Started test DBT_TEST__AUDIT.not_null_stg_transactions_transaction_id
10:02:36.805304 [debug]: Started rendering test DBT_TEST__AUDIT.not_null_stg_transactions_transaction_id
10:02:36.805371 [info ]: Started test DBT_TEST__AUDIT.not_null_stg_comptes_compte_id
10:02:36.805430 [debug]: Started rendering test DBT_TEST__AUDIT.not_null_stg_comptes_compte_id
10:02:36.805484 [info ]: Started test DBT_TEST__AUDIT.not_null_stg_categories_categorie_id
10:02:36.805510 [debug]: Started rendering test DBT_TEST__AUDIT.not_null_stg_categories_categorie_id
10:02:36.805587 [info ]: Started test DBT_TEST__AUDIT.not_null_stg_budgets_budget_id
10:02:36.805638 [debug]: Started rendering test DBT_TEST__AUDIT.not_null_stg_budgets_budget_id
10:02:36.805705 [info ]: Started test DBT_TEST__AUDIT.not_null_fct_transactions_transaction_id
10:02:36.805758 [debug]: Started rendering test DBT_TEST__AUDIT.not_null_fct_transactions_transaction_id
10:02:36.805823 [info ]: Started test DBT_TEST__AUDIT.not_null_dim_comptes_compte_id
10:02:36.805858 [debug]: Started rendering test DBT_TEST__AUDIT.not_null_dim_comptes_compte_id
10:02:36.805930 [info ]: Started test DBT_TEST__AUDIT.not_null_dim_categories_categorie_id
10:02:36.805967 [debug]: Started rendering test DBT_TEST__AUDIT.not_null_dim_categories_categorie_id
10:02:36.806023 [info ]: Started test DBT_TEST__AUDIT.assert_solde_mensuel_positif
10:02:36.806046 [debug]: Started rendering test DBT_TEST__AUDIT.assert_solde_mensuel_positif
10:02:36.806090 [info ]: Started test DBT_TEST__AUDIT.accepted_values_stg_comptes_type_compte__courant__epargne__joint
10:02:36.806114 [debug]: Started rendering test DBT_TEST__AUDIT.accepted_values_stg_comptes_type_compte__courant__epargne__joint
10:02:36.806191 [info ]: Started test DBT_TEST__AUDIT.accepted_values_stg_comptes_statut__actif__inactif__cloture
10:02:36.806240 [debug]: Started rendering test DBT_TEST__AUDIT.accepted_values_stg_comptes_statut__actif__inactif__cloture
10:02:36.806378 [info ]: Started snapshot snapshots.snapshot_comptes
10:02:36.806428 [debug]: Started rendering snapshot snapshots.snapshot_comptes
10:02:36.806501 [info ]: Started model MARTS.mart_top_depenses
10:02:36.806541 [debug]: Started rendering model MARTS.mart_top_depenses
10:02:36.806597 [info ]: Started model MARTS.mart_solde_mensuel
10:02:36.806628 [debug]: Started rendering model MARTS.mart_solde_mensuel
10:02:36.806671 [info ]: Started model MARTS.mart_budget_vs_reel
10:02:36.806696 [debug]: Started rendering model MARTS.mart_budget_vs_reel
10:02:36.806740 [info ]: Started model STAGING.stg_budgets
10:02:36.806770 [debug]: Started rendering model STAGING.stg_budgets
10:02:36.806821 [info ]: Started model INTERMEDIATE.int_transactions_enrichies
10:02:36.806843 [debug]: Started rendering model INTERMEDIATE.int_transactions_enrichies
10:02:36.806883 [info ]: Started model STAGING.stg_transactions
10:02:36.806918 [debug]: Started rendering model STAGING.stg_transactions
10:02:36.806970 [info ]: Started model MARTS.dim_comptes
10:02:36.807003 [debug]: Started rendering model MARTS.dim_comptes
10:02:36.807053 [info ]: Started model STAGING.stg_comptes
10:02:36.807108 [debug]: Started rendering model STAGING.stg_comptes
10:02:36.807181 [info ]: Started model MARTS.dim_categories
10:02:36.807229 [debug]: Started rendering model MARTS.dim_categories
10:02:36.807280 [info ]: Started model STAGING.stg_categories
10:02:36.807319 [debug]: Started rendering model STAGING.stg_categories
10:02:36.820358 [debug]: Compiled SQL for node test.fintrack_analytics.assert_solde_mensuel_positif at target\compiled\fintrack_analytics\tests\assert_solde_mensuel_positif.sql
10:02:36.820368 [debug]: Compiled SQL for node snapshot.fintrack_analytics.snapshot_comptes at target\compiled\fintrack_analytics\snapshots\snapshot_comptes.sql\snapshot_comptes.sql
10:02:36.822705 [debug]: Compiled SQL for node model.fintrack_analytics.mart_top_depenses at target\compiled\fintrack_analytics\models\marts\mart_top_depenses.sql
10:02:36.822851 [debug]: Compiled SQL for node model.fintrack_analytics.stg_budgets at target\compiled\fintrack_analytics\models\staging\stg_budgets.sql
10:02:36.825834 [debug]: Compiled SQL for node model.fintrack_analytics.dim_categories at target\compiled\fintrack_analytics\models\marts\dim_categories.sql
10:02:36.825875 [debug]: Compiled SQL for node model.fintrack_analytics.stg_comptes at target\compiled\fintrack_analytics\models\staging\stg_comptes.sql
10:02:36.826265 [debug]: Compiled SQL for node model.fintrack_analytics.mart_budget_vs_reel at target\compiled\fintrack_analytics\models\marts\mart_budget_vs_reel.sql
10:02:36.827651 [debug]: Compiled SQL for node model.fintrack_analytics.stg_categories at target\compiled\fintrack_analytics\models\staging\stg_categories.sql
10:02:36.827709 [debug]: Compiled SQL for node model.fintrack_analytics.mart_solde_mensuel at target\compiled\fintrack_analytics\models\marts\mart_solde_mensuel.sql
10:02:36.830982 [debug]: Compiled SQL for node model.fintrack_analytics.int_transactions_enrichies at target\compiled\fintrack_analytics\models\intermediate\int_transactions_enrichies.sql
10:02:36.840558 [debug]: Compiled SQL for node model.fintrack_analytics.stg_transactions at target\compiled\fintrack_analytics\models\staging\stg_transactions.sql
10:02:36.842218 [debug]: Compiled SQL for node model.fintrack_analytics.dim_comptes at target\compiled\fintrack_analytics\models\marts\dim_comptes.sql
10:02:36.859754 [debug]: Compiled SQL for node test.fintrack_analytics.unique_stg_categories_categorie_id.ab16992ac3 at target\compiled\fintrack_analytics\target\generic_tests\unique_stg_categories_categorie_id.sql
10:02:36.859942 [debug]: Compiled SQL for node test.fintrack_analytics.relationships_stg_transactions_compte_id__compte_id__ref_stg_comptes_.6bb5c74007 at target\compiled\fintrack_analytics\target\generic_tests\relationships_stg_transactions_985ebbdbfd283785f0e58047e4f6b5ed.sql
10:02:36.860385 [debug]: Compiled SQL for node test.fintrack_analytics.unique_dim_comptes_compte_id.31a8b2a237 at target\compiled\fintrack_analytics\target\generic_tests\unique_dim_comptes_compte_id.sql
10:02:36.862131 [debug]: Compiled SQL for node test.fintrack_analytics.not_null_stg_categories_categorie_id.3e2fb4d400 at target\compiled\fintrack_analytics\target\generic_tests\not_null_stg_categories_categorie_id.sql
10:02:36.862772 [debug]: Compiled SQL for node test.fintrack_analytics.unique_fct_transactions_transaction_id.c963611c53 at target\compiled\fintrack_analytics\target\generic_tests\unique_fct_transactions_transaction_id.sql
10:02:36.863377 [debug]: Compiled SQL for node test.fintrack_analytics.unique_stg_comptes_compte_id.ca647be308 at target\compiled\fintrack_analytics\target\generic_tests\unique_stg_comptes_compte_id.sql
10:02:36.863813 [debug]: Compiled SQL for node test.fintrack_analytics.accepted_values_stg_comptes_statut__actif__inactif__cloture.f56d9561d0 at target\compiled\fintrack_analytics\target\generic_tests\accepted_values_stg_comptes_statut__actif__inactif__cloture.sql
10:02:36.864230 [debug]: Compiled SQL for node test.fintrack_analytics.unique_stg_transactions_transaction_id.ee9a78a396 at target\compiled\fintrack_analytics\target\generic_tests\unique_stg_transactions_transaction_id.sql
10:02:36.865231 [debug]: Compiled SQL for node test.fintrack_analytics.not_null_dim_categories_categorie_id.93562953fd at target\compiled\fintrack_analytics\target\generic_tests\not_null_dim_categories_categorie_id.sql
10:02:36.877842 [debug]: Compiled SQL for node test.fintrack_analytics.not_null_dim_comptes_compte_id.2e372eb672 at target\compiled\fintrack_analytics\target\generic_tests\not_null_dim_comptes_compte_id.sql
10:02:36.877989 [debug]: Compiled SQL for node test.fintrack_analytics.not_null_stg_transactions_transaction_id.1d00a8e2e4 at target\compiled\fintrack_analytics\target\generic_tests\not_null_stg_transactions_transaction_id.sql
10:02:36.878526 [debug]: Compiled SQL for node test.fintrack_analytics.not_null_stg_comptes_compte_id.c12e0b3b3b at target\compiled\fintrack_analytics\target\generic_tests\not_null_stg_comptes_compte_id.sql
10:02:36.879190 [debug]: Compiled SQL for node test.fintrack_analytics.not_null_fct_transactions_transaction_id.2c6b5372aa at target\compiled\fintrack_analytics\target\generic_tests\not_null_fct_transactions_transaction_id.sql
10:02:36.880414 [debug]: Compiled SQL for node test.fintrack_analytics.not_null_stg_budgets_budget_id.ad1ccf4381 at target\compiled\fintrack_analytics\target\generic_tests\not_null_stg_budgets_budget_id.sql
10:02:36.881704 [debug]: Compiled SQL for node test.fintrack_analytics.unique_stg_budgets_budget_id.effb4c8d16 at target\compiled\fintrack_analytics\target\generic_tests\unique_stg_budgets_budget_id.sql
10:02:36.883769 [debug]: Compiled SQL for node test.fintrack_analytics.unique_dim_categories_categorie_id.86b0ecf635 at target\compiled\fintrack_analytics\target\generic_tests\unique_dim_categories_categorie_id.sql
10:02:36.884039 [debug]: Compiled SQL for node test.fintrack_analytics.accepted_values_stg_comptes_type_compte__courant__epargne__joint.ff87077911 at target\compiled\fintrack_analytics\target\generic_tests\accepted_values_stg_comptes_f1faed08d9c87f7483d3a3bcc8a81daa.sql
10:02:36.821256 [debug]: Finished rendering [  0.02s] test DBT_TEST__AUDIT.assert_solde_mensuel_positif [success]
10:02:36.886857 [info ]: Started analyzing (30 nodes)
10:02:36.888847 [debug]: Started analyzing test DBT_TEST__AUDIT.assert_solde_mensuel_positif
10:02:36.888935 [debug]: Finished rendering [  0.08s] snapshot snapshots.snapshot_comptes [success]
10:02:36.889685 [debug]: Started analyzing snapshot snapshots.snapshot_comptes
10:02:36.889772 [debug]: Finished rendering [  0.08s] model MARTS.mart_top_depenses [success]
10:02:36.890408 [debug]: Started analyzing model MARTS.mart_top_depenses
10:02:36.890487 [debug]: Finished rendering [  0.08s] model STAGING.stg_budgets [success]
10:02:36.891050 [debug]: Started analyzing model STAGING.stg_budgets
10:02:36.891118 [debug]: Finished rendering [  0.08s] model MARTS.dim_categories [success]
10:02:36.891773 [debug]: Started analyzing model MARTS.dim_categories
10:02:36.891850 [debug]: Finished rendering [  0.08s] model STAGING.stg_comptes [success]
10:02:36.892343 [debug]: Started analyzing model STAGING.stg_comptes
10:02:36.892412 [debug]: Finished rendering [  0.09s] model MARTS.mart_budget_vs_reel [success]
10:02:36.892858 [debug]: Started analyzing model MARTS.mart_budget_vs_reel
10:02:36.892916 [debug]: Finished rendering [  0.09s] model STAGING.stg_categories [success]
10:02:36.893393 [debug]: Started analyzing model STAGING.stg_categories
10:02:36.893448 [debug]: Finished rendering [  0.09s] model MARTS.mart_solde_mensuel [success]
10:02:36.893786 [debug]: Started analyzing model MARTS.mart_solde_mensuel
10:02:36.893846 [debug]: Finished rendering [  0.09s] model INTERMEDIATE.int_transactions_enrichies [success]
10:02:36.894322 [info ]: Started model MARTS.fct_transactions
10:02:36.894380 [debug]: Started rendering model MARTS.fct_transactions
10:02:36.894426 [debug]: Started analyzing model INTERMEDIATE.int_transactions_enrichies
10:02:36.894467 [debug]: Finished rendering [  0.09s] model STAGING.stg_transactions [success]
10:02:36.895477 [debug]: Started analyzing model STAGING.stg_transactions
10:02:36.895534 [debug]: Finished rendering [  0.09s] model MARTS.dim_comptes [success]
10:02:36.896093 [debug]: Started analyzing model MARTS.dim_comptes
10:02:36.896147 [debug]: Finished rendering [  0.09s] test DBT_TEST__AUDIT.unique_stg_categories_categorie_id [success]
10:02:36.896668 [debug]: Started analyzing test DBT_TEST__AUDIT.unique_stg_categories_categorie_id
10:02:36.896724 [debug]: Finished rendering [  0.09s] test DBT_TEST__AUDIT.relationships_stg_transactions_compte_id__compte_id__ref_stg_comptes_ [success]
10:02:36.897228 [debug]: Started analyzing test DBT_TEST__AUDIT.relationships_stg_transactions_compte_id__compte_id__ref_stg_comptes_
10:02:36.897280 [debug]: Finished rendering [  0.09s] test DBT_TEST__AUDIT.unique_dim_comptes_compte_id [success]
10:02:36.897764 [debug]: Started analyzing test DBT_TEST__AUDIT.unique_dim_comptes_compte_id
10:02:36.897812 [debug]: Finished rendering [  0.09s] test DBT_TEST__AUDIT.not_null_stg_categories_categorie_id [success]
10:02:36.898293 [debug]: Started analyzing test DBT_TEST__AUDIT.not_null_stg_categories_categorie_id
10:02:36.898340 [debug]: Finished rendering [  0.09s] test DBT_TEST__AUDIT.unique_fct_transactions_transaction_id [success]
10:02:36.898805 [debug]: Started analyzing test DBT_TEST__AUDIT.unique_fct_transactions_transaction_id
10:02:36.898854 [debug]: Finished rendering [  0.09s] test DBT_TEST__AUDIT.unique_stg_comptes_compte_id [success]
10:02:36.899319 [debug]: Started analyzing test DBT_TEST__AUDIT.unique_stg_comptes_compte_id
10:02:36.899368 [debug]: Finished rendering [  0.09s] test DBT_TEST__AUDIT.accepted_values_stg_comptes_statut__actif__inactif__cloture [success]
10:02:36.899908 [debug]: Started analyzing test DBT_TEST__AUDIT.accepted_values_stg_comptes_statut__actif__inactif__cloture
10:02:36.899962 [debug]: Finished rendering [  0.10s] test DBT_TEST__AUDIT.unique_stg_transactions_transaction_id [success]
10:02:36.900563 [debug]: Started analyzing test DBT_TEST__AUDIT.unique_stg_transactions_transaction_id
10:02:36.900629 [debug]: Finished rendering [  0.09s] test DBT_TEST__AUDIT.not_null_dim_categories_categorie_id [success]
10:02:36.902308 [debug]: Started analyzing test DBT_TEST__AUDIT.not_null_dim_categories_categorie_id
10:02:36.902372 [debug]: Finished rendering [  0.10s] test DBT_TEST__AUDIT.not_null_dim_comptes_compte_id [success]
10:02:36.902656 [debug]: Started analyzing test DBT_TEST__AUDIT.not_null_dim_comptes_compte_id
10:02:36.902703 [debug]: Finished rendering [  0.10s] test DBT_TEST__AUDIT.not_null_stg_transactions_transaction_id [success]
10:02:36.903187 [debug]: Started analyzing test DBT_TEST__AUDIT.not_null_stg_transactions_transaction_id
10:02:36.903234 [debug]: Finished rendering [  0.10s] test DBT_TEST__AUDIT.not_null_stg_comptes_compte_id [success]
10:02:36.905553 [debug]: Started analyzing test DBT_TEST__AUDIT.not_null_stg_comptes_compte_id
10:02:36.905618 [debug]: Finished rendering [  0.10s] test DBT_TEST__AUDIT.not_null_fct_transactions_transaction_id [success]
10:02:36.905865 [debug]: Started analyzing test DBT_TEST__AUDIT.not_null_fct_transactions_transaction_id
10:02:36.905910 [debug]: Finished rendering [  0.10s] test DBT_TEST__AUDIT.not_null_stg_budgets_budget_id [success]
10:02:36.906113 [debug]: Started analyzing test DBT_TEST__AUDIT.not_null_stg_budgets_budget_id
10:02:36.906149 [debug]: Finished rendering [  0.10s] test DBT_TEST__AUDIT.unique_stg_budgets_budget_id [success]
10:02:36.907508 [debug]: Started analyzing test DBT_TEST__AUDIT.unique_stg_budgets_budget_id
10:02:36.907582 [debug]: Finished rendering [  0.10s] test DBT_TEST__AUDIT.unique_dim_categories_categorie_id [success]
10:02:36.908739 [debug]: Started analyzing test DBT_TEST__AUDIT.unique_dim_categories_categorie_id
10:02:36.908783 [debug]: Finished rendering [  0.10s] test DBT_TEST__AUDIT.accepted_values_stg_comptes_type_compte__courant__epargne__joint [success]
10:02:36.909042 [debug]: Started analyzing test DBT_TEST__AUDIT.accepted_values_stg_comptes_type_compte__courant__epargne__joint
10:02:36.909104 [debug]: Finished analyzing [  0.02s] snapshot snapshots.snapshot_comptes [success]
10:02:36.909612 [info ]:  Succeeded [  0.10s] snapshot snapshots.snapshot_comptes (snapshot)
10:02:36.913510 [debug]: Finished analyzing [  0.02s] model MARTS.dim_categories [success]
10:02:36.914888 [info ]:  Succeeded [  0.10s] model MARTS.dim_categories (table)
10:02:36.920989 [debug]: Finished analyzing [  0.02s] test DBT_TEST__AUDIT.not_null_stg_categories_categorie_id [success]
10:02:36.921460 [info ]:  Succeeded [  0.11s] test  not_null_stg_categories_categorie_id (models/staging/_stg_schema.yml:48:13)
10:02:36.928923 [debug]: Finished analyzing [  0.04s] model STAGING.stg_categories [success]
10:02:36.929057 [info ]:  Succeeded [  0.12s] model STAGING.stg_categories (view)
10:02:36.930010 [debug]: Finished analyzing [  0.04s] model STAGING.stg_comptes [success]
10:02:36.935862 [debug]: Compiled SQL for node model.fintrack_analytics.fct_transactions at target\compiled\fintrack_analytics\models\marts\fct_transactions.sql
10:02:36.931523 [info ]:  Succeeded [  0.12s] model STAGING.stg_comptes (view)
10:02:36.936225 [debug]: Finished analyzing [  0.05s] model STAGING.stg_budgets [success]
10:02:36.937932 [info ]:  Succeeded [  0.13s] model STAGING.stg_budgets (view)
10:02:36.938919 [debug]: Finished analyzing [  0.04s] test DBT_TEST__AUDIT.unique_fct_transactions_transaction_id [success]
10:02:36.939103 [info ]:  Succeeded [  0.13s] test  unique_fct_transactions_transaction_id (models/marts/_marts_schema.yml:28:13)
10:02:36.940045 [debug]: Finished analyzing [  0.04s] test DBT_TEST__AUDIT.unique_stg_comptes_compte_id [success]
10:02:36.940210 [info ]:  Succeeded [  0.13s] test  unique_stg_comptes_compte_id (models/staging/_stg_schema.yml:10:13)
10:02:36.941162 [debug]: Finished analyzing [  0.05s] test DBT_TEST__AUDIT.assert_solde_mensuel_positif [success]
10:02:36.941288 [info ]:  Succeeded [  0.07s] test  assert_solde_mensuel_positif (tests/assert_solde_mensuel_positif.sql)
10:02:36.942089 [debug]: Finished analyzing [  0.04s] test DBT_TEST__AUDIT.accepted_values_stg_comptes_statut__actif__inactif__cloture [success]
10:02:36.942237 [info ]:  Succeeded [  0.14s] test  accepted_values_stg_comptes_statut__actif__inactif__cloture (models/staging/_stg_schema.yml:21:13)
10:02:36.943063 [debug]: Finished analyzing [  0.04s] test DBT_TEST__AUDIT.unique_stg_transactions_transaction_id [success]
10:02:36.943215 [info ]:  Succeeded [  0.14s] test  unique_stg_transactions_transaction_id (models/staging/_stg_schema.yml:31:13)
10:02:36.943853 [debug]: Finished analyzing [  0.04s] test DBT_TEST__AUDIT.not_null_dim_categories_categorie_id [success]
10:02:36.943992 [info ]:  Succeeded [  0.14s] test  not_null_dim_categories_categorie_id (models/marts/_marts_schema.yml:20:13)
10:02:36.944722 [debug]: Finished analyzing [  0.04s] test DBT_TEST__AUDIT.not_null_dim_comptes_compte_id [success]
10:02:36.944861 [info ]:  Succeeded [  0.14s] test  not_null_dim_comptes_compte_id (models/marts/_marts_schema.yml:11:13)
10:02:36.945530 [debug]: Finished analyzing [  0.04s] test DBT_TEST__AUDIT.not_null_stg_transactions_transaction_id [success]
10:02:36.945665 [info ]:  Succeeded [  0.14s] test  not_null_stg_transactions_transaction_id (models/staging/_stg_schema.yml:32:13)
10:02:36.946655 [debug]: Finished analyzing [  0.05s] test DBT_TEST__AUDIT.unique_stg_categories_categorie_id [success]
10:02:36.946838 [info ]:  Succeeded [  0.14s] test  unique_stg_categories_categorie_id (models/staging/_stg_schema.yml:47:13)
10:02:36.947966 [debug]: Finished analyzing [  0.04s] test DBT_TEST__AUDIT.not_null_stg_comptes_compte_id [success]
10:02:36.948891 [info ]:  Succeeded [  0.14s] test  not_null_stg_comptes_compte_id (models/staging/_stg_schema.yml:11:13)
10:02:36.950331 [debug]: Finished analyzing [  0.04s] test DBT_TEST__AUDIT.not_null_stg_budgets_budget_id [success]
10:02:36.950526 [info ]:  Succeeded [  0.14s] test  not_null_stg_budgets_budget_id (models/staging/_stg_schema.yml:57:13)
10:02:36.951684 [debug]: Finished analyzing [  0.05s] test DBT_TEST__AUDIT.not_null_fct_transactions_transaction_id [success]
10:02:36.951868 [info ]:  Succeeded [  0.14s] test  not_null_fct_transactions_transaction_id (models/marts/_marts_schema.yml:29:13)
10:02:36.952890 [debug]: Finished analyzing [  0.06s] model MARTS.mart_top_depenses [success]
10:02:36.953030 [info ]:  Succeeded [  0.14s] model MARTS.mart_top_depenses (table)
10:02:36.955154 [debug]: Finished analyzing [  0.05s] test DBT_TEST__AUDIT.unique_stg_budgets_budget_id [success]
10:02:36.956371 [info ]:  Succeeded [  0.15s] test  unique_stg_budgets_budget_id (models/staging/_stg_schema.yml:56:13)
10:02:36.957865 [debug]: Finished analyzing [  0.06s] test DBT_TEST__AUDIT.relationships_stg_transactions_compte_id__compte_id__ref_stg_comptes_ [success]
10:02:36.958026 [info ]:  Succeeded [  0.15s] test  relationships_stg_transactions_compte_id__compte_id__ref_stg_comptes_ (models/staging/_stg_schema.yml:36:13)
10:02:36.959126 [debug]: Finished analyzing [  0.06s] test DBT_TEST__AUDIT.unique_dim_comptes_compte_id [success]
10:02:36.959294 [info ]:  Succeeded [  0.15s] test  unique_dim_comptes_compte_id (models/marts/_marts_schema.yml:10:13)
10:02:36.960382 [debug]: Finished analyzing [  0.05s] test DBT_TEST__AUDIT.unique_dim_categories_categorie_id [success]
10:02:36.960537 [info ]:  Succeeded [  0.15s] test  unique_dim_categories_categorie_id (models/marts/_marts_schema.yml:19:13)
10:02:36.961552 [debug]: Finished analyzing [  0.07s] model MARTS.dim_comptes [success]
10:02:36.961742 [info ]:  Succeeded [  0.15s] model MARTS.dim_comptes (table)
10:02:36.962862 [debug]: Finished analyzing [  0.07s] model INTERMEDIATE.int_transactions_enrichies [success]
10:02:36.963053 [info ]:  Succeeded [  0.15s] model INTERMEDIATE.int_transactions_enrichies (ephemeral)
10:02:36.964462 [debug]: Finished rendering [  0.07s] model MARTS.fct_transactions [success]
10:02:36.964661 [info ]: Finished rendering [  0.16s] (30 nodes, 0 skipped, 0 errors)
10:02:36.965852 [debug]: Started analyzing model MARTS.fct_transactions
10:02:36.965945 [debug]: Finished analyzing [  0.07s] model MARTS.mart_solde_mensuel [success]
10:02:36.966136 [info ]:  Succeeded [  0.16s] model MARTS.mart_solde_mensuel (table)
10:02:36.967121 [debug]: Finished analyzing [  0.07s] model STAGING.stg_transactions [success]
10:02:36.967282 [info ]:  Succeeded [  0.16s] model STAGING.stg_transactions (view)
10:02:36.968281 [debug]: Finished analyzing [  0.08s] model MARTS.mart_budget_vs_reel [success]
10:02:36.968488 [info ]:  Succeeded [  0.16s] model MARTS.mart_budget_vs_reel (table)
10:02:36.969457 [debug]: Finished analyzing [  0.06s] test DBT_TEST__AUDIT.accepted_values_stg_comptes_type_compte__courant__epargne__joint [success]
10:02:36.969665 [info ]:  Succeeded [  0.16s] test  accepted_values_stg_comptes_type_compte__courant__epargne__joint (models/staging/_stg_schema.yml:15:13)
10:02:36.976721 [debug]: Finished analyzing [  0.01s] model MARTS.fct_transactions [success]
10:02:36.976916 [info ]: Finished analyzing [  0.09s] (30 nodes, 0 skipped, 0 errors)
10:02:36.977629 [info ]:  Succeeded [  0.08s] model MARTS.fct_transactions (table)
10:02:37.357373 [debug]: DuckDB driver resolved: duckdb_extended 0.21.0.dev+dbt0.0.28
10:02:39.096761 [info ]: Generated C:\Users\Josfrid\Downloads\ProjetFintrack\01-debutant\fintrack_analytics\target (reading index/) — no column lineage; rerun the compile or build with `--write-index --static-analysis strict` to include it
10:02:39.323048 [info ]: Host the contents of C:\Users\Josfrid\Downloads\ProjetFintrack\01-debutant\fintrack_analytics\target on any static file server. Note that this publishes everything else in the target directory too, including compiled SQL and any stored test failures.
10:02:40.192070 [info ]: 
==================== Execution Summary =====================
Finished 'docs' successfully [4.1s]
==================== 2026-09-04T10:02:51.444583Z | 01a06bde-feaf-7bf1-aff0-ff5e266526c5 ====================
10:02:51.737384 [debug]: DuckDB driver resolved: duckdb_extended 0.21.0.dev+dbt0.0.28
10:02:54.097638 [error]: [Generic (dbt1000)]: Only one usage of each socket address (protocol/network address/port) is normally permitted. (os error 10048)
10:02:54.307715 [info ]: 
==================== Execution Summary =====================
Finished 'docs' with 1 error [2.9s]
==================== 2026-09-04T10:04:17.491155Z | 01a06be0-4ecb-7f61-9877-7e6cd72efa86 ====================
10:04:17.491707 [info ]: Running `compile --write-index`; pass `--no-compile` to export the existing index instead.
10:04:17.496372 [info ]: dbt-fusion 2.0.0-preview.218
10:04:17.497116 [debug]: Partial parse: kind filter = None, unique_id filter = None
10:04:17.497291 [debug]: Partial parse: no previous state found, performing full parse
10:04:17.497486 [info ]: Started loading project
10:04:17.683608 [info ]: Loading ~/.dbt/profiles.yml
10:04:17.745514 [info ]: Loading packages.yml
10:04:17.747649 [debug]:    Started loading packages
10:04:17.824000 [debug]:     Loaded [  0.08s] packages
10:04:17.827459 [info ]: Finished loading project [  0.33s]
10:04:17.832689 [info ]: Started parsing
10:04:17.962989 [debug]: Finished parsing models/marts/_marts_schema.yml [  0.00s]
10:04:17.963703 [debug]: Finished parsing models/staging/_stg_schema.yml [  0.00s]
10:04:17.975129 [debug]: Finished parsing models/staging/_stg_sources.yml [  0.01s]
10:04:18.011713 [debug]: Finished parsing snapshots\snapshot_comptes.sql [  0.02s]
10:04:18.019985 [debug]: Finished parsing models/intermediate/int_transactions_enrichies.sql [  0.00s]
10:04:18.021559 [debug]: Finished parsing models/marts/dim_categories.sql [  0.00s]
10:04:18.024026 [debug]: Finished parsing models/marts/dim_comptes.sql [  0.00s]
10:04:18.025351 [debug]: Finished parsing models/marts/fct_transactions.sql [  0.00s]
10:04:18.026494 [debug]: Finished parsing models/marts/mart_budget_vs_reel.sql [  0.00s]
10:04:18.027639 [debug]: Finished parsing models/marts/mart_solde_mensuel.sql [  0.00s]
10:04:18.028785 [debug]: Finished parsing models/marts/mart_top_depenses.sql [  0.00s]
10:04:18.029967 [debug]: Finished parsing models/staging/stg_budgets.sql [  0.00s]
10:04:18.030994 [debug]: Finished parsing models/staging/stg_categories.sql [  0.00s]
10:04:18.031966 [debug]: Finished parsing models/staging/stg_comptes.sql [  0.00s]
10:04:18.032897 [debug]: Finished parsing models/staging/stg_transactions.sql [  0.00s]
10:04:18.105928 [debug]: Finished parsing tests/assert_solde_mensuel_positif.sql [  0.00s]
10:04:18.107443 [debug]: Finished parsing target\generic_tests\unique_dim_categories_categorie_id.sql [  0.00s]
10:04:18.109337 [debug]: Finished parsing target\generic_tests\not_null_dim_categories_categorie_id.sql [  0.00s]
10:04:18.110828 [debug]: Finished parsing target\generic_tests\unique_dim_comptes_compte_id.sql [  0.00s]
10:04:18.112395 [debug]: Finished parsing target\generic_tests\not_null_dim_comptes_compte_id.sql [  0.00s]
10:04:18.113458 [debug]: Finished parsing target\generic_tests\unique_fct_transactions_transaction_id.sql [  0.00s]
10:04:18.114601 [debug]: Finished parsing target\generic_tests\not_null_fct_transactions_transaction_id.sql [  0.00s]
10:04:18.115664 [debug]: Finished parsing target\generic_tests\unique_stg_budgets_budget_id.sql [  0.00s]
10:04:18.116795 [debug]: Finished parsing target\generic_tests\not_null_stg_budgets_budget_id.sql [  0.00s]
10:04:18.118045 [debug]: Finished parsing target\generic_tests\unique_stg_categories_categorie_id.sql [  0.00s]
10:04:18.119443 [debug]: Finished parsing target\generic_tests\not_null_stg_categories_categorie_id.sql [  0.00s]
10:04:18.121052 [debug]: Finished parsing target\generic_tests\unique_stg_comptes_compte_id.sql [  0.00s]
10:04:18.122803 [debug]: Finished parsing target\generic_tests\not_null_stg_comptes_compte_id.sql [  0.00s]
10:04:18.123999 [debug]: Finished parsing target\generic_tests\accepted_values_stg_comptes_statut__actif__inactif__cloture.sql [  0.00s]
10:04:18.124980 [debug]: Finished parsing target\generic_tests\accepted_values_stg_comptes_f1faed08d9c87f7483d3a3bcc8a81daa.sql [  0.00s]
10:04:18.125963 [debug]: Finished parsing target\generic_tests\relationships_stg_transactions_985ebbdbfd283785f0e58047e4f6b5ed.sql [  0.00s]
10:04:18.127143 [debug]: Finished parsing target\generic_tests\unique_stg_transactions_transaction_id.sql [  0.00s]
10:04:18.128222 [debug]: Finished parsing target\generic_tests\not_null_stg_transactions_transaction_id.sql [  0.00s]
10:04:18.575230 [info ]: Finished parsing [  0.74s]
10:04:18.741654 [info ]: Started scheduling
10:04:18.742899 [info ]: Finished scheduling [  0.00s]
10:04:18.751618 [debug]: Initializing schema store with entry: Frontier(CanonicalFqn { catalog: "FINTRACK_DB", schema: "RAW", table: "RAW_BUDGETS" }) and interval: None
10:04:18.751682 [debug]: Initializing schema store with entry: Frontier(CanonicalFqn { catalog: "FINTRACK_DB", schema: "RAW", table: "RAW_TRANSACTIONS" }) and interval: None
10:04:18.751700 [debug]: Initializing schema store with entry: Frontier(CanonicalFqn { catalog: "FINTRACK_DB", schema: "RAW", table: "RAW_CATEGORIES" }) and interval: None
10:04:18.751711 [debug]: Initializing schema store with entry: Frontier(CanonicalFqn { catalog: "FINTRACK_DB", schema: "RAW", table: "RAW_COMPTES" }) and interval: None
10:04:18.867238 [info ]: Started building task graph
10:04:18.868171 [info ]: Finished building task graph [  0.00s]
10:04:18.883031 [info ]: Started rendering (30 nodes)
10:04:18.883497 [info ]: Started test DBT_TEST__AUDIT.unique_stg_transactions_transaction_id
10:04:18.883537 [debug]: Started rendering test DBT_TEST__AUDIT.unique_stg_transactions_transaction_id
10:04:18.883612 [info ]: Started test DBT_TEST__AUDIT.unique_stg_comptes_compte_id
10:04:18.883641 [debug]: Started rendering test DBT_TEST__AUDIT.unique_stg_comptes_compte_id
10:04:18.883744 [info ]: Started test DBT_TEST__AUDIT.unique_stg_categories_categorie_id
10:04:18.883778 [debug]: Started rendering test DBT_TEST__AUDIT.unique_stg_categories_categorie_id
10:04:18.883828 [info ]: Started test DBT_TEST__AUDIT.unique_stg_budgets_budget_id
10:04:18.883858 [debug]: Started rendering test DBT_TEST__AUDIT.unique_stg_budgets_budget_id
10:04:18.883903 [info ]: Started test DBT_TEST__AUDIT.unique_fct_transactions_transaction_id
10:04:18.883928 [debug]: Started rendering test DBT_TEST__AUDIT.unique_fct_transactions_transaction_id
10:04:18.883969 [info ]: Started test DBT_TEST__AUDIT.unique_dim_comptes_compte_id
10:04:18.883992 [debug]: Started rendering test DBT_TEST__AUDIT.unique_dim_comptes_compte_id
10:04:18.884034 [info ]: Started test DBT_TEST__AUDIT.unique_dim_categories_categorie_id
10:04:18.884065 [debug]: Started rendering test DBT_TEST__AUDIT.unique_dim_categories_categorie_id
10:04:18.884108 [info ]: Started test DBT_TEST__AUDIT.relationships_stg_transactions_compte_id__compte_id__ref_stg_comptes_
10:04:18.884138 [debug]: Started rendering test DBT_TEST__AUDIT.relationships_stg_transactions_compte_id__compte_id__ref_stg_comptes_
10:04:18.884183 [info ]: Started test DBT_TEST__AUDIT.not_null_stg_transactions_transaction_id
10:04:18.884207 [debug]: Started rendering test DBT_TEST__AUDIT.not_null_stg_transactions_transaction_id
10:04:18.884252 [info ]: Started test DBT_TEST__AUDIT.not_null_stg_comptes_compte_id
10:04:18.884285 [debug]: Started rendering test DBT_TEST__AUDIT.not_null_stg_comptes_compte_id
10:04:18.884431 [info ]: Started test DBT_TEST__AUDIT.not_null_stg_categories_categorie_id
10:04:18.884467 [debug]: Started rendering test DBT_TEST__AUDIT.not_null_stg_categories_categorie_id
10:04:18.884575 [info ]: Started test DBT_TEST__AUDIT.not_null_stg_budgets_budget_id
10:04:18.884619 [debug]: Started rendering test DBT_TEST__AUDIT.not_null_stg_budgets_budget_id
10:04:18.884789 [info ]: Started test DBT_TEST__AUDIT.not_null_fct_transactions_transaction_id
10:04:18.884827 [debug]: Started rendering test DBT_TEST__AUDIT.not_null_fct_transactions_transaction_id
10:04:18.884969 [info ]: Started test DBT_TEST__AUDIT.not_null_dim_comptes_compte_id
10:04:18.885025 [debug]: Started rendering test DBT_TEST__AUDIT.not_null_dim_comptes_compte_id
10:04:18.885085 [info ]: Started test DBT_TEST__AUDIT.not_null_dim_categories_categorie_id
10:04:18.885119 [debug]: Started rendering test DBT_TEST__AUDIT.not_null_dim_categories_categorie_id
10:04:18.885250 [info ]: Started test DBT_TEST__AUDIT.assert_solde_mensuel_positif
10:04:18.885293 [debug]: Started rendering test DBT_TEST__AUDIT.assert_solde_mensuel_positif
10:04:18.885362 [info ]: Started test DBT_TEST__AUDIT.accepted_values_stg_comptes_type_compte__courant__epargne__joint
10:04:18.885399 [debug]: Started rendering test DBT_TEST__AUDIT.accepted_values_stg_comptes_type_compte__courant__epargne__joint
10:04:18.885458 [info ]: Started test DBT_TEST__AUDIT.accepted_values_stg_comptes_statut__actif__inactif__cloture
10:04:18.885488 [debug]: Started rendering test DBT_TEST__AUDIT.accepted_values_stg_comptes_statut__actif__inactif__cloture
10:04:18.885562 [info ]: Started snapshot snapshots.snapshot_comptes
10:04:18.885586 [debug]: Started rendering snapshot snapshots.snapshot_comptes
10:04:18.885639 [info ]: Started model MARTS.mart_top_depenses
10:04:18.885666 [debug]: Started rendering model MARTS.mart_top_depenses
10:04:18.885702 [info ]: Started model MARTS.mart_solde_mensuel
10:04:18.885776 [debug]: Started rendering model MARTS.mart_solde_mensuel
10:04:18.885837 [info ]: Started model MARTS.mart_budget_vs_reel
10:04:18.885864 [debug]: Started rendering model MARTS.mart_budget_vs_reel
10:04:18.885902 [info ]: Started model STAGING.stg_budgets
10:04:18.885923 [debug]: Started rendering model STAGING.stg_budgets
10:04:18.885957 [info ]: Started model INTERMEDIATE.int_transactions_enrichies
10:04:18.885981 [debug]: Started rendering model INTERMEDIATE.int_transactions_enrichies
10:04:18.886019 [info ]: Started model STAGING.stg_transactions
10:04:18.886042 [debug]: Started rendering model STAGING.stg_transactions
10:04:18.886128 [info ]: Started model MARTS.dim_comptes
10:04:18.886162 [debug]: Started rendering model MARTS.dim_comptes
10:04:18.886197 [info ]: Started model STAGING.stg_comptes
10:04:18.886217 [debug]: Started rendering model STAGING.stg_comptes
10:04:18.886456 [info ]: Started model MARTS.dim_categories
10:04:18.886484 [debug]: Started rendering model MARTS.dim_categories
10:04:18.886536 [info ]: Started model STAGING.stg_categories
10:04:18.886579 [debug]: Started rendering model STAGING.stg_categories
10:04:18.897205 [debug]: Compiled SQL for node test.fintrack_analytics.assert_solde_mensuel_positif at target\compiled\fintrack_analytics\tests\assert_solde_mensuel_positif.sql
10:04:18.899255 [debug]: Compiled SQL for node test.fintrack_analytics.unique_stg_budgets_budget_id.effb4c8d16 at target\compiled\fintrack_analytics\target\generic_tests\unique_stg_budgets_budget_id.sql
10:04:18.901128 [debug]: Compiled SQL for node test.fintrack_analytics.not_null_stg_comptes_compte_id.c12e0b3b3b at target\compiled\fintrack_analytics\target\generic_tests\not_null_stg_comptes_compte_id.sql
10:04:18.897453 [debug]: Finished rendering [  0.01s] test DBT_TEST__AUDIT.assert_solde_mensuel_positif [success]
10:04:18.906968 [info ]: Started analyzing (30 nodes)
10:04:18.907509 [debug]: Started analyzing test DBT_TEST__AUDIT.assert_solde_mensuel_positif
10:04:18.908165 [debug]: Compiled SQL for node model.fintrack_analytics.mart_solde_mensuel at target\compiled\fintrack_analytics\models\marts\mart_solde_mensuel.sql
10:04:18.911231 [debug]: Compiled SQL for node model.fintrack_analytics.stg_budgets at target\compiled\fintrack_analytics\models\staging\stg_budgets.sql
10:04:18.912999 [debug]: Compiled SQL for node test.fintrack_analytics.not_null_fct_transactions_transaction_id.2c6b5372aa at target\compiled\fintrack_analytics\target\generic_tests\not_null_fct_transactions_transaction_id.sql
10:04:18.913967 [debug]: Compiled SQL for node model.fintrack_analytics.stg_comptes at target\compiled\fintrack_analytics\models\staging\stg_comptes.sql
10:04:18.917786 [debug]: Compiled SQL for node model.fintrack_analytics.stg_categories at target\compiled\fintrack_analytics\models\staging\stg_categories.sql
10:04:18.921022 [debug]: Compiled SQL for node test.fintrack_analytics.unique_stg_comptes_compte_id.ca647be308 at target\compiled\fintrack_analytics\target\generic_tests\unique_stg_comptes_compte_id.sql
10:04:18.921568 [debug]: Compiled SQL for node model.fintrack_analytics.mart_top_depenses at target\compiled\fintrack_analytics\models\marts\mart_top_depenses.sql
10:04:18.921903 [debug]: Compiled SQL for node test.fintrack_analytics.unique_fct_transactions_transaction_id.c963611c53 at target\compiled\fintrack_analytics\target\generic_tests\unique_fct_transactions_transaction_id.sql
10:04:18.922340 [debug]: Compiled SQL for node test.fintrack_analytics.not_null_dim_comptes_compte_id.2e372eb672 at target\compiled\fintrack_analytics\target\generic_tests\not_null_dim_comptes_compte_id.sql
10:04:18.922721 [debug]: Compiled SQL for node test.fintrack_analytics.not_null_stg_budgets_budget_id.ad1ccf4381 at target\compiled\fintrack_analytics\target\generic_tests\not_null_stg_budgets_budget_id.sql
10:04:18.923151 [debug]: Compiled SQL for node test.fintrack_analytics.relationships_stg_transactions_compte_id__compte_id__ref_stg_comptes_.6bb5c74007 at target\compiled\fintrack_analytics\target\generic_tests\relationships_stg_transactions_985ebbdbfd283785f0e58047e4f6b5ed.sql
10:04:18.923294 [debug]: Compiled SQL for node test.fintrack_analytics.unique_stg_categories_categorie_id.ab16992ac3 at target\compiled\fintrack_analytics\target\generic_tests\unique_stg_categories_categorie_id.sql
10:04:18.923959 [debug]: Compiled SQL for node model.fintrack_analytics.stg_transactions at target\compiled\fintrack_analytics\models\staging\stg_transactions.sql
10:04:18.924268 [debug]: Compiled SQL for node test.fintrack_analytics.unique_dim_comptes_compte_id.31a8b2a237 at target\compiled\fintrack_analytics\target\generic_tests\unique_dim_comptes_compte_id.sql
10:04:18.924444 [debug]: Compiled SQL for node test.fintrack_analytics.unique_dim_categories_categorie_id.86b0ecf635 at target\compiled\fintrack_analytics\target\generic_tests\unique_dim_categories_categorie_id.sql
10:04:18.924637 [debug]: Compiled SQL for node test.fintrack_analytics.not_null_stg_transactions_transaction_id.1d00a8e2e4 at target\compiled\fintrack_analytics\target\generic_tests\not_null_stg_transactions_transaction_id.sql
10:04:18.925593 [debug]: Compiled SQL for node model.fintrack_analytics.mart_budget_vs_reel at target\compiled\fintrack_analytics\models\marts\mart_budget_vs_reel.sql
10:04:18.925786 [debug]: Compiled SQL for node test.fintrack_analytics.unique_stg_transactions_transaction_id.ee9a78a396 at target\compiled\fintrack_analytics\target\generic_tests\unique_stg_transactions_transaction_id.sql
10:04:18.926081 [debug]: Compiled SQL for node test.fintrack_analytics.not_null_dim_categories_categorie_id.93562953fd at target\compiled\fintrack_analytics\target\generic_tests\not_null_dim_categories_categorie_id.sql
10:04:18.926524 [debug]: Compiled SQL for node test.fintrack_analytics.not_null_stg_categories_categorie_id.3e2fb4d400 at target\compiled\fintrack_analytics\target\generic_tests\not_null_stg_categories_categorie_id.sql
10:04:18.932878 [debug]: Compiled SQL for node model.fintrack_analytics.dim_categories at target\compiled\fintrack_analytics\models\marts\dim_categories.sql
10:04:18.933406 [debug]: Compiled SQL for node test.fintrack_analytics.accepted_values_stg_comptes_type_compte__courant__epargne__joint.ff87077911 at target\compiled\fintrack_analytics\target\generic_tests\accepted_values_stg_comptes_f1faed08d9c87f7483d3a3bcc8a81daa.sql
10:04:18.933821 [debug]: Compiled SQL for node model.fintrack_analytics.dim_comptes at target\compiled\fintrack_analytics\models\marts\dim_comptes.sql
10:04:18.933887 [debug]: Compiled SQL for node test.fintrack_analytics.accepted_values_stg_comptes_statut__actif__inactif__cloture.f56d9561d0 at target\compiled\fintrack_analytics\target\generic_tests\accepted_values_stg_comptes_statut__actif__inactif__cloture.sql
10:04:18.938087 [debug]: Compiled SQL for node snapshot.fintrack_analytics.snapshot_comptes at target\compiled\fintrack_analytics\snapshots\snapshot_comptes.sql\snapshot_comptes.sql
10:04:18.939687 [debug]: Compiled SQL for node model.fintrack_analytics.int_transactions_enrichies at target\compiled\fintrack_analytics\models\intermediate\int_transactions_enrichies.sql
10:04:18.907589 [debug]: Finished rendering [  0.02s] test DBT_TEST__AUDIT.unique_stg_budgets_budget_id [success]
10:04:18.961171 [debug]: Started analyzing test DBT_TEST__AUDIT.unique_stg_budgets_budget_id
10:04:18.961258 [debug]: Finished rendering [  0.08s] test DBT_TEST__AUDIT.not_null_stg_comptes_compte_id [success]
10:04:18.962722 [debug]: Started analyzing test DBT_TEST__AUDIT.not_null_stg_comptes_compte_id
10:04:18.962804 [debug]: Finished rendering [  0.08s] model MARTS.mart_solde_mensuel [success]
10:04:18.964966 [debug]: Started analyzing model MARTS.mart_solde_mensuel
10:04:18.965048 [debug]: Finished rendering [  0.08s] model STAGING.stg_budgets [success]
10:04:18.966891 [debug]: Started analyzing model STAGING.stg_budgets
10:04:18.966961 [debug]: Finished rendering [  0.08s] test DBT_TEST__AUDIT.not_null_fct_transactions_transaction_id [success]
10:04:18.967436 [debug]: Started analyzing test DBT_TEST__AUDIT.not_null_fct_transactions_transaction_id
10:04:18.967497 [debug]: Finished rendering [  0.08s] model STAGING.stg_comptes [success]
10:04:18.971756 [debug]: Started analyzing model STAGING.stg_comptes
10:04:18.971842 [debug]: Finished rendering [  0.09s] model STAGING.stg_categories [success]
10:04:18.972703 [debug]: Started analyzing model STAGING.stg_categories
10:04:18.972772 [debug]: Finished rendering [  0.09s] test DBT_TEST__AUDIT.unique_stg_comptes_compte_id [success]
10:04:18.979235 [debug]: Started analyzing test DBT_TEST__AUDIT.unique_stg_comptes_compte_id
10:04:18.979321 [debug]: Finished rendering [  0.09s] model MARTS.mart_top_depenses [success]
10:04:18.980812 [debug]: Started analyzing model MARTS.mart_top_depenses
10:04:18.980886 [debug]: Finished rendering [  0.10s] test DBT_TEST__AUDIT.not_null_dim_comptes_compte_id [success]
10:04:18.982624 [debug]: Started analyzing test DBT_TEST__AUDIT.not_null_dim_comptes_compte_id
10:04:18.982712 [debug]: Finished rendering [  0.10s] test DBT_TEST__AUDIT.not_null_stg_budgets_budget_id [success]
10:04:18.983197 [debug]: Started analyzing test DBT_TEST__AUDIT.not_null_stg_budgets_budget_id
10:04:18.983258 [debug]: Finished rendering [  0.10s] test DBT_TEST__AUDIT.unique_fct_transactions_transaction_id [success]
10:04:18.992656 [debug]: Started analyzing test DBT_TEST__AUDIT.unique_fct_transactions_transaction_id
10:04:18.992763 [debug]: Finished rendering [  0.11s] test DBT_TEST__AUDIT.relationships_stg_transactions_compte_id__compte_id__ref_stg_comptes_ [success]
10:04:18.994276 [debug]: Started analyzing test DBT_TEST__AUDIT.relationships_stg_transactions_compte_id__compte_id__ref_stg_comptes_
10:04:18.994363 [debug]: Finished rendering [  0.11s] test DBT_TEST__AUDIT.unique_stg_categories_categorie_id [success]
10:04:18.995044 [debug]: Started analyzing test DBT_TEST__AUDIT.unique_stg_categories_categorie_id
10:04:18.995114 [debug]: Finished rendering [  0.11s] model STAGING.stg_transactions [success]
10:04:18.997333 [debug]: Started analyzing model STAGING.stg_transactions
10:04:18.997424 [debug]: Finished rendering [  0.11s] test DBT_TEST__AUDIT.unique_dim_comptes_compte_id [success]
10:04:19.000316 [debug]: Started analyzing test DBT_TEST__AUDIT.unique_dim_comptes_compte_id
10:04:19.000398 [debug]: Finished rendering [  0.12s] test DBT_TEST__AUDIT.unique_dim_categories_categorie_id [success]
10:04:19.002349 [debug]: Started analyzing test DBT_TEST__AUDIT.unique_dim_categories_categorie_id
10:04:19.002858 [debug]: Finished rendering [  0.12s] test DBT_TEST__AUDIT.not_null_stg_transactions_transaction_id [success]
10:04:19.008895 [debug]: Started analyzing test DBT_TEST__AUDIT.not_null_stg_transactions_transaction_id
10:04:19.009041 [debug]: Finished rendering [  0.12s] model MARTS.mart_budget_vs_reel [success]
10:04:19.009311 [debug]: Started analyzing model MARTS.mart_budget_vs_reel
10:04:19.009382 [debug]: Finished rendering [  0.13s] test DBT_TEST__AUDIT.unique_stg_transactions_transaction_id [success]
10:04:19.009592 [debug]: Started analyzing test DBT_TEST__AUDIT.unique_stg_transactions_transaction_id
10:04:19.009650 [debug]: Finished rendering [  0.12s] test DBT_TEST__AUDIT.not_null_dim_categories_categorie_id [success]
10:04:19.009853 [debug]: Started analyzing test DBT_TEST__AUDIT.not_null_dim_categories_categorie_id
10:04:19.009920 [debug]: Finished rendering [  0.13s] test DBT_TEST__AUDIT.not_null_stg_categories_categorie_id [success]
10:04:19.010104 [debug]: Started analyzing test DBT_TEST__AUDIT.not_null_stg_categories_categorie_id
10:04:19.010149 [debug]: Finished rendering [  0.12s] model MARTS.dim_categories [success]
10:04:19.010301 [debug]: Started analyzing model MARTS.dim_categories
10:04:19.010346 [debug]: Finished rendering [  0.12s] test DBT_TEST__AUDIT.accepted_values_stg_comptes_statut__actif__inactif__cloture [success]
10:04:19.010529 [debug]: Started analyzing test DBT_TEST__AUDIT.accepted_values_stg_comptes_statut__actif__inactif__cloture
10:04:19.010575 [debug]: Finished rendering [  0.12s] model MARTS.dim_comptes [success]
10:04:19.010734 [debug]: Started analyzing model MARTS.dim_comptes
10:04:19.010776 [debug]: Finished rendering [  0.13s] test DBT_TEST__AUDIT.accepted_values_stg_comptes_type_compte__courant__epargne__joint [success]
10:04:19.010954 [debug]: Started analyzing test DBT_TEST__AUDIT.accepted_values_stg_comptes_type_compte__courant__epargne__joint
10:04:19.011007 [debug]: Finished rendering [  0.13s] snapshot snapshots.snapshot_comptes [success]
10:04:19.011191 [debug]: Started analyzing snapshot snapshots.snapshot_comptes
10:04:19.011252 [debug]: Finished rendering [  0.13s] model INTERMEDIATE.int_transactions_enrichies [success]
10:04:19.011429 [debug]: Started analyzing model INTERMEDIATE.int_transactions_enrichies
10:04:19.011484 [info ]: Started model MARTS.fct_transactions
10:04:19.011536 [debug]: Started rendering model MARTS.fct_transactions
10:04:19.011579 [debug]: Finished analyzing [  0.10s] test DBT_TEST__AUDIT.assert_solde_mensuel_positif [success]
10:04:19.011734 [info ]:  Succeeded [  0.12s] test  assert_solde_mensuel_positif (tests/assert_solde_mensuel_positif.sql)
10:04:19.013184 [debug]: Finished analyzing [  0.05s] test DBT_TEST__AUDIT.not_null_stg_comptes_compte_id [success]
10:04:19.014470 [info ]:  Succeeded [  0.13s] test  not_null_stg_comptes_compte_id (models/staging/_stg_schema.yml:11:13)
10:04:19.015330 [debug]: Finished analyzing [  0.05s] test DBT_TEST__AUDIT.not_null_fct_transactions_transaction_id [success]
10:04:19.015515 [info ]:  Succeeded [  0.13s] test  not_null_fct_transactions_transaction_id (models/marts/_marts_schema.yml:29:13)
10:04:19.016517 [debug]: Finished analyzing [  0.06s] test DBT_TEST__AUDIT.unique_stg_budgets_budget_id [success]
10:04:19.016677 [info ]:  Succeeded [  0.08s] test  unique_stg_budgets_budget_id (models/staging/_stg_schema.yml:56:13)
10:04:19.017488 [debug]: Finished analyzing [  0.04s] model STAGING.stg_categories [success]
10:04:19.017658 [info ]:  Succeeded [  0.13s] model STAGING.stg_categories (view)
10:04:19.024200 [debug]: Compiled SQL for node model.fintrack_analytics.fct_transactions at target\compiled\fintrack_analytics\models\marts\fct_transactions.sql
10:04:19.018577 [debug]: Finished analyzing [  0.05s] model STAGING.stg_comptes [success]
10:04:19.025388 [info ]:  Succeeded [  0.13s] model STAGING.stg_comptes (view)
10:04:19.027294 [debug]: Finished analyzing [  0.05s] test DBT_TEST__AUDIT.unique_stg_comptes_compte_id [success]
10:04:19.027472 [info ]:  Succeeded [  0.14s] test  unique_stg_comptes_compte_id (models/staging/_stg_schema.yml:10:13)
10:04:19.028358 [debug]: Finished analyzing [  0.06s] model STAGING.stg_budgets [success]
10:04:19.028536 [info ]:  Succeeded [  0.14s] model STAGING.stg_budgets (view)
10:04:19.029380 [debug]: Finished analyzing [  0.05s] test DBT_TEST__AUDIT.not_null_dim_comptes_compte_id [success]
10:04:19.029550 [info ]:  Succeeded [  0.14s] test  not_null_dim_comptes_compte_id (models/marts/_marts_schema.yml:11:13)
10:04:19.030353 [debug]: Finished analyzing [  0.05s] test DBT_TEST__AUDIT.not_null_stg_budgets_budget_id [success]
10:04:19.030502 [info ]:  Succeeded [  0.14s] test  not_null_stg_budgets_budget_id (models/staging/_stg_schema.yml:57:13)
10:04:19.031336 [debug]: Finished analyzing [  0.04s] test DBT_TEST__AUDIT.unique_fct_transactions_transaction_id [success]
10:04:19.031502 [info ]:  Succeeded [  0.14s] test  unique_fct_transactions_transaction_id (models/marts/_marts_schema.yml:28:13)
10:04:19.032306 [debug]: Finished analyzing [  0.04s] test DBT_TEST__AUDIT.unique_stg_categories_categorie_id [success]
10:04:19.032475 [info ]:  Succeeded [  0.15s] test  unique_stg_categories_categorie_id (models/staging/_stg_schema.yml:47:13)
10:04:19.033216 [debug]: Finished analyzing [  0.05s] model MARTS.mart_top_depenses [success]
10:04:19.033394 [info ]:  Succeeded [  0.14s] model MARTS.mart_top_depenses (table)
10:04:19.034806 [debug]: Finished analyzing [  0.04s] test DBT_TEST__AUDIT.relationships_stg_transactions_compte_id__compte_id__ref_stg_comptes_ [success]
10:04:19.035042 [info ]:  Succeeded [  0.15s] test  relationships_stg_transactions_compte_id__compte_id__ref_stg_comptes_ (models/staging/_stg_schema.yml:36:13)
10:04:19.041111 [debug]: Finished analyzing [  0.04s] test DBT_TEST__AUDIT.unique_dim_comptes_compte_id [success]
10:04:19.041839 [info ]:  Succeeded [  0.15s] test  unique_dim_comptes_compte_id (models/marts/_marts_schema.yml:10:13)
10:04:19.043610 [debug]: Finished analyzing [  0.04s] test DBT_TEST__AUDIT.unique_dim_categories_categorie_id [success]
10:04:19.043904 [info ]:  Succeeded [  0.16s] test  unique_dim_categories_categorie_id (models/marts/_marts_schema.yml:19:13)
10:04:19.045307 [debug]: Finished analyzing [  0.04s] test DBT_TEST__AUDIT.not_null_stg_transactions_transaction_id [success]
10:04:19.045564 [info ]:  Succeeded [  0.15s] test  not_null_stg_transactions_transaction_id (models/staging/_stg_schema.yml:32:13)
10:04:19.047190 [debug]: Finished analyzing [  0.04s] test DBT_TEST__AUDIT.not_null_dim_categories_categorie_id [success]
10:04:19.047446 [info ]:  Succeeded [  0.16s] test  not_null_dim_categories_categorie_id (models/marts/_marts_schema.yml:20:13)
10:04:19.048913 [debug]: Finished analyzing [  0.04s] test DBT_TEST__AUDIT.not_null_stg_categories_categorie_id [success]
10:04:19.049156 [info ]:  Succeeded [  0.16s] test  not_null_stg_categories_categorie_id (models/staging/_stg_schema.yml:48:13)
10:04:19.050700 [debug]: Finished analyzing [  0.04s] test DBT_TEST__AUDIT.unique_stg_transactions_transaction_id [success]
10:04:19.050954 [info ]:  Succeeded [  0.17s] test  unique_stg_transactions_transaction_id (models/staging/_stg_schema.yml:31:13)
10:04:19.055729 [debug]: Finished analyzing [  0.05s] model MARTS.dim_categories [success]
10:04:19.056938 [info ]:  Succeeded [  0.17s] model MARTS.dim_categories (table)
10:04:19.059071 [debug]: Finished analyzing [  0.05s] snapshot snapshots.snapshot_comptes [success]
10:04:19.059416 [info ]:  Succeeded [  0.17s] snapshot snapshots.snapshot_comptes (snapshot)
10:04:19.061023 [debug]: Finished analyzing [  0.10s] model MARTS.mart_solde_mensuel [success]
10:04:19.061242 [info ]:  Succeeded [  0.17s] model MARTS.mart_solde_mensuel (table)
10:04:19.062619 [debug]: Finished analyzing [  0.07s] model STAGING.stg_transactions [success]
10:04:19.062855 [info ]:  Succeeded [  0.17s] model STAGING.stg_transactions (view)
10:04:19.064339 [debug]: Finished analyzing [  0.05s] test DBT_TEST__AUDIT.accepted_values_stg_comptes_statut__actif__inactif__cloture [success]
10:04:19.064594 [info ]:  Succeeded [  0.18s] test  accepted_values_stg_comptes_statut__actif__inactif__cloture (models/staging/_stg_schema.yml:21:13)
10:04:19.066034 [debug]: Finished analyzing [  0.06s] test DBT_TEST__AUDIT.accepted_values_stg_comptes_type_compte__courant__epargne__joint [success]
10:04:19.066319 [info ]:  Succeeded [  0.18s] test  accepted_values_stg_comptes_type_compte__courant__epargne__joint (models/staging/_stg_schema.yml:15:13)
10:04:19.067746 [debug]: Finished analyzing [  0.06s] model INTERMEDIATE.int_transactions_enrichies [success]
10:04:19.068161 [info ]:  Succeeded [  0.18s] model INTERMEDIATE.int_transactions_enrichies (ephemeral)
10:04:19.073247 [debug]: Finished analyzing [  0.06s] model MARTS.dim_comptes [success]
10:04:19.073512 [info ]:  Succeeded [  0.19s] model MARTS.dim_comptes (table)
10:04:19.076159 [debug]: Finished analyzing [  0.07s] model MARTS.mart_budget_vs_reel [success]
10:04:19.076528 [info ]:  Succeeded [  0.19s] model MARTS.mart_budget_vs_reel (table)
10:04:19.078325 [debug]: Finished rendering [  0.07s] model MARTS.fct_transactions [success]
10:04:19.078581 [info ]: Finished rendering [  0.20s] (30 nodes, 0 skipped, 0 errors)
10:04:19.080213 [debug]: Started analyzing model MARTS.fct_transactions
10:04:19.101608 [debug]: Finished analyzing [  0.02s] model MARTS.fct_transactions [success]
10:04:19.106589 [info ]: Finished analyzing [  0.20s] (30 nodes, 0 skipped, 0 errors)
10:04:19.109391 [info ]:  Succeeded [  0.09s] model MARTS.fct_transactions (table)
10:04:19.730212 [debug]: DuckDB driver resolved: duckdb_extended 0.21.0.dev+dbt0.0.28
10:04:22.166979 [info ]: Generated C:\Users\Josfrid\Downloads\ProjetFintrack\01-debutant\fintrack_analytics\target (reading index/) — no column lineage; rerun the compile or build with `--write-index --static-analysis strict` to include it
10:04:22.372721 [info ]: Host the contents of C:\Users\Josfrid\Downloads\ProjetFintrack\01-debutant\fintrack_analytics\target on any static file server. Note that this publishes everything else in the target directory too, including compiled SQL and any stored test failures.
10:04:22.597122 [info ]: 
==================== Execution Summary =====================
Finished 'docs' successfully for target 'dev' [5.1s]
==================== 2026-09-04T10:04:25.070554Z | 01a06be0-6c68-7ff3-b9cb-c9ae1eab93c8 ====================
10:04:25.308857 [debug]: DuckDB driver resolved: duckdb_extended 0.21.0.dev+dbt0.0.28
10:04:31.822341 [error]: [Generic (dbt1000)]: Only one usage of each socket address (protocol/network address/port) is normally permitted. (os error 10048)
10:04:32.020315 [info ]: 
==================== Execution Summary =====================
Finished 'docs' with 1 error [6.9s]
==================== 2026-09-04T10:43:24.363538Z | 01a06c04-1e45-7342-80a4-9d9999288ee8 ====================
10:43:24.590871 [debug]: DuckDB driver resolved: duckdb_extended 0.21.0.dev+dbt0.0.28
10:43:27.497672 [info ]: started
